۰۹۱۱۱۸۰۹۰۰۶,علی‌آباد کتول,aliabad-katul,real-estate,buy-residential
۰۹۳۸۴۳۱۹۸۸۱,علی‌آباد کتول,aliabad-katul,real-estate,buy-residential
۰۹۱۱۷۲۴۰۵۲۲,علی‌آباد کتول,aliabad-katul,real-estate,buy-residential
۰۹۱۹۸۰۶۴۲۵۲,علی‌آباد کتول,aliabad-katul,real-estate,buy-residential
۰۹۱۱۲۷۱۲۶۸۲,علی‌آباد کتول,aliabad-katul,real-estate,buy-residential
۰۹۳۷۲۵۳۷۳۳۴,علی‌آباد کتول,aliabad-katul,real-estate,buy-residential
۰۹۱۱۴۴۸۹۱۹۷,علی‌آباد کتول,aliabad-katul,real-estate,buy-residential
۰۹۳۵۱۷۱۶۳۰۸,علی‌آباد کتول,aliabad-katul,real-estate,buy-residential
۰۹۱۱۹۴۷۶۹۳۴,علی‌آباد کتول,aliabad-katul,real-estate,buy-residential
۰۹۳۵۱۷۱۶۳۰۸,علی‌آباد کتول,aliabad-katul,real-estate,buy-residential
۰۹۳۵۱۷۱۶۳۰۸,علی‌آباد کتول,aliabad-katul,real-estate,buy-residential
۰۹۳۹۴۸۰۶۶۹۰,علی‌آباد کتول,aliabad-katul,real-estate,buy-residential
۰۹۳۸۷۵۹۶۳۳۶,علی‌آباد کتول,aliabad-katul,real-estate,buy-residential
۰۹۱۰۹۲۹۹۶۷۵,علی‌آباد کتول,aliabad-katul,real-estate,buy-residential
۰۹۰۵۲۰۳۲۴۹۷,علی‌آباد کتول,aliabad-katul,real-estate,buy-residential
۰۹۱۹۰۳۴۲۹۴۳,علی‌آباد کتول,aliabad-katul,real-estate,buy-residential
۰۹۹۰۷۳۹۲۳۵۳,علی‌آباد کتول,aliabad-katul,real-estate,buy-residential
۰۹۱۱۹۶۹۱۹۸۸,علی‌آباد کتول,aliabad-katul,real-estate,buy-residential
۰۹۹۰۴۳۰۸۳۸۷,علی‌آباد کتول,aliabad-katul,real-estate,buy-residential
۰۹۳۶۱۸۰۳۱۴۵,علی‌آباد کتول,aliabad-katul,real-estate,buy-residential
۰۹۳۰۷۰۵۹۵۳۵,علی‌آباد کتول,aliabad-katul,real-estate,buy-residential
۰۹۱۰۱۷۰۷۷۳۲,علی‌آباد کتول,aliabad-katul,real-estate,buy-residential
۰۹۲۱۷۹۳۶۵۵۰,علی‌آباد کتول,aliabad-katul,real-estate,buy-residential
۰۹۳۵۱۷۰۴۵۶۴,علی‌آباد کتول,aliabad-katul,real-estate,buy-residential
۰۹۹۱۰۹۵۲۴۲۹,علی‌آباد کتول,aliabad-katul,real-estate,buy-residential
۰۹۱۱۱۷۰۸۷۰۰,علی‌آباد کتول,aliabad-katul,real-estate,buy-residential
۰۹۱۱۱۷۰۸۷۰۰,علی‌آباد کتول,aliabad-katul,real-estate,buy-residential
۰۹۱۱۸۷۰۱۶۳۸,علی‌آباد کتول,aliabad-katul,real-estate,buy-residential
۰۹۱۱۳۷۳۱۵۶۶,علی‌آباد کتول,aliabad-katul,real-estate,buy-residential
۰۹۰۱۰۴۳۲۴۰۰,علی‌آباد کتول,aliabad-katul,real-estate,buy-residential
۰۹۳۵۸۴۵۱۹۵۰,علی‌آباد کتول,aliabad-katul,real-estate,buy-residential
۰۹۱۱۹۷۵۳۶۴۱,علی‌آباد کتول,aliabad-katul,real-estate,buy-residential
۰۹۱۱۵۲۱۸۰۰۶,علی‌آباد کتول,aliabad-katul,real-estate,buy-residential
۰۹۱۱۹۶۵۲۹۳۳,علی‌آباد کتول,aliabad-katul,real-estate,buy-residential
۰۹۱۱۵۲۳۶۶۲۵,علی‌آباد کتول,aliabad-katul,real-estate,buy-residential
۰۹۳۶۶۰۷۶۷۰۹,علی‌آباد کتول,aliabad-katul,real-estate,buy-residential
۰۹۱۱۲۷۰۹۸۲۴,علی‌آباد کتول,aliabad-katul,real-estate,buy-residential
۰۹۳۶۲۹۷۶۸۳۸,علی‌آباد کتول,aliabad-katul,real-estate,buy-residential
۰۹۱۱۷۰۱۱۹۲۱,علی‌آباد کتول,aliabad-katul,real-estate,buy-residential
۰۹۱۱۵۳۹۵۴۳۴,علی‌آباد کتول,aliabad-katul,real-estate,buy-residential
۰۹۱۱۷۰۱۱۹۲۱,علی‌آباد کتول,aliabad-katul,real-estate,buy-residential
۰۹۱۹۰۹۱۳۱۳۹,علی‌آباد کتول,aliabad-katul,real-estate,buy-residential
۰۹۳۹۳۶۲۱۶۵۲,علی‌آباد کتول,aliabad-katul,real-estate,buy-residential
۰۹۱۱۲۷۳۵۹۵۵,علی‌آباد کتول,aliabad-katul,real-estate,buy-residential
۰۹۲۱۲۴۶۶۱۶۲,علی‌آباد کتول,aliabad-katul,real-estate,buy-residential
۰۹۳۵۹۳۵۸۶۱۰,علی‌آباد کتول,aliabad-katul,real-estate,buy-residential
۰۹۳۵۹۳۵۸۶۱۰,علی‌آباد کتول,aliabad-katul,real-estate,buy-residential
۰۹۱۱۳۷۷۸۴۱۹,علی‌آباد کتول,aliabad-katul,real-estate,buy-residential
۰۹۱۵۳۲۵۰۹۵۶,علی‌آباد کتول,aliabad-katul,real-estate,buy-residential
۰۹۳۵۹۳۹۴۰۳۳,علی‌آباد کتول,aliabad-katul,real-estate,buy-residential
۰۹۳۳۲۰۱۲۵۴۶,علی‌آباد کتول,aliabad-katul,real-estate,buy-residential
۰۹۱۱۲۷۱۱۷۱۵,علی‌آباد کتول,aliabad-katul,real-estate,buy-residential
۰۹۹۱۱۳۰۰۳۹۹,علی‌آباد کتول,aliabad-katul,real-estate,buy-residential
۰۹۳۰۹۰۸۴۶۵۳,علی‌آباد کتول,aliabad-katul,real-estate,buy-residential
۰۹۳۷۴۹۱۰۹۳۹,علی‌آباد کتول,aliabad-katul,real-estate,buy-residential
۰۹۱۱۲۸۰۴۲۷۶,علی‌آباد کتول,aliabad-katul,real-estate,buy-residential
۰۹۱۱۳۷۳۱۵۶۶,علی‌آباد کتول,aliabad-katul,real-estate,buy-residential
۰۹۱۱۸۷۵۲۱۵۵,علی‌آباد کتول,aliabad-katul,real-estate,buy-residential
۰۹۳۷۷۸۶۵۷۴۳,علی‌آباد کتول,aliabad-katul,real-estate,buy-residential
۰۹۹۲۸۶۳۹۵۷۲,علی‌آباد کتول,aliabad-katul,real-estate,buy-residential
۰۹۲۱۱۸۳۰۶۵۲,علی‌آباد کتول,aliabad-katul,real-estate,buy-residential
۰۹۲۱۵۳۸۵۲۳۷,علی‌آباد کتول,aliabad-katul,real-estate,buy-residential
۰۹۱۱۸۸۲۹۰۴۹,علی‌آباد کتول,aliabad-katul,real-estate,buy-residential
۰۹۱۱۹۶۶۸۰۰۹,علی‌آباد کتول,aliabad-katul,real-estate,buy-residential
۰۹۱۱۶۴۶۵۲۰۵,علی‌آباد کتول,aliabad-katul,real-estate,buy-residential
۰۹۱۱۳۷۷۹۰۲۰,علی‌آباد کتول,aliabad-katul,real-estate,buy-residential
۰۹۱۵۷۶۹۷۹۱۵,علی‌آباد کتول,aliabad-katul,real-estate,buy-residential
۰۹۱۱۳۷۳۵۳۶۷,علی‌آباد کتول,aliabad-katul,real-estate,buy-residential
۰۹۱۱۹۶۷۱۶۶۲,علی‌آباد کتول,aliabad-katul,real-estate,buy-residential
۰۹۱۱۱۷۰۴۹۱۳,علی‌آباد کتول,aliabad-katul,real-estate,buy-residential
۰۹۳۵۸۴۵۱۹۵۰,علی‌آباد کتول,aliabad-katul,real-estate,buy-residential
۰۹۱۱۲۷۸۴۵۰۹,علی‌آباد کتول,aliabad-katul,real-estate,rent-residential
۰۹۱۱۵۱۱۳۹۷۲,علی‌آباد کتول,aliabad-katul,real-estate,rent-residential
۰۹۳۷۳۷۹۰۵۱۹,علی‌آباد کتول,aliabad-katul,real-estate,rent-residential
۰۹۰۳۱۷۶۴۱۴۸,علی‌آباد کتول,aliabad-katul,real-estate,rent-residential
۰۹۱۱۹۹۶۱۲۶۱,علی‌آباد کتول,aliabad-katul,real-estate,rent-residential
۰۹۱۱۱۸۰۸۷۸۹,علی‌آباد کتول,aliabad-katul,real-estate,rent-residential
۰۹۱۱۷۰۰۹۹۷۰,علی‌آباد کتول,aliabad-katul,real-estate,rent-residential
۰۹۱۱۹۶۲۵۷۱۲,علی‌آباد کتول,aliabad-katul,real-estate,rent-residential
۰۹۳۹۱۷۱۴۰۰۶,علی‌آباد کتول,aliabad-katul,real-estate,buy-commercial-property
۰۹۹۰۷۳۹۲۳۵۳,علی‌آباد کتول,aliabad-katul,real-estate,buy-commercial-property
۰۹۱۱۸۷۰۱۶۳۸,علی‌آباد کتول,aliabad-katul,real-estate,buy-commercial-property
۰۹۱۲۵۰۸۷۸۹۵,علی‌آباد کتول,aliabad-katul,real-estate,buy-commercial-property
۰۹۱۱۳۷۵۰۰۱۲,علی‌آباد کتول,aliabad-katul,real-estate,buy-commercial-property
۰۹۳۵۴۳۷۰۰۰۰,علی‌آباد کتول,aliabad-katul,real-estate,buy-commercial-property
۰۹۹۰۲۹۰۱۶۷۳,علی‌آباد کتول,aliabad-katul,real-estate,buy-commercial-property
۰۹۱۱۱۷۸۸۵۳۱,علی‌آباد کتول,aliabad-katul,real-estate,buy-commercial-property
۰۹۱۱۹۶۴۴۴۹۵,علی‌آباد کتول,aliabad-katul,real-estate,buy-commercial-property
۰۹۹۲۷۸۸۳۲۶۵,علی‌آباد کتول,aliabad-katul,real-estate,buy-commercial-property
۰۹۰۳۴۱۶۲۰۹۰,علی‌آباد کتول,aliabad-katul,real-estate,buy-commercial-property
۰۹۱۱۳۷۷۷۰۰۶,علی‌آباد کتول,aliabad-katul,real-estate,buy-commercial-property
۰۹۱۱۷۷۲۲۱۶۱,علی‌آباد کتول,aliabad-katul,real-estate,buy-commercial-property
۰۹۳۵۳۶۳۲۰۰۵,علی‌آباد کتول,aliabad-katul,real-estate,buy-commercial-property
۰۹۳۷۱۰۱۶۱۷۸,علی‌آباد کتول,aliabad-katul,real-estate,buy-commercial-property
۰۹۱۱۲۴۰۵۴۲۲,علی‌آباد کتول,aliabad-katul,real-estate,buy-commercial-property
۰۹۱۱۱۷۵۶۸۶۲,علی‌آباد کتول,aliabad-katul,real-estate,buy-commercial-property
۰۹۳۰۵۱۹۰۳۲۱,علی‌آباد کتول,aliabad-katul,real-estate,buy-commercial-property
۰۹۱۱۲۷۷۲۰۲۴,علی‌آباد کتول,aliabad-katul,real-estate,rent-commercial-property
۰۹۱۱۵۳۳۷۰۰۶,علی‌آباد کتول,aliabad-katul,real-estate,rent-commercial-property
۰۹۱۱۹۷۰۹۱۵۳,علی‌آباد کتول,aliabad-katul,real-estate,rent-commercial-property
۰۹۳۶۲۰۲۶۲۹۲,علی‌آباد کتول,aliabad-katul,real-estate,rent-commercial-property
۰۹۹۰۷۷۲۲۳۹۱,علی‌آباد کتول,aliabad-katul,real-estate,rent-commercial-property
۰۹۱۱۳۷۰۶۲۴۳,علی‌آباد کتول,aliabad-katul,real-estate,rent-commercial-property
۰۹۱۱۳۷۳۳۹۰۵,علی‌آباد کتول,aliabad-katul,real-estate,rent-commercial-property
۰۹۳۷۶۸۹۲۷۰۰,علی‌آباد کتول,aliabad-katul,real-estate,rent-commercial-property
۰۹۳۵۹۴۰۹۱۹۷,علی‌آباد کتول,aliabad-katul,real-estate,rent-commercial-property
۰۹۱۱۱۷۵۶۸۶۲,علی‌آباد کتول,aliabad-katul,real-estate,rent-commercial-property
۰۹۱۱۳۷۰۴۱۶۲,علی‌آباد کتول,aliabad-katul,real-estate,rent-temporary
۰۹۳۵۸۲۷۳۹۴۳,علی‌آباد کتول,aliabad-katul,real-estate,rent-temporary
۰۹۱۱۹۶۸۱۴۰۵,علی‌آباد کتول,aliabad-katul,real-estate,rent-temporary
۰۹۱۹۱۲۲۸۷۵۷,علی‌آباد کتول,aliabad-katul,real-estate,rent-temporary
۰۹۰۳۸۷۸۵۷۹۹,علی‌آباد کتول,aliabad-katul,real-estate,real-estate-services
۰۹۱۱۵۳۳۵۲۴۴,علی‌آباد کتول,aliabad-katul,real-estate,real-estate-services
۰۹۱۱۴۲۱۸۰۴۲,علی‌آباد کتول,aliabad-katul,real-estate,real-estate-services
۰۹۲۱۷۹۳۶۵۵۰,علی‌آباد کتول,aliabad-katul,real-estate,real-estate-services
۰۹۱۳۳۶۰۲۵۱۴,علی‌آباد کتول,aliabad-katul,real-estate,real-estate-services
۰۹۱۱۷۷۲۴۷۱۹,علی‌آباد کتول,aliabad-katul,vehicles,auto
۰۹۰۱۱۲۴۹۶۴۶,علی‌آباد کتول,aliabad-katul,vehicles,auto
۰۹۳۷۴۳۷۸۴۱۲,علی‌آباد کتول,aliabad-katul,vehicles,auto
۰۹۳۸۳۵۶۸۴۱۲,علی‌آباد کتول,aliabad-katul,vehicles,auto
۰۹۱۱۲۷۵۹۴۳۵,علی‌آباد کتول,aliabad-katul,vehicles,auto
۰۹۱۱۶۴۳۳۳۸۱,علی‌آباد کتول,aliabad-katul,vehicles,auto
۰۹۳۹۰۶۷۳۳۲۸,علی‌آباد کتول,aliabad-katul,vehicles,auto
۰۹۱۱۸۷۰۱۶۳۸,علی‌آباد کتول,aliabad-katul,vehicles,auto
۰۹۱۱۹۶۴۴۵۴۲,علی‌آباد کتول,aliabad-katul,vehicles,auto
۰۹۱۱۵۲۸۶۹۲۶,علی‌آباد کتول,aliabad-katul,vehicles,auto
۰۹۳۹۵۹۵۶۹۸۴,علی‌آباد کتول,aliabad-katul,vehicles,auto
۰۹۲۲۴۴۰۵۸۷۹,علی‌آباد کتول,aliabad-katul,vehicles,auto
۰۹۳۵۱۴۶۱۲۶۳,علی‌آباد کتول,aliabad-katul,vehicles,auto
۰۹۰۳۴۷۶۷۴۴۶,علی‌آباد کتول,aliabad-katul,vehicles,auto
۰۹۱۱۹۶۵۷۰۶۱,علی‌آباد کتول,aliabad-katul,vehicles,auto
۰۹۱۱۶۳۵۱۳۰۶,علی‌آباد کتول,aliabad-katul,vehicles,auto
۰۹۱۱۹۶۵۷۷۴۹,علی‌آباد کتول,aliabad-katul,vehicles,auto
۰۹۱۱۴۲۲۷۴۸۸,علی‌آباد کتول,aliabad-katul,vehicles,auto
۰۹۱۱۹۷۵۳۲۵۹,علی‌آباد کتول,aliabad-katul,vehicles,auto
۰۹۱۱۵۱۷۱۵۴۵,علی‌آباد کتول,aliabad-katul,vehicles,auto
۰۹۳۰۹۱۱۸۱۹۹,علی‌آباد کتول,aliabad-katul,vehicles,auto
۰۹۱۱۹۶۶۳۵۶۱,علی‌آباد کتول,aliabad-katul,vehicles,auto
۰۹۳۶۳۹۴۹۷۵۰,علی‌آباد کتول,aliabad-katul,vehicles,auto
۰۹۰۱۱۷۶۷۴۸۸,علی‌آباد کتول,aliabad-katul,vehicles,auto
۰۹۱۱۹۷۱۹۱۳۹,علی‌آباد کتول,aliabad-katul,vehicles,auto
۰۹۱۰۰۳۲۱۴۲۸,علی‌آباد کتول,aliabad-katul,vehicles,auto
۰۹۱۱۴۰۵۴۶۰۵,علی‌آباد کتول,aliabad-katul,vehicles,auto
۰۹۱۱۹۶۳۱۵۷۳,علی‌آباد کتول,aliabad-katul,vehicles,auto
۰۹۹۰۶۵۳۴۳۰۵,علی‌آباد کتول,aliabad-katul,vehicles,auto
۰۹۱۱۵۲۲۸۲۸۰,علی‌آباد کتول,aliabad-katul,vehicles,auto
۰۹۱۵۰۳۲۱۵۰۰,علی‌آباد کتول,aliabad-katul,vehicles,auto
۰۹۳۸۴۳۳۰۵۹۷,علی‌آباد کتول,aliabad-katul,vehicles,auto
۰۹۳۵۹۳۵۸۶۱۰,علی‌آباد کتول,aliabad-katul,vehicles,auto
۰۹۱۱۱۷۶۸۱۰۳,علی‌آباد کتول,aliabad-katul,vehicles,auto
۰۹۱۱۱۷۵۷۱۲۶,علی‌آباد کتول,aliabad-katul,vehicles,auto
۰۹۱۱۲۷۱۱۸۷۵,علی‌آباد کتول,aliabad-katul,vehicles,auto
۰۹۱۱۷۹۴۲۹۷۱,علی‌آباد کتول,aliabad-katul,vehicles,auto
۰۹۱۱۷۳۱۴۱۰۷,علی‌آباد کتول,aliabad-katul,vehicles,auto
۰۹۱۲۰۸۲۹۲۶۴,علی‌آباد کتول,aliabad-katul,vehicles,auto
۰۹۳۸۸۲۴۵۷۰۵,علی‌آباد کتول,aliabad-katul,vehicles,auto
۰۹۱۱۸۸۲۹۰۴۹,علی‌آباد کتول,aliabad-katul,vehicles,auto
۰۹۱۱۸۶۹۹۰۷۳,علی‌آباد کتول,aliabad-katul,vehicles,auto
۰۹۲۱۹۳۹۶۰۱۸,علی‌آباد کتول,aliabad-katul,vehicles,auto
۰۹۱۰۴۴۰۲۲۰۶,علی‌آباد کتول,aliabad-katul,vehicles,auto
۰۹۱۱۳۸۰۲۵۶۹,علی‌آباد کتول,aliabad-katul,vehicles,auto
۰۹۳۰۹۰۵۱۸۱۶,علی‌آباد کتول,aliabad-katul,vehicles,auto
۰۹۱۱۱۸۰۸۲۲۰,علی‌آباد کتول,aliabad-katul,vehicles,auto
۰۹۱۱۷۳۱۱۵۴۷,علی‌آباد کتول,aliabad-katul,vehicles,auto
۰۹۳۶۷۶۵۸۵۹۴,علی‌آباد کتول,aliabad-katul,vehicles,auto
۰۹۰۱۲۳۲۲۴۴۲,علی‌آباد کتول,aliabad-katul,vehicles,auto
۰۹۱۱۹۷۰۹۴۳۲,علی‌آباد کتول,aliabad-katul,vehicles,auto
۰۹۹۰۶۵۲۵۵۴۷,علی‌آباد کتول,aliabad-katul,vehicles,auto
۰۹۱۱۱۷۶۹۰۴۲,علی‌آباد کتول,aliabad-katul,vehicles,auto
۰۹۳۶۵۲۳۶۴۱۶,علی‌آباد کتول,aliabad-katul,vehicles,auto
۰۹۳۰۲۷۶۲۲۷۵,علی‌آباد کتول,aliabad-katul,vehicles,auto
۰۹۱۱۱۷۸۸۳۱۲,علی‌آباد کتول,aliabad-katul,vehicles,auto
۰۹۲۱۹۳۹۶۰۱۸,علی‌آباد کتول,aliabad-katul,vehicles,auto
۰۹۹۱۱۹۱۰۵۰۲,علی‌آباد کتول,aliabad-katul,vehicles,auto
۰۹۱۱۴۰۵۶۲۰۲,علی‌آباد کتول,aliabad-katul,vehicles,auto
۰۹۱۱۳۷۳۵۱۹۷,علی‌آباد کتول,aliabad-katul,vehicles,auto
۰۹۳۵۴۵۸۴۵۳۶,علی‌آباد کتول,aliabad-katul,vehicles,auto
۰۹۱۱۲۷۸۴۵۹۹,علی‌آباد کتول,aliabad-katul,vehicles,auto
۰۹۱۱۴۰۷۴۲۹۴,علی‌آباد کتول,aliabad-katul,vehicles,auto
۰۹۱۱۲۷۸۴۵۰۹,علی‌آباد کتول,aliabad-katul,vehicles,auto
۰۹۰۵۵۶۶۳۱۴۱,علی‌آباد کتول,aliabad-katul,vehicles,auto
۰۹۱۱۹۷۷۰۳۰۹,علی‌آباد کتول,aliabad-katul,vehicles,auto
۰۹۱۱۳۷۱۵۰۶۱,علی‌آباد کتول,aliabad-katul,vehicles,auto
۰۹۱۱۲۷۵۹۴۳۵,علی‌آباد کتول,aliabad-katul,vehicles,auto
۰۹۱۱۵۳۷۱۹۹۲,علی‌آباد کتول,aliabad-katul,vehicles,car-accessories
۰۹۳۹۸۲۸۴۳۴۷,علی‌آباد کتول,aliabad-katul,vehicles,car-accessories
۰۹۱۹۳۹۵۲۶۴۲,علی‌آباد کتول,aliabad-katul,vehicles,car-accessories
۰۹۱۱۹۶۴۴۲۱۲,علی‌آباد کتول,aliabad-katul,vehicles,car-accessories
۰۹۳۰۵۵۹۸۰۸۹,علی‌آباد کتول,aliabad-katul,vehicles,car-accessories
۰۹۱۱۳۱۴۲۱۳۸,علی‌آباد کتول,aliabad-katul,vehicles,car-accessories
۰۹۳۶۰۷۶۷۵۰۲,علی‌آباد کتول,aliabad-katul,vehicles,car-accessories
۰۹۱۱۷۸۱۷۵۰۱,علی‌آباد کتول,aliabad-katul,vehicles,car-accessories
۰۹۹۰۴۰۲۶۹۷۷,علی‌آباد کتول,aliabad-katul,vehicles,car-accessories
۰۹۱۱۱۷۶۸۲۴۸,علی‌آباد کتول,aliabad-katul,vehicles,car-accessories
۰۹۹۱۱۶۳۶۵۶۳,علی‌آباد کتول,aliabad-katul,vehicles,car-accessories
۰۹۲۱۹۰۰۸۴۹۷,علی‌آباد کتول,aliabad-katul,vehicles,car-accessories
۰۹۳۵۸۹۷۵۳۹۳,علی‌آباد کتول,aliabad-katul,vehicles,car-accessories
۰۹۱۱۱۷۰۶۳۶۷,علی‌آباد کتول,aliabad-katul,vehicles,car-accessories
۰۹۳۶۳۳۰۶۸۶۵,علی‌آباد کتول,aliabad-katul,vehicles,car-accessories
۰۹۱۱۴۰۹۴۲۴۶,علی‌آباد کتول,aliabad-katul,vehicles,car-accessories
۰۹۱۱۹۷۰۸۵۸۸,علی‌آباد کتول,aliabad-katul,vehicles,car-accessories
۰۹۳۶۵۶۶۵۱۹۹,علی‌آباد کتول,aliabad-katul,vehicles,car-accessories
۰۹۳۳۷۹۷۲۹۹۵,علی‌آباد کتول,aliabad-katul,vehicles,car-accessories
۰۹۱۳۰۸۹۲۷۷۱,علی‌آباد کتول,aliabad-katul,vehicles,car-accessories
۰۹۳۸۴۹۸۲۲۴۲,علی‌آباد کتول,aliabad-katul,vehicles,car-accessories
۰۹۱۱۹۶۶۸۰۷۵,علی‌آباد کتول,aliabad-katul,vehicles,car-accessories
۰۹۳۷۰۸۷۱۴۰۰,علی‌آباد کتول,aliabad-katul,vehicles,car-accessories
۰۹۱۱۵۲۷۲۸۸۶,علی‌آباد کتول,aliabad-katul,vehicles,car-accessories
۰۹۱۱۶۶۹۳۸۴۴,علی‌آباد کتول,aliabad-katul,vehicles,car-accessories
۰۹۱۱۹۶۸۸۴۹۷,علی‌آباد کتول,aliabad-katul,vehicles,car-accessories
۰۹۱۱۶۶۷۱۲۶۰,علی‌آباد کتول,aliabad-katul,vehicles,car-accessories
۰۹۳۵۸۰۲۷۸۷۰,علی‌آباد کتول,aliabad-katul,vehicles,car-accessories
۰۹۱۱۸۷۷۵۴۶۶,علی‌آباد کتول,aliabad-katul,vehicles,car-accessories
۰۹۱۱۱۷۵۵۵۱۹,علی‌آباد کتول,aliabad-katul,vehicles,car-accessories
۰۹۱۱۹۶۴۴۲۱۲,علی‌آباد کتول,aliabad-katul,vehicles,car-accessories
۰۹۰۳۰۴۲۱۳۷۱,علی‌آباد کتول,aliabad-katul,vehicles,car-accessories
۰۹۳۸۵۳۹۷۱۷۸,علی‌آباد کتول,aliabad-katul,vehicles,car-accessories
۰۹۱۱۱۷۶۸۲۴۸,علی‌آباد کتول,aliabad-katul,vehicles,car-accessories
۰۹۱۱۶۶۷۱۲۶۰,علی‌آباد کتول,aliabad-katul,vehicles,car-accessories
۰۹۱۲۷۰۵۹۵۶۸,علی‌آباد کتول,aliabad-katul,vehicles,car-accessories
۰۹۱۱۱۷۰۲۶۲۴,علی‌آباد کتول,aliabad-katul,vehicles,car-accessories
۰۹۱۱۴۲۰۴۰۹۷,علی‌آباد کتول,aliabad-katul,vehicles,car-accessories
۰۹۳۵۱۷۱۹۴۹۸,علی‌آباد کتول,aliabad-katul,vehicles,car-accessories
۰۹۱۵۹۴۲۹۳۴۰,علی‌آباد کتول,aliabad-katul,vehicles,car-accessories
۰۹۳۵۱۹۹۱۱۷۳,علی‌آباد کتول,aliabad-katul,vehicles,car-accessories
۰۹۳۵۱۹۹۱۱۷۳,علی‌آباد کتول,aliabad-katul,vehicles,car-accessories
۰۹۱۱۸۷۱۵۲۳۰,علی‌آباد کتول,aliabad-katul,vehicles,car-accessories
۰۹۱۰۱۷۲۵۰۰۶,علی‌آباد کتول,aliabad-katul,vehicles,car-accessories
۰۹۱۱۵۱۹۰۹۸۱,علی‌آباد کتول,aliabad-katul,vehicles,car-accessories
۰۹۱۱۶۶۷۱۲۴۳,علی‌آباد کتول,aliabad-katul,vehicles,car-accessories
۰۹۰۲۱۲۷۱۸۰۰,علی‌آباد کتول,aliabad-katul,vehicles,car-accessories
۰۹۳۳۸۹۰۷۵۳۴,علی‌آباد کتول,aliabad-katul,vehicles,car-accessories
۰۹۱۱۹۶۸۸۴۹۷,علی‌آباد کتول,aliabad-katul,vehicles,car-accessories
۰۹۰۵۹۸۷۲۱۳۳,علی‌آباد کتول,aliabad-katul,vehicles,car-accessories
۰۹۳۵۱۷۰۳۴۰۸,علی‌آباد کتول,aliabad-katul,vehicles,car-accessories
۰۹۳۹۸۱۲۸۴۰۰,علی‌آباد کتول,aliabad-katul,vehicles,car-accessories
۰۹۰۱۷۱۶۳۲۳۱,علی‌آباد کتول,aliabad-katul,vehicles,motorcycles
۰۹۱۱۵۳۸۰۶۱۹,علی‌آباد کتول,aliabad-katul,vehicles,motorcycles
۰۹۱۱۵۳۸۰۶۱۹,علی‌آباد کتول,aliabad-katul,vehicles,motorcycles
۰۹۰۲۷۵۰۹۴۲۲,علی‌آباد کتول,aliabad-katul,vehicles,motorcycles
۰۹۰۲۷۵۰۹۴۲۲,علی‌آباد کتول,aliabad-katul,vehicles,motorcycles
۰۹۱۱۹۶۴۱۶۹۴,علی‌آباد کتول,aliabad-katul,vehicles,motorcycles
۰۹۳۸۸۴۷۰۱۴۴,علی‌آباد کتول,aliabad-katul,vehicles,motorcycles
۰۹۱۱۱۷۰۸۷۰۰,علی‌آباد کتول,aliabad-katul,vehicles,motorcycles
۰۹۳۸۶۶۵۵۶۸۱,علی‌آباد کتول,aliabad-katul,vehicles,motorcycles
۰۹۱۱۵۲۹۴۷۶۰,علی‌آباد کتول,aliabad-katul,vehicles,motorcycles
۰۹۱۱۷۵۵۶۲۹۵,علی‌آباد کتول,aliabad-katul,vehicles,motorcycles
۰۹۳۷۷۷۹۴۸۲۷,علی‌آباد کتول,aliabad-katul,vehicles,motorcycles
۰۹۳۰۶۴۲۹۶۸۹,علی‌آباد کتول,aliabad-katul,vehicles,motorcycles
۰۹۱۱۴۴۸۹۱۹۶,علی‌آباد کتول,aliabad-katul,vehicles,motorcycles
۰۹۳۶۶۹۷۳۴۶۳,علی‌آباد کتول,aliabad-katul,vehicles,motorcycles
۰۹۱۱۸۷۰۱۶۳۸,علی‌آباد کتول,aliabad-katul,vehicles,motorcycles
۰۹۳۳۸۶۹۳۲۸۱,علی‌آباد کتول,aliabad-katul,vehicles,motorcycles
۰۹۳۷۸۸۹۲۰۰۹,علی‌آباد کتول,aliabad-katul,vehicles,motorcycles
۰۹۱۱۷۲۵۲۲۱۹,علی‌آباد کتول,aliabad-katul,vehicles,motorcycles
۰۹۰۳۶۵۷۴۸۰۱,علی‌آباد کتول,aliabad-katul,vehicles,motorcycles
۰۹۳۷۸۲۰۷۴۲۵,علی‌آباد کتول,aliabad-katul,vehicles,motorcycles
۰۹۳۶۶۹۷۳۴۶۳,علی‌آباد کتول,aliabad-katul,vehicles,motorcycles
۰۹۱۱۲۶۸۵۵۳۹,علی‌آباد کتول,aliabad-katul,vehicles,motorcycles
۰۹۳۸۶۸۷۳۶۵۹,علی‌آباد کتول,aliabad-katul,vehicles,motorcycles
۰۹۱۱۳۷۳۵۳۶۷,علی‌آباد کتول,aliabad-katul,vehicles,motorcycles
۰۹۳۷۶۷۹۶۱۳۳,علی‌آباد کتول,aliabad-katul,vehicles,motorcycles
۰۹۳۳۲۹۴۱۱۲۵,علی‌آباد کتول,aliabad-katul,vehicles,motorcycles
۰۹۰۳۶۸۹۹۵۰۷,علی‌آباد کتول,aliabad-katul,vehicles,motorcycles
۰۹۳۸۴۵۱۶۶۴۹,علی‌آباد کتول,aliabad-katul,vehicles,motorcycles
۰۹۱۱۷۲۸۷۹۹۸,علی‌آباد کتول,aliabad-katul,vehicles,motorcycles
۰۹۱۱۵۲۱۸۴۰۴,علی‌آباد کتول,aliabad-katul,vehicles,motorcycles
۰۹۱۱۹۰۵۶۰۴۵,علی‌آباد کتول,aliabad-katul,vehicles,motorcycles
۰۹۱۱۳۷۳۵۲۴۳,علی‌آباد کتول,aliabad-katul,vehicles,motorcycles
۰۹۳۸۲۶۱۱۱۲۲,علی‌آباد کتول,aliabad-katul,vehicles,motorcycles
۰۹۱۱۶۶۹۳۸۴۴,علی‌آباد کتول,aliabad-katul,vehicles,motorcycles
۰۹۱۱۴۱۷۵۹۱۶,علی‌آباد کتول,aliabad-katul,vehicles,motorcycles
۰۹۱۱۵۴۱۷۹۴۳,علی‌آباد کتول,aliabad-katul,vehicles,motorcycles
۰۹۳۶۳۶۳۴۳۳۱,علی‌آباد کتول,aliabad-katul,vehicles,motorcycles
۰۹۳۸۰۲۴۴۹۲۰,علی‌آباد کتول,aliabad-katul,vehicles,motorcycles
۰۹۰۱۶۸۴۰۴۹۹,علی‌آباد کتول,aliabad-katul,vehicles,motorcycles
۰۹۱۱۵۱۵۴۲۸۱,علی‌آباد کتول,aliabad-katul,vehicles,motorcycles
۰۹۳۷۷۸۶۵۷۴۳,علی‌آباد کتول,aliabad-katul,vehicles,motorcycles
۰۹۱۱۷۲۵۲۶۰۴,علی‌آباد کتول,aliabad-katul,vehicles,motorcycles
۰۹۱۱۳۷۳۱۸۰۱,علی‌آباد کتول,aliabad-katul,vehicles,motorcycles
۰۹۳۹۷۳۹۶۷۱۲,علی‌آباد کتول,aliabad-katul,vehicles,motorcycles
۰۹۹۲۸۲۰۱۳۷۱,علی‌آباد کتول,aliabad-katul,vehicles,motorcycles
۰۹۰۱۷۹۵۲۵۸۰,علی‌آباد کتول,aliabad-katul,vehicles,motorcycles
۰۹۱۱۵۳۶۶۵۵۹,علی‌آباد کتول,aliabad-katul,vehicles,motorcycles
۰۹۱۱۲۲۵۱۳۹۲,علی‌آباد کتول,aliabad-katul,vehicles,motorcycles
۰۹۳۶۸۷۲۲۷۸۳,علی‌آباد کتول,aliabad-katul,vehicles,motorcycles
۰۹۰۳۹۶۴۱۰۰۷,علی‌آباد کتول,aliabad-katul,vehicles,motorcycles
۰۹۰۲۱۲۷۱۸۰۰,علی‌آباد کتول,aliabad-katul,vehicles,motorcycles
۰۹۳۶۶۰۷۶۵۱۱,علی‌آباد کتول,aliabad-katul,vehicles,motorcycles
۰۹۰۳۲۰۸۵۳۷۶,علی‌آباد کتول,aliabad-katul,vehicles,motorcycles
۰۹۱۱۵۱۱۴۰۷۲,علی‌آباد کتول,aliabad-katul,vehicles,motorcycles
۰۹۰۵۹۸۷۲۱۳۳,علی‌آباد کتول,aliabad-katul,vehicles,motorcycles
۰۹۱۱۲۷۱۱۶۸۳,علی‌آباد کتول,aliabad-katul,vehicles,motorcycles
۰۹۳۷۳۹۲۹۴۲۰,علی‌آباد کتول,aliabad-katul,electronic-devices,mobile-tablet
۰۹۱۱۹۶۳۹۶۹۸,علی‌آباد کتول,aliabad-katul,electronic-devices,mobile-tablet
۰۹۰۱۲۸۰۷۵۹۸,علی‌آباد کتول,aliabad-katul,electronic-devices,mobile-tablet
۰۹۱۱۹۶۴۰۷۰۴,علی‌آباد کتول,aliabad-katul,electronic-devices,mobile-tablet
۰۹۳۵۷۰۰۸۳۱۰,علی‌آباد کتول,aliabad-katul,electronic-devices,mobile-tablet
۰۹۱۱۹۶۵۷۱۳۴,علی‌آباد کتول,aliabad-katul,electronic-devices,mobile-tablet
(پنهان‌شده؛ چت کنید),علی‌آباد کتول,aliabad-katul,electronic-devices,mobile-tablet
۰۹۱۹۴۴۴۲۴۸۶,علی‌آباد کتول,aliabad-katul,electronic-devices,mobile-tablet
۰۹۱۱۹۶۷۹۲۳۵,علی‌آباد کتول,aliabad-katul,electronic-devices,mobile-tablet
۰۹۱۱۵۱۶۶۵۳۵,علی‌آباد کتول,aliabad-katul,electronic-devices,mobile-tablet
(پنهان‌شده؛ چت کنید),علی‌آباد کتول,aliabad-katul,electronic-devices,mobile-tablet
۰۹۰۱۳۰۷۸۸۱۹,علی‌آباد کتول,aliabad-katul,electronic-devices,mobile-tablet
۰۹۱۱۷۰۳۹۷۵۷,علی‌آباد کتول,aliabad-katul,electronic-devices,mobile-tablet
۰۹۱۱۷۲۶۳۵۵۷,علی‌آباد کتول,aliabad-katul,electronic-devices,mobile-tablet
۰۹۹۰۵۱۲۲۱۲۷,علی‌آباد کتول,aliabad-katul,electronic-devices,mobile-tablet
۰۹۰۲۳۷۱۸۳۷۰,علی‌آباد کتول,aliabad-katul,electronic-devices,mobile-tablet
۰۹۳۰۸۴۲۹۷۶۶,علی‌آباد کتول,aliabad-katul,electronic-devices,mobile-tablet
۰۹۳۰۲۳۹۵۷۷۴,علی‌آباد کتول,aliabad-katul,electronic-devices,mobile-tablet
۰۹۰۳۵۸۵۴۰۵۶,علی‌آباد کتول,aliabad-katul,electronic-devices,mobile-tablet
۰۹۰۳۱۹۶۵۴۰۰,علی‌آباد کتول,aliabad-katul,electronic-devices,mobile-tablet
۰۹۳۳۵۲۶۱۶۷۷,علی‌آباد کتول,aliabad-katul,electronic-devices,mobile-tablet
۰۹۰۳۱۸۹۳۸۱۲,علی‌آباد کتول,aliabad-katul,electronic-devices,mobile-tablet
۰۹۱۱۵۲۷۸۵۳۵,علی‌آباد کتول,aliabad-katul,electronic-devices,mobile-tablet
۰۹۱۱۷۲۸۷۹۹۸,علی‌آباد کتول,aliabad-katul,electronic-devices,mobile-tablet
۰۹۱۱۷۲۸۷۹۹۸,علی‌آباد کتول,aliabad-katul,electronic-devices,mobile-tablet
۰۹۳۶۵۶۱۳۴۸۰,علی‌آباد کتول,aliabad-katul,electronic-devices,mobile-tablet
۰۹۱۱۵۱۳۹۱۴۸,علی‌آباد کتول,aliabad-katul,electronic-devices,mobile-tablet
۰۹۱۱۴۵۱۱۱۸۶,علی‌آباد کتول,aliabad-katul,electronic-devices,mobile-tablet
(پنهان‌شده؛ چت کنید),علی‌آباد کتول,aliabad-katul,electronic-devices,mobile-tablet
۰۹۱۱۷۲۸۷۹۹۸,علی‌آباد کتول,aliabad-katul,electronic-devices,mobile-tablet
۰۹۳۸۴۵۳۸۰۸۷,علی‌آباد کتول,aliabad-katul,electronic-devices,mobile-tablet
۰۹۰۱۲۶۴۰۵۳۳,علی‌آباد کتول,aliabad-katul,electronic-devices,mobile-tablet
۰۹۱۱۶۴۳۸۴۱۱,علی‌آباد کتول,aliabad-katul,electronic-devices,mobile-tablet
۰۹۰۱۲۶۴۰۵۳۳,علی‌آباد کتول,aliabad-katul,electronic-devices,mobile-tablet
۰۹۱۱۵۲۷۸۵۳۵,علی‌آباد کتول,aliabad-katul,electronic-devices,mobile-tablet
۰۹۲۱۱۹۷۸۲۹۷,علی‌آباد کتول,aliabad-katul,electronic-devices,mobile-tablet
(پنهان‌شده؛ چت کنید),علی‌آباد کتول,aliabad-katul,electronic-devices,mobile-tablet
۰۹۱۱۴۵۰۵۰۳۱,علی‌آباد کتول,aliabad-katul,electronic-devices,mobile-tablet
۰۹۹۰۴۳۵۳۹۵۱,علی‌آباد کتول,aliabad-katul,electronic-devices,mobile-tablet
۰۹۱۱۱۷۰۷۱۳۵,علی‌آباد کتول,aliabad-katul,electronic-devices,mobile-tablet
۰۹۰۲۴۰۲۴۸۰۱,علی‌آباد کتول,aliabad-katul,electronic-devices,mobile-tablet
۰۹۱۱۷۹۷۳۹۷۳,علی‌آباد کتول,aliabad-katul,electronic-devices,mobile-tablet
(پنهان‌شده؛ چت کنید),علی‌آباد کتول,aliabad-katul,electronic-devices,mobile-tablet
(پنهان‌شده؛ چت کنید),علی‌آباد کتول,aliabad-katul,electronic-devices,mobile-tablet
۰۹۳۸۰۲۴۴۹۲۰,علی‌آباد کتول,aliabad-katul,electronic-devices,mobile-tablet
۰۹۲۲۶۸۶۴۰۳۸,علی‌آباد کتول,aliabad-katul,electronic-devices,mobile-tablet
۰۹۳۵۸۲۷۳۹۴۳,علی‌آباد کتول,aliabad-katul,electronic-devices,mobile-tablet
۰۹۱۱۷۰۱۸۱۸۶,علی‌آباد کتول,aliabad-katul,electronic-devices,mobile-tablet
۰۹۰۵۱۹۶۲۶۶۲,علی‌آباد کتول,aliabad-katul,electronic-devices,mobile-tablet
۰۹۳۶۹۴۱۹۲۵۴,علی‌آباد کتول,aliabad-katul,electronic-devices,mobile-tablet
۰۹۱۱۸۷۳۵۶۷۰,علی‌آباد کتول,aliabad-katul,electronic-devices,mobile-tablet
۰۹۰۲۴۵۴۹۴۹۶,علی‌آباد کتول,aliabad-katul,electronic-devices,mobile-tablet
۰۹۳۶۸۳۰۸۲۴۲,علی‌آباد کتول,aliabad-katul,electronic-devices,mobile-tablet
۰۹۰۵۹۵۵۲۵۹۷,علی‌آباد کتول,aliabad-katul,electronic-devices,mobile-tablet
۰۹۱۱۴۲۵۵۹۳۴,علی‌آباد کتول,aliabad-katul,electronic-devices,mobile-tablet
۰۹۳۸۶۴۱۳۵۴۲,علی‌آباد کتول,aliabad-katul,electronic-devices,mobile-tablet
(پنهان‌شده؛ چت کنید),علی‌آباد کتول,aliabad-katul,electronic-devices,mobile-tablet
۰۹۰۲۱۲۷۱۸۰۰,علی‌آباد کتول,aliabad-katul,electronic-devices,mobile-tablet
۰۹۳۹۸۸۳۲۳۲۰,علی‌آباد کتول,aliabad-katul,electronic-devices,mobile-tablet
۰۹۳۶۹۸۶۲۱۷۹,علی‌آباد کتول,aliabad-katul,electronic-devices,mobile-tablet
۰۹۳۶۹۸۶۲۱۷۹,علی‌آباد کتول,aliabad-katul,electronic-devices,mobile-tablet
۰۹۹۰۱۷۱۹۱۸۷,علی‌آباد کتول,aliabad-katul,electronic-devices,computers
۰۹۱۱۷۵۵۸۹۳۵,علی‌آباد کتول,aliabad-katul,electronic-devices,computers
۰۹۳۸۶۴۰۷۷۰۸,علی‌آباد کتول,aliabad-katul,electronic-devices,computers
۰۹۳۵۸۵۹۲۰۰۳,علی‌آباد کتول,aliabad-katul,electronic-devices,computers
۰۹۳۵۸۵۹۲۰۰۳,علی‌آباد کتول,aliabad-katul,electronic-devices,computers
۰۹۰۳۹۸۱۹۴۲۷,علی‌آباد کتول,aliabad-katul,electronic-devices,computers
۰۹۱۱۴۰۷۹۹۹۴,علی‌آباد کتول,aliabad-katul,electronic-devices,computers
۰۹۳۵۷۱۲۵۵۹۶,علی‌آباد کتول,aliabad-katul,electronic-devices,computers
۰۹۳۹۱۲۵۹۳۹۴,علی‌آباد کتول,aliabad-katul,electronic-devices,computers
۰۹۳۰۲۳۹۵۷۷۴,علی‌آباد کتول,aliabad-katul,electronic-devices,computers
۰۹۰۵۹۸۷۲۱۳۳,علی‌آباد کتول,aliabad-katul,electronic-devices,computers
(پنهان‌شده؛ چت کنید),علی‌آباد کتول,aliabad-katul,electronic-devices,computers
۰۹۱۱۳۶۹۸۶۱۶,علی‌آباد کتول,aliabad-katul,electronic-devices,game-consoles
۰۹۱۰۷۸۰۸۴۷۱,علی‌آباد کتول,aliabad-katul,electronic-devices,game-consoles
۰۹۳۰۳۲۶۲۸۷۰,علی‌آباد کتول,aliabad-katul,electronic-devices,game-consoles
۰۹۳۳۲۷۱۳۶۴۴,علی‌آباد کتول,aliabad-katul,electronic-devices,game-consoles
۰۹۳۸۳۷۷۲۳۷۴,علی‌آباد کتول,aliabad-katul,electronic-devices,game-consoles
۰۹۳۷۳۴۱۲۰۱۸,علی‌آباد کتول,aliabad-katul,electronic-devices,game-consoles
۰۹۳۹۸۳۲۵۴۶۰,علی‌آباد کتول,aliabad-katul,electronic-devices,game-consoles
۰۹۱۰۹۱۹۰۸۰۰,علی‌آباد کتول,aliabad-katul,electronic-devices,game-consoles
۰۹۹۱۵۵۱۱۳۷۴,علی‌آباد کتول,aliabad-katul,electronic-devices,game-consoles
۰۹۱۱۵۲۳۶۱۳۹,علی‌آباد کتول,aliabad-katul,electronic-devices,game-consoles
۰۹۳۵۷۸۳۸۲۹۰,علی‌آباد کتول,aliabad-katul,electronic-devices,game-consoles
۰۹۰۱۹۴۴۵۹۸۵,علی‌آباد کتول,aliabad-katul,electronic-devices,video-audio-device
۰۹۱۱۵۳۱۸۵۲۱,علی‌آباد کتول,aliabad-katul,electronic-devices,video-audio-device
۰۹۱۱۵۳۱۸۵۲۱,علی‌آباد کتول,aliabad-katul,electronic-devices,video-audio-device
۰۹۱۱۵۳۱۸۵۲۱,علی‌آباد کتول,aliabad-katul,electronic-devices,video-audio-device
۰۹۱۱۹۶۹۲۰۰۵,علی‌آباد کتول,aliabad-katul,electronic-devices,video-audio-device
۰۹۹۲۷۹۳۷۹۴۸,علی‌آباد کتول,aliabad-katul,electronic-devices,video-audio-device
۰۹۹۱۵۰۸۶۵۲۱,علی‌آباد کتول,aliabad-katul,electronic-devices,video-audio-device
۰۹۳۵۸۴۳۱۳۸۵,علی‌آباد کتول,aliabad-katul,electronic-devices,video-audio-device
۰۹۱۱۷۲۹۳۸۲۳,علی‌آباد کتول,aliabad-katul,electronic-devices,video-audio-device
۰۹۱۱۷۹۷۳۹۷۳,علی‌آباد کتول,aliabad-katul,electronic-devices,video-audio-device
۰۹۱۱۹۶۹۲۰۰۵,علی‌آباد کتول,aliabad-katul,electronic-devices,video-audio-device
۰۹۱۱۴۱۷۴۰۰۸,علی‌آباد کتول,aliabad-katul,electronic-devices,video-audio-device
۰۹۲۲۲۹۵۰۳۴۱,علی‌آباد کتول,aliabad-katul,electronic-devices,video-audio-device
۰۹۳۰۶۵۲۷۲۷۲,علی‌آباد کتول,aliabad-katul,electronic-devices,video-audio-device
۰۹۱۹۵۸۴۴۰۰۵,علی‌آباد کتول,aliabad-katul,electronic-devices,video-audio-device
۰۹۱۰۱۸۱۶۶۸۶,علی‌آباد کتول,aliabad-katul,electronic-devices,video-audio-device
۰۹۰۵۱۸۸۴۰۵۷,علی‌آباد کتول,aliabad-katul,electronic-devices,video-audio-device
۰۹۱۱۹۶۹۲۰۸۹,علی‌آباد کتول,aliabad-katul,electronic-devices,video-audio-device
۰۹۱۱۹۷۲۱۰۵۱,علی‌آباد کتول,aliabad-katul,electronic-devices,video-audio-device
۰۹۳۵۳۶۳۲۰۰۵,علی‌آباد کتول,aliabad-katul,electronic-devices,video-audio-device
۰۹۳۸۱۴۳۰۰۶۲,علی‌آباد کتول,aliabad-katul,electronic-devices,video-audio-device
۰۹۱۱۹۴۷۹۷۸۴,علی‌آباد کتول,aliabad-katul,electronic-devices,video-audio-device
۰۹۱۹۲۷۲۹۱۵۰,علی‌آباد کتول,aliabad-katul,electronic-devices,video-audio-device
۰۹۱۱۶۶۷۱۲۶۰,علی‌آباد کتول,aliabad-katul,electronic-devices,video-audio-device
۰۹۳۸۳۱۵۹۵۱۵,علی‌آباد کتول,aliabad-katul,electronic-devices,video-audio-device
۰۹۰۲۵۱۵۳۵۱۱,علی‌آباد کتول,aliabad-katul,electronic-devices,video-audio-device
۰۹۳۸۸۶۸۵۸۰۸,علی‌آباد کتول,aliabad-katul,electronic-devices,telephone
۰۹۳۸۰۴۴۶۶۷۸,علی‌آباد کتول,aliabad-katul,home-and-kitchen,home-decor-furniture
(پنهان‌شده؛ چت کنید),علی‌آباد کتول,aliabad-katul,home-and-kitchen,home-decor-furniture
۰۹۱۱۲۷۱۰۰۲۶,علی‌آباد کتول,aliabad-katul,home-and-kitchen,home-decor-furniture
۰۹۱۱۲۷۱۰۰۲۶,علی‌آباد کتول,aliabad-katul,home-and-kitchen,home-decor-furniture
۰۹۳۷۰۴۶۸۳۹۱,علی‌آباد کتول,aliabad-katul,home-and-kitchen,home-decor-furniture
۰۹۱۱۸۶۵۰۳۹۷,علی‌آباد کتول,aliabad-katul,home-and-kitchen,home-decor-furniture
۰۹۳۶۰۱۷۶۵۶۵,علی‌آباد کتول,aliabad-katul,home-and-kitchen,home-decor-furniture
۰۹۳۵۱۷۱۵۷۸۶,علی‌آباد کتول,aliabad-katul,home-and-kitchen,home-decor-furniture
۰۹۳۵۱۷۱۵۷۸۶,علی‌آباد کتول,aliabad-katul,home-and-kitchen,home-decor-furniture
۰۹۱۱۲۷۱۰۲۹۵,علی‌آباد کتول,aliabad-katul,home-and-kitchen,home-decor-furniture
۰۹۹۲۳۲۲۰۴۷۲,علی‌آباد کتول,aliabad-katul,home-and-kitchen,home-decor-furniture
۰۹۱۱۲۷۱۰۲۹۵,علی‌آباد کتول,aliabad-katul,home-and-kitchen,home-decor-furniture
۰۹۱۱۳۸۰۳۴۴۶,علی‌آباد کتول,aliabad-katul,home-and-kitchen,home-decor-furniture
۰۹۱۱۳۸۰۳۴۴۶,علی‌آباد کتول,aliabad-katul,home-and-kitchen,home-decor-furniture
۰۹۱۱۸۷۵۲۸۸۰,علی‌آباد کتول,aliabad-katul,home-and-kitchen,home-decor-furniture
۰۹۱۱۷۶۹۰۱۸۵,علی‌آباد کتول,aliabad-katul,home-and-kitchen,home-decor-furniture
۰۹۰۳۹۵۹۷۷۲۱,علی‌آباد کتول,aliabad-katul,home-and-kitchen,home-decor-furniture
۰۹۰۳۸۰۹۶۰۲۳,علی‌آباد کتول,aliabad-katul,home-and-kitchen,home-decor-furniture
۰۹۰۳۹۵۹۷۷۲۱,علی‌آباد کتول,aliabad-katul,home-and-kitchen,home-decor-furniture
۰۹۳۸۴۶۱۷۳۹۳,علی‌آباد کتول,aliabad-katul,home-and-kitchen,home-decor-furniture
۰۹۰۳۹۵۹۷۷۲۱,علی‌آباد کتول,aliabad-katul,home-and-kitchen,home-decor-furniture
۰۹۰۳۹۵۹۷۷۲۱,علی‌آباد کتول,aliabad-katul,home-and-kitchen,home-decor-furniture
۰۹۱۱۵۲۲۷۸۰۸,علی‌آباد کتول,aliabad-katul,home-and-kitchen,home-decor-furniture
۰۹۳۷۸۰۸۴۲۵۲,علی‌آباد کتول,aliabad-katul,home-and-kitchen,home-decor-furniture
(پنهان‌شده؛ چت کنید),علی‌آباد کتول,aliabad-katul,home-and-kitchen,home-decor-furniture
(پنهان‌شده؛ چت کنید),علی‌آباد کتول,aliabad-katul,home-and-kitchen,home-decor-furniture
۰۹۰۲۹۷۱۷۷۸۴,علی‌آباد کتول,aliabad-katul,home-and-kitchen,home-decor-furniture
۰۹۰۳۴۰۱۹۰۶۸,علی‌آباد کتول,aliabad-katul,home-and-kitchen,home-decor-furniture
۰۹۱۱۶۴۶۰۰۷۲,علی‌آباد کتول,aliabad-katul,home-and-kitchen,home-decor-furniture
۰۹۱۱۶۴۶۰۰۷۲,علی‌آباد کتول,aliabad-katul,home-and-kitchen,home-decor-furniture
۰۹۳۰۰۵۰۳۵۸۸,علی‌آباد کتول,aliabad-katul,home-and-kitchen,home-decor-furniture
۰۹۳۰۰۵۰۳۵۸۸,علی‌آباد کتول,aliabad-katul,home-and-kitchen,home-decor-furniture
۰۹۹۰۹۹۷۲۹۲۳,علی‌آباد کتول,aliabad-katul,home-and-kitchen,home-decor-furniture
۰۹۹۰۹۹۷۲۹۲۳,علی‌آباد کتول,aliabad-katul,home-and-kitchen,home-decor-furniture
۰۹۳۶۵۳۵۲۴۹۲,علی‌آباد کتول,aliabad-katul,home-and-kitchen,home-decor-furniture
۰۹۱۱۶۴۶۴۸۷۴,علی‌آباد کتول,aliabad-katul,home-and-kitchen,home-decor-furniture
(پنهان‌شده؛ چت کنید),علی‌آباد کتول,aliabad-katul,home-and-kitchen,home-decor-furniture
۰۹۱۹۲۷۲۹۱۵۰,علی‌آباد کتول,aliabad-katul,home-and-kitchen,home-decor-furniture
۰۹۹۱۵۰۸۶۵۲۱,علی‌آباد کتول,aliabad-katul,home-and-kitchen,home-decor-furniture
۰۹۳۵۴۸۸۹۷۷۹,علی‌آباد کتول,aliabad-katul,home-and-kitchen,home-decor-furniture
۰۹۱۱۷۲۸۷۹۹۸,علی‌آباد کتول,aliabad-katul,home-and-kitchen,home-decor-furniture
۰۹۱۰۵۸۳۴۰۰۶,علی‌آباد کتول,aliabad-katul,home-and-kitchen,home-decor-furniture
۰۹۱۱۶۴۶۰۰۷۲,علی‌آباد کتول,aliabad-katul,home-and-kitchen,home-decor-furniture
۰۹۳۹۶۶۰۶۲۶۲,علی‌آباد کتول,aliabad-katul,home-and-kitchen,home-decor-furniture
۰۹۳۹۶۶۰۶۲۶۲,علی‌آباد کتول,aliabad-katul,home-and-kitchen,home-decor-furniture
(پنهان‌شده؛ چت کنید),علی‌آباد کتول,aliabad-katul,home-and-kitchen,home-decor-furniture
۰۹۳۵۶۷۹۳۰۸۹,علی‌آباد کتول,aliabad-katul,home-and-kitchen,home-decor-furniture
۰۹۱۱۹۸۰۱۸۶۳,علی‌آباد کتول,aliabad-katul,home-and-kitchen,kitchen-appliances
۰۹۱۱۹۶۸۱۷۶۱,علی‌آباد کتول,aliabad-katul,home-and-kitchen,kitchen-appliances
(پنهان‌شده؛ چت کنید),علی‌آباد کتول,aliabad-katul,home-and-kitchen,kitchen-appliances
۰۹۳۷۵۹۲۵۴۱۹,علی‌آباد کتول,aliabad-katul,home-and-kitchen,kitchen-appliances
(پنهان‌شده؛ چت کنید),علی‌آباد کتول,aliabad-katul,home-and-kitchen,kitchen-appliances
۰۹۱۱۷۷۲۴۵۶۴,علی‌آباد کتول,aliabad-katul,home-and-kitchen,kitchen-appliances
(پنهان‌شده؛ چت کنید),علی‌آباد کتول,aliabad-katul,home-and-kitchen,kitchen-appliances
۰۹۱۰۷۷۷۴۰۵۴,علی‌آباد کتول,aliabad-katul,home-and-kitchen,kitchen-appliances
۰۹۱۱۸۷۹۳۲۳۷,علی‌آباد کتول,aliabad-katul,home-and-kitchen,kitchen-appliances
۰۹۱۱۸۷۷۱۰۲۱,علی‌آباد کتول,aliabad-katul,home-and-kitchen,kitchen-appliances
۰۹۱۱۶۴۶۰۰۷۲,علی‌آباد کتول,aliabad-katul,home-and-kitchen,kitchen-appliances
۰۹۰۱۷۲۴۳۲۱۲,علی‌آباد کتول,aliabad-katul,home-and-kitchen,kitchen-appliances
۰۹۲۲۵۹۵۳۲۹۸,علی‌آباد کتول,aliabad-katul,home-and-kitchen,kitchen-appliances
۰۹۱۹۲۷۲۹۱۵۰,علی‌آباد کتول,aliabad-katul,home-and-kitchen,kitchen-appliances
۰۹۱۹۲۷۲۹۱۵۰,علی‌آباد کتول,aliabad-katul,home-and-kitchen,kitchen-appliances
(پنهان‌شده؛ چت کنید),علی‌آباد کتول,aliabad-katul,home-and-kitchen,kitchen-appliances
۰۹۳۵۸۴۳۱۳۸۵,علی‌آباد کتول,aliabad-katul,home-and-kitchen,kitchen-appliances
۰۹۱۱۹۶۹۷۳۵۳,علی‌آباد کتول,aliabad-katul,home-and-kitchen,kitchen-appliances
۰۹۳۸۸۷۳۰۴۹۳,علی‌آباد کتول,aliabad-katul,home-and-kitchen,kitchen-appliances
(پنهان‌شده؛ چت کنید),علی‌آباد کتول,aliabad-katul,home-and-kitchen,kitchen-appliances
(پنهان‌شده؛ چت کنید),علی‌آباد کتول,aliabad-katul,home-and-kitchen,kitchen-appliances
۰۹۱۱۹۶۴۱۴۱۸,علی‌آباد کتول,aliabad-katul,home-and-kitchen,kitchen-appliances
۰۹۱۱۹۶۴۱۴۱۸,علی‌آباد کتول,aliabad-katul,home-and-kitchen,kitchen-appliances
۰۹۱۱۷۵۲۴۵۵۰,علی‌آباد کتول,aliabad-katul,home-and-kitchen,kitchen-appliances
۰۹۱۱۹۶۴۱۴۱۸,علی‌آباد کتول,aliabad-katul,home-and-kitchen,kitchen-appliances
۰۹۱۱۷۵۲۹۴۳۱,علی‌آباد کتول,aliabad-katul,home-and-kitchen,kitchen-appliances
۰۹۱۱۷۵۲۹۴۳۱,علی‌آباد کتول,aliabad-katul,home-and-kitchen,kitchen-appliances
۰۹۱۱۷۵۲۹۴۳۱,علی‌آباد کتول,aliabad-katul,home-and-kitchen,kitchen-appliances
۰۹۱۱۹۶۵۷۶۱۳,علی‌آباد کتول,aliabad-katul,home-and-kitchen,kitchen-appliances
۰۹۳۷۶۵۱۰۰۹۰,علی‌آباد کتول,aliabad-katul,home-and-kitchen,kitchen-appliances
۰۹۳۷۵۵۰۸۱۱۶,علی‌آباد کتول,aliabad-katul,home-and-kitchen,kitchen-appliances
۰۹۱۱۸۷۷۹۰۸۳,علی‌آباد کتول,aliabad-katul,home-and-kitchen,kitchen-appliances
۰۹۱۱۱۷۶۸۲۴۸,علی‌آباد کتول,aliabad-katul,home-and-kitchen,kitchen-appliances
۰۹۱۱۳۷۵۸۹۷۶,علی‌آباد کتول,aliabad-katul,home-and-kitchen,kitchen-appliances
۰۹۱۱۵۱۸۲۵۴۴,علی‌آباد کتول,aliabad-katul,home-and-kitchen,kitchen-appliances
۰۹۱۱۵۳۱۶۷۴۳,علی‌آباد کتول,aliabad-katul,home-and-kitchen,kitchen-appliances
۰۹۳۳۳۵۴۷۹۹۱,علی‌آباد کتول,aliabad-katul,home-and-kitchen,kitchen-appliances
۰۹۱۱۵۱۵۹۶۹۳,علی‌آباد کتول,aliabad-katul,home-and-kitchen,kitchen-appliances
۰۹۹۰۷۹۴۹۳۶۰,علی‌آباد کتول,aliabad-katul,home-and-kitchen,kitchen-appliances
۰۹۰۱۷۲۴۳۲۱۲,علی‌آباد کتول,aliabad-katul,home-and-kitchen,kitchen-appliances
۰۹۳۸۸۳۶۶۱۹۳,علی‌آباد کتول,aliabad-katul,home-and-kitchen,kitchen-appliances
۰۹۲۱۶۷۱۰۴۷۳,علی‌آباد کتول,aliabad-katul,home-and-kitchen,kitchen-appliances
۰۹۲۱۶۷۱۰۴۷۳,علی‌آباد کتول,aliabad-katul,home-and-kitchen,kitchen-appliances
۰۹۳۷۳۳۱۶۳۶۹,علی‌آباد کتول,aliabad-katul,home-and-kitchen,kitchen-appliances
۰۹۱۰۸۸۸۰۶۸۷,علی‌آباد کتول,aliabad-katul,home-and-kitchen,kitchen-appliances
(پنهان‌شده؛ چت کنید),علی‌آباد کتول,aliabad-katul,home-and-kitchen,kitchen-appliances
۰۹۳۸۶۷۹۰۱۳۲,علی‌آباد کتول,aliabad-katul,home-and-kitchen,kitchen-appliances
۰۹۳۹۳۳۹۲۴۹۰,علی‌آباد کتول,aliabad-katul,home-and-kitchen,kitchen-appliances
۰۹۰۳۹۵۹۷۷۲۱,علی‌آباد کتول,aliabad-katul,home-and-kitchen,home-appliances
۰۹۳۶۹۵۵۴۴۶۴,علی‌آباد کتول,aliabad-katul,home-and-kitchen,home-appliances
۰۹۳۹۱۳۳۱۵۵۶,علی‌آباد کتول,aliabad-katul,home-and-kitchen,home-appliances
۰۹۱۹۲۷۲۹۱۵۰,علی‌آباد کتول,aliabad-katul,home-and-kitchen,home-appliances
۰۹۳۶۳۳۰۶۸۶۵,علی‌آباد کتول,aliabad-katul,home-and-kitchen,home-appliances
۰۹۱۱۹۶۹۲۳۷۸,علی‌آباد کتول,aliabad-katul,home-and-kitchen,home-appliances
۰۹۱۱۶۶۷۱۲۶۰,علی‌آباد کتول,aliabad-katul,home-and-kitchen,home-appliances
۰۹۹۱۱۹۱۰۵۰۲,علی‌آباد کتول,aliabad-katul,home-and-kitchen,home-appliances
۰۹۰۳۸۱۳۹۷۹۹,علی‌آباد کتول,aliabad-katul,home-and-kitchen,home-appliances
۰۹۰۳۱۶۶۵۰۰۱,علی‌آباد کتول,aliabad-katul,home-and-kitchen,home-appliances
۰۹۳۷۹۰۹۶۱۶۶,علی‌آباد کتول,aliabad-katul,home-and-kitchen,building-garden
۰۹۱۶۸۷۵۹۵۷۱,علی‌آباد کتول,aliabad-katul,home-and-kitchen,building-garden
۰۹۳۶۳۲۳۲۶۹۴,علی‌آباد کتول,aliabad-katul,home-and-kitchen,building-garden
۰۹۱۱۷۹۷۳۹۷۳,علی‌آباد کتول,aliabad-katul,home-and-kitchen,building-garden
۰۹۳۶۶۱۳۴۰۱۶,علی‌آباد کتول,aliabad-katul,home-and-kitchen,building-garden
۰۹۳۶۳۱۵۹۹۳۶,علی‌آباد کتول,aliabad-katul,home-and-kitchen,building-garden
۰۹۹۱۱۳۰۸۵۴۴,علی‌آباد کتول,aliabad-katul,home-and-kitchen,building-garden
۰۹۹۱۱۳۰۸۵۴۴,علی‌آباد کتول,aliabad-katul,home-and-kitchen,building-garden
۰۹۱۱۸۷۵۱۹۱۱,علی‌آباد کتول,aliabad-katul,home-and-kitchen,building-garden
۰۹۱۹۳۲۴۳۹۶۲,علی‌آباد کتول,aliabad-katul,home-and-kitchen,building-garden
۰۹۳۸۰۷۳۵۰۰۲,علی‌آباد کتول,aliabad-katul,home-and-kitchen,building-garden
(پنهان‌شده؛ چت کنید),علی‌آباد کتول,aliabad-katul,home-and-kitchen,building-garden
(پنهان‌شده؛ چت کنید),علی‌آباد کتول,aliabad-katul,home-and-kitchen,building-garden
۰۹۳۶۵۳۵۲۴۹۲,علی‌آباد کتول,aliabad-katul,home-and-kitchen,building-garden
۰۹۳۹۲۷۳۷۳۶۰,علی‌آباد کتول,aliabad-katul,home-and-kitchen,building-garden
۰۹۱۱۲۷۸۴۵۰۱,علی‌آباد کتول,aliabad-katul,home-and-kitchen,building-garden
۰۹۳۵۳۸۳۸۸۶۲,علی‌آباد کتول,aliabad-katul,home-and-kitchen,building-garden
(پنهان‌شده؛ چت کنید),علی‌آباد کتول,aliabad-katul,home-and-kitchen,building-garden
۰۹۱۱۹۷۱۹۳۸۸,علی‌آباد کتول,aliabad-katul,home-and-kitchen,building-garden
۰۹۱۱۹۶۶۷۷۲۸,علی‌آباد کتول,aliabad-katul,home-and-kitchen,building-garden
۰۹۳۰۳۲۶۳۵۳۲,علی‌آباد کتول,aliabad-katul,home-and-kitchen,building-garden
۰۹۳۵۱۷۰۳۴۰۸,علی‌آباد کتول,aliabad-katul,home-and-kitchen,building-garden
۰۹۱۱۹۷۳۴۶۱۲,علی‌آباد کتول,aliabad-katul,home-and-kitchen,building-garden
۰۹۰۲۹۸۲۴۲۹۲,علی‌آباد کتول,aliabad-katul,home-and-kitchen,building-garden
۰۹۳۰۶۵۲۷۲۷۲,علی‌آباد کتول,aliabad-katul,home-and-kitchen,building-garden
۰۹۱۱۹۷۷۰۳۰۹,علی‌آباد کتول,aliabad-katul,home-and-kitchen,building-garden
۰۹۳۸۴۶۱۷۳۹۳,علی‌آباد کتول,aliabad-katul,home-and-kitchen,building-garden
۰۹۳۸۸۲۴۵۷۰۵,علی‌آباد کتول,aliabad-katul,home-and-kitchen,building-garden
۰۹۳۶۹۴۲۱۴۳۲,علی‌آباد کتول,aliabad-katul,home-and-kitchen,building-garden
۰۹۱۲۷۰۵۹۵۶۸,علی‌آباد کتول,aliabad-katul,home-and-kitchen,building-garden
۰۹۳۹۱۱۹۲۰۸۶,علی‌آباد کتول,aliabad-katul,home-and-kitchen,building-garden
۰۹۳۷۱۸۱۸۱۴۷,علی‌آباد کتول,aliabad-katul,home-and-kitchen,building-garden
۰۹۳۷۱۸۱۸۱۴۷,علی‌آباد کتول,aliabad-katul,home-and-kitchen,building-garden
۰۹۳۷۱۸۱۸۱۴۷,علی‌آباد کتول,aliabad-katul,home-and-kitchen,building-garden
۰۹۳۰۲۷۷۳۱۶۵,علی‌آباد کتول,aliabad-katul,home-and-kitchen,building-garden
۰۹۱۱۴۸۲۳۳۴۸,علی‌آباد کتول,aliabad-katul,home-and-kitchen,building-garden
۰۹۱۹۴۸۷۱۲۴۳,علی‌آباد کتول,aliabad-katul,home-and-kitchen,building-garden
۰۹۱۱۲۶۸۵۷۳۶,علی‌آباد کتول,aliabad-katul,home-and-kitchen,building-garden
۰۹۱۱۸۸۴۱۳۹۷,علی‌آباد کتول,aliabad-katul,home-and-kitchen,building-garden
۰۹۱۱۸۸۴۱۳۹۷,علی‌آباد کتول,aliabad-katul,home-and-kitchen,building-garden
۰۹۳۷۷۶۴۱۹۲۱,علی‌آباد کتول,aliabad-katul,home-and-kitchen,building-garden
(پنهان‌شده؛ چت کنید),علی‌آباد کتول,aliabad-katul,home-and-kitchen,building-garden
۰۹۱۱۹۷۷۰۳۰۹,علی‌آباد کتول,aliabad-katul,home-and-kitchen,building-garden
۰۹۱۱۷۲۷۶۷۹۱,علی‌آباد کتول,aliabad-katul,home-and-kitchen,building-garden
۰۹۳۷۲۹۱۲۲۱۱,علی‌آباد کتول,aliabad-katul,services,vehicles-services
۰۹۱۱۱۷۰۸۳۳۴,علی‌آباد کتول,aliabad-katul,services,catering-services
۰۹۱۱۸۷۵۸۹۴۷,علی‌آباد کتول,aliabad-katul,services,catering-services
۰۹۱۵۵۸۴۱۲۷۱,علی‌آباد کتول,aliabad-katul,services,catering-services
۰۹۰۳۹۱۲۴۵۰۰,علی‌آباد کتول,aliabad-katul,services,catering-services
۰۹۱۰۱۷۵۹۱۱۷,علی‌آباد کتول,aliabad-katul,services,catering-services
۰۹۹۰۷۹۴۹۳۶۰,علی‌آباد کتول,aliabad-katul,services,catering-services
۰۹۲۱۶۵۴۵۵۳۶,علی‌آباد کتول,aliabad-katul,services,catering-services
۰۹۰۵۲۷۵۹۳۵۸,علی‌آباد کتول,aliabad-katul,services,catering-services
۰۹۰۵۴۳۲۹۸۱۹,علی‌آباد کتول,aliabad-katul,services,technology-services
۰۹۳۳۶۴۷۳۵۸۵,علی‌آباد کتول,aliabad-katul,services,technology-services
۰۹۳۳۶۴۷۳۵۸۵,علی‌آباد کتول,aliabad-katul,services,technology-services
۰۹۹۰۵۰۱۵۹۴۳,علی‌آباد کتول,aliabad-katul,services,financial-services
۰۹۹۰۵۳۸۶۴۷۵,علی‌آباد کتول,aliabad-katul,services,financial-services
۰۹۱۱۲۷۷۸۸۱۵,علی‌آباد کتول,aliabad-katul,services,financial-services
۰۹۳۰۱۳۸۰۴۰۱,علی‌آباد کتول,aliabad-katul,services,financial-services
۰۹۱۵۹۸۹۸۱۵۸,علی‌آباد کتول,aliabad-katul,services,financial-services
۰۹۹۱۹۰۰۶۶۹۴,علی‌آباد کتول,aliabad-katul,services,financial-services
۰۹۳۰۱۳۸۰۴۰۱,علی‌آباد کتول,aliabad-katul,services,financial-services
۰۹۳۶۷۷۸۶۱۳۷,علی‌آباد کتول,aliabad-katul,services,financial-services
۰۹۱۱۷۹۷۷۵۶۵,علی‌آباد کتول,aliabad-katul,services,transport-logistic-services
۰۹۳۶۰۹۲۳۰۰۱,علی‌آباد کتول,aliabad-katul,services,craft-skill-services
۰۹۱۱۹۶۴۳۹۶۰,علی‌آباد کتول,aliabad-katul,services,craft-skill-services
۰۹۱۱۵۱۵۷۷۸۷,علی‌آباد کتول,aliabad-katul,services,craft-skill-services
۰۹۹۰۵۲۲۰۲۴۷,علی‌آباد کتول,aliabad-katul,services,craft-skill-services
۰۹۹۱۶۶۶۰۸۹۸,علی‌آباد کتول,aliabad-katul,services,craft-skill-services
(پنهان‌شده؛ چت کنید),علی‌آباد کتول,aliabad-katul,services,craft-skill-services
۰۹۳۳۱۱۴۵۲۵۸,علی‌آباد کتول,aliabad-katul,services,craft-skill-services
۰۹۳۶۰۹۲۳۰۰۱,علی‌آباد کتول,aliabad-katul,services,craft-skill-services
۰۹۳۹۱۶۹۷۳۰۰,علی‌آباد کتول,aliabad-katul,services,craft-skill-services
۰۹۱۱۵۴۰۴۸۰۴,علی‌آباد کتول,aliabad-katul,services,craft-skill-services
۰۹۹۰۵۱۷۵۱۵۸,علی‌آباد کتول,aliabad-katul,services,craft-skill-services
۰۹۹۰۵۱۷۵۱۵۸,علی‌آباد کتول,aliabad-katul,services,craft-skill-services
۰۹۳۸۴۶۷۶۲۰۴,علی‌آباد کتول,aliabad-katul,services,craft-skill-services
۰۹۳۰۲۷۷۳۱۶۵,علی‌آباد کتول,aliabad-katul,services,craft-skill-services
۰۹۱۱۱۸۰۸۷۸۹,علی‌آباد کتول,aliabad-katul,services,craft-skill-services
۰۹۳۷۴۹۵۲۵۱۱,علی‌آباد کتول,aliabad-katul,services,craft-skill-services
۰۹۱۱۳۷۰۴۴۹۵,علی‌آباد کتول,aliabad-katul,services,craft-skill-services
۰۹۰۳۴۸۶۹۳۹۲,علی‌آباد کتول,aliabad-katul,services,craft-skill-services
۰۹۳۵۶۹۷۶۴۱۴,علی‌آباد کتول,aliabad-katul,services,craft-skill-services
۰۹۱۱۷۹۷۱۷۹۴,علی‌آباد کتول,aliabad-katul,services,beauty-services
(پنهان‌شده؛ چت کنید),علی‌آباد کتول,aliabad-katul,services,beauty-services
۰۹۱۱۴۲۲۹۲۵۴,علی‌آباد کتول,aliabad-katul,services,beauty-services
۰۹۲۲۶۸۵۰۱۳۴,علی‌آباد کتول,aliabad-katul,services,beauty-services
۰۹۱۳۰۷۰۳۲۹۹,علی‌آباد کتول,aliabad-katul,services,beauty-services
۰۹۱۳۰۷۰۳۲۹۹,علی‌آباد کتول,aliabad-katul,services,beauty-services
۰۹۲۲۶۸۵۰۱۳۴,علی‌آباد کتول,aliabad-katul,services,beauty-services
۰۹۰۱۳۷۵۷۷۱۸,علی‌آباد کتول,aliabad-katul,services,beauty-services
۰۹۱۷۴۷۳۴۶۰۰,علی‌آباد کتول,aliabad-katul,services,entertaining-services
۰۹۱۱۸۷۱۵۱۸۳,علی‌آباد کتول,aliabad-katul,services,gardening-services
۰۹۰۲۹۶۱۱۳۸۴,علی‌آباد کتول,aliabad-katul,services,gardening-services
۰۹۱۱۲۷۱۱۱۴۲,علی‌آباد کتول,aliabad-katul,services,gardening-services
۰۹۱۱۶۴۶۴۱۳۵,علی‌آباد کتول,aliabad-katul,services,gardening-services
۰۹۱۱۶۴۶۴۱۳۵,علی‌آباد کتول,aliabad-katul,services,gardening-services
۰۹۱۱۵۱۷۹۵۴۱,علی‌آباد کتول,aliabad-katul,services,gardening-services
۰۹۳۷۱۲۴۳۹۰۵,علی‌آباد کتول,aliabad-katul,services,gardening-services
۰۹۳۹۲۵۵۸۲۵۴,علی‌آباد کتول,aliabad-katul,services,gardening-services
۰۹۳۶۱۵۴۴۸۴۸,علی‌آباد کتول,aliabad-katul,services,teaching-services
۰۹۰۱۷۷۹۹۲۶۰,علی‌آباد کتول,aliabad-katul,services,teaching-services
۰۹۱۱۵۲۱۰۱۳۰,علی‌آباد کتول,aliabad-katul,services,teaching-services
۰۹۹۹۱۴۸۲۱۴۰,علی‌آباد کتول,aliabad-katul,services,teaching-services
۰۹۳۷۱۱۵۷۲۰۵,علی‌آباد کتول,aliabad-katul,personal-goods,apparel
۰۹۹۰۵۴۶۳۷۹۳,علی‌آباد کتول,aliabad-katul,personal-goods,apparel
۰۹۹۱۱۳۰۸۵۴۴,علی‌آباد کتول,aliabad-katul,personal-goods,apparel
۰۹۲۱۲۴۶۶۱۳۰,علی‌آباد کتول,aliabad-katul,personal-goods,apparel
۰۹۹۰۲۰۳۶۵۳۹,علی‌آباد کتول,aliabad-katul,personal-goods,apparel
۰۹۰۵۶۴۸۳۸۴۸,علی‌آباد کتول,aliabad-katul,personal-goods,apparel
۰۹۲۱۲۴۶۶۱۳۰,علی‌آباد کتول,aliabad-katul,personal-goods,apparel
۰۹۲۱۲۴۶۶۱۳۰,علی‌آباد کتول,aliabad-katul,personal-goods,apparel
(پنهان‌شده؛ چت کنید),علی‌آباد کتول,aliabad-katul,personal-goods,apparel
۰۹۹۱۱۳۰۸۵۴۴,علی‌آباد کتول,aliabad-katul,personal-goods,apparel
۰۹۹۱۱۳۰۸۵۴۴,علی‌آباد کتول,aliabad-katul,personal-goods,apparel
۰۹۱۱۸۷۰۱۹۷۷,علی‌آباد کتول,aliabad-katul,personal-goods,apparel
۰۹۱۱۲۷۱۲۱۸۸,علی‌آباد کتول,aliabad-katul,personal-goods,apparel
۰۹۹۲۷۶۹۶۵۳۵,علی‌آباد کتول,aliabad-katul,personal-goods,apparel
۰۹۱۱۸۷۵۱۹۱۱,علی‌آباد کتول,aliabad-katul,personal-goods,apparel
۰۹۲۲۵۰۵۲۶۳۷,علی‌آباد کتول,aliabad-katul,personal-goods,apparel
۰۹۰۲۹۶۳۸۳۹۳,علی‌آباد کتول,aliabad-katul,personal-goods,apparel
۰۹۹۲۷۶۴۳۱۶۳,علی‌آباد کتول,aliabad-katul,personal-goods,apparel
۰۹۰۳۰۷۰۶۵۲۰,علی‌آباد کتول,aliabad-katul,personal-goods,apparel
(پنهان‌شده؛ چت کنید),علی‌آباد کتول,aliabad-katul,personal-goods,apparel
(پنهان‌شده؛ چت کنید),علی‌آباد کتول,aliabad-katul,personal-goods,apparel
۰۹۳۶۰۱۶۴۱۰۳,علی‌آباد کتول,aliabad-katul,personal-goods,apparel
(پنهان‌شده؛ چت کنید),علی‌آباد کتول,aliabad-katul,personal-goods,apparel
۰۹۱۰۰۴۳۱۲۰۱,علی‌آباد کتول,aliabad-katul,personal-goods,apparel
۰۹۲۱۶۵۶۰۸۲۰,علی‌آباد کتول,aliabad-katul,personal-goods,apparel
۰۹۰۳۹۵۹۷۷۲۱,علی‌آباد کتول,aliabad-katul,personal-goods,apparel
۰۹۰۳۹۵۹۷۷۲۱,علی‌آباد کتول,aliabad-katul,personal-goods,apparel
۰۹۳۵۴۸۸۹۷۷۹,علی‌آباد کتول,aliabad-katul,personal-goods,apparel
۰۹۳۵۳۴۶۷۳۸۱,علی‌آباد کتول,aliabad-katul,personal-goods,apparel
۰۹۱۲۹۳۸۵۷۳۱,علی‌آباد کتول,aliabad-katul,personal-goods,apparel
۰۹۱۱۷۲۸۷۹۹۸,علی‌آباد کتول,aliabad-katul,personal-goods,apparel
۰۹۹۱۱۰۸۲۰۵۴,علی‌آباد کتول,aliabad-katul,personal-goods,apparel
۰۹۱۱۶۴۳۲۹۱۸,علی‌آباد کتول,aliabad-katul,personal-goods,apparel
۰۹۱۸۴۱۰۲۳۱۷,علی‌آباد کتول,aliabad-katul,personal-goods,apparel
۰۹۱۱۲۶۸۶۵۳۴,علی‌آباد کتول,aliabad-katul,personal-goods,apparel
۰۹۱۱۲۶۸۶۵۳۴,علی‌آباد کتول,aliabad-katul,personal-goods,apparel
۰۹۱۱۷۲۵۰۶۳۶,علی‌آباد کتول,aliabad-katul,personal-goods,apparel
۰۹۱۱۲۷۱۱۴۷۷,علی‌آباد کتول,aliabad-katul,personal-goods,apparel
۰۹۲۱۵۹۱۸۵۴۵,علی‌آباد کتول,aliabad-katul,personal-goods,apparel
۰۹۳۶۰۱۳۶۳۷۶,علی‌آباد کتول,aliabad-katul,personal-goods,apparel
۰۹۳۶۵۰۰۱۲۲۹,علی‌آباد کتول,aliabad-katul,personal-goods,apparel
۰۹۱۱۵۲۲۸۷۳۵,علی‌آباد کتول,aliabad-katul,personal-goods,apparel
۰۹۱۱۵۲۲۸۷۳۵,علی‌آباد کتول,aliabad-katul,personal-goods,apparel
۰۹۳۸۲۴۰۴۷۳۳,علی‌آباد کتول,aliabad-katul,personal-goods,apparel
۰۹۱۱۶۳۵۹۶۹۳,علی‌آباد کتول,aliabad-katul,personal-goods,apparel
۰۹۱۱۶۳۵۹۶۹۳,علی‌آباد کتول,aliabad-katul,personal-goods,apparel
۰۹۱۱۶۳۵۹۶۹۳,علی‌آباد کتول,aliabad-katul,personal-goods,apparel
۰۹۹۰۷۹۴۹۳۶۰,علی‌آباد کتول,aliabad-katul,personal-goods,apparel
۰۹۱۹۷۳۷۲۴۰۰,علی‌آباد کتول,aliabad-katul,personal-goods,apparel
۰۹۱۹۷۳۷۲۴۰۰,علی‌آباد کتول,aliabad-katul,personal-goods,apparel
۰۹۱۹۷۳۷۲۴۰۰,علی‌آباد کتول,aliabad-katul,personal-goods,apparel
۰۹۱۹۷۳۷۲۴۰۰,علی‌آباد کتول,aliabad-katul,personal-goods,apparel
۰۹۳۹۹۰۲۴۹۵۹,علی‌آباد کتول,aliabad-katul,personal-goods,apparel
۰۹۳۰۴۳۶۰۳۳۸,علی‌آباد کتول,aliabad-katul,personal-goods,apparel
۰۹۰۳۵۳۳۴۵۰۸,علی‌آباد کتول,aliabad-katul,personal-goods,apparel
۰۹۳۸۰۴۸۷۵۹۱,علی‌آباد کتول,aliabad-katul,personal-goods,apparel
۰۹۹۱۹۵۴۳۱۸۷,علی‌آباد کتول,aliabad-katul,personal-goods,accessories
(پنهان‌شده؛ چت کنید),علی‌آباد کتول,aliabad-katul,personal-goods,accessories
۰۹۱۱۷۵۱۳۰۹۷,علی‌آباد کتول,aliabad-katul,personal-goods,accessories
۰۹۱۱۷۲۸۷۹۹۸,علی‌آباد کتول,aliabad-katul,personal-goods,accessories
۰۹۱۳۳۶۰۲۵۱۴,علی‌آباد کتول,aliabad-katul,personal-goods,accessories
۰۹۰۳۰۹۷۸۳۰۳,علی‌آباد کتول,aliabad-katul,personal-goods,accessories
۰۹۰۳۰۹۷۸۳۰۳,علی‌آباد کتول,aliabad-katul,personal-goods,accessories
۰۹۱۱۴۲۵۵۹۳۴,علی‌آباد کتول,aliabad-katul,personal-goods,accessories
۰۹۰۲۲۷۳۴۵۳۳,علی‌آباد کتول,aliabad-katul,personal-goods,accessories
۰۹۳۹۶۲۲۵۵۷۰,علی‌آباد کتول,aliabad-katul,personal-goods,beauty-and-personal-care
۰۹۱۱۷۵۱۳۰۸۸,علی‌آباد کتول,aliabad-katul,personal-goods,beauty-and-personal-care
۰۹۳۷۳۷۲۶۰۲۵,علی‌آباد کتول,aliabad-katul,personal-goods,beauty-and-personal-care
۰۹۱۱۲۲۵۱۳۹۲,علی‌آباد کتول,aliabad-katul,personal-goods,beauty-and-personal-care
۰۹۹۱۱۰۸۲۰۵۴,علی‌آباد کتول,aliabad-katul,personal-goods,beauty-and-personal-care
۰۹۳۳۲۸۰۴۴۴۵,علی‌آباد کتول,aliabad-katul,personal-goods,beauty-and-personal-care
۰۹۱۵۸۵۰۸۵۶۵,علی‌آباد کتول,aliabad-katul,personal-goods,beauty-and-personal-care
۰۹۱۱۵۳۱۶۷۴۳,علی‌آباد کتول,aliabad-katul,personal-goods,beauty-and-personal-care
۰۹۲۱۲۴۶۶۱۳۰,علی‌آباد کتول,aliabad-katul,personal-goods,child-apparel
۰۹۱۱۹۴۷۵۶۴۶,علی‌آباد کتول,aliabad-katul,personal-goods,child-apparel
۰۹۱۱۹۴۷۵۶۴۶,علی‌آباد کتول,aliabad-katul,personal-goods,child-apparel
۰۹۱۱۹۴۷۵۶۴۶,علی‌آباد کتول,aliabad-katul,personal-goods,child-apparel
۰۹۳۶۰۱۳۶۳۷۶,علی‌آباد کتول,aliabad-katul,personal-goods,child-apparel
۰۹۳۰۶۵۲۷۲۷۲,علی‌آباد کتول,aliabad-katul,personal-goods,child-apparel
۰۹۳۶۰۱۳۶۳۷۶,علی‌آباد کتول,aliabad-katul,personal-goods,child-apparel
۰۹۱۱۵۲۳۰۳۱۲,علی‌آباد کتول,aliabad-katul,personal-goods,child-apparel
۰۹۱۹۵۴۸۴۶۰۸,علی‌آباد کتول,aliabad-katul,personal-goods,child-apparel
(پنهان‌شده؛ چت کنید),علی‌آباد کتول,aliabad-katul,personal-goods,child-apparel
۰۹۱۱۷۵۲۹۴۳۱,علی‌آباد کتول,aliabad-katul,personal-goods,child-apparel
۰۹۳۹۴۵۴۴۶۱۵,علی‌آباد کتول,aliabad-katul,personal-goods,child-apparel
۰۹۳۹۴۵۴۴۶۱۵,علی‌آباد کتول,aliabad-katul,personal-goods,child-apparel
۰۹۳۸۰۴۸۷۵۹۱,علی‌آباد کتول,aliabad-katul,personal-goods,child-apparel
۰۹۱۹۱۷۴۶۹۹۵,علی‌آباد کتول,aliabad-katul,personal-goods,child-products
۰۹۳۳۶۲۹۸۱۶۲,علی‌آباد کتول,aliabad-katul,personal-goods,child-products
(پنهان‌شده؛ چت کنید),علی‌آباد کتول,aliabad-katul,personal-goods,child-products
۰۹۳۳۳۱۸۹۰۷۵,علی‌آباد کتول,aliabad-katul,personal-goods,child-products
۰۹۹۴۴۶۹۹۱۴۷,علی‌آباد کتول,aliabad-katul,personal-goods,child-products
۰۹۹۱۵۰۸۶۵۲۱,علی‌آباد کتول,aliabad-katul,personal-goods,child-products
۰۹۱۱۲۷۱۰۲۷۶,علی‌آباد کتول,aliabad-katul,personal-goods,child-products
۰۹۹۱۱۹۱۰۵۰۲,علی‌آباد کتول,aliabad-katul,personal-goods,child-products
۰۹۱۷۷۶۳۶۱۵۷,علی‌آباد کتول,aliabad-katul,personal-goods,child-products
۰۹۱۷۷۶۳۶۱۵۷,علی‌آباد کتول,aliabad-katul,personal-goods,child-products
(پنهان‌شده؛ چت کنید),علی‌آباد کتول,aliabad-katul,personal-goods,child-products
۰۹۱۱۳۷۳۳۹۶۴,علی‌آباد کتول,aliabad-katul,personal-goods,child-products
۰۹۰۱۸۱۲۳۵۹۵,علی‌آباد کتول,aliabad-katul,personal-goods,child-products
۰۹۳۶۲۹۱۸۹۳۲,علی‌آباد کتول,aliabad-katul,personal-goods,child-products
۰۹۳۷۵۴۳۶۷۲۷,علی‌آباد کتول,aliabad-katul,personal-goods,child-products
۰۹۳۸۲۴۰۴۷۳۳,علی‌آباد کتول,aliabad-katul,personal-goods,child-products
۰۹۹۰۷۹۴۹۳۶۰,علی‌آباد کتول,aliabad-katul,personal-goods,child-products
۰۹۳۷۵۴۳۶۷۲۷,علی‌آباد کتول,aliabad-katul,personal-goods,child-products
(پنهان‌شده؛ چت کنید),علی‌آباد کتول,aliabad-katul,personal-goods,stationery
۰۹۳۸۳۱۹۱۶۷۳,علی‌آباد کتول,aliabad-katul,personal-goods,stationery
۰۹۳۸۳۱۲۸۱۸۸,علی‌آباد کتول,aliabad-katul,personal-goods,stationery
۰۹۹۲۱۷۵۳۴۶۷,علی‌آباد کتول,aliabad-katul,entertainment,tours
۰۹۱۱۹۸۰۱۸۶۳,علی‌آباد کتول,aliabad-katul,entertainment,publication
(پنهان‌شده؛ چت کنید),علی‌آباد کتول,aliabad-katul,entertainment,publication
۰۹۱۱۲۷۱۲۷۸۸,علی‌آباد کتول,aliabad-katul,entertainment,publication
(پنهان‌شده؛ چت کنید),علی‌آباد کتول,aliabad-katul,entertainment,publication
۰۹۹۱۹۵۶۶۷۰۰,علی‌آباد کتول,aliabad-katul,entertainment,publication
۰۹۹۱۹۵۶۶۷۰۰,علی‌آباد کتول,aliabad-katul,entertainment,publication
۰۹۰۱۳۴۹۱۳۵۳,علی‌آباد کتول,aliabad-katul,entertainment,publication
۰۹۹۱۴۶۵۹۱۰۷,علی‌آباد کتول,aliabad-katul,entertainment,bike-skate-scooter
۰۹۱۱۵۳۶۶۰۸۲,علی‌آباد کتول,aliabad-katul,entertainment,bike-skate-scooter
(پنهان‌شده؛ چت کنید),علی‌آباد کتول,aliabad-katul,entertainment,bike-skate-scooter
(پنهان‌شده؛ چت کنید),علی‌آباد کتول,aliabad-katul,entertainment,bike-skate-scooter
۰۹۹۱۰۰۱۷۳۸۹,علی‌آباد کتول,aliabad-katul,entertainment,bike-skate-scooter
۰۹۱۱۷۲۵۲۶۰۴,علی‌آباد کتول,aliabad-katul,entertainment,bike-skate-scooter
۰۹۱۱۷۲۷۶۷۹۱,علی‌آباد کتول,aliabad-katul,entertainment,bike-skate-scooter
۰۹۳۷۴۹۲۱۳۵۲,علی‌آباد کتول,aliabad-katul,entertainment,bike-skate-scooter
۰۹۰۱۶۶۳۱۷۶۷,علی‌آباد کتول,aliabad-katul,entertainment,bike-skate-scooter
۰۹۳۹۸۷۷۸۵۷۲,علی‌آباد کتول,aliabad-katul,entertainment,bike-skate-scooter
۰۹۱۱۵۴۰۴۷۸۷,علی‌آباد کتول,aliabad-katul,entertainment,bike-skate-scooter
۰۹۱۱۴۱۰۰۳۹۱,علی‌آباد کتول,aliabad-katul,entertainment,bike-skate-scooter
۰۹۳۰۴۳۶۰۳۳۸,علی‌آباد کتول,aliabad-katul,entertainment,bike-skate-scooter
۰۹۹۱۱۰۸۸۳۹۴,علی‌آباد کتول,aliabad-katul,entertainment,pets-animals
۰۹۹۱۱۳۹۶۵۲۷,علی‌آباد کتول,aliabad-katul,entertainment,pets-animals
۰۹۹۰۵۲۲۰۳۱۷,علی‌آباد کتول,aliabad-katul,entertainment,pets-animals
۰۹۹۰۵۲۲۰۳۱۷,علی‌آباد کتول,aliabad-katul,entertainment,pets-animals
۰۹۱۱۸۷۰۱۷۶۰,علی‌آباد کتول,aliabad-katul,entertainment,pets-animals
۰۹۱۱۸۷۹۹۹۲۶,علی‌آباد کتول,aliabad-katul,entertainment,pets-animals
۰۹۱۱۵۴۰۴۱۵۳,علی‌آباد کتول,aliabad-katul,entertainment,pets-animals
۰۹۳۸۲۹۱۷۵۸۷,علی‌آباد کتول,aliabad-katul,entertainment,pets-animals
۰۹۳۷۲۰۳۶۹۷۵,علی‌آباد کتول,aliabad-katul,entertainment,pets-animals
۰۹۰۲۴۴۹۴۱۶۷,علی‌آباد کتول,aliabad-katul,entertainment,pets-animals
۰۹۱۱۹۹۸۲۸۹۹,علی‌آباد کتول,aliabad-katul,entertainment,pets-animals
۰۹۱۱۴۴۸۹۱۹۶,علی‌آباد کتول,aliabad-katul,entertainment,pets-animals
۰۹۱۱۴۵۱۰۹۷۵,علی‌آباد کتول,aliabad-katul,entertainment,pets-animals
۰۹۱۱۴۵۱۰۹۷۵,علی‌آباد کتول,aliabad-katul,entertainment,pets-animals
۰۹۳۸۰۷۳۵۰۰۲,علی‌آباد کتول,aliabad-katul,entertainment,pets-animals
۰۹۱۱۱۷۵۷۱۲۶,علی‌آباد کتول,aliabad-katul,entertainment,pets-animals
۰۹۲۱۷۵۶۱۵۰۶,علی‌آباد کتول,aliabad-katul,entertainment,pets-animals
۰۹۳۸۱۲۰۱۰۳۴,علی‌آباد کتول,aliabad-katul,entertainment,pets-animals
۰۹۰۲۰۵۰۹۱۰۶,علی‌آباد کتول,aliabad-katul,entertainment,pets-animals
۰۹۹۱۶۷۴۵۷۹۹,علی‌آباد کتول,aliabad-katul,entertainment,pets-animals
۰۹۹۱۶۷۴۵۷۹۹,علی‌آباد کتول,aliabad-katul,entertainment,pets-animals
۰۹۰۳۵۷۹۶۲۲۱,علی‌آباد کتول,aliabad-katul,entertainment,pets-animals
(پنهان‌شده؛ چت کنید),علی‌آباد کتول,aliabad-katul,entertainment,pets-animals
۰۹۱۱۴۸۲۵۱۷۰,علی‌آباد کتول,aliabad-katul,entertainment,pets-animals
۰۹۳۰۲۶۶۹۲۳۶,علی‌آباد کتول,aliabad-katul,entertainment,pets-animals
۰۹۱۱۹۷۷۳۵۸۸,علی‌آباد کتول,aliabad-katul,entertainment,pets-animals
۰۹۳۶۳۴۳۲۱۶۱,علی‌آباد کتول,aliabad-katul,entertainment,pets-animals
۰۹۳۰۴۶۳۰۷۶۰,علی‌آباد کتول,aliabad-katul,entertainment,pets-animals
(پنهان‌شده؛ چت کنید),علی‌آباد کتول,aliabad-katul,entertainment,pets-animals
۰۹۳۵۶۱۲۲۱۹۵,علی‌آباد کتول,aliabad-katul,entertainment,pets-animals
۰۹۰۵۸۴۷۵۵۲۵,علی‌آباد کتول,aliabad-katul,entertainment,pets-animals
۰۹۰۳۷۵۰۰۲۷۳,علی‌آباد کتول,aliabad-katul,entertainment,pets-animals
۰۹۰۱۶۰۴۸۸۴۳,علی‌آباد کتول,aliabad-katul,entertainment,pets-animals
۰۹۳۸۱۹۵۱۳۹۵,علی‌آباد کتول,aliabad-katul,entertainment,pets-animals
۰۹۳۷۳۲۰۷۷۱۹,علی‌آباد کتول,aliabad-katul,entertainment,pets-animals
۰۹۳۶۲۲۲۷۴۷۳,علی‌آباد کتول,aliabad-katul,entertainment,pets-animals
۰۹۱۱۵۱۴۲۷۱۹,علی‌آباد کتول,aliabad-katul,entertainment,pets-animals
۰۹۱۱۶۴۳۶۷۳۷,علی‌آباد کتول,aliabad-katul,entertainment,pets-animals
۰۹۳۶۰۷۶۶۷۳۸,علی‌آباد کتول,aliabad-katul,entertainment,pets-animals
۰۹۳۸۱۹۲۹۴۲۴,علی‌آباد کتول,aliabad-katul,entertainment,pets-animals
۰۹۳۰۹۰۴۵۸۵۸,علی‌آباد کتول,aliabad-katul,entertainment,pets-animals
۰۹۱۱۴۰۶۳۲۴۷,علی‌آباد کتول,aliabad-katul,entertainment,pets-animals
۰۹۱۱۲۷۱۰۲۷۶,علی‌آباد کتول,aliabad-katul,entertainment,pets-animals
۰۹۱۱۵۱۶۸۷۷۹,علی‌آباد کتول,aliabad-katul,entertainment,pets-animals
(پنهان‌شده؛ چت کنید),علی‌آباد کتول,aliabad-katul,entertainment,pets-animals
۰۹۳۵۷۸۹۲۰۰۸,علی‌آباد کتول,aliabad-katul,entertainment,collecting
۰۹۳۸۷۳۹۸۱۷۹,علی‌آباد کتول,aliabad-katul,entertainment,collecting
۰۹۰۵۵۲۵۳۲۱۶,علی‌آباد کتول,aliabad-katul,entertainment,musical-instruments
۰۹۹۲۷۶۹۰۹۶۴,علی‌آباد کتول,aliabad-katul,entertainment,musical-instruments
(پنهان‌شده؛ چت کنید),علی‌آباد کتول,aliabad-katul,entertainment,musical-instruments
۰۹۳۵۹۱۳۰۴۰۵,علی‌آباد کتول,aliabad-katul,entertainment,musical-instruments
۰۹۳۸۴۹۸۲۲۴۲,علی‌آباد کتول,aliabad-katul,entertainment,sport-entertainment
۰۹۰۵۲۱۵۰۶۹۸,علی‌آباد کتول,aliabad-katul,entertainment,sport-entertainment
۰۹۱۱۶۶۷۱۲۶۰,علی‌آباد کتول,aliabad-katul,entertainment,sport-entertainment
۰۹۳۷۴۹۲۱۳۵۲,علی‌آباد کتول,aliabad-katul,entertainment,sport-entertainment
۰۹۳۶۲۰۰۱۲۸۲,علی‌آباد کتول,aliabad-katul,entertainment,sport-entertainment
۰۹۱۱۳۷۵۴۰۱۲,علی‌آباد کتول,aliabad-katul,entertainment,game-and-toys
۰۹۰۵۱۸۸۴۰۵۷,علی‌آباد کتول,aliabad-katul,entertainment,game-and-toys
۰۹۰۲۳۱۶۲۹۷۱,علی‌آباد کتول,aliabad-katul,social-services,event
۰۹۲۲۵۰۵۲۶۷۴,علی‌آباد کتول,aliabad-katul,social-services,event
۰۹۹۲۳۴۷۴۵۱۰,علی‌آباد کتول,aliabad-katul,social-services,event
۰۹۰۴۴۰۴۷۴۲۶,علی‌آباد کتول,aliabad-katul,social-services,event
۰۹۳۵۴۶۶۹۹۵۰,علی‌آباد کتول,aliabad-katul,social-services,voluntary
(پنهان‌شده؛ چت کنید),علی‌آباد کتول,aliabad-katul,social-services,missing
۰۹۱۱۲۷۱۰۱۷۰,علی‌آباد کتول,aliabad-katul,social-services,missing
۰۹۳۷۵۶۹۴۹۷۰,علی‌آباد کتول,aliabad-katul,social-services,missing
۰۹۰۱۳۵۳۱۶۲۸,علی‌آباد کتول,aliabad-katul,social-services,missing
۰۹۱۱۷۶۷۱۷۶۹,علی‌آباد کتول,aliabad-katul,businesses,business-equipment
۰۹۳۸۴۸۷۱۲۵۰,علی‌آباد کتول,aliabad-katul,businesses,business-equipment
۰۹۱۱۷۹۷۳۱۳۴,علی‌آباد کتول,aliabad-katul,businesses,business-equipment
۰۹۱۰۷۸۰۸۴۷۱,علی‌آباد کتول,aliabad-katul,businesses,business-equipment
۰۹۱۱۳۷۳۳۸۹۰,علی‌آباد کتول,aliabad-katul,businesses,business-equipment
۰۹۰۵۳۲۴۸۳۹۲,علی‌آباد کتول,aliabad-katul,businesses,business-equipment
۰۹۰۵۱۸۸۴۰۳۰,علی‌آباد کتول,aliabad-katul,businesses,business-equipment
۰۹۰۱۷۵۴۴۶۵۰,علی‌آباد کتول,aliabad-katul,businesses,business-equipment
۰۹۱۱۱۷۸۸۳۱۲,علی‌آباد کتول,aliabad-katul,businesses,business-equipment
۰۹۱۱۲۷۸۴۸۴۶,علی‌آباد کتول,aliabad-katul,businesses,business-equipment
۰۹۱۱۷۲۶۰۱۳۸,علی‌آباد کتول,aliabad-katul,businesses,business-equipment
۰۹۱۱۵۴۰۷۸۸۳,علی‌آباد کتول,aliabad-katul,businesses,business-equipment
۰۹۱۱۸۷۵۹۸۵۲,علی‌آباد کتول,aliabad-katul,businesses,business-equipment
۰۹۳۷۵۶۹۸۹۰۸,علی‌آباد کتول,aliabad-katul,businesses,business-equipment
۰۹۳۷۶۱۹۱۸۲۹,علی‌آباد کتول,aliabad-katul,businesses,business-equipment
۰۹۳۳۸۷۶۵۶۹۹,علی‌آباد کتول,aliabad-katul,businesses,business-equipment
(پنهان‌شده؛ چت کنید),علی‌آباد کتول,aliabad-katul,businesses,business-equipment
(پنهان‌شده؛ چت کنید),علی‌آباد کتول,aliabad-katul,businesses,business-equipment
(پنهان‌شده؛ چت کنید),علی‌آباد کتول,aliabad-katul,businesses,business-equipment
(پنهان‌شده؛ چت کنید),علی‌آباد کتول,aliabad-katul,businesses,business-equipment
۰۹۰۵۵۷۹۹۳۲۳,علی‌آباد کتول,aliabad-katul,businesses,business-equipment
۰۹۱۱۴۲۰۴۰۹۷,علی‌آباد کتول,aliabad-katul,businesses,business-equipment
۰۹۰۳۴۰۱۹۰۶۸,علی‌آباد کتول,aliabad-katul,businesses,business-equipment
(پنهان‌شده؛ چت کنید),علی‌آباد کتول,aliabad-katul,businesses,business-equipment
۰۹۱۱۱۷۷۵۹۵۲,علی‌آباد کتول,aliabad-katul,businesses,business-equipment
(پنهان‌شده؛ چت کنید),علی‌آباد کتول,aliabad-katul,businesses,business-equipment
۰۹۳۵۴۳۳۰۵۳۱,علی‌آباد کتول,aliabad-katul,businesses,business-equipment
۰۹۳۶۳۳۰۶۸۶۵,علی‌آباد کتول,aliabad-katul,businesses,business-equipment
۰۹۹۱۹۵۶۶۷۰۰,علی‌آباد کتول,aliabad-katul,businesses,business-equipment
۰۹۳۹۶۷۱۸۶۳۶,علی‌آباد کتول,aliabad-katul,businesses,business-equipment
۰۹۰۲۰۹۷۷۴۱۱,علی‌آباد کتول,aliabad-katul,businesses,business-equipment
۰۹۰۵۴۲۹۳۰۶۴,علی‌آباد کتول,aliabad-katul,businesses,business-equipment
۰۹۹۰۷۹۴۹۳۶۰,علی‌آباد کتول,aliabad-katul,businesses,business-equipment
۰۹۱۱۷۵۲۴۵۵۰,علی‌آباد کتول,aliabad-katul,businesses,business-equipment
۰۹۱۱۷۵۲۴۵۵۰,علی‌آباد کتول,aliabad-katul,businesses,business-equipment
۰۹۹۲۴۹۴۷۲۹۰,علی‌آباد کتول,aliabad-katul,businesses,business-equipment
۰۹۰۲۳۹۵۵۵۲۲,علی‌آباد کتول,aliabad-katul,businesses,business-equipment
۰۹۰۲۳۴۹۹۰۷۰,علی‌آباد کتول,aliabad-katul,businesses,business-equipment
۰۹۳۵۹۰۰۱۸۵۴,علی‌آباد کتول,aliabad-katul,businesses,business-equipment
۰۹۳۵۹۰۰۱۸۵۴,علی‌آباد کتول,aliabad-katul,businesses,business-equipment
۰۹۰۵۵۱۷۷۸۲۰,علی‌آباد کتول,aliabad-katul,businesses,business-equipment
۰۹۳۹۵۶۳۰۰۳۵,علی‌آباد کتول,aliabad-katul,businesses,business-equipment
۰۹۹۰۱۷۵۳۳۵۷,علی‌آباد کتول,aliabad-katul,businesses,business-equipment
۰۹۹۰۱۷۵۳۳۵۷,علی‌آباد کتول,aliabad-katul,businesses,business-equipment
۰۹۰۵۳۲۴۸۳۹۲,علی‌آباد کتول,aliabad-katul,businesses,business-equipment
۰۹۳۸۶۴۵۱۱۲۲,علی‌آباد کتول,aliabad-katul,businesses,business-equipment
۰۹۱۱۹۶۷۱۰۹۴,علی‌آباد کتول,aliabad-katul,businesses,business-equipment
۰۹۱۱۷۵۲۴۵۵۰,علی‌آباد کتول,aliabad-katul,businesses,business-equipment
۰۹۱۱۲۷۴۸۲۳۵,علی‌آباد کتول,aliabad-katul,businesses,business-equipment
۰۹۲۲۹۱۲۶۴۰۶,علی‌آباد کتول,aliabad-katul,businesses,business-equipment
۰۹۹۱۰۹۲۷۱۹۷,علی‌آباد کتول,aliabad-katul,businesses,business-equipment
۰۹۰۲۳۹۵۵۵۳۳,علی‌آباد کتول,aliabad-katul,businesses,business-equipment
۰۹۱۷۷۶۳۶۱۵۷,علی‌آباد کتول,aliabad-katul,businesses,business-equipment
۰۹۳۵۱۷۱۵۷۸۶,علی‌آباد کتول,aliabad-katul,businesses,business-equipment
۰۹۲۲۹۱۲۶۲۷۵,علی‌آباد کتول,aliabad-katul,businesses,business-equipment
۰۹۲۲۹۱۲۶۲۷۵,علی‌آباد کتول,aliabad-katul,businesses,business-equipment
۰۹۲۲۹۱۲۶۲۷۵,علی‌آباد کتول,aliabad-katul,businesses,business-equipment
۰۹۲۲۱۳۲۰۶۹۴,علی‌آباد کتول,aliabad-katul,businesses,business-equipment
۰۹۲۲۱۳۲۰۶۹۴,علی‌آباد کتول,aliabad-katul,businesses,business-equipment
۰۹۰۵۴۵۸۹۲۷۴,علی‌آباد کتول,aliabad-katul,businesses,business-equipment
۰۹۱۱۹۶۷۱۲۸۰,علی‌آباد کتول,aliabad-katul,businesses,business-equipment
۰۹۱۱۳۷۰۱۵۹۱,علی‌آباد کتول,aliabad-katul,businesses,business-equipment
۰۹۱۱۳۷۰۱۵۹۱,علی‌آباد کتول,aliabad-katul,businesses,business-equipment
۰۹۰۱۹۰۸۷۷۹۸,علی‌آباد کتول,aliabad-katul,businesses,business-equipment
۰۹۱۱۴۲۴۳۹۶۱,علی‌آباد کتول,aliabad-katul,businesses,business-equipment
۰۹۹۲۷۸۳۴۰۳۳,علی‌آباد کتول,aliabad-katul,businesses,business-equipment
۰۹۳۶۴۰۷۲۲۹۱,علی‌آباد کتول,aliabad-katul,businesses,business-equipment
۰۹۰۱۴۶۳۷۰۷۹,علی‌آباد کتول,aliabad-katul,businesses,business-equipment
۰۹۹۲۱۸۸۹۶۹۳,علی‌آباد کتول,aliabad-katul,businesses,wholesale
۰۹۱۱۵۲۴۷۶۴۸,علی‌آباد کتول,aliabad-katul,businesses,wholesale
۰۹۱۱۷۹۲۳۷۳۱,علی‌آباد کتول,aliabad-katul,businesses,wholesale
۰۹۹۱۷۱۳۳۵۲۶,علی‌آباد کتول,aliabad-katul,businesses,wholesale
۰۹۱۰۰۴۵۳۹۱۱,علی‌آباد کتول,aliabad-katul,businesses,wholesale
۰۹۳۷۳۰۰۴۳۸۴,علی‌آباد کتول,aliabad-katul,businesses,wholesale
۰۹۱۱۹۶۸۱۷۶۱,علی‌آباد کتول,aliabad-katul,businesses,wholesale
۰۹۳۸۵۴۹۳۶۸۶,علی‌آباد کتول,aliabad-katul,businesses,wholesale
۰۹۳۸۸۶۸۵۴۰۶,علی‌آباد کتول,aliabad-katul,businesses,wholesale
۰۹۱۱۵۳۳۵۲۴۴,علی‌آباد کتول,aliabad-katul,businesses,wholesale
۰۹۱۱۵۱۵۷۸۰۲,علی‌آباد کتول,aliabad-katul,businesses,wholesale
۰۹۱۱۳۷۷۱۹۶۰,علی‌آباد کتول,aliabad-katul,businesses,wholesale
(پنهان‌شده؛ چت کنید),علی‌آباد کتول,aliabad-katul,businesses,wholesale
۰۹۹۱۹۵۲۸۸۷۴,علی‌آباد کتول,aliabad-katul,businesses,wholesale
۰۹۱۱۷۲۴۷۷۸۷,علی‌آباد کتول,aliabad-katul,businesses,wholesale
(پنهان‌شده؛ چت کنید),علی‌آباد کتول,aliabad-katul,businesses,wholesale
۰۹۱۱۸۷۰۹۵۰۲,علی‌آباد کتول,aliabad-katul,businesses,wholesale
(پنهان‌شده؛ چت کنید),علی‌آباد کتول,aliabad-katul,businesses,wholesale
۰۹۰۱۱۸۹۲۵۸۲,علی‌آباد کتول,aliabad-katul,businesses,wholesale
۰۹۰۱۵۱۹۴۰۷۰,علی‌آباد کتول,aliabad-katul,businesses,wholesale
۰۹۳۶۰۱۳۶۳۷۶,علی‌آباد کتول,aliabad-katul,businesses,wholesale
۰۹۱۱۴۱۷۹۴۸۷,علی‌آباد کتول,aliabad-katul,businesses,wholesale
۰۹۱۱۵۱۴۸۴۹۰,علی‌آباد کتول,aliabad-katul,businesses,wholesale
۰۹۱۱۵۲۳۵۵۳۶,علی‌آباد کتول,aliabad-katul,businesses,wholesale
۰۹۹۲۲۵۰۴۰۲۸,علی‌آباد کتول,aliabad-katul,businesses,wholesale
۰۹۹۲۲۵۰۴۰۲۸,علی‌آباد کتول,aliabad-katul,businesses,wholesale
۰۹۳۸۸۷۳۰۴۹۳,علی‌آباد کتول,aliabad-katul,businesses,wholesale
۰۹۱۲۶۴۳۳۸۶۸,علی‌آباد کتول,aliabad-katul,businesses,wholesale
۰۹۱۱۵۲۴۴۷۸۸,علی‌آباد کتول,aliabad-katul,businesses,wholesale
۰۹۱۱۸۷۲۳۳۲۴,علی‌آباد کتول,aliabad-katul,businesses,wholesale
۰۹۳۸۶۴۵۱۱۲۲,علی‌آباد کتول,aliabad-katul,businesses,wholesale
۰۹۰۱۹۷۴۰۳۷۰,علی‌آباد کتول,aliabad-katul,businesses,wholesale
۰۹۱۱۷۵۴۱۷۵۲,علی‌آباد کتول,aliabad-katul,businesses,wholesale
۰۹۱۷۹۸۰۸۱۲۹,علی‌آباد کتول,aliabad-katul,businesses,wholesale
۰۹۳۰۳۲۶۳۵۳۲,علی‌آباد کتول,aliabad-katul,businesses,wholesale
۰۹۰۳۲۶۱۷۹۹۹,علی‌آباد کتول,aliabad-katul,businesses,wholesale
۰۹۱۱۸۷۳۰۵۷۸,علی‌آباد کتول,aliabad-katul,businesses,wholesale
۰۹۰۱۱۸۹۲۵۸۲,علی‌آباد کتول,aliabad-katul,businesses,wholesale
۰۹۱۰۱۷۱۵۳۵۵,علی‌آباد کتول,aliabad-katul,businesses,wholesale
۰۹۳۹۶۰۸۳۴۲۹,علی‌آباد کتول,aliabad-katul,businesses,wholesale
۰۹۱۱۸۷۱۴۸۲۷,علی‌آباد کتول,aliabad-katul,businesses,wholesale
۰۹۹۰۱۱۵۰۵۰۰,علی‌آباد کتول,aliabad-katul,businesses,wholesale
۰۹۱۶۲۱۱۳۰۷۶,علی‌آباد کتول,aliabad-katul,businesses,wholesale
۰۹۰۵۲۳۹۷۸۰۸,علی‌آباد کتول,aliabad-katul,businesses,wholesale
۰۹۱۱۴۰۹۴۰۶۶,علی‌آباد کتول,aliabad-katul,businesses,wholesale
۰۹۹۱۳۵۸۵۸۹۷,علی‌آباد کتول,aliabad-katul,businesses,wholesale
۰۹۹۱۳۵۸۵۸۹۷,علی‌آباد کتول,aliabad-katul,businesses,wholesale
۰۹۹۱۳۵۸۵۸۹۷,علی‌آباد کتول,aliabad-katul,businesses,wholesale
۰۹۱۱۸۶۸۱۵۴۶,علی‌آباد کتول,aliabad-katul,businesses,wholesale
۰۹۱۱۱۷۰۶۹۳۴,علی‌آباد کتول,aliabad-katul,businesses,wholesale
۰۹۳۷۴۰۷۲۸۵۴,علی‌آباد کتول,aliabad-katul,businesses,wholesale
