۰۹۱۳۰۷۴۸۵۸۷,فلاورجان,falavarjan,jobs,architect-jobs
۰۹۱۳۱۶۴۶۵۸۴,فلاورجان,falavarjan,jobs,finance-legal-jobs
۰۹۱۳۳۰۳۵۳۳۰,فلاورجان,falavarjan,jobs,finance-legal-jobs
۰۹۰۳۲۰۱۹۱۸۰,فلاورجان,falavarjan,jobs,finance-legal-jobs
۰۹۱۳۳۲۶۳۶۲۶,فلاورجان,falavarjan,jobs,technical-jobs
۰۹۱۹۶۸۱۳۰۰۷,فلاورجان,falavarjan,jobs,technical-jobs
۰۹۳۸۴۰۳۳۰۰۲,فلاورجان,falavarjan,jobs,transport-delivery-jobs
۰۹۱۳۴۰۶۰۲۳۲,فلاورجان,falavarjan,real-estate,buy-residential
۰۹۱۲۰۶۹۱۳۷۹,فلاورجان,falavarjan,real-estate,buy-residential
۰۹۱۴۰۰۴۴۸۷۷,فلاورجان,falavarjan,real-estate,buy-residential
۰۹۳۰۰۱۵۲۲۹۲,فلاورجان,falavarjan,real-estate,buy-residential
۰۹۲۱۷۷۴۶۴۹۳,فلاورجان,falavarjan,real-estate,buy-residential
۰۹۱۳۹۲۶۶۰۴۶,فلاورجان,falavarjan,real-estate,buy-residential
۰۹۰۳۹۲۵۱۲۹۰,فلاورجان,falavarjan,real-estate,buy-residential
۰۹۰۳۹۲۵۱۲۹۰,فلاورجان,falavarjan,real-estate,buy-residential
۰۹۳۵۳۶۲۲۳۱۳,فلاورجان,falavarjan,real-estate,buy-residential
۰۹۳۳۸۲۱۵۰۶۸,فلاورجان,falavarjan,real-estate,buy-residential
۰۹۱۳۹۳۳۳۱۲۰,فلاورجان,falavarjan,real-estate,buy-residential
۰۹۰۱۴۹۵۱۷۶۲,فلاورجان,falavarjan,real-estate,buy-residential
۰۹۱۳۶۰۰۱۲۸۱,فلاورجان,falavarjan,real-estate,buy-residential
۰۹۱۳۶۰۱۱۰۴۵,فلاورجان,falavarjan,real-estate,buy-residential
۰۹۰۳۹۲۵۱۲۹۰,فلاورجان,falavarjan,real-estate,buy-residential
۰۹۱۳۸۹۷۴۰۴۷,فلاورجان,falavarjan,real-estate,buy-residential
۰۹۱۳۸۷۵۴۱۱۲,فلاورجان,falavarjan,real-estate,buy-residential
۰۹۰۲۰۹۰۸۶۲۲,فلاورجان,falavarjan,real-estate,buy-residential
۰۹۱۳۶۸۱۵۷۹۶,فلاورجان,falavarjan,real-estate,buy-residential
۰۹۱۳۳۹۴۷۶۸۹,فلاورجان,falavarjan,real-estate,buy-residential
۰۹۳۸۴۲۹۳۸۶۲,فلاورجان,falavarjan,real-estate,buy-residential
۰۹۱۳۷۹۹۵۵۴۶,فلاورجان,falavarjan,real-estate,buy-residential
۰۹۱۳۳۹۴۵۹۴۶,فلاورجان,falavarjan,real-estate,buy-residential
۰۹۱۳۹۰۷۲۵۵۴,فلاورجان,falavarjan,real-estate,buy-residential
۰۹۱۵۳۲۵۰۹۵۶,فلاورجان,falavarjan,real-estate,buy-residential
۰۹۱۳۲۰۳۵۹۰۲,فلاورجان,falavarjan,real-estate,buy-residential
۰۹۰۵۰۹۲۸۳۴۰,فلاورجان,falavarjan,real-estate,buy-residential
۰۹۱۳۱۲۸۷۸۲۱,فلاورجان,falavarjan,real-estate,buy-residential
۰۹۹۲۲۳۹۲۴۹۱,فلاورجان,falavarjan,real-estate,buy-residential
۰۹۱۳۷۳۶۷۲۳۹,فلاورجان,falavarjan,real-estate,buy-residential
۰۹۱۳۶۷۷۶۸۲۷,فلاورجان,falavarjan,real-estate,buy-residential
۰۹۰۲۰۹۸۵۹۷۵,فلاورجان,falavarjan,real-estate,buy-residential
۰۹۱۳۹۱۹۴۹۰۹,فلاورجان,falavarjan,real-estate,buy-residential
۰۹۱۳۳۳۸۷۹۲۶,فلاورجان,falavarjan,real-estate,buy-residential
۰۹۱۳۹۸۶۰۴۲۶,فلاورجان,falavarjan,real-estate,buy-residential
۰۹۹۲۳۶۶۹۱۲۲,فلاورجان,falavarjan,real-estate,buy-residential
۰۹۱۳۱۶۷۸۸۲۴,فلاورجان,falavarjan,real-estate,buy-residential
۰۹۳۶۳۱۲۷۷۹۰,فلاورجان,falavarjan,real-estate,buy-residential
۰۹۱۳۰۳۴۵۳۶۴,فلاورجان,falavarjan,real-estate,buy-residential
۰۹۱۳۷۸۲۸۸۴۲,فلاورجان,falavarjan,real-estate,buy-residential
۰۹۳۷۶۸۷۶۵۵۸,فلاورجان,falavarjan,real-estate,buy-residential
۰۹۰۱۴۹۵۱۷۶۲,فلاورجان,falavarjan,real-estate,buy-residential
۰۹۱۲۷۴۹۵۷۳۹,فلاورجان,falavarjan,real-estate,buy-residential
۰۹۱۵۳۲۵۰۹۵۶,فلاورجان,falavarjan,real-estate,buy-residential
۰۹۹۱۰۳۳۷۳۶۲,فلاورجان,falavarjan,real-estate,buy-residential
۰۹۱۳۱۶۸۱۷۹۱,فلاورجان,falavarjan,real-estate,buy-residential
۰۹۱۳۳۳۸۹۳۶۸,فلاورجان,falavarjan,real-estate,buy-residential
۰۹۹۰۸۵۵۶۶۸۹,فلاورجان,falavarjan,real-estate,buy-residential
۰۹۱۳۷۴۱۹۰۶۳,فلاورجان,falavarjan,real-estate,buy-residential
۰۹۱۳۶۷۴۵۱۶۸,فلاورجان,falavarjan,real-estate,buy-residential
۰۹۱۳۱۰۰۵۳۳۷,فلاورجان,falavarjan,real-estate,buy-residential
۰۹۱۳۸۹۰۰۷۷۵,فلاورجان,falavarjan,real-estate,buy-residential
۰۹۳۸۴۷۵۳۵۸۸,فلاورجان,falavarjan,real-estate,buy-residential
۰۹۱۳۸۱۵۱۷۳۶,فلاورجان,falavarjan,real-estate,buy-residential
۰۹۱۳۷۲۲۰۷۸۲,فلاورجان,falavarjan,real-estate,buy-residential
۰۹۱۳۴۱۲۲۳۱۹,فلاورجان,falavarjan,real-estate,buy-residential
۰۹۱۳۴۲۱۰۹۱۶,فلاورجان,falavarjan,real-estate,buy-residential
۰۹۱۳۷۹۸۰۸۰۲,فلاورجان,falavarjan,real-estate,buy-residential
۰۹۱۳۹۲۸۷۳۰۹,فلاورجان,falavarjan,real-estate,buy-residential
۰۹۱۳۱۰۴۵۸۴۸,فلاورجان,falavarjan,real-estate,buy-residential
۰۹۱۳۸۰۱۳۷۰۵,فلاورجان,falavarjan,real-estate,buy-residential
۰۹۱۳۲۰۷۲۹۹۰,فلاورجان,falavarjan,real-estate,buy-residential
۰۹۱۳۹۸۱۷۸۲۹,فلاورجان,falavarjan,real-estate,buy-residential
۰۹۱۳۹۱۳۶۹۸۷,فلاورجان,falavarjan,real-estate,buy-residential
۰۹۳۳۶۸۳۸۹۷۰,فلاورجان,falavarjan,real-estate,buy-residential
۰۹۱۳۸۰۵۰۹۹۶,فلاورجان,falavarjan,real-estate,buy-residential
۰۹۱۳۸۰۳۸۸۷۶,فلاورجان,falavarjan,real-estate,rent-residential
۰۹۳۹۴۴۹۶۰۵۰,فلاورجان,falavarjan,real-estate,rent-residential
۰۹۳۵۱۷۷۱۱۶۷,فلاورجان,falavarjan,real-estate,rent-residential
۰۹۹۲۳۷۸۱۷۸۳,فلاورجان,falavarjan,real-estate,buy-commercial-property
۰۹۱۳۴۰۴۶۵۱۱,فلاورجان,falavarjan,real-estate,buy-commercial-property
۰۹۲۲۵۷۷۸۱۵۱,فلاورجان,falavarjan,real-estate,buy-commercial-property
۰۹۱۳۲۳۶۲۷۰۹,فلاورجان,falavarjan,real-estate,buy-commercial-property
۰۹۳۳۶۴۶۲۹۲۰,فلاورجان,falavarjan,real-estate,buy-commercial-property
۰۹۱۰۹۱۷۱۰۴۳,فلاورجان,falavarjan,real-estate,buy-commercial-property
۰۹۰۲۹۰۷۱۲۶۸,فلاورجان,falavarjan,real-estate,buy-commercial-property
۰۹۱۳۲۷۰۰۶۶۲,فلاورجان,falavarjan,real-estate,buy-commercial-property
۰۹۰۲۸۷۴۵۶۲۳,فلاورجان,falavarjan,real-estate,buy-commercial-property
۰۹۳۹۶۱۴۱۶۷۶,فلاورجان,falavarjan,real-estate,buy-commercial-property
۰۹۱۳۱۶۷۰۹۰۷,فلاورجان,falavarjan,real-estate,rent-commercial-property
۰۹۱۳۶۰۰۱۲۸۱,فلاورجان,falavarjan,real-estate,rent-commercial-property
۰۹۳۶۹۴۱۰۸۸۶,فلاورجان,falavarjan,real-estate,rent-commercial-property
۰۹۱۹۷۰۲۷۱۹۹,فلاورجان,falavarjan,real-estate,rent-commercial-property
۰۹۱۳۷۵۱۸۵۲۶,فلاورجان,falavarjan,real-estate,rent-commercial-property
۰۹۱۳۲۰۷۲۹۹۰,فلاورجان,falavarjan,real-estate,rent-commercial-property
۰۹۱۳۲۰۷۲۹۹۰,فلاورجان,falavarjan,real-estate,rent-temporary
۰۹۳۰۶۶۲۵۳۰۱,فلاورجان,falavarjan,real-estate,real-estate-services
۰۹۱۳۸۳۳۳۰۳۹,فلاورجان,falavarjan,real-estate,real-estate-services
۰۹۱۳۷۷۳۱۲۱۷,فلاورجان,falavarjan,vehicles,auto
۰۹۱۳۵۹۴۹۶۲۵,فلاورجان,falavarjan,vehicles,auto
۰۹۱۳۹۱۵۳۴۸۴,فلاورجان,falavarjan,vehicles,auto
۰۹۱۳۵۵۷۴۱۱۶,فلاورجان,falavarjan,vehicles,auto
۰۹۱۳۱۷۶۹۷۸۴,فلاورجان,falavarjan,vehicles,auto
۰۹۱۳۱۳۷۶۳۳۸,فلاورجان,falavarjan,vehicles,auto
۰۹۹۰۷۱۱۸۷۸۵,فلاورجان,falavarjan,vehicles,auto
۰۹۱۳۱۶۷۰۹۰۷,فلاورجان,falavarjan,vehicles,auto
۰۹۰۲۳۳۸۳۴۰۰,فلاورجان,falavarjan,vehicles,auto
۰۹۱۳۱۰۷۷۷۲۸,فلاورجان,falavarjan,vehicles,auto
۰۹۱۳۶۱۹۱۸۱۸,فلاورجان,falavarjan,vehicles,auto
۰۹۳۸۷۷۱۱۲۰۱,فلاورجان,falavarjan,vehicles,auto
۰۹۱۶۲۸۴۱۲۴۹,فلاورجان,falavarjan,vehicles,auto
۰۹۱۶۲۴۰۱۷۴۴,فلاورجان,falavarjan,vehicles,auto
۰۹۱۳۳۲۸۷۵۴۴,فلاورجان,falavarjan,vehicles,auto
۰۹۱۳۳۳۵۸۶۱۸,فلاورجان,falavarjan,vehicles,auto
۰۹۱۳۳۰۳۲۵۹۸,فلاورجان,falavarjan,vehicles,auto
۰۹۱۳۹۵۸۶۳۲۳,فلاورجان,falavarjan,vehicles,auto
۰۹۱۳۳۶۵۰۳۴۵,فلاورجان,falavarjan,vehicles,auto
۰۹۳۷۲۱۸۷۱۴۳,فلاورجان,falavarjan,vehicles,auto
۰۹۱۰۳۵۴۴۶۱۸,فلاورجان,falavarjan,vehicles,auto
۰۹۱۳۷۳۶۶۱۲۱,فلاورجان,falavarjan,vehicles,auto
۰۹۱۳۷۹۹۰۱۸۳,فلاورجان,falavarjan,vehicles,auto
۰۹۱۳۴۶۱۷۹۴۱,فلاورجان,falavarjan,vehicles,auto
۰۹۳۰۵۳۵۵۸۵۱,فلاورجان,falavarjan,vehicles,auto
۰۹۳۰۰۴۲۹۰۰۶,فلاورجان,falavarjan,vehicles,auto
۰۹۱۳۳۲۰۲۸۰۹,فلاورجان,falavarjan,vehicles,auto
۰۹۱۳۳۶۹۰۳۷۷,فلاورجان,falavarjan,vehicles,auto
۰۹۱۳۱۷۶۷۶۳۶,فلاورجان,falavarjan,vehicles,auto
۰۹۹۲۸۴۰۱۲۹۱,فلاورجان,falavarjan,vehicles,auto
۰۹۱۳۹۶۸۶۰۴۸,فلاورجان,falavarjan,vehicles,auto
۰۹۲۱۲۸۶۶۷۶۵,فلاورجان,falavarjan,vehicles,auto
۰۹۹۰۴۲۳۰۸۱۴,فلاورجان,falavarjan,vehicles,auto
۰۹۱۳۲۳۴۳۸۷۳,فلاورجان,falavarjan,vehicles,auto
۰۹۱۳۷۸۲۰۵۰۰,فلاورجان,falavarjan,vehicles,auto
۰۹۰۳۵۰۲۶۹۰۶,فلاورجان,falavarjan,vehicles,auto
۰۹۱۳۵۴۳۳۸۰۷,فلاورجان,falavarjan,vehicles,auto
۰۹۱۳۴۷۲۶۴۰۰,فلاورجان,falavarjan,vehicles,auto
۰۹۱۳۲۳۵۷۰۴۵,فلاورجان,falavarjan,vehicles,auto
۰۹۱۳۵۶۱۹۳۶۵,فلاورجان,falavarjan,vehicles,auto
۰۹۰۵۰۱۹۳۲۵۲,فلاورجان,falavarjan,vehicles,auto
۰۹۳۷۳۰۴۱۳۳۴,فلاورجان,falavarjan,vehicles,auto
۰۹۳۸۳۸۳۸۴۱۶,فلاورجان,falavarjan,vehicles,auto
۰۹۳۸۷۹۶۲۹۹۱,فلاورجان,falavarjan,vehicles,auto
۰۹۱۳۸۱۹۳۶۶۷,فلاورجان,falavarjan,vehicles,auto
۰۹۱۲۲۵۱۰۶۰۰,فلاورجان,falavarjan,vehicles,auto
۰۹۱۹۷۴۵۷۴۰۳,فلاورجان,falavarjan,vehicles,auto
۰۹۱۳۳۸۶۵۶۵۸,فلاورجان,falavarjan,vehicles,auto
۰۹۰۱۶۸۲۸۵۸۹,فلاورجان,falavarjan,vehicles,auto
۰۹۱۳۴۰۵۲۸۰۰,فلاورجان,falavarjan,vehicles,auto
۰۹۱۳۸۹۰۶۳۸۶,فلاورجان,falavarjan,vehicles,auto
۰۹۳۸۷۳۰۸۸۱۳,فلاورجان,falavarjan,vehicles,auto
۰۹۰۳۰۳۲۸۰۴۰,فلاورجان,falavarjan,vehicles,auto
۰۹۹۰۱۹۰۴۷۱۴,فلاورجان,falavarjan,vehicles,auto
۰۹۱۶۲۹۲۷۷۵۸,فلاورجان,falavarjan,vehicles,auto
۰۹۰۵۱۷۳۱۱۵۰,فلاورجان,falavarjan,vehicles,auto
۰۹۳۷۵۷۵۰۶۱۳,فلاورجان,falavarjan,vehicles,car-accessories
۰۹۱۳۷۸۱۸۵۴۵,فلاورجان,falavarjan,vehicles,car-accessories
۰۹۳۸۸۹۹۲۶۳۷,فلاورجان,falavarjan,vehicles,car-accessories
۰۹۱۳۵۵۵۸۰۷۶,فلاورجان,falavarjan,vehicles,car-accessories
۰۹۰۵۶۹۲۰۷۶۶,فلاورجان,falavarjan,vehicles,car-accessories
۰۹۱۳۲۳۷۵۵۷۲,فلاورجان,falavarjan,vehicles,car-accessories
۰۹۰۴۴۶۹۹۷۶۹,فلاورجان,falavarjan,vehicles,car-accessories
۰۹۱۳۱۷۶۷۶۳۶,فلاورجان,falavarjan,vehicles,car-accessories
۰۹۳۷۹۴۵۸۵۲۳,فلاورجان,falavarjan,vehicles,car-accessories
۰۹۰۱۶۱۱۵۸۲۹,فلاورجان,falavarjan,vehicles,car-accessories
۰۹۱۳۵۱۰۶۶۵۴,فلاورجان,falavarjan,vehicles,car-accessories
۰۹۱۳۲۳۶۲۲۰۲,فلاورجان,falavarjan,vehicles,car-accessories
۰۹۱۶۲۸۴۱۲۴۹,فلاورجان,falavarjan,vehicles,car-accessories
۰۹۲۲۷۲۴۳۲۷۸,فلاورجان,falavarjan,vehicles,car-accessories
۰۹۳۳۴۱۷۹۷۸۶,فلاورجان,falavarjan,vehicles,car-accessories
۰۹۱۳۷۸۱۸۰۹۶,فلاورجان,falavarjan,vehicles,car-accessories
۰۹۳۶۳۸۷۴۸۶۵,فلاورجان,falavarjan,vehicles,car-accessories
۰۹۱۳۶۰۱۴۹۱۷,فلاورجان,falavarjan,vehicles,car-accessories
۰۹۱۳۶۲۹۲۶۸۰,فلاورجان,falavarjan,vehicles,car-accessories
۰۹۱۳۴۰۶۰۲۳۲,فلاورجان,falavarjan,vehicles,motorcycles
۰۹۳۳۹۰۶۴۴۹۶,فلاورجان,falavarjan,vehicles,motorcycles
۰۹۳۳۹۰۶۴۴۹۶,فلاورجان,falavarjan,vehicles,motorcycles
۰۹۱۳۸۳۸۶۵۸۲,فلاورجان,falavarjan,vehicles,motorcycles
۰۹۱۶۵۵۸۴۴۸۹,فلاورجان,falavarjan,vehicles,motorcycles
۰۹۳۸۴۴۰۴۴۷۹,فلاورجان,falavarjan,vehicles,motorcycles
۰۹۰۵۰۸۹۶۴۷۹,فلاورجان,falavarjan,vehicles,motorcycles
۰۹۰۵۰۸۹۶۴۷۹,فلاورجان,falavarjan,vehicles,motorcycles
۰۹۲۲۴۵۳۸۸۴۷,فلاورجان,falavarjan,vehicles,motorcycles
۰۹۱۰۳۵۲۱۳۵۴,فلاورجان,falavarjan,vehicles,motorcycles
۰۹۹۱۹۵۰۷۵۲۹,فلاورجان,falavarjan,vehicles,motorcycles
۰۹۳۶۸۳۲۵۲۱۲,فلاورجان,falavarjan,vehicles,motorcycles
۰۹۳۷۴۳۳۵۹۰۲,فلاورجان,falavarjan,vehicles,motorcycles
۰۹۳۳۷۲۸۳۵۷۲,فلاورجان,falavarjan,vehicles,motorcycles
۰۹۳۵۸۵۲۵۶۲۷,فلاورجان,falavarjan,vehicles,motorcycles
۰۹۱۳۲۱۷۴۸۹۱,فلاورجان,falavarjan,vehicles,motorcycles
۰۹۱۳۳۱۶۹۶۱۸,فلاورجان,falavarjan,vehicles,motorcycles
۰۹۱۳۹۷۳۹۲۸۷,فلاورجان,falavarjan,vehicles,motorcycles
۰۹۹۱۱۹۹۹۹۷۸,فلاورجان,falavarjan,vehicles,motorcycles
۰۹۳۹۵۵۷۵۶۵۳,فلاورجان,falavarjan,electronic-devices,mobile-tablet
۰۹۱۶۲۰۰۷۲۱۹,فلاورجان,falavarjan,electronic-devices,mobile-tablet
۰۹۹۱۷۳۸۲۶۴۳,فلاورجان,falavarjan,electronic-devices,mobile-tablet
۰۹۳۹۷۱۹۶۴۳۰,فلاورجان,falavarjan,electronic-devices,mobile-tablet
۰۹۰۲۹۰۷۱۲۶۲,فلاورجان,falavarjan,electronic-devices,mobile-tablet
۰۹۰۲۹۰۷۱۲۶۲,فلاورجان,falavarjan,electronic-devices,mobile-tablet
۰۹۱۳۷۸۳۵۰۲۸,فلاورجان,falavarjan,electronic-devices,mobile-tablet
۰۹۹۰۲۴۰۷۲۶۳,فلاورجان,falavarjan,electronic-devices,mobile-tablet
۰۹۲۱۱۲۸۵۳۰۷,فلاورجان,falavarjan,electronic-devices,mobile-tablet
۰۹۳۸۵۵۴۳۶۲۴,فلاورجان,falavarjan,electronic-devices,mobile-tablet
۰۹۳۹۲۲۰۰۳۵۴,فلاورجان,falavarjan,electronic-devices,mobile-tablet
۰۹۱۳۹۳۳۷۲۰۱,فلاورجان,falavarjan,electronic-devices,mobile-tablet
۰۹۱۳۳۹۴۵۵۷۵,فلاورجان,falavarjan,electronic-devices,mobile-tablet
۰۹۱۳۰۱۵۷۹۰۹,فلاورجان,falavarjan,electronic-devices,mobile-tablet
۰۹۱۳۴۰۲۹۴۰۳,فلاورجان,falavarjan,electronic-devices,mobile-tablet
۰۹۱۳۴۰۲۹۴۰۳,فلاورجان,falavarjan,electronic-devices,mobile-tablet
(پنهان‌شده؛ چت کنید),فلاورجان,falavarjan,electronic-devices,mobile-tablet
(پنهان‌شده؛ چت کنید),فلاورجان,falavarjan,electronic-devices,mobile-tablet
۰۹۱۳۴۰۵۸۲۶۸,فلاورجان,falavarjan,electronic-devices,mobile-tablet
۰۹۳۷۴۷۵۵۶۸۲,فلاورجان,falavarjan,electronic-devices,mobile-tablet
۰۹۳۸۷۵۶۴۲۰۴,فلاورجان,falavarjan,electronic-devices,mobile-tablet
۰۹۱۴۰۳۴۹۰۴۷,فلاورجان,falavarjan,electronic-devices,mobile-tablet
۰۹۳۸۷۵۶۴۲۰۴,فلاورجان,falavarjan,electronic-devices,computers
۰۹۳۸۳۲۴۴۸۲۵,فلاورجان,falavarjan,electronic-devices,computers
۰۹۱۳۴۰۲۹۴۰۳,فلاورجان,falavarjan,electronic-devices,computers
۰۹۱۳۴۰۲۹۴۰۳,فلاورجان,falavarjan,electronic-devices,computers
۰۹۱۳۴۰۲۹۴۸۹,فلاورجان,falavarjan,electronic-devices,computers
۰۹۱۳۴۰۲۹۴۰۳,فلاورجان,falavarjan,electronic-devices,computers
۰۹۱۳۴۰۲۹۴۰۳,فلاورجان,falavarjan,electronic-devices,computers
(پنهان‌شده؛ چت کنید),فلاورجان,falavarjan,electronic-devices,computers
۰۹۰۵۱۵۷۰۴۵۲,فلاورجان,falavarjan,electronic-devices,computers
۰۹۱۳۳۳۸۹۲۲۵,فلاورجان,falavarjan,electronic-devices,computers
۰۹۳۸۵۸۹۸۵۷۶,فلاورجان,falavarjan,electronic-devices,computers
۰۹۳۷۴۷۹۴۹۵۸,فلاورجان,falavarjan,electronic-devices,game-consoles
۰۹۳۹۰۴۴۵۱۷۲,فلاورجان,falavarjan,electronic-devices,game-consoles
۰۹۱۳۷۹۲۴۱۷۱,فلاورجان,falavarjan,electronic-devices,video-audio-device
(پنهان‌شده؛ چت کنید),فلاورجان,falavarjan,electronic-devices,video-audio-device
(پنهان‌شده؛ چت کنید),فلاورجان,falavarjan,electronic-devices,video-audio-device
۰۹۲۲۰۹۵۲۶۹۲,فلاورجان,falavarjan,electronic-devices,video-audio-device
۰۹۱۳۸۹۳۱۷۹۸,فلاورجان,falavarjan,electronic-devices,video-audio-device
۰۹۱۳۹۵۸۶۲۱۹,فلاورجان,falavarjan,electronic-devices,video-audio-device
۰۹۰۲۳۱۲۳۲۵۳,فلاورجان,falavarjan,electronic-devices,video-audio-device
۰۹۱۲۰۹۸۰۹۰۵,فلاورجان,falavarjan,electronic-devices,video-audio-device
۰۹۳۳۵۸۸۶۲۱۹,فلاورجان,falavarjan,electronic-devices,video-audio-device
۰۹۳۸۶۴۵۴۴۲۴,فلاورجان,falavarjan,electronic-devices,video-audio-device
(پنهان‌شده؛ چت کنید),فلاورجان,falavarjan,electronic-devices,telephone
۰۹۱۳۳۳۵۰۳۷۹,فلاورجان,falavarjan,home-and-kitchen,home-decor-furniture
۰۹۱۳۶۲۹۲۶۸۰,فلاورجان,falavarjan,home-and-kitchen,home-decor-furniture
(پنهان‌شده؛ چت کنید),فلاورجان,falavarjan,home-and-kitchen,home-decor-furniture
۰۹۱۳۶۰۱۱۷۳۶,فلاورجان,falavarjan,home-and-kitchen,home-decor-furniture
۰۹۱۳۷۴۱۹۴۶۶,فلاورجان,falavarjan,home-and-kitchen,home-decor-furniture
(پنهان‌شده؛ چت کنید),فلاورجان,falavarjan,home-and-kitchen,home-decor-furniture
۰۹۱۷۲۸۲۹۹۱۹,فلاورجان,falavarjan,home-and-kitchen,home-decor-furniture
۰۹۱۶۸۳۵۸۴۸۰,فلاورجان,falavarjan,home-and-kitchen,home-decor-furniture
۰۹۱۳۲۶۷۱۳۶۱,فلاورجان,falavarjan,home-and-kitchen,home-decor-furniture
۰۹۳۶۱۹۱۲۳۷۵,فلاورجان,falavarjan,home-and-kitchen,home-decor-furniture
۰۹۳۵۱۷۶۹۷۳۳,فلاورجان,falavarjan,home-and-kitchen,home-decor-furniture
۰۹۱۳۴۰۵۶۰۲۹,فلاورجان,falavarjan,home-and-kitchen,home-decor-furniture
۰۹۱۳۴۰۵۶۰۲۹,فلاورجان,falavarjan,home-and-kitchen,home-decor-furniture
۰۹۱۳۴۰۵۶۰۲۹,فلاورجان,falavarjan,home-and-kitchen,home-decor-furniture
۰۹۱۳۴۰۵۶۰۲۹,فلاورجان,falavarjan,home-and-kitchen,home-decor-furniture
(پنهان‌شده؛ چت کنید),فلاورجان,falavarjan,home-and-kitchen,home-decor-furniture
۰۹۰۲۷۴۷۰۹۹۳,فلاورجان,falavarjan,home-and-kitchen,home-decor-furniture
۰۹۱۳۱۳۶۶۴۷۷,فلاورجان,falavarjan,home-and-kitchen,home-decor-furniture
۰۹۰۵۶۴۹۸۸۰۰,فلاورجان,falavarjan,home-and-kitchen,home-decor-furniture
۰۹۳۸۰۴۴۹۱۸۷,فلاورجان,falavarjan,home-and-kitchen,home-decor-furniture
۰۹۳۹۵۱۷۴۲۴۶,فلاورجان,falavarjan,home-and-kitchen,home-decor-furniture
(پنهان‌شده؛ چت کنید),فلاورجان,falavarjan,home-and-kitchen,home-decor-furniture
۰۹۱۳۸۳۷۲۶۴۵,فلاورجان,falavarjan,home-and-kitchen,home-decor-furniture
۰۹۳۰۵۱۲۲۱۳۹,فلاورجان,falavarjan,home-and-kitchen,home-decor-furniture
۰۹۳۰۵۱۲۲۱۳۹,فلاورجان,falavarjan,home-and-kitchen,home-decor-furniture
۰۹۱۳۰۱۵۶۷۱۵,فلاورجان,falavarjan,home-and-kitchen,home-decor-furniture
۰۹۳۹۳۹۸۳۶۳۱,فلاورجان,falavarjan,home-and-kitchen,home-decor-furniture
۰۹۱۳۵۶۴۶۹۸۷,فلاورجان,falavarjan,home-and-kitchen,home-decor-furniture
(پنهان‌شده؛ چت کنید),فلاورجان,falavarjan,home-and-kitchen,home-decor-furniture
۰۹۱۳۰۵۵۹۰۴۰,فلاورجان,falavarjan,home-and-kitchen,home-decor-furniture
۰۹۱۴۰۲۵۹۰۲۰,فلاورجان,falavarjan,home-and-kitchen,home-decor-furniture
۰۹۱۳۰۹۳۷۴۶۲,فلاورجان,falavarjan,home-and-kitchen,home-decor-furniture
۰۹۱۳۶۰۱۱۷۳۶,فلاورجان,falavarjan,home-and-kitchen,home-decor-furniture
۰۹۳۷۰۳۵۳۵۸۹,فلاورجان,falavarjan,home-and-kitchen,home-decor-furniture
(پنهان‌شده؛ چت کنید),فلاورجان,falavarjan,home-and-kitchen,home-decor-furniture
۰۹۲۱۱۳۲۶۰۷۳,فلاورجان,falavarjan,home-and-kitchen,home-decor-furniture
۰۹۳۶۳۴۴۵۷۳۳,فلاورجان,falavarjan,home-and-kitchen,home-decor-furniture
۰۹۳۶۳۴۴۵۷۳۳,فلاورجان,falavarjan,home-and-kitchen,home-decor-furniture
۰۹۳۶۳۴۴۵۷۳۳,فلاورجان,falavarjan,home-and-kitchen,home-decor-furniture
۰۹۱۳۶۴۴۱۳۱۵,فلاورجان,falavarjan,home-and-kitchen,home-decor-furniture
۰۹۱۳۵۶۴۶۹۸۷,فلاورجان,falavarjan,home-and-kitchen,home-decor-furniture
۰۹۱۳۵۶۴۶۹۸۷,فلاورجان,falavarjan,home-and-kitchen,home-decor-furniture
۰۹۱۳۵۶۴۶۹۸۷,فلاورجان,falavarjan,home-and-kitchen,home-decor-furniture
(پنهان‌شده؛ چت کنید),فلاورجان,falavarjan,home-and-kitchen,home-decor-furniture
۰۹۱۳۴۱۲۲۳۱۹,فلاورجان,falavarjan,home-and-kitchen,home-decor-furniture
۰۹۳۰۷۹۴۱۴۹۰,فلاورجان,falavarjan,home-and-kitchen,home-decor-furniture
۰۹۱۳۹۷۶۵۶۹۹,فلاورجان,falavarjan,home-and-kitchen,kitchen-appliances
۰۹۱۳۹۶۲۴۷۸۹,فلاورجان,falavarjan,home-and-kitchen,kitchen-appliances
۰۹۱۳۹۶۲۴۷۸۹,فلاورجان,falavarjan,home-and-kitchen,kitchen-appliances
(پنهان‌شده؛ چت کنید),فلاورجان,falavarjan,home-and-kitchen,kitchen-appliances
۰۹۰۵۸۱۵۹۹۱۱,فلاورجان,falavarjan,home-and-kitchen,kitchen-appliances
۰۹۹۰۲۷۷۵۰۳۶,فلاورجان,falavarjan,home-and-kitchen,kitchen-appliances
۰۹۳۶۶۲۰۶۵۴۲,فلاورجان,falavarjan,home-and-kitchen,kitchen-appliances
۰۹۳۷۹۹۳۷۲۰۳,فلاورجان,falavarjan,home-and-kitchen,kitchen-appliances
۰۹۹۰۹۲۴۰۳۹۱,فلاورجان,falavarjan,home-and-kitchen,kitchen-appliances
۰۹۱۶۲۹۵۹۱۵۱,فلاورجان,falavarjan,home-and-kitchen,kitchen-appliances
۰۹۱۲۰۹۸۰۹۰۵,فلاورجان,falavarjan,home-and-kitchen,kitchen-appliances
۰۹۱۳۴۰۵۲۸۰۰,فلاورجان,falavarjan,home-and-kitchen,kitchen-appliances
۰۹۳۷۹۹۳۷۲۰۳,فلاورجان,falavarjan,home-and-kitchen,home-appliances
۰۹۳۹۳۹۸۳۶۳۱,فلاورجان,falavarjan,home-and-kitchen,home-appliances
۰۹۱۰۰۳۷۶۰۹۴,فلاورجان,falavarjan,home-and-kitchen,building-garden
۰۹۳۹۶۵۱۸۳۲۲,فلاورجان,falavarjan,home-and-kitchen,building-garden
۰۹۳۳۸۶۸۹۰۳۹,فلاورجان,falavarjan,home-and-kitchen,building-garden
۰۹۱۳۲۰۵۳۵۲۱,فلاورجان,falavarjan,home-and-kitchen,building-garden
۰۹۳۵۷۰۶۰۱۸۰,فلاورجان,falavarjan,home-and-kitchen,building-garden
(پنهان‌شده؛ چت کنید),فلاورجان,falavarjan,home-and-kitchen,building-garden
۰۹۰۱۷۶۲۵۶۶۲,فلاورجان,falavarjan,home-and-kitchen,building-garden
۰۹۱۳۱۶۹۹۰۳۱,فلاورجان,falavarjan,home-and-kitchen,building-garden
۰۹۳۳۸۷۴۵۵۴۳,فلاورجان,falavarjan,home-and-kitchen,building-garden
۰۹۳۹۶۵۱۸۳۲۲,فلاورجان,falavarjan,home-and-kitchen,building-garden
۰۹۱۳۰۱۰۰۸۲۳,فلاورجان,falavarjan,home-and-kitchen,building-garden
۰۹۱۳۷۱۱۷۱۷۶,فلاورجان,falavarjan,home-and-kitchen,building-garden
۰۹۹۱۴۰۴۳۲۷۶,فلاورجان,falavarjan,home-and-kitchen,building-garden
۰۹۱۳۳۲۰۵۷۱۰,فلاورجان,falavarjan,home-and-kitchen,building-garden
۰۹۱۳۴۰۲۹۶۶۰,فلاورجان,falavarjan,home-and-kitchen,building-garden
۰۹۲۲۶۶۹۵۷۴۱,فلاورجان,falavarjan,home-and-kitchen,building-garden
۰۹۹۰۱۸۵۳۱۱۷,فلاورجان,falavarjan,home-and-kitchen,building-garden
۰۹۱۳۳۹۴۶۰۵۵,فلاورجان,falavarjan,services,vehicles-services
۰۹۱۴۰۳۰۱۷۳۱,فلاورجان,falavarjan,services,vehicles-services
۰۹۱۳۳۲۰۶۸۶۵,فلاورجان,falavarjan,services,vehicles-services
۰۹۰۵۴۳۲۹۸۰۸,فلاورجان,falavarjan,services,technology-services
۰۹۰۵۴۳۲۹۸۰۸,فلاورجان,falavarjan,services,technology-services
۰۹۰۵۴۳۲۹۸۰۸,فلاورجان,falavarjan,services,technology-services
۰۹۰۵۴۳۲۹۸۰۸,فلاورجان,falavarjan,services,technology-services
۰۹۰۵۴۳۲۹۸۰۸,فلاورجان,falavarjan,services,technology-services
۰۹۰۵۴۳۲۹۸۰۸,فلاورجان,falavarjan,services,technology-services
۰۹۰۵۴۳۲۹۸۰۸,فلاورجان,falavarjan,services,technology-services
۰۹۰۵۴۳۲۹۸۰۸,فلاورجان,falavarjan,services,technology-services
۰۹۰۵۴۳۲۹۸۰۸,فلاورجان,falavarjan,services,technology-services
۰۹۰۵۴۳۲۹۸۰۸,فلاورجان,falavarjan,services,technology-services
۰۹۳۸۲۵۱۲۹۷۴,فلاورجان,falavarjan,services,technology-services
۰۹۰۵۴۳۲۹۸۰۸,فلاورجان,falavarjan,services,technology-services
۰۹۰۵۴۳۲۹۸۱۶,فلاورجان,falavarjan,services,technology-services
۰۹۹۱۹۰۰۶۶۹۴,فلاورجان,falavarjan,services,financial-services
۰۹۹۲۷۸۸۱۴۰۹,فلاورجان,falavarjan,services,financial-services
۰۹۹۲۸۵۹۳۵۶۲,فلاورجان,falavarjan,services,financial-services
۰۹۱۳۹۲۷۲۲۵۳,فلاورجان,falavarjan,services,financial-services
۰۹۱۳۵۷۱۸۱۳۳,فلاورجان,falavarjan,services,financial-services
۰۹۱۶۷۵۲۹۵۰۷,فلاورجان,falavarjan,services,transport-logistic-services
۰۹۱۳۳۱۴۰۹۱۶,فلاورجان,falavarjan,services,transport-logistic-services
۰۹۱۳۴۰۲۹۲۸۸,فلاورجان,falavarjan,services,transport-logistic-services
۰۹۹۱۵۷۰۱۱۳۵,فلاورجان,falavarjan,services,transport-logistic-services
۰۹۰۱۰۷۷۴۵۸۳,فلاورجان,falavarjan,services,craft-skill-services
۰۹۱۳۶۴۴۳۱۱۶,فلاورجان,falavarjan,services,craft-skill-services
۰۹۱۳۷۸۳۸۱۳۱,فلاورجان,falavarjan,services,craft-skill-services
۰۹۱۳۷۸۲۷۳۸۴,فلاورجان,falavarjan,services,craft-skill-services
۰۹۳۳۸۰۰۵۵۹۰,فلاورجان,falavarjan,services,craft-skill-services
۰۹۳۰۹۰۵۷۱۴۷,فلاورجان,falavarjan,services,craft-skill-services
۰۹۳۵۸۰۴۹۲۵۱,فلاورجان,falavarjan,services,beauty-services
۰۹۳۹۷۴۲۲۴۲۱,فلاورجان,falavarjan,services,beauty-services
۰۹۳۶۶۷۶۲۱۷۷,فلاورجان,falavarjan,services,beauty-services
۰۹۱۳۲۳۹۶۷۴۴,فلاورجان,falavarjan,services,beauty-services
(پنهان‌شده؛ چت کنید),فلاورجان,falavarjan,services,beauty-services
۰۹۰۲۷۸۴۲۱۱۸,فلاورجان,falavarjan,services,beauty-services
۰۹۳۰۵۶۴۸۵۶۱,فلاورجان,falavarjan,services,beauty-services
۰۹۱۳۴۷۲۶۴۰۰,فلاورجان,falavarjan,services,beauty-services
۰۹۱۳۷۱۱۷۱۷۶,فلاورجان,falavarjan,services,gardening-services
۰۹۹۲۳۱۴۴۹۰۲,فلاورجان,falavarjan,services,gardening-services
۰۹۹۲۳۶۶۹۱۲۲,فلاورجان,falavarjan,services,gardening-services
۰۹۱۳۸۸۶۱۷۴۹,فلاورجان,falavarjan,services,gardening-services
۰۹۱۳۲۳۴۸۰۰۵,فلاورجان,falavarjan,services,teaching-services
۰۹۱۳۶۸۱۹۷۳۱,فلاورجان,falavarjan,services,teaching-services
۰۹۲۲۱۳۵۵۷۲۷,فلاورجان,falavarjan,services,teaching-services
۰۹۲۱۹۷۴۸۲۸۵,فلاورجان,falavarjan,services,teaching-services
۰۹۹۹۱۴۸۲۵۵۶,فلاورجان,falavarjan,services,teaching-services
۰۹۱۳۸۱۲۲۴۲۸,فلاورجان,falavarjan,personal-goods,apparel
۰۹۳۹۴۸۸۴۰۰۵,فلاورجان,falavarjan,personal-goods,apparel
(پنهان‌شده؛ چت کنید),فلاورجان,falavarjan,personal-goods,apparel
۰۹۹۱۹۷۴۷۴۰۹,فلاورجان,falavarjan,personal-goods,apparel
۰۹۹۲۷۶۰۵۳۸۰,فلاورجان,falavarjan,personal-goods,apparel
(پنهان‌شده؛ چت کنید),فلاورجان,falavarjan,personal-goods,apparel
۰۹۱۳۸۳۸۶۵۸۲,فلاورجان,falavarjan,personal-goods,apparel
۰۹۱۳۴۲۱۸۰۵۸,فلاورجان,falavarjan,personal-goods,apparel
۰۹۹۲۷۷۸۴۵۹۳,فلاورجان,falavarjan,personal-goods,apparel
۰۹۲۲۵۰۵۲۶۵۹,فلاورجان,falavarjan,personal-goods,apparel
۰۹۳۶۸۳۲۵۲۱۲,فلاورجان,falavarjan,personal-goods,apparel
۰۹۱۰۹۸۵۰۸۰۴,فلاورجان,falavarjan,personal-goods,apparel
(پنهان‌شده؛ چت کنید),فلاورجان,falavarjan,personal-goods,apparel
۰۹۹۰۹۴۵۱۵۸۳,فلاورجان,falavarjan,personal-goods,apparel
۰۹۱۳۸۷۷۰۵۹۵,فلاورجان,falavarjan,personal-goods,apparel
۰۹۱۳۹۹۰۸۶۷۸,فلاورجان,falavarjan,personal-goods,apparel
۰۹۱۳۹۹۰۸۶۷۸,فلاورجان,falavarjan,personal-goods,apparel
(پنهان‌شده؛ چت کنید),فلاورجان,falavarjan,personal-goods,apparel
(پنهان‌شده؛ چت کنید),فلاورجان,falavarjan,personal-goods,apparel
۰۹۱۳۸۹۳۱۷۹۸,فلاورجان,falavarjan,personal-goods,apparel
۰۹۱۳۸۹۳۱۷۹۸,فلاورجان,falavarjan,personal-goods,apparel
۰۹۰۱۲۶۱۸۴۲۴,فلاورجان,falavarjan,personal-goods,apparel
۰۹۰۱۴۹۵۱۶۵۳,فلاورجان,falavarjan,personal-goods,apparel
۰۹۰۱۱۰۹۴۵۲۶,فلاورجان,falavarjan,personal-goods,apparel
۰۹۱۶۵۷۱۵۳۰۵,فلاورجان,falavarjan,personal-goods,apparel
۰۹۱۶۹۴۸۹۸۱۹,فلاورجان,falavarjan,personal-goods,apparel
۰۹۳۷۵۰۸۷۳۳۴,فلاورجان,falavarjan,personal-goods,apparel
۰۹۱۳۸۱۲۱۱۸۹,فلاورجان,falavarjan,personal-goods,apparel
۰۹۳۷۱۲۴۸۳۳۷,فلاورجان,falavarjan,personal-goods,apparel
(پنهان‌شده؛ چت کنید),فلاورجان,falavarjan,personal-goods,apparel
۰۹۰۲۷۴۷۰۹۹۳,فلاورجان,falavarjan,personal-goods,accessories
۰۹۱۳۸۹۲۳۶۹۹,فلاورجان,falavarjan,personal-goods,accessories
۰۹۰۵۶۲۱۳۰۵۲,فلاورجان,falavarjan,personal-goods,accessories
۰۹۳۷۱۶۹۶۰۲۴,فلاورجان,falavarjan,personal-goods,accessories
۰۹۱۳۷۸۰۹۴۴۸,فلاورجان,falavarjan,personal-goods,accessories
۰۹۳۸۰۸۶۵۳۷۱,فلاورجان,falavarjan,personal-goods,accessories
۰۹۱۳۳۳۸۵۰۷۰,فلاورجان,falavarjan,personal-goods,accessories
(پنهان‌شده؛ چت کنید),فلاورجان,falavarjan,personal-goods,beauty-and-personal-care
۰۹۱۳۶۸۸۷۴۳۷,فلاورجان,falavarjan,personal-goods,beauty-and-personal-care
۰۹۲۲۰۹۶۵۷۴۱,فلاورجان,falavarjan,personal-goods,beauty-and-personal-care
(پنهان‌شده؛ چت کنید),فلاورجان,falavarjan,personal-goods,beauty-and-personal-care
۰۹۳۶۰۵۵۰۱۳۷,فلاورجان,falavarjan,personal-goods,beauty-and-personal-care
۰۹۱۳۷۲۱۶۰۱۸,فلاورجان,falavarjan,personal-goods,child-apparel
۰۹۱۳۲۰۶۹۰۸۱,فلاورجان,falavarjan,personal-goods,child-apparel
(پنهان‌شده؛ چت کنید),فلاورجان,falavarjan,personal-goods,child-products
۰۹۲۱۹۶۹۸۹۵۳,فلاورجان,falavarjan,personal-goods,child-products
۰۹۱۳۴۰۵۵۶۲۶,فلاورجان,falavarjan,personal-goods,child-products
۰۹۱۳۶۰۱۱۷۳۶,فلاورجان,falavarjan,personal-goods,child-products
۰۹۱۳۴۰۵۶۰۲۹,فلاورجان,falavarjan,personal-goods,stationery
۰۹۰۲۶۶۹۴۰۶۴,فلاورجان,falavarjan,personal-goods,stationery
(پنهان‌شده؛ چت کنید),فلاورجان,falavarjan,personal-goods,stationery
۰۹۱۳۶۰۱۱۷۳۶,فلاورجان,falavarjan,personal-goods,stationery
۰۹۱۳۵۳۴۳۱۴۶,فلاورجان,falavarjan,personal-goods,stationery
۰۹۱۰۳۴۷۱۵۴۸,فلاورجان,falavarjan,entertainment,publication
۰۹۱۳۷۱۲۱۱۲۰,فلاورجان,falavarjan,entertainment,publication
۰۹۱۳۸۹۳۱۷۹۸,فلاورجان,falavarjan,entertainment,publication
۰۹۱۳۰۱۸۰۴۳۰,فلاورجان,falavarjan,entertainment,publication
۰۹۱۰۳۲۶۶۰۴۲,فلاورجان,falavarjan,entertainment,publication
۰۹۰۳۷۱۹۰۷۸۵,فلاورجان,falavarjan,entertainment,publication
۰۹۳۰۵۳۵۶۰۶۳,فلاورجان,falavarjan,entertainment,bike-skate-scooter
۰۹۱۳۱۷۶۷۷۵۸,فلاورجان,falavarjan,entertainment,bike-skate-scooter
۰۹۱۳۸۹۷۷۸۰۹,فلاورجان,falavarjan,entertainment,bike-skate-scooter
۰۹۳۳۰۸۵۵۹۸۰,فلاورجان,falavarjan,entertainment,bike-skate-scooter
(پنهان‌شده؛ چت کنید),فلاورجان,falavarjan,entertainment,bike-skate-scooter
۰۹۱۳۹۲۵۰۲۲۴,فلاورجان,falavarjan,entertainment,bike-skate-scooter
۰۹۰۱۰۲۷۸۷۰۴,فلاورجان,falavarjan,entertainment,bike-skate-scooter
۰۹۱۶۷۰۸۶۶۹۳,فلاورجان,falavarjan,entertainment,bike-skate-scooter
۰۹۱۳۳۰۳۲۵۹۸,فلاورجان,falavarjan,entertainment,pets-animals
(پنهان‌شده؛ چت کنید),فلاورجان,falavarjan,entertainment,pets-animals
۰۹۱۳۹۱۳۵۳۱۳,فلاورجان,falavarjan,entertainment,pets-animals
۰۹۳۸۶۸۹۳۰۲۰,فلاورجان,falavarjan,entertainment,pets-animals
۰۹۳۹۳۶۹۶۴۹۳,فلاورجان,falavarjan,entertainment,pets-animals
۰۹۰۱۷۲۳۹۲۵۳,فلاورجان,falavarjan,entertainment,pets-animals
۰۹۰۱۲۷۵۹۲۵۲,فلاورجان,falavarjan,entertainment,pets-animals
۰۹۳۸۶۸۹۳۰۲۰,فلاورجان,falavarjan,entertainment,pets-animals
(پنهان‌شده؛ چت کنید),فلاورجان,falavarjan,entertainment,pets-animals
۰۹۱۳۵۷۰۹۰۲۵,فلاورجان,falavarjan,entertainment,pets-animals
۰۹۱۳۱۳۷۶۸۹۹,فلاورجان,falavarjan,entertainment,pets-animals
۰۹۱۳۶۹۱۸۹۳۲,فلاورجان,falavarjan,entertainment,pets-animals
۰۹۱۳۷۱۵۰۵۷۳,فلاورجان,falavarjan,entertainment,pets-animals
۰۹۲۱۱۰۲۵۱۲۵,فلاورجان,falavarjan,entertainment,pets-animals
۰۹۲۱۱۰۲۵۱۲۵,فلاورجان,falavarjan,entertainment,pets-animals
(پنهان‌شده؛ چت کنید),فلاورجان,falavarjan,entertainment,pets-animals
۰۹۱۳۸۰۰۷۶۸۰,فلاورجان,falavarjan,entertainment,pets-animals
۰۹۰۱۷۲۳۹۲۵۳,فلاورجان,falavarjan,entertainment,pets-animals
۰۹۱۳۰۱۵۶۷۱۵,فلاورجان,falavarjan,entertainment,pets-animals
۰۹۰۱۷۲۳۹۲۵۳,فلاورجان,falavarjan,entertainment,pets-animals
۰۹۰۱۷۲۳۹۲۵۳,فلاورجان,falavarjan,entertainment,pets-animals
۰۹۰۳۹۷۵۹۸۸۳,فلاورجان,falavarjan,entertainment,pets-animals
۰۹۱۰۳۶۳۵۳۸۶,فلاورجان,falavarjan,entertainment,pets-animals
۰۹۹۰۱۱۷۸۳۱۲,فلاورجان,falavarjan,entertainment,pets-animals
۰۹۹۲۳۳۹۱۳۲۸,فلاورجان,falavarjan,entertainment,pets-animals
۰۹۱۳۹۰۹۹۱۱۸,فلاورجان,falavarjan,entertainment,pets-animals
۰۹۳۰۱۶۷۲۵۷۱,فلاورجان,falavarjan,entertainment,pets-animals
۰۹۳۰۹۰۵۷۱۴۷,فلاورجان,falavarjan,entertainment,pets-animals
۰۹۱۶۸۱۳۳۲۶۱,فلاورجان,falavarjan,entertainment,pets-animals
۰۹۳۷۸۲۵۱۶۱۴,فلاورجان,falavarjan,entertainment,pets-animals
۰۹۳۹۵۵۷۵۶۵۳,فلاورجان,falavarjan,entertainment,pets-animals
۰۹۳۰۶۲۷۰۵۸۵,فلاورجان,falavarjan,entertainment,pets-animals
۰۹۱۳۹۰۱۹۶۱۸,فلاورجان,falavarjan,entertainment,pets-animals
۰۹۱۳۸۱۵۴۵۵۳,فلاورجان,falavarjan,entertainment,pets-animals
۰۹۱۳۴۷۳۴۷۸۸,فلاورجان,falavarjan,entertainment,pets-animals
۰۹۳۰۳۶۳۷۱۵۸,فلاورجان,falavarjan,entertainment,pets-animals
۰۹۱۳۶۸۳۸۲۹۶,فلاورجان,falavarjan,entertainment,pets-animals
۰۹۱۳۴۷۲۷۳۹۱,فلاورجان,falavarjan,entertainment,pets-animals
۰۹۱۳۷۶۶۷۶۰۹,فلاورجان,falavarjan,entertainment,pets-animals
۰۹۳۸۲۴۸۲۳۰۷,فلاورجان,falavarjan,entertainment,pets-animals
۰۹۳۸۲۴۸۲۳۰۷,فلاورجان,falavarjan,entertainment,pets-animals
۰۹۱۳۴۰۲۸۱۶۲,فلاورجان,falavarjan,entertainment,pets-animals
۰۹۲۱۵۴۱۷۷۰۲,فلاورجان,falavarjan,entertainment,pets-animals
۰۹۹۰۸۱۹۰۹۲۱,فلاورجان,falavarjan,entertainment,pets-animals
۰۹۱۳۹۰۱۱۰۴۶,فلاورجان,falavarjan,entertainment,pets-animals
۰۹۰۵۵۳۹۶۲۵۶,فلاورجان,falavarjan,entertainment,pets-animals
۰۹۰۳۸۵۷۰۱۶۴,فلاورجان,falavarjan,entertainment,collecting
۰۹۱۳۱۶۴۴۲۷۷,فلاورجان,falavarjan,entertainment,collecting
۰۹۱۳۵۶۴۶۹۸۷,فلاورجان,falavarjan,entertainment,collecting
۰۹۳۷۹۸۵۸۷۵۶,فلاورجان,falavarjan,entertainment,collecting
۰۹۳۷۹۷۳۹۶۹۸,فلاورجان,falavarjan,entertainment,musical-instruments
۰۹۳۶۳۳۰۸۱۵۹,فلاورجان,falavarjan,entertainment,musical-instruments
(پنهان‌شده؛ چت کنید),فلاورجان,falavarjan,entertainment,musical-instruments
۰۹۱۳۰۱۳۱۸۶۷,فلاورجان,falavarjan,entertainment,sport-entertainment
۰۹۱۳۶۹۴۴۷۷۱,فلاورجان,falavarjan,entertainment,sport-entertainment
۰۹۲۱۰۱۴۶۵۸۸,فلاورجان,falavarjan,social-services,event
(پنهان‌شده؛ چت کنید),فلاورجان,falavarjan,social-services,voluntary
۰۹۱۳۸۰۴۹۶۲۷,فلاورجان,falavarjan,social-services,missing
۰۹۳۳۸۲۱۵۰۶۸,فلاورجان,falavarjan,social-services,missing
۰۹۱۳۶۹۳۶۵۴۵,فلاورجان,falavarjan,businesses,business-equipment
۰۹۱۳۶۴۸۸۹۶۶,فلاورجان,falavarjan,businesses,business-equipment
۰۹۳۷۷۸۳۹۵۱۳,فلاورجان,falavarjan,businesses,business-equipment
۰۹۱۳۳۰۳۲۵۹۸,فلاورجان,falavarjan,businesses,business-equipment
۰۹۳۶۹۱۲۱۷۶۳,فلاورجان,falavarjan,businesses,business-equipment
۰۹۱۳۷۸۵۷۸۸۲,فلاورجان,falavarjan,businesses,business-equipment
(پنهان‌شده؛ چت کنید),فلاورجان,falavarjan,businesses,business-equipment
۰۹۱۳۳۳۷۵۰۰۷,فلاورجان,falavarjan,businesses,business-equipment
۰۹۱۳۸۸۶۷۵۱۴,فلاورجان,falavarjan,businesses,business-equipment
۰۹۱۳۲۶۷۱۳۶۱,فلاورجان,falavarjan,businesses,business-equipment
۰۹۹۰۷۷۲۷۴۴۸,فلاورجان,falavarjan,businesses,business-equipment
۰۹۱۳۲۳۴۹۵۷۰,فلاورجان,falavarjan,businesses,business-equipment
(پنهان‌شده؛ چت کنید),فلاورجان,falavarjan,businesses,business-equipment
(پنهان‌شده؛ چت کنید),فلاورجان,falavarjan,businesses,business-equipment
(پنهان‌شده؛ چت کنید),فلاورجان,falavarjan,businesses,business-equipment
(پنهان‌شده؛ چت کنید),فلاورجان,falavarjan,businesses,business-equipment
۰۹۱۰۳۵۰۸۷۳۹,فلاورجان,falavarjan,businesses,business-equipment
۰۹۳۳۴۱۲۵۲۲۳,فلاورجان,falavarjan,businesses,business-equipment
۰۹۱۳۸۰۰۴۹۳۱,فلاورجان,falavarjan,businesses,business-equipment
۰۹۱۰۳۵۰۸۷۳۹,فلاورجان,falavarjan,businesses,business-equipment
۰۹۹۲۴۹۶۰۲۸۳,فلاورجان,falavarjan,businesses,business-equipment
۰۹۰۲۶۴۰۴۷۱۷,فلاورجان,falavarjan,businesses,business-equipment
۰۹۹۹۱۴۰۲۹۸۶,فلاورجان,falavarjan,businesses,business-equipment
۰۹۱۳۷۸۵۷۸۸۲,فلاورجان,falavarjan,businesses,business-equipment
۰۹۱۳۷۸۵۷۸۸۲,فلاورجان,falavarjan,businesses,business-equipment
۰۹۱۳۷۸۵۷۸۸۲,فلاورجان,falavarjan,businesses,business-equipment
۰۹۱۳۷۸۵۷۸۸۲,فلاورجان,falavarjan,businesses,business-equipment
۰۹۱۳۴۰۰۲۳۲۹,فلاورجان,falavarjan,businesses,business-equipment
۰۹۱۳۵۶۹۳۰۰۲,فلاورجان,falavarjan,businesses,business-equipment
۰۹۲۲۰۹۶۵۷۴۱,فلاورجان,falavarjan,businesses,business-equipment
۰۹۱۳۱۳۴۴۴۴۰,فلاورجان,falavarjan,businesses,business-equipment
۰۹۱۳۴۱۱۰۵۹۸,فلاورجان,falavarjan,businesses,business-equipment
۰۹۱۳۳۳۵۸۲۴۶,فلاورجان,falavarjan,businesses,business-equipment
۰۹۱۳۹۰۵۶۱۶۵,فلاورجان,falavarjan,businesses,business-equipment
۰۹۳۸۱۹۰۷۹۱۶,فلاورجان,falavarjan,businesses,business-equipment
۰۹۱۰۳۵۰۸۷۳۹,فلاورجان,falavarjan,businesses,business-equipment
۰۹۱۳۲۱۵۷۶۵۵,فلاورجان,falavarjan,businesses,business-equipment
۰۹۱۷۴۳۴۴۹۲۳,فلاورجان,falavarjan,businesses,business-equipment
۰۹۱۳۲۷۰۰۶۶۲,فلاورجان,falavarjan,businesses,business-equipment
۰۹۱۰۳۵۰۸۷۳۹,فلاورجان,falavarjan,businesses,business-equipment
۰۹۹۲۴۹۵۹۰۸۵,فلاورجان,falavarjan,businesses,business-equipment
۰۹۱۳۹۰۸۹۶۲۹,فلاورجان,falavarjan,businesses,business-equipment
۰۹۰۳۵۸۰۴۷۲۱,فلاورجان,falavarjan,businesses,business-equipment
۰۹۱۳۵۹۵۰۷۷۲,فلاورجان,falavarjan,businesses,business-equipment
۰۹۱۳۸۹۹۰۹۵۲,فلاورجان,falavarjan,businesses,business-equipment
۰۹۱۲۰۹۸۰۹۰۵,فلاورجان,falavarjan,businesses,business-equipment
۰۹۱۰۳۵۰۸۷۳۹,فلاورجان,falavarjan,businesses,business-equipment
۰۹۱۳۲۷۰۰۶۶۲,فلاورجان,falavarjan,businesses,business-equipment
۰۹۱۳۴۰۵۲۸۰۰,فلاورجان,falavarjan,businesses,business-equipment
۰۹۱۳۳۶۵۲۶۶۸,فلاورجان,falavarjan,businesses,business-equipment
۰۹۱۰۳۵۰۸۷۳۹,فلاورجان,falavarjan,businesses,business-equipment
۰۹۳۵۷۸۸۹۸۷۰,فلاورجان,falavarjan,businesses,business-equipment
۰۹۹۱۸۰۸۹۶۱۹,فلاورجان,falavarjan,businesses,wholesale
۰۹۹۱۷۱۳۳۵۲۶,فلاورجان,falavarjan,businesses,wholesale
۰۹۳۳۵۰۸۹۱۴۶,فلاورجان,falavarjan,businesses,wholesale
۰۹۱۳۶۴۱۴۸۱۲,فلاورجان,falavarjan,businesses,wholesale
(پنهان‌شده؛ چت کنید),فلاورجان,falavarjan,businesses,wholesale
(پنهان‌شده؛ چت کنید),فلاورجان,falavarjan,businesses,wholesale
۰۹۹۲۷۶۰۵۷۵۳,فلاورجان,falavarjan,businesses,wholesale
۰۹۹۲۷۶۰۵۷۵۳,فلاورجان,falavarjan,businesses,wholesale
۰۹۰۱۹۷۴۰۵۱۱,فلاورجان,falavarjan,businesses,wholesale
۰۹۱۳۴۷۲۱۷۹۶,فلاورجان,falavarjan,businesses,wholesale
۰۹۳۵۳۱۹۵۴۷۵,فلاورجان,falavarjan,businesses,wholesale
۰۹۱۳۰۲۳۳۶۲۶,فلاورجان,falavarjan,businesses,wholesale
۰۹۰۲۳۱۴۲۰۱۸,فلاورجان,falavarjan,businesses,wholesale
۰۹۱۱۵۲۴۴۷۸۲,فلاورجان,falavarjan,businesses,wholesale
۰۹۱۳۶۲۶۰۶۶۳,فلاورجان,falavarjan,businesses,wholesale
۰۹۰۱۹۷۴۰۳۷۰,فلاورجان,falavarjan,businesses,wholesale
۰۹۱۳۲۷۰۰۶۶۲,فلاورجان,falavarjan,businesses,wholesale
۰۹۱۳۹۳۳۷۲۰۱,فلاورجان,falavarjan,businesses,wholesale
۰۹۳۹۰۱۵۰۲۵۴,فلاورجان,falavarjan,businesses,wholesale
۰۹۱۳۹۷۳۹۲۸۷,فلاورجان,falavarjan,businesses,wholesale
۰۹۳۳۱۹۸۳۳۳۰,فلاورجان,falavarjan,businesses,wholesale
۰۹۱۳۳۱۵۶۵۳۸,فلاورجان,falavarjan,businesses,wholesale
۰۹۱۳۱۷۶۴۸۱۷,فلاورجان,falavarjan,businesses,wholesale
۰۹۱۱۴۱۸۰۵۵۴,فلاورجان,falavarjan,businesses,wholesale
۰۹۱۳۳۱۸۹۸۷۹,فلاورجان,falavarjan,businesses,wholesale
۰۹۱۳۷۹۹۸۱۵۹,فلاورجان,falavarjan,businesses,wholesale
۰۹۱۳۸۷۱۶۰۸۷,فلاورجان,falavarjan,businesses,wholesale
۰۹۱۲۰۹۸۰۹۰۵,فلاورجان,falavarjan,businesses,wholesale
۰۹۱۳۲۷۰۰۶۶۲,فلاورجان,falavarjan,businesses,wholesale
