۰۹۱۳۶۸۴۷۱۳۶,فرخ‌شهر,farrokhshahr,jobs,service-jobs
۰۹۱۳۲۸۰۸۸۷۱,فرخ‌شهر,farrokhshahr,real-estate,buy-residential
۰۹۱۳۹۰۳۳۷۹۶,فرخ‌شهر,farrokhshahr,real-estate,buy-residential
۰۹۱۳۳۸۳۶۵۲۷,فرخ‌شهر,farrokhshahr,real-estate,buy-residential
۰۹۱۳۳۸۴۰۵۹۶,فرخ‌شهر,farrokhshahr,real-estate,buy-residential
۰۹۱۳۲۸۳۳۲۹۵,فرخ‌شهر,farrokhshahr,real-estate,buy-residential
۰۹۱۳۳۵۷۷۳۱۹,فرخ‌شهر,farrokhshahr,real-estate,buy-residential
۰۹۱۳۳۸۵۲۶۲۹,فرخ‌شهر,farrokhshahr,real-estate,buy-residential
۰۹۱۳۳۸۳۰۰۶۳,فرخ‌شهر,farrokhshahr,real-estate,buy-residential
۰۹۱۳۷۰۴۰۲۲۷,فرخ‌شهر,farrokhshahr,real-estate,buy-residential
۰۹۱۳۷۳۴۳۴۰۰,فرخ‌شهر,farrokhshahr,real-estate,buy-residential
۰۹۱۳۲۸۰۴۹۱۲,فرخ‌شهر,farrokhshahr,real-estate,buy-residential
۰۹۱۳۱۸۳۷۲۱۶,فرخ‌شهر,farrokhshahr,real-estate,buy-residential
۰۹۱۳۳۸۳۲۶۵۸,فرخ‌شهر,farrokhshahr,real-estate,buy-residential
۰۹۱۳۲۸۴۵۲۶۱,فرخ‌شهر,farrokhshahr,real-estate,buy-residential
۰۹۱۴۰۷۶۶۱۸۸,فرخ‌شهر,farrokhshahr,real-estate,buy-residential
۰۹۹۱۱۴۹۲۰۳۲,فرخ‌شهر,farrokhshahr,real-estate,buy-residential
۰۹۱۳۵۹۲۵۹۱۶,فرخ‌شهر,farrokhshahr,real-estate,rent-residential
۰۹۳۸۴۷۳۴۷۱۴,فرخ‌شهر,farrokhshahr,real-estate,rent-residential
۰۹۱۳۳۸۳۴۳۱۰,فرخ‌شهر,farrokhshahr,real-estate,buy-commercial-property
۰۹۱۳۳۸۳۴۲۷۷,فرخ‌شهر,farrokhshahr,real-estate,rent-commercial-property
۰۹۱۳۳۸۳۴۳۵۴,فرخ‌شهر,farrokhshahr,real-estate,rent-commercial-property
۰۹۱۳۱۸۴۷۹۶۷,فرخ‌شهر,farrokhshahr,real-estate,real-estate-services
۰۹۱۳۹۸۰۷۳۹۱,فرخ‌شهر,farrokhshahr,vehicles,auto
۰۹۱۳۱۸۴۷۹۴۳,فرخ‌شهر,farrokhshahr,vehicles,auto
۰۹۲۱۲۸۶۵۷۳۸,فرخ‌شهر,farrokhshahr,vehicles,auto
۰۹۱۳۳۸۴۶۸۶۵,فرخ‌شهر,farrokhshahr,vehicles,auto
۰۹۱۳۹۸۰۷۵۴۴,فرخ‌شهر,farrokhshahr,vehicles,auto
۰۹۱۳۹۸۶۹۸۶۱,فرخ‌شهر,farrokhshahr,vehicles,auto
۰۹۳۰۷۸۴۸۵۱۸,فرخ‌شهر,farrokhshahr,vehicles,auto
۰۹۱۳۳۸۲۵۳۵۵,فرخ‌شهر,farrokhshahr,vehicles,auto
۰۹۱۳۲۸۳۷۲۱۴,فرخ‌شهر,farrokhshahr,vehicles,auto
۰۹۱۳۰۰۴۲۶۵۴,فرخ‌شهر,farrokhshahr,vehicles,auto
۰۹۰۵۵۳۲۵۱۰۴,فرخ‌شهر,farrokhshahr,vehicles,auto
۰۹۱۳۹۸۱۳۳۲۴,فرخ‌شهر,farrokhshahr,vehicles,auto
۰۹۰۵۰۲۸۲۱۱۰,فرخ‌شهر,farrokhshahr,vehicles,auto
۰۹۱۳۱۸۴۱۸۱۱,فرخ‌شهر,farrokhshahr,vehicles,auto
۰۹۱۴۰۸۳۱۸۹۱,فرخ‌شهر,farrokhshahr,vehicles,auto
۰۹۳۰۵۷۹۰۶۷۶,فرخ‌شهر,farrokhshahr,vehicles,car-accessories
۰۹۱۳۳۸۳۴۳۸۰,فرخ‌شهر,farrokhshahr,vehicles,car-accessories
۰۹۱۳۷۲۲۴۶۷۳,فرخ‌شهر,farrokhshahr,vehicles,car-accessories
۰۹۹۲۸۰۳۱۳۴۱,فرخ‌شهر,farrokhshahr,vehicles,car-accessories
۰۹۱۴۰۲۴۳۰۷۱,فرخ‌شهر,farrokhshahr,vehicles,car-accessories
۰۹۱۳۲۸۷۷۵۱۰,فرخ‌شهر,farrokhshahr,vehicles,car-accessories
۰۹۱۳۳۸۵۷۱۷۶,فرخ‌شهر,farrokhshahr,vehicles,car-accessories
۰۹۱۳۲۸۰۴۹۰۰,فرخ‌شهر,farrokhshahr,vehicles,car-accessories
۰۹۱۶۲۹۸۴۳۰۳,فرخ‌شهر,farrokhshahr,vehicles,motorcycles
۰۹۱۳۶۷۶۴۵۳۴,فرخ‌شهر,farrokhshahr,vehicles,motorcycles
۰۹۳۹۴۷۱۴۰۶۴,فرخ‌شهر,farrokhshahr,electronic-devices,mobile-tablet
۰۹۳۹۴۷۱۴۰۶۴,فرخ‌شهر,farrokhshahr,electronic-devices,mobile-tablet
۰۹۱۳۹۷۹۹۹۵۸,فرخ‌شهر,farrokhshahr,electronic-devices,telephone
۰۹۲۱۶۵۶۹۶۴۹,فرخ‌شهر,farrokhshahr,home-and-kitchen,home-decor-furniture
۰۹۲۱۶۵۶۹۶۴۹,فرخ‌شهر,farrokhshahr,home-and-kitchen,home-decor-furniture
۰۹۱۳۳۸۲۴۴۱۷,فرخ‌شهر,farrokhshahr,home-and-kitchen,home-decor-furniture
۰۹۱۳۶۷۴۱۲۳۳,فرخ‌شهر,farrokhshahr,home-and-kitchen,home-decor-furniture
۰۹۱۰۳۹۵۶۱۵۷,فرخ‌شهر,farrokhshahr,home-and-kitchen,kitchen-appliances
۰۹۱۶۶۸۱۴۸۵۶,فرخ‌شهر,farrokhshahr,home-and-kitchen,home-appliances
۰۹۳۳۵۵۸۹۲۶۰,فرخ‌شهر,farrokhshahr,home-and-kitchen,building-garden
۰۹۱۳۷۲۱۷۵۹۴,فرخ‌شهر,farrokhshahr,home-and-kitchen,building-garden
۰۹۹۲۳۹۲۰۵۴۴,فرخ‌شهر,farrokhshahr,services,catering-services
۰۹۳۰۴۶۷۸۳۲۶,فرخ‌شهر,farrokhshahr,services,catering-services
۰۹۳۰۴۶۷۸۳۲۶,فرخ‌شهر,farrokhshahr,services,catering-services
۰۹۰۵۴۳۲۹۸۰۴,فرخ‌شهر,farrokhshahr,services,technology-services
۰۹۰۵۴۳۲۹۸۰۴,فرخ‌شهر,farrokhshahr,services,technology-services
۰۹۳۷۲۲۹۳۰۱۴,فرخ‌شهر,farrokhshahr,services,technology-services
۰۹۰۵۴۳۲۹۸۰۵,فرخ‌شهر,farrokhshahr,services,technology-services
۰۹۰۵۴۳۲۹۸۰۵,فرخ‌شهر,farrokhshahr,services,technology-services
۰۹۳۷۲۲۹۳۰۱۴,فرخ‌شهر,farrokhshahr,services,technology-services
۰۹۳۷۲۲۹۳۰۱۴,فرخ‌شهر,farrokhshahr,services,technology-services
۰۹۰۵۴۳۲۹۸۰۵,فرخ‌شهر,farrokhshahr,services,technology-services
۰۹۰۵۴۳۲۹۸۰۴,فرخ‌شهر,farrokhshahr,services,technology-services
۰۹۰۵۴۳۲۹۸۰۵,فرخ‌شهر,farrokhshahr,services,technology-services
۰۹۰۵۴۳۲۹۸۰۵,فرخ‌شهر,farrokhshahr,services,technology-services
۰۹۰۵۴۳۲۹۸۰۵,فرخ‌شهر,farrokhshahr,services,technology-services
۰۹۰۵۴۳۲۹۸۰۵,فرخ‌شهر,farrokhshahr,services,technology-services
۰۹۰۵۴۳۲۹۸۰۵,فرخ‌شهر,farrokhshahr,services,technology-services
۰۹۰۵۴۳۲۹۸۰۵,فرخ‌شهر,farrokhshahr,services,technology-services
۰۹۱۳۱۸۳۷۲۱۶,فرخ‌شهر,farrokhshahr,services,technology-services
۰۹۰۵۴۳۲۹۸۰۵,فرخ‌شهر,farrokhshahr,services,technology-services
۰۹۰۵۴۳۲۹۸۰۵,فرخ‌شهر,farrokhshahr,services,technology-services
۰۹۰۵۴۳۲۹۸۰۴,فرخ‌شهر,farrokhshahr,services,technology-services
۰۹۹۰۵۳۸۶۴۷۵,فرخ‌شهر,farrokhshahr,services,financial-services
۰۹۹۱۹۰۰۶۶۹۴,فرخ‌شهر,farrokhshahr,services,financial-services
۰۹۱۳۸۴۳۳۷۱۷,فرخ‌شهر,farrokhshahr,services,craft-skill-services
(پنهان‌شده؛ چت کنید),فرخ‌شهر,farrokhshahr,services,craft-skill-services
۰۹۱۳۰۰۴۲۶۵۴,فرخ‌شهر,farrokhshahr,services,craft-skill-services
۰۹۱۳۰۵۸۶۶۳۲,فرخ‌شهر,farrokhshahr,services,craft-skill-services
۰۹۱۳۲۸۷۱۳۲۳,فرخ‌شهر,farrokhshahr,services,craft-skill-services
۰۹۱۳۳۸۵۷۵۱۱,فرخ‌شهر,farrokhshahr,services,craft-skill-services
۰۹۳۹۷۶۶۵۳۴۵,فرخ‌شهر,farrokhshahr,services,craft-skill-services
۰۹۹۱۹۶۴۳۷۹۷,فرخ‌شهر,farrokhshahr,services,craft-skill-services
۰۹۹۱۹۶۴۳۷۹۷,فرخ‌شهر,farrokhshahr,services,craft-skill-services
۰۹۹۱۹۶۴۳۷۹۷,فرخ‌شهر,farrokhshahr,services,craft-skill-services
۰۹۹۱۹۶۴۳۷۹۷,فرخ‌شهر,farrokhshahr,services,craft-skill-services
۰۹۹۱۹۶۴۳۷۹۷,فرخ‌شهر,farrokhshahr,services,craft-skill-services
۰۹۱۳۳۸۵۲۱۶۴,فرخ‌شهر,farrokhshahr,services,craft-skill-services
(پنهان‌شده؛ چت کنید),فرخ‌شهر,farrokhshahr,services,beauty-services
۰۹۳۰۴۶۷۸۳۲۶,فرخ‌شهر,farrokhshahr,services,teaching-services
۰۹۹۹۱۴۸۲۵۵۰,فرخ‌شهر,farrokhshahr,services,teaching-services
۰۹۱۰۴۶۰۱۲۶۹,فرخ‌شهر,farrokhshahr,services,teaching-services
۰۹۲۲۵۰۵۲۶۳۷,فرخ‌شهر,farrokhshahr,personal-goods,apparel
۰۹۱۶۰۴۹۶۸۶۶,فرخ‌شهر,farrokhshahr,personal-goods,apparel
۰۹۹۲۷۶۴۳۱۶۳,فرخ‌شهر,farrokhshahr,personal-goods,apparel
۰۹۱۸۴۱۰۲۳۱۷,فرخ‌شهر,farrokhshahr,personal-goods,apparel
۰۹۳۷۶۱۲۴۱۵۹,فرخ‌شهر,farrokhshahr,personal-goods,apparel
۰۹۹۰۴۹۳۵۷۵۴,فرخ‌شهر,farrokhshahr,personal-goods,accessories
(پنهان‌شده؛ چت کنید),فرخ‌شهر,farrokhshahr,personal-goods,accessories
۰۹۲۲۱۴۲۸۳۱۹,فرخ‌شهر,farrokhshahr,personal-goods,accessories
۰۹۱۳۶۷۴۱۲۳۳,فرخ‌شهر,farrokhshahr,personal-goods,child-products
۰۹۹۰۴۹۳۵۷۵۴,فرخ‌شهر,farrokhshahr,personal-goods,stationery
۰۹۱۴۰۲۵۲۲۷۶,فرخ‌شهر,farrokhshahr,entertainment,publication
۰۹۳۸۶۶۲۸۵۹۵,فرخ‌شهر,farrokhshahr,entertainment,publication
۰۹۱۶۲۲۶۶۹۰۶,فرخ‌شهر,farrokhshahr,entertainment,pets-animals
۰۹۱۴۰۷۷۸۷۰۶,فرخ‌شهر,farrokhshahr,entertainment,pets-animals
۰۹۲۲۰۲۷۶۸۵۸,فرخ‌شهر,farrokhshahr,entertainment,pets-animals
۰۹۲۱۴۶۲۹۰۱۱,فرخ‌شهر,farrokhshahr,entertainment,pets-animals
۰۹۱۳۳۸۵۲۱۴۸,فرخ‌شهر,farrokhshahr,entertainment,pets-animals
(پنهان‌شده؛ چت کنید),فرخ‌شهر,farrokhshahr,entertainment,pets-animals
۰۹۲۲۵۴۵۷۱۰۳,فرخ‌شهر,farrokhshahr,entertainment,pets-animals
(پنهان‌شده؛ چت کنید),فرخ‌شهر,farrokhshahr,entertainment,pets-animals
۰۹۱۳۰۰۶۷۲۸۱,فرخ‌شهر,farrokhshahr,entertainment,pets-animals
۰۹۲۲۹۲۹۵۴۸۳,فرخ‌شهر,farrokhshahr,entertainment,pets-animals
۰۹۱۴۰۲۰۴۶۱۱,فرخ‌شهر,farrokhshahr,entertainment,pets-animals
۰۹۹۱۷۹۵۴۶۶۷,فرخ‌شهر,farrokhshahr,entertainment,pets-animals
۰۹۳۶۰۱۱۹۸۴۲,فرخ‌شهر,farrokhshahr,entertainment,pets-animals
۰۹۳۸۲۲۲۸۱۰۵,فرخ‌شهر,farrokhshahr,entertainment,pets-animals
۰۹۳۸۷۳۹۸۱۷۹,فرخ‌شهر,farrokhshahr,entertainment,collecting
۰۹۰۲۳۱۶۲۹۷۱,فرخ‌شهر,farrokhshahr,social-services,event
۰۹۲۲۵۰۵۲۶۷۴,فرخ‌شهر,farrokhshahr,social-services,event
۰۹۱۳۲۸۰۴۶۴۱,فرخ‌شهر,farrokhshahr,social-services,missing
۰۹۱۶۲۹۸۴۳۰۳,فرخ‌شهر,farrokhshahr,businesses,business-equipment
۰۹۱۳۸۸۵۶۴۲۳,فرخ‌شهر,farrokhshahr,businesses,business-equipment
(پنهان‌شده؛ چت کنید),فرخ‌شهر,farrokhshahr,businesses,business-equipment
(پنهان‌شده؛ چت کنید),فرخ‌شهر,farrokhshahr,businesses,business-equipment
(پنهان‌شده؛ چت کنید),فرخ‌شهر,farrokhshahr,businesses,business-equipment
(پنهان‌شده؛ چت کنید),فرخ‌شهر,farrokhshahr,businesses,business-equipment
۰۹۱۳۷۳۲۵۶۰۹,فرخ‌شهر,farrokhshahr,businesses,business-equipment
۰۹۱۳۰۰۴۲۶۵۴,فرخ‌شهر,farrokhshahr,businesses,business-equipment
۰۹۹۲۷۹۰۲۵۸۸,فرخ‌شهر,farrokhshahr,businesses,business-equipment
۰۹۳۷۶۱۲۴۱۵۹,فرخ‌شهر,farrokhshahr,businesses,business-equipment
۰۹۹۲۴۹۶۲۴۳۹,فرخ‌شهر,farrokhshahr,businesses,business-equipment
۰۹۳۶۳۱۵۵۴۹۵,فرخ‌شهر,farrokhshahr,businesses,business-equipment
۰۹۹۲۷۹۰۲۹۷۰,فرخ‌شهر,farrokhshahr,businesses,business-equipment
۰۹۳۸۲۱۴۵۴۶۲,فرخ‌شهر,farrokhshahr,businesses,business-equipment
۰۹۹۲۷۹۶۷۵۷۱,فرخ‌شهر,farrokhshahr,businesses,business-equipment
۰۹۰۲۰۵۵۲۲۶۳,فرخ‌شهر,farrokhshahr,businesses,business-equipment
۰۹۱۳۳۸۴۵۲۴۸,فرخ‌شهر,farrokhshahr,businesses,business-equipment
۰۹۱۳۳۸۴۵۲۴۸,فرخ‌شهر,farrokhshahr,businesses,business-equipment
۰۹۰۲۳۰۳۷۰۸۷,فرخ‌شهر,farrokhshahr,businesses,business-equipment
۰۹۲۲۷۱۸۸۰۳۱,فرخ‌شهر,farrokhshahr,businesses,wholesale
۰۹۹۱۷۱۳۳۵۲۶,فرخ‌شهر,farrokhshahr,businesses,wholesale
۰۹۱۱۵۲۶۸۶۴۷,فرخ‌شهر,farrokhshahr,businesses,wholesale
۰۹۱۱۶۴۳۹۵۰۸,فرخ‌شهر,farrokhshahr,businesses,wholesale
۰۹۱۱۵۱۵۷۴۷۹,فرخ‌شهر,farrokhshahr,businesses,wholesale
۰۹۳۳۵۰۸۹۶۷۲,فرخ‌شهر,farrokhshahr,businesses,wholesale
۰۹۱۱۶۹۳۹۸۸۷,فرخ‌شهر,farrokhshahr,businesses,wholesale
۰۹۱۱۵۱۵۷۵۳۹,فرخ‌شهر,farrokhshahr,businesses,wholesale
۰۹۰۱۶۸۳۸۸۸۷,فرخ‌شهر,farrokhshahr,businesses,wholesale
۰۹۱۱۵۳۵۶۵۲۷,فرخ‌شهر,farrokhshahr,businesses,wholesale
۰۹۰۱۹۷۴۰۳۷۰,فرخ‌شهر,farrokhshahr,businesses,wholesale
۰۹۱۷۹۸۲۶۶۳۴,فرخ‌شهر,farrokhshahr,businesses,wholesale
۰۹۲۲۱۵۳۲۶۹۳,فرخ‌شهر,farrokhshahr,businesses,wholesale
