۰۹۱۹۰۷۱۰۶۰۸,فردوس,ferdows,real-estate,buy-residential
۰۹۱۵۹۶۶۰۸۴۶,فردوس,ferdows,real-estate,buy-residential
۰۹۱۵۳۶۲۱۶۵۶,فردوس,ferdows,real-estate,buy-residential
۰۹۱۰۵۴۵۱۶۵۶,فردوس,ferdows,real-estate,buy-residential
۰۹۱۰۵۶۶۴۴۳۵,فردوس,ferdows,real-estate,buy-residential
۰۹۱۰۰۱۱۵۵۲۵,فردوس,ferdows,real-estate,buy-residential
۰۹۱۵۸۳۴۰۱۶۲,فردوس,ferdows,real-estate,buy-residential
۰۹۹۲۳۸۳۵۶۲۸,فردوس,ferdows,real-estate,buy-residential
۰۹۹۲۰۵۵۱۹۶۳,فردوس,ferdows,real-estate,buy-residential
۰۹۱۵۸۳۴۳۰۸۷,فردوس,ferdows,real-estate,buy-residential
۰۹۰۳۷۶۰۰۴۰۲,فردوس,ferdows,real-estate,buy-residential
۰۹۱۵۳۲۵۰۹۵۶,فردوس,ferdows,real-estate,buy-residential
۰۹۳۸۰۲۹۱۸۱۳,فردوس,ferdows,real-estate,buy-residential
۰۹۳۸۰۳۵۲۵۱۵,فردوس,ferdows,real-estate,buy-residential
۰۹۹۰۱۵۲۰۲۱۶,فردوس,ferdows,real-estate,buy-residential
۰۹۱۵۶۶۳۱۰۶۲,فردوس,ferdows,real-estate,buy-residential
۰۹۱۵۷۷۶۷۰۶۲,فردوس,ferdows,real-estate,buy-residential
۰۹۱۵۲۴۰۹۰۰۴,فردوس,ferdows,real-estate,buy-residential
۰۹۱۵۳۳۵۰۵۵۲,فردوس,ferdows,real-estate,buy-residential
۰۹۱۵۶۶۶۷۵۸۸,فردوس,ferdows,real-estate,buy-residential
۰۹۱۲۷۲۴۰۶۱۹,فردوس,ferdows,real-estate,buy-residential
۰۹۱۳۲۸۶۵۹۳۸,فردوس,ferdows,real-estate,buy-residential
۰۹۱۲۳۶۴۸۲۷۴,فردوس,ferdows,real-estate,buy-residential
۰۹۳۶۴۴۵۱۴۰۷,فردوس,ferdows,real-estate,buy-residential
۰۹۱۵۹۶۴۴۶۹۱,فردوس,ferdows,real-estate,buy-residential
۰۹۱۵۳۲۵۰۹۵۶,فردوس,ferdows,real-estate,buy-residential
۰۹۱۵۱۳۴۲۸۳۷,فردوس,ferdows,real-estate,buy-residential
۰۹۰۲۰۷۳۶۴۵۴,فردوس,ferdows,real-estate,buy-residential
۰۹۰۲۰۷۳۶۴۵۴,فردوس,ferdows,real-estate,buy-residential
۰۹۳۰۳۰۸۵۱۱۳,فردوس,ferdows,real-estate,buy-residential
۰۹۱۵۹۱۴۹۹۵۲,فردوس,ferdows,real-estate,buy-residential
۰۹۱۹۹۱۹۹۳۸۳,فردوس,ferdows,real-estate,buy-residential
۰۹۳۸۷۷۶۵۳۲۷,فردوس,ferdows,real-estate,buy-residential
۰۹۱۵۶۶۴۷۹۷۲,فردوس,ferdows,real-estate,buy-residential
۰۹۱۵۳۳۵۸۹۷۴,فردوس,ferdows,real-estate,buy-residential
۰۹۳۹۶۰۸۸۱۱۵,فردوس,ferdows,real-estate,buy-residential
۰۹۰۳۷۶۰۰۴۰۲,فردوس,ferdows,real-estate,buy-residential
۰۹۱۵۳۳۴۵۵۷۹,فردوس,ferdows,real-estate,buy-residential
۰۹۹۰۱۵۲۰۲۱۶,فردوس,ferdows,real-estate,rent-residential
۰۹۰۲۰۷۳۶۴۵۴,فردوس,ferdows,real-estate,rent-residential
۰۹۱۲۴۱۴۲۸۶۳,فردوس,ferdows,real-estate,rent-residential
۰۹۰۳۷۲۹۶۹۸۸,فردوس,ferdows,real-estate,rent-residential
۰۹۱۹۷۵۵۷۳۳۰,فردوس,ferdows,real-estate,rent-residential
۰۹۱۵۴۷۶xxxx,فردوس,ferdows,real-estate,buy-commercial-property
۰۹۳۸۰۳۵۲۵۱۵,فردوس,ferdows,real-estate,buy-commercial-property
۰۹۱۵۴۲۴۸۷۵۰,فردوس,ferdows,real-estate,buy-commercial-property
۰۹۱۵۵۳۴۵۷۹۵,فردوس,ferdows,real-estate,buy-commercial-property
۰۹۱۰۵۴۷۵۶۲۰,فردوس,ferdows,real-estate,rent-commercial-property
۰۹۱۵۳۳۵۰۳۵۸,فردوس,ferdows,real-estate,rent-commercial-property
۰۹۱۹۹۵۰۰۸۶۵,فردوس,ferdows,real-estate,rent-commercial-property
۰۹۱۵۴۹۶۷۴۸۰,فردوس,ferdows,real-estate,rent-temporary
۰۹۳۵۸۹۱۳۰۸۴,فردوس,ferdows,real-estate,rent-temporary
۰۹۱۵۵۶۵۹۳۷۵,فردوس,ferdows,vehicles,auto
۰۹۱۵۹۳۲۹۳۳۵,فردوس,ferdows,vehicles,auto
۰۹۳۸۴۸۸۹۲۶۰,فردوس,ferdows,vehicles,auto
۰۹۳۳۱۳۴۲۹۷۲,فردوس,ferdows,vehicles,auto
۰۹۱۵۳۳۵۰۳۵۸,فردوس,ferdows,vehicles,auto
۰۹۳۶۳۳۴۷۷۹۷,فردوس,ferdows,vehicles,auto
۰۹۳۸۴۶۴۹۴۲۳,فردوس,ferdows,vehicles,auto
۰۹۱۹۷۴۰۹۲۳۳,فردوس,ferdows,vehicles,auto
۰۹۱۵۹۳۵۴۶۲۴,فردوس,ferdows,vehicles,auto
۰۹۱۰۵۰۳۰۳۲۸,فردوس,ferdows,vehicles,auto
۰۹۱۵۴۵۴۲۰۰۹,فردوس,ferdows,vehicles,auto
۰۹۳۹۲۵۸۰۸۲۸,فردوس,ferdows,vehicles,auto
۰۹۱۵۷۵۴۹۳۲۴,فردوس,ferdows,vehicles,auto
۰۹۱۵۳۳۵۲۹۸۷,فردوس,ferdows,vehicles,auto
۰۹۱۵۹۳۴۸۷۳۱,فردوس,ferdows,vehicles,auto
۰۹۳۶۵۶۶۱۳۱۳,فردوس,ferdows,vehicles,auto
۰۹۱۵۰۶۰۶۸۹۱,فردوس,ferdows,vehicles,auto
۰۹۱۵۹۳۵۳۳۴۳,فردوس,ferdows,vehicles,auto
۰۹۱۵۹۳۵۷۴۵۵,فردوس,ferdows,vehicles,auto
۰۹۱۵۱۳۷۱۰۲۹,فردوس,ferdows,vehicles,auto
۰۹۱۵۶۶۴۴۸۵۳,فردوس,ferdows,vehicles,auto
۰۹۱۵۳۳۵۶۶۱۶,فردوس,ferdows,vehicles,auto
۰۹۱۵۸۷۹۱۱۳۲,فردوس,ferdows,vehicles,auto
۰۹۱۵۷۲۲۰۵۴۵,فردوس,ferdows,vehicles,auto
۰۹۱۵۹۶۱۶۵۹۱,فردوس,ferdows,vehicles,auto
۰۹۱۵۸۰۳۸۴۹۷,فردوس,ferdows,vehicles,auto
۰۹۳۶۶۵۸۹۱۰۴,فردوس,ferdows,vehicles,auto
۰۹۱۰۴۳۲۷۲۵۷,فردوس,ferdows,vehicles,auto
۰۹۹۰۲۰۳۳۹۲۲,فردوس,ferdows,vehicles,auto
۰۹۱۳۳۰۴۸۶۰۱,فردوس,ferdows,vehicles,auto
۰۹۱۵۹۶۲۸۹۹۴,فردوس,ferdows,vehicles,auto
۰۹۳۸۷۲۶۹۷۶۷,فردوس,ferdows,vehicles,auto
۰۹۱۵۵۶۶۴۱۰۰,فردوس,ferdows,vehicles,auto
۰۹۰۱۶۵۱۵۶۸۶,فردوس,ferdows,vehicles,auto
۰۹۰۱۶۵۱۵۶۸۶,فردوس,ferdows,vehicles,auto
۰۹۱۹۷۴۰۹۲۳۳,فردوس,ferdows,vehicles,auto
۰۹۳۹۷۶۷۵۰۰۵,فردوس,ferdows,vehicles,auto
۰۹۱۵۱۳۷۱۹۵۸,فردوس,ferdows,vehicles,auto
۰۹۲۱۷۴۹۴۵۹۳,فردوس,ferdows,vehicles,auto
۰۹۳۶۴۹۸۸۴۵۵,فردوس,ferdows,vehicles,auto
۰۹۱۵۲۶۸۵۴۴۳,فردوس,ferdows,vehicles,auto
۰۹۳۵۲۵۸۶۰۰۷,فردوس,ferdows,vehicles,auto
۰۹۱۵۸۲۱۴۱۸۹,فردوس,ferdows,vehicles,car-accessories
۰۹۹۲۱۱۶۷۶۶۳,فردوس,ferdows,vehicles,car-accessories
۰۹۳۸۴۱۵۸۰۶۶,فردوس,ferdows,vehicles,car-accessories
۰۹۳۸۴۱۵۸۰۶۶,فردوس,ferdows,vehicles,car-accessories
۰۹۱۵۳۳۴۷۸۷۶,فردوس,ferdows,vehicles,car-accessories
۰۹۱۵۹۳۴۱۷۶۱,فردوس,ferdows,vehicles,car-accessories
۰۹۳۹۵۶۳۱۱۵۷,فردوس,ferdows,vehicles,car-accessories
۰۹۱۵۳۳۵۰۳۵۸,فردوس,ferdows,vehicles,car-accessories
۰۹۳۵۰۸۶۱۵۵۹,فردوس,ferdows,vehicles,car-accessories
۰۹۱۵۸۶۵۵۸۴۶,فردوس,ferdows,vehicles,car-accessories
۰۹۱۵۹۱۶۴۶۹۱,فردوس,ferdows,vehicles,car-accessories
۰۹۱۵۶۰۳۱۷۲۰,فردوس,ferdows,vehicles,motorcycles
۰۹۱۵۸۷۶۰۸۳۵,فردوس,ferdows,vehicles,motorcycles
۰۹۱۰۵۰۳۰۰۴۷,فردوس,ferdows,vehicles,motorcycles
۰۹۱۵۴۸۱۵۶۵۱,فردوس,ferdows,vehicles,motorcycles
۰۹۱۵۹۶۶۰۸۴۶,فردوس,ferdows,vehicles,motorcycles
۰۹۱۵۷۶۰۱۴۶۵,فردوس,ferdows,vehicles,motorcycles
۰۹۱۵۵۱۶۶۷۷۹,فردوس,ferdows,vehicles,motorcycles
۰۹۱۵۸۷۶۰۸۳۵,فردوس,ferdows,vehicles,motorcycles
۰۹۱۵۸۶۲۱۴۹۲,فردوس,ferdows,vehicles,motorcycles
۰۹۱۵۷۸۷۰۷۹۰,فردوس,ferdows,vehicles,motorcycles
۰۹۳۰۵۳۳۱۲۳۵,فردوس,ferdows,electronic-devices,mobile-tablet
۰۹۱۵۷۴۰۶۳۲۳,فردوس,ferdows,electronic-devices,mobile-tablet
۰۹۳۰۱۱۶۲۷۲۸,فردوس,ferdows,electronic-devices,mobile-tablet
۰۹۳۰۳۷۹۳۱۵۴,فردوس,ferdows,electronic-devices,mobile-tablet
۰۹۱۸۶۸۸۷۰۶۴,فردوس,ferdows,electronic-devices,mobile-tablet
۰۹۹۱۴۰۲۲۵۲۱,فردوس,ferdows,electronic-devices,mobile-tablet
۰۹۳۰۵۳۳۱۲۳۵,فردوس,ferdows,electronic-devices,mobile-tablet
۰۹۰۱۰۲۶۳۶۷۶,فردوس,ferdows,electronic-devices,mobile-tablet
۰۹۱۵۷۵۵۹۶۵۱,فردوس,ferdows,electronic-devices,mobile-tablet
۰۹۳۷۴۴۸۴۷۳۰,فردوس,ferdows,electronic-devices,mobile-tablet
۰۹۱۵۷۵۵۹۶۵۱,فردوس,ferdows,electronic-devices,mobile-tablet
۰۹۳۹۵۹۵۱۲۱۶,فردوس,ferdows,electronic-devices,mobile-tablet
۰۹۰۵۵۰۸۱۸۸۳,فردوس,ferdows,electronic-devices,mobile-tablet
۰۹۳۷۸۷۴۹۸۸۷,فردوس,ferdows,electronic-devices,mobile-tablet
۰۹۳۷۸۷۴۹۸۸۷,فردوس,ferdows,electronic-devices,mobile-tablet
۰۹۳۷۸۷۴۹۸۸۷,فردوس,ferdows,electronic-devices,mobile-tablet
۰۹۱۵۱۳۷۲۱۵۷,فردوس,ferdows,electronic-devices,mobile-tablet
(پنهان‌شده؛ چت کنید),فردوس,ferdows,electronic-devices,mobile-tablet
۰۹۳۰۵۳۳۱۲۳۵,فردوس,ferdows,electronic-devices,mobile-tablet
(پنهان‌شده؛ چت کنید),فردوس,ferdows,electronic-devices,mobile-tablet
۰۹۳۹۰۶۹۹۸۹۷,فردوس,ferdows,electronic-devices,mobile-tablet
۰۹۱۸۶۸۸۷۰۶۴,فردوس,ferdows,electronic-devices,mobile-tablet
۰۹۱۵۳۳۴۵۳۱۳,فردوس,ferdows,electronic-devices,mobile-tablet
۰۹۱۵۳۳۴۵۳۱۳,فردوس,ferdows,electronic-devices,mobile-tablet
۰۹۱۵۳۳۴۵۳۱۳,فردوس,ferdows,electronic-devices,mobile-tablet
۰۹۳۸۳۱۲۰۸۶۴,فردوس,ferdows,electronic-devices,mobile-tablet
۰۹۹۰۷۴۷۶۰۷۵,فردوس,ferdows,electronic-devices,mobile-tablet
۰۹۱۵۶۵۵۵۰۳۷,فردوس,ferdows,electronic-devices,mobile-tablet
۰۹۱۵۹۳۷۲۰۰۵,فردوس,ferdows,electronic-devices,mobile-tablet
۰۹۹۱۶۳۷۹۲۴۲,فردوس,ferdows,electronic-devices,mobile-tablet
۰۹۱۵۲۶۵۵۳۰۰,فردوس,ferdows,electronic-devices,mobile-tablet
۰۹۳۷۳۸۵۱۳۵۸,فردوس,ferdows,electronic-devices,computers
(پنهان‌شده؛ چت کنید),فردوس,ferdows,electronic-devices,computers
۰۹۱۹۲۶۲۸۹۵۶,فردوس,ferdows,electronic-devices,computers
۰۹۹۴۴۶۳۰۲۹۲,فردوس,ferdows,electronic-devices,computers
۰۹۱۵۹۱۶۴۶۹۱,فردوس,ferdows,electronic-devices,computers
۰۹۱۵۵۳۴۵۷۹۶,فردوس,ferdows,electronic-devices,video-audio-device
۰۹۹۲۴۸۷۸۷۷۶,فردوس,ferdows,electronic-devices,video-audio-device
۰۹۱۵۹۳۴۱۷۶۱,فردوس,ferdows,electronic-devices,video-audio-device
۰۹۱۵۷۲۱۵۳۲۹,فردوس,ferdows,electronic-devices,video-audio-device
(پنهان‌شده؛ چت کنید),فردوس,ferdows,electronic-devices,video-audio-device
۰۹۱۰۵۰۳۰۰۴۷,فردوس,ferdows,electronic-devices,video-audio-device
۰۹۱۵۳۳۴۴۵۲۵,فردوس,ferdows,home-and-kitchen,home-decor-furniture
۰۹۱۹۱۰۶۲۱۷۲,فردوس,ferdows,home-and-kitchen,home-decor-furniture
۰۹۱۹۱۰۶۲۱۷۲,فردوس,ferdows,home-and-kitchen,home-decor-furniture
۰۹۱۵۹۳۲۱۶۰۶,فردوس,ferdows,home-and-kitchen,home-decor-furniture
۰۹۳۰۲۰۳۴۸۱۴,فردوس,ferdows,home-and-kitchen,home-decor-furniture
۰۹۱۵۲۶۱۲۹۶۲,فردوس,ferdows,home-and-kitchen,home-decor-furniture
۰۹۱۵۶۶۴۱۹۱۲,فردوس,ferdows,home-and-kitchen,home-decor-furniture
۰۹۳۸۳۱۲۰۸۷۱,فردوس,ferdows,home-and-kitchen,home-decor-furniture
۰۹۳۳۳۵۲۲۴۶۲,فردوس,ferdows,home-and-kitchen,home-decor-furniture
۰۹۱۵۷۹۱۶۲۹۸,فردوس,ferdows,home-and-kitchen,home-decor-furniture
۰۹۱۵۹۳۴۷۴۶۳,فردوس,ferdows,home-and-kitchen,home-decor-furniture
۰۹۱۵۱۳۰۳۷۶۱,فردوس,ferdows,home-and-kitchen,home-decor-furniture
۰۹۱۰۵۰۳۰۰۳۷,فردوس,ferdows,home-and-kitchen,home-decor-furniture
(پنهان‌شده؛ چت کنید),فردوس,ferdows,home-and-kitchen,kitchen-appliances
۰۹۱۵۸۶۲۳۷۴۳,فردوس,ferdows,home-and-kitchen,kitchen-appliances
۰۹۱۵۱۳۷۱۲۷۸,فردوس,ferdows,home-and-kitchen,kitchen-appliances
۰۹۳۶۴۴۵۱۴۰۷,فردوس,ferdows,home-and-kitchen,kitchen-appliances
۰۹۱۵۹۳۵۶۲۶۵,فردوس,ferdows,home-and-kitchen,kitchen-appliances
۰۹۱۵۷۲۴۸۵۲۳,فردوس,ferdows,home-and-kitchen,kitchen-appliances
۰۹۱۵۳۰۲۶۰۶۶,فردوس,ferdows,home-and-kitchen,kitchen-appliances
۰۹۱۲۳۸۶۶۷۷۲,فردوس,ferdows,home-and-kitchen,kitchen-appliances
۰۹۱۵۶۵۵۷۳۲۸,فردوس,ferdows,home-and-kitchen,kitchen-appliances
(پنهان‌شده؛ چت کنید),فردوس,ferdows,home-and-kitchen,building-garden
(پنهان‌شده؛ چت کنید),فردوس,ferdows,home-and-kitchen,building-garden
۰۹۳۶۹۵۹۳۱۱۳,فردوس,ferdows,home-and-kitchen,building-garden
۰۹۰۳۷۸۴۹۵۵۰,فردوس,ferdows,home-and-kitchen,building-garden
(پنهان‌شده؛ چت کنید),فردوس,ferdows,home-and-kitchen,building-garden
(پنهان‌شده؛ چت کنید),فردوس,ferdows,home-and-kitchen,building-garden
۰۹۱۵۷۹۱۶۲۹۸,فردوس,ferdows,home-and-kitchen,building-garden
۰۹۰۵۴۳۲۹۸۱۷,فردوس,ferdows,services,technology-services
۰۹۰۵۴۳۲۹۸۱۷,فردوس,ferdows,services,technology-services
۰۹۰۵۴۳۲۹۸۱۷,فردوس,ferdows,services,technology-services
۰۹۰۵۴۳۲۹۸۱۷,فردوس,ferdows,services,technology-services
۰۹۰۵۴۳۲۹۸۱۷,فردوس,ferdows,services,technology-services
۰۹۰۵۴۳۲۹۸۱۷,فردوس,ferdows,services,technology-services
۰۹۰۵۴۳۲۹۸۱۷,فردوس,ferdows,services,technology-services
۰۹۹۰۵۳۸xxxx,فردوس,ferdows,services,financial-services
۰۹۱۵۹۲۱۸۵۱۹,فردوس,ferdows,services,financial-services
۰۹۹۲۷۸۸۱۴۰۹,فردوس,ferdows,services,financial-services
۰۹۱۵۸۶۳۸۳۵۳,فردوس,ferdows,services,financial-services
۰۹۰۳۳۵۸۹۳۸۰,فردوس,ferdows,services,transport-logistic-services
۰۹۱۵۰۰۸۲۹۵۵,فردوس,ferdows,services,craft-skill-services
۰۹۱۵۵۵۸۹۹۰۹,فردوس,ferdows,services,craft-skill-services
۰۹۱۵۸۳۵۸۹۲۴,فردوس,ferdows,services,craft-skill-services
۰۹۰۲۸۹۳۸۹۵۴,فردوس,ferdows,services,craft-skill-services
۰۹۱۵۱۳۷۲۰۸۱,فردوس,ferdows,services,entertaining-services
۰۹۱۵۱۳۷۲۰۸۱,فردوس,ferdows,services,entertaining-services
۰۹۱۵۱۰۱۸۹۹۴,فردوس,ferdows,services,gardening-services
۰۹۱۵۳۳۵۷۳۷۵,فردوس,ferdows,services,gardening-services
۰۹۱۵۶۶۴۴۵۰۰,فردوس,ferdows,services,gardening-services
۰۹۱۰۵۰۹۰۵۵۷,فردوس,ferdows,services,gardening-services
۰۹۱۰۹۹۴۰۲۳۱,فردوس,ferdows,services,teaching-services
۰۹۹۹۱۴۸۲۵۵۱,فردوس,ferdows,services,teaching-services
۰۹۹۲۷۶۰۵۳۸۰,فردوس,ferdows,personal-goods,apparel
۰۹۹۲۷۷۸۴۵۹۳,فردوس,ferdows,personal-goods,apparel
۰۹۲۲۵۰۵۲۶۵۹,فردوس,ferdows,personal-goods,apparel
۰۹۱۳۸۶۳۶۷۳۰,فردوس,ferdows,personal-goods,apparel
۰۹۹۲۷۶۴۳۱۶۳,فردوس,ferdows,personal-goods,apparel
۰۹۳۶۲۹۲۷۷۹۸,فردوس,ferdows,personal-goods,apparel
۰۹۱۵۶۶۷۶۵۰۰,فردوس,ferdows,personal-goods,apparel
۰۹۰۱۳۷۹۵۰۸۸,فردوس,ferdows,personal-goods,apparel
۰۹۰۳۷۸۴۹۵۵۰,فردوس,ferdows,personal-goods,apparel
۰۹۱۵۳۳۴۰۰۷۵,فردوس,ferdows,personal-goods,apparel
۰۹۱۵۳۳۴۰۰۷۵,فردوس,ferdows,personal-goods,apparel
۰۹۱۵۷۷۱۲۱۹۶,فردوس,ferdows,personal-goods,accessories
۰۹۱۵۷۵۵۹۰۱۱,فردوس,ferdows,personal-goods,beauty-and-personal-care
۰۹۹۱۰۵۹۶۰۵۴,فردوس,ferdows,personal-goods,beauty-and-personal-care
۰۹۱۲۶۵۰۲۷۴۱,فردوس,ferdows,personal-goods,child-apparel
۰۹۳۳۳۵۲۲۴۶۲,فردوس,ferdows,personal-goods,child-products
۰۹۳۳۳۵۲۲۴۶۲,فردوس,ferdows,personal-goods,child-products
۰۹۱۵۱۳۷۲۱۵۷,فردوس,ferdows,personal-goods,child-products
۰۹۳۳۳۵۲۲۴۶۲,فردوس,ferdows,personal-goods,child-products
۰۹۳۹۸۸۴۵۴۳۲,فردوس,ferdows,personal-goods,stationery
۰۹۳۹۸۸۴۵۴۳۲,فردوس,ferdows,personal-goods,stationery
۰۹۳۹۸۸۴۵۴۳۲,فردوس,ferdows,personal-goods,stationery
۰۹۳۹۸۸۴۵۴۳۲,فردوس,ferdows,personal-goods,stationery
۰۹۳۹۸۸۴۵۴۳۲,فردوس,ferdows,personal-goods,stationery
۰۹۳۹۸۸۴۵۴۳۲,فردوس,ferdows,personal-goods,stationery
۰۹۳۹۸۸۴۵۴۳۲,فردوس,ferdows,personal-goods,stationery
۰۹۳۹۸۸۴۵۴۳۲,فردوس,ferdows,personal-goods,stationery
۰۹۳۶۳۷۳۹۹۰۴,فردوس,ferdows,personal-goods,stationery
۰۹۳۶۳۷۳۹۹۰۴,فردوس,ferdows,personal-goods,stationery
۰۹۳۶۳۷۳۹۹۰۴,فردوس,ferdows,personal-goods,stationery
۰۹۱۵۳۶۶۰۵۵۳,فردوس,ferdows,entertainment,publication
۰۹۱۵۸۶۳۸۲۸۷,فردوس,ferdows,entertainment,publication
۰۹۳۷۶۲۷۵۶۳۲,فردوس,ferdows,entertainment,publication
۰۹۳۸۷۳۹۸۱۷۹,فردوس,ferdows,entertainment,collecting
۰۹۱۵۱۰۱۸۹۹۴,فردوس,ferdows,entertainment,sport-entertainment
۰۹۱۵۶۳۵۶۷۳۴,فردوس,ferdows,social-services,missing
۰۹۱۵۷۵۵۱۸۹۶,فردوس,ferdows,businesses,business-equipment
۰۹۳۸۴۶۹۳۷۳۷,فردوس,ferdows,businesses,business-equipment
(پنهان‌شده؛ چت کنید),فردوس,ferdows,businesses,business-equipment
(پنهان‌شده؛ چت کنید),فردوس,ferdows,businesses,business-equipment
(پنهان‌شده؛ چت کنید),فردوس,ferdows,businesses,business-equipment
۰۹۳۰۲۰۳۴۸۱۴,فردوس,ferdows,businesses,business-equipment
۰۹۱۵۲۶۹۲۳۲۸,فردوس,ferdows,businesses,business-equipment
۰۹۱۲۲۷۶۸۱۳۷,فردوس,ferdows,businesses,business-equipment
۰۹۱۵۵۳۴۵۷۹۵,فردوس,ferdows,businesses,business-equipment
۰۹۹۰۲۰۳۳۹۲۲,فردوس,ferdows,businesses,business-equipment
۰۹۲۲۹۵۶۵۱۶۰,فردوس,ferdows,businesses,business-equipment
۰۹۱۵۶۵۴۹۸۳۳,فردوس,ferdows,businesses,business-equipment
۰۹۱۵۵۱۶۶۷۷۹,فردوس,ferdows,businesses,business-equipment
۰۹۱۵۴۹۴۹۴۸۸,فردوس,ferdows,businesses,business-equipment
۰۹۳۵۳۳۲۱۷۳۲,فردوس,ferdows,businesses,business-equipment
۰۹۳۰۳۸۵۴۷۰۳,فردوس,ferdows,businesses,business-equipment
۰۹۳۷۳۵۲۹۷۷۲,فردوس,ferdows,businesses,business-equipment
۰۹۱۵۳۳۵۶۶۱۶,فردوس,ferdows,businesses,business-equipment
۰۹۱۵۰۰۷۶۸۶۴,فردوس,ferdows,businesses,business-equipment
۰۹۱۲۱۵۱۴۰۷۴,فردوس,ferdows,businesses,business-equipment
۰۹۲۲۹۵۶۵۱۶۸,فردوس,ferdows,businesses,business-equipment
۰۹۰۲۰۵۵۲۲۹۰,فردوس,ferdows,businesses,business-equipment
۰۹۹۲۷۹۹۳۹۶۶,فردوس,ferdows,businesses,business-equipment
۰۹۹۲۳۲۱۷۲۵۵,فردوس,ferdows,businesses,business-equipment
۰۹۳۵۲۵۸۶۰۰۷,فردوس,ferdows,businesses,business-equipment
۰۹۱۵۹۲۶۴۱۹۶,فردوس,ferdows,businesses,business-equipment
۰۹۹۰۳۱۳۵۶۸۹,فردوس,ferdows,businesses,business-equipment
۰۹۰۳۷۲۹۶۹۸۸,فردوس,ferdows,businesses,business-equipment
۰۹۱۵۹۱۶۴۶۹۱,فردوس,ferdows,businesses,business-equipment
۰۹۱۱۴۶۳۵۸۴۴,فردوس,ferdows,businesses,wholesale
۰۹۹۱۷۱۳۳۵۲۶,فردوس,ferdows,businesses,wholesale
۰۹۱۵۴۳۵۰۳۱۳,فردوس,ferdows,businesses,wholesale
۰۹۱۱۶۰۱۲۱۶۴,فردوس,ferdows,businesses,wholesale
۰۹۳۶۵۲۲۰۱۹۵,فردوس,ferdows,businesses,wholesale
۰۹۳۳۵۰۸۹۱۴۶,فردوس,ferdows,businesses,wholesale
۰۹۹۰۹۶۸۱۹۰۴,فردوس,ferdows,businesses,wholesale
۰۹۱۵۸۶۲۹۸۰۷,فردوس,ferdows,businesses,wholesale
۰۹۱۵۳۲۴۵۴۲۳,فردوس,ferdows,businesses,wholesale
۰۹۹۰۶۵۰۶۴۷۲,فردوس,ferdows,businesses,wholesale
۰۹۹۰۶۵۰۶۴۷۲,فردوس,ferdows,businesses,wholesale
۰۹۰۱۹۷۴۰۵۱۱,فردوس,ferdows,businesses,wholesale
۰۹۹۰۴۹۵۲۱۱۰,فردوس,ferdows,businesses,wholesale
۰۹۱۳۱۰۷۲۰۷۱,فردوس,ferdows,businesses,wholesale
۰۹۱۷۵۶۹۸۸۴۶,فردوس,ferdows,businesses,wholesale
۰۹۱۷۶۶۲۶۷۴۸,فردوس,ferdows,businesses,wholesale
۰۹۰۵۰۷۹۶۷۳۹,فردوس,ferdows,businesses,wholesale
۰۹۱۵۹۰۷۱۲۷۹,فردوس,ferdows,businesses,wholesale
۰۹۱۵۳۳۵۶۸۶۰,فردوس,ferdows,businesses,wholesale
۰۹۱۱۵۲۴۴۷۹۲,فردوس,ferdows,businesses,wholesale
۰۹۱۵۲۶۶۵۰۸۳,فردوس,ferdows,businesses,wholesale
۰۹۱۵۸۶۲۹۸۰۷,فردوس,ferdows,businesses,wholesale
۰۹۰۱۹۷۴۰۳۷۰,فردوس,ferdows,businesses,wholesale
۰۹۹۱۴۱۸۳۶۰۹,فردوس,ferdows,businesses,wholesale
۰۹۱۵۳۶۶۱۳۸۴,فردوس,ferdows,businesses,wholesale
۰۹۳۶۷۰۲۱۶۷۵,فردوس,ferdows,businesses,wholesale
۰۹۳۷۳۵۲۹۷۷۲,فردوس,ferdows,businesses,wholesale
۰۹۱۵۱۰۲۳۰۱۹,فردوس,ferdows,businesses,wholesale
۰۹۲۲۱۵۳۲۶۹۳,فردوس,ferdows,businesses,wholesale
۰۹۳۹۹۸۴۶۹۸۰,فردوس,ferdows,businesses,wholesale
۰۹۲۲۹۳۶۳۵۴۱,فردوس,ferdows,businesses,wholesale
۰۹۲۲۹۳۶۳۵۴۱,فردوس,ferdows,businesses,wholesale
۰۹۲۲۹۳۶۳۵۴۱,فردوس,ferdows,businesses,wholesale
۰۹۹۰۹۴۷۴۴۳۴,فردوس,ferdows,businesses,wholesale
۰۹۱۱۴۱۸۰۶۱۰,فردوس,ferdows,businesses,wholesale
۰۹۳۰۱۰۳۵۵۲۴,فردوس,ferdows,businesses,wholesale
۰۹۱۵۲۰۲۵۱۲۱,فردوس,ferdows,businesses,wholesale
۰۹۱۵۶۶۷۵۵۳۴,فردوس,ferdows,businesses,wholesale
۰۹۱۵۱۱۵۹۵۸۲,فردوس,ferdows,businesses,wholesale
۰۹۱۵۶۰۳۸۳۹۰,فردوس,ferdows,businesses,wholesale
۰۹۱۵۲۶۶۵۰۸۳,فردوس,ferdows,businesses,wholesale
۰۹۱۴۲۳۹۳۸۹۷,فردوس,ferdows,businesses,wholesale
۰۹۱۵۶۶۹۵۷۳۴,فردوس,ferdows,businesses,wholesale
۰۹۱۵۹۳۸۶۱۸۹,فردوس,ferdows,businesses,wholesale
