۰۹۳۷۰۱۹۱۷۸۶,فریدون‌کنار,fereydunkenar,jobs,technical-jobs
۰۹۰۲۶۶۶۸۸۴۰,فریدون‌کنار,fereydunkenar,real-estate,buy-residential
۰۹۱۱۹۱۸۸۲۴۱,فریدون‌کنار,fereydunkenar,real-estate,buy-residential
۰۹۱۱۷۴۵۸۳۰۵,فریدون‌کنار,fereydunkenar,real-estate,buy-residential
۰۹۱۲۲۷۲۴۲۵۳,فریدون‌کنار,fereydunkenar,real-estate,buy-residential
۰۹۳۸۳۷۱۲۹۶۵,فریدون‌کنار,fereydunkenar,real-estate,buy-residential
۰۹۹۱۱۲۵۱۰۸۰,فریدون‌کنار,fereydunkenar,real-estate,buy-residential
۰۹۱۱۳۱۴۹۸۰۵,فریدون‌کنار,fereydunkenar,real-estate,buy-residential
۰۹۳۳۳۱۳۰۰۸۲,فریدون‌کنار,fereydunkenar,real-estate,buy-residential
۰۹۳۸۳۶۵۶۹۲۳,فریدون‌کنار,fereydunkenar,real-estate,buy-residential
۰۹۳۵۳۴۴۶۰۹۵,فریدون‌کنار,fereydunkenar,real-estate,buy-residential
۰۹۰۱۶۵۲۸۶۰۸,فریدون‌کنار,fereydunkenar,real-estate,buy-residential
۰۹۱۱۹۹۷۵۰۸۵,فریدون‌کنار,fereydunkenar,real-estate,buy-residential
۰۹۳۹۵۰۲۶۰۶۹,فریدون‌کنار,fereydunkenar,real-estate,buy-residential
۰۹۱۱۳۱۴۹۸۰۵,فریدون‌کنار,fereydunkenar,real-estate,buy-residential
۰۹۳۹۵۰۲۶۰۶۹,فریدون‌کنار,fereydunkenar,real-estate,buy-residential
۰۹۳۹۵۰۲۶۰۶۹,فریدون‌کنار,fereydunkenar,real-estate,buy-residential
۰۹۹۰۴۴۹۶۲۶۶,فریدون‌کنار,fereydunkenar,real-estate,buy-residential
۰۹۹۰۴۴۹۶۲۶۶,فریدون‌کنار,fereydunkenar,real-estate,buy-residential
۰۹۲۱۶۶۸۹۶۵۳,فریدون‌کنار,fereydunkenar,real-estate,buy-residential
۰۹۲۱۶۶۸۹۶۵۳,فریدون‌کنار,fereydunkenar,real-estate,buy-residential
۰۹۳۶۳۰۳۱۰۹۳,فریدون‌کنار,fereydunkenar,real-estate,buy-residential
۰۹۱۱۵۵۳۹۳۴۲,فریدون‌کنار,fereydunkenar,real-estate,buy-residential
۰۹۰۲۶۶۶۸۸۴۰,فریدون‌کنار,fereydunkenar,real-estate,buy-residential
۰۹۰۲۶۶۶۸۸۴۰,فریدون‌کنار,fereydunkenar,real-estate,buy-residential
۰۹۰۱۲۵۱۶۰۰۴,فریدون‌کنار,fereydunkenar,real-estate,buy-residential
۰۹۰۵۸۳۰۰۹۱۷,فریدون‌کنار,fereydunkenar,real-estate,buy-residential
۰۹۱۹۸۲۹۲۸۷۹,فریدون‌کنار,fereydunkenar,real-estate,buy-residential
۰۹۰۲۶۶۶۸۸۴۰,فریدون‌کنار,fereydunkenar,real-estate,buy-residential
۰۹۱۱۵۷۱۳۹۳۶,فریدون‌کنار,fereydunkenar,real-estate,buy-residential
۰۹۱۲۸۱۰۶۹۷۷,فریدون‌کنار,fereydunkenar,real-estate,buy-residential
۰۹۳۷۱۱۷۴۹۴۵,فریدون‌کنار,fereydunkenar,real-estate,buy-residential
۰۹۱۹۸۳۰۲۸۴۵,فریدون‌کنار,fereydunkenar,real-estate,buy-residential
۰۹۳۸۵۷۳۷۶۳۳,فریدون‌کنار,fereydunkenar,real-estate,buy-residential
۰۹۱۱۸۰۲۰۲۸۳,فریدون‌کنار,fereydunkenar,real-estate,buy-residential
۰۹۳۸۳۶۵۶۹۲۳,فریدون‌کنار,fereydunkenar,real-estate,buy-residential
۰۹۱۱۲۱۲۵۸۵۱,فریدون‌کنار,fereydunkenar,real-estate,buy-residential
۰۹۱۹۱۲۷۸۳۸۱,فریدون‌کنار,fereydunkenar,real-estate,buy-residential
۰۹۱۲۲۸۷۵۴۵۸,فریدون‌کنار,fereydunkenar,real-estate,buy-residential
۰۹۱۹۸۳۰۲۸۵۳,فریدون‌کنار,fereydunkenar,real-estate,buy-residential
۰۹۱۱۷۷۹۲۴۸۱,فریدون‌کنار,fereydunkenar,real-estate,buy-residential
۰۹۱۵۳۰۷۱۰۵۷,فریدون‌کنار,fereydunkenar,real-estate,buy-residential
۰۹۱۱۶۹۶۴۹۳۴,فریدون‌کنار,fereydunkenar,real-estate,buy-residential
۰۹۳۶۱۸۴۴۶۶۰,فریدون‌کنار,fereydunkenar,real-estate,buy-residential
۰۹۳۹۱۱۳۱۶۱۰,فریدون‌کنار,fereydunkenar,real-estate,buy-residential
۰۹۳۹۱۱۳۱۶۱۰,فریدون‌کنار,fereydunkenar,real-estate,buy-residential
۰۹۱۲۷۷۸۳۷۰۶,فریدون‌کنار,fereydunkenar,real-estate,buy-residential
۰۹۳۵۸۵۹۹۹۴۶,فریدون‌کنار,fereydunkenar,real-estate,buy-residential
۰۹۳۰۸۶۸۰۳۹۳,فریدون‌کنار,fereydunkenar,real-estate,buy-residential
۰۹۳۳۲۱۳۱۳۰۵,فریدون‌کنار,fereydunkenar,real-estate,buy-residential
۰۹۲۱۲۹۷۰۳۶۵,فریدون‌کنار,fereydunkenar,real-estate,buy-residential
۰۹۱۱۶۳۱۲۱۶۷,فریدون‌کنار,fereydunkenar,real-estate,buy-residential
۰۹۹۱۳۲۲۷۰۳۴,فریدون‌کنار,fereydunkenar,real-estate,buy-residential
۰۹۱۱۵۵۳۹۳۴۲,فریدون‌کنار,fereydunkenar,real-estate,buy-residential
۰۹۱۱۵۵۳۹۳۴۲,فریدون‌کنار,fereydunkenar,real-estate,buy-residential
۰۹۱۹۵۳۴۳۲۲۶,فریدون‌کنار,fereydunkenar,real-estate,buy-residential
۰۹۰۳۷۲۳۷۰۷۹,فریدون‌کنار,fereydunkenar,real-estate,buy-residential
۰۹۰۳۷۲۳۷۰۷۹,فریدون‌کنار,fereydunkenar,real-estate,buy-residential
۰۹۱۲۴۲۶۸۷۹۴,فریدون‌کنار,fereydunkenar,real-estate,buy-residential
۰۹۰۲۶۶۶۸۸۴۰,فریدون‌کنار,fereydunkenar,real-estate,buy-residential
۰۹۱۹۵۳۴۳۲۲۶,فریدون‌کنار,fereydunkenar,real-estate,buy-residential
۰۹۱۱۸۷۰۰۷۵۳,فریدون‌کنار,fereydunkenar,real-estate,buy-residential
۰۹۱۹۵۳۴۳۲۲۶,فریدون‌کنار,fereydunkenar,real-estate,buy-residential
۰۹۱۹۸۳۰۲۸۴۵,فریدون‌کنار,fereydunkenar,real-estate,buy-residential
۰۹۳۵۲۱۸۰۰۰۷,فریدون‌کنار,fereydunkenar,real-estate,buy-residential
۰۹۳۳۴۷۰۴۰۱۵,فریدون‌کنار,fereydunkenar,real-estate,buy-residential
۰۹۳۸۳۶۵۶۹۲۳,فریدون‌کنار,fereydunkenar,real-estate,buy-residential
۰۹۹۰۰۲۰۵۱۴۶,فریدون‌کنار,fereydunkenar,real-estate,buy-residential
۰۹۱۲۶۹۵۸۸۵۸,فریدون‌کنار,fereydunkenar,real-estate,buy-residential
۰۹۱۹۵۳۴۳۲۲۶,فریدون‌کنار,fereydunkenar,real-estate,buy-residential
۰۹۳۶۳۹۹۵۴۷۲,فریدون‌کنار,fereydunkenar,real-estate,buy-residential
۰۹۱۲۶۸۸۷۵۱۲,فریدون‌کنار,fereydunkenar,real-estate,rent-residential
۰۹۱۱۳۱۴۹۸۰۵,فریدون‌کنار,fereydunkenar,real-estate,rent-residential
۰۹۱۲۸۱۲۱۷۱۵,فریدون‌کنار,fereydunkenar,real-estate,rent-residential
۰۹۱۱۹۱۰۴۶۴۸,فریدون‌کنار,fereydunkenar,real-estate,rent-residential
۰۹۱۲۳۱۵۳۲۱۴,فریدون‌کنار,fereydunkenar,real-estate,rent-residential
۰۹۰۲۶۶۶۸۸۴۰,فریدون‌کنار,fereydunkenar,real-estate,rent-residential
۰۹۳۸۹۸۸۰۳۷۷,فریدون‌کنار,fereydunkenar,real-estate,rent-residential
۰۹۳۹۵۰۲۶۰۶۹,فریدون‌کنار,fereydunkenar,real-estate,rent-residential
۰۹۳۹۵۰۲۶۰۶۹,فریدون‌کنار,fereydunkenar,real-estate,rent-residential
۰۹۳۹۰۰۹۷۱۲۴,فریدون‌کنار,fereydunkenar,real-estate,rent-residential
۰۹۰۲۶۶۶۸۸۴۰,فریدون‌کنار,fereydunkenar,real-estate,rent-residential
۰۹۰۲۶۶۶۸۸۴۰,فریدون‌کنار,fereydunkenar,real-estate,rent-residential
۰۹۰۲۶۶۶۸۸۴۰,فریدون‌کنار,fereydunkenar,real-estate,rent-residential
۰۹۰۲۶۶۶۸۸۴۰,فریدون‌کنار,fereydunkenar,real-estate,rent-residential
۰۹۳۳۳۶۱۵۳۴۴,فریدون‌کنار,fereydunkenar,real-estate,rent-residential
۰۹۳۵۱۹۱۵۵۵۳,فریدون‌کنار,fereydunkenar,real-estate,rent-residential
۰۹۱۱۲۷۷۸۱۵۹,فریدون‌کنار,fereydunkenar,real-estate,rent-residential
۰۹۱۲۳۳۴۸۲۹۴,فریدون‌کنار,fereydunkenar,real-estate,rent-residential
۰۹۰۲۶۶۶۸۸۴۰,فریدون‌کنار,fereydunkenar,real-estate,rent-residential
۰۹۱۲۱۳۴۵۷۷۴,فریدون‌کنار,fereydunkenar,real-estate,rent-residential
۰۹۳۸۴۹۷۷۵۷۳,فریدون‌کنار,fereydunkenar,real-estate,rent-residential
۰۹۱۱۲۱۲۷۴۲۹,فریدون‌کنار,fereydunkenar,real-estate,rent-residential
۰۹۱۵۵۸۵۲۵۷۵,فریدون‌کنار,fereydunkenar,real-estate,rent-residential
۰۹۱۱۷۷۹۷۹۴۴,فریدون‌کنار,fereydunkenar,real-estate,rent-residential
۰۹۱۲۸۱۲۱۷۱۵,فریدون‌کنار,fereydunkenar,real-estate,rent-residential
۰۹۱۲۸۱۲۱۷۱۵,فریدون‌کنار,fereydunkenar,real-estate,rent-residential
۰۹۱۹۴۰۴۳۵۰۹,فریدون‌کنار,fereydunkenar,real-estate,rent-residential
۰۹۱۱۹۰۲۰۰۳۵,فریدون‌کنار,fereydunkenar,real-estate,rent-residential
۰۹۱۲۱۰۷۷۳۱۳,فریدون‌کنار,fereydunkenar,real-estate,rent-residential
۰۹۳۹۱۱۳۱۶۱۰,فریدون‌کنار,fereydunkenar,real-estate,rent-residential
۰۹۱۱۷۴۱۰۵۴۰,فریدون‌کنار,fereydunkenar,real-estate,rent-residential
۰۹۳۶۰۵۷۴۴۱۰,فریدون‌کنار,fereydunkenar,real-estate,rent-residential
۰۹۰۲۶۶۶۸۸۴۰,فریدون‌کنار,fereydunkenar,real-estate,rent-residential
۰۹۱۱۲۲۶۸۰۰۵,فریدون‌کنار,fereydunkenar,real-estate,buy-commercial-property
۰۹۲۱۲۰۶۸۲۰۰,فریدون‌کنار,fereydunkenar,real-estate,buy-commercial-property
۰۹۱۱۶۷۸۱۸۸۵,فریدون‌کنار,fereydunkenar,real-estate,rent-commercial-property
۰۹۱۹۱۰۷۵۷۴۰,فریدون‌کنار,fereydunkenar,real-estate,rent-temporary
۰۹۱۱۴۴۰۴۰۹۳,فریدون‌کنار,fereydunkenar,real-estate,rent-temporary
۰۹۳۰۱۱۸۶۸۷۸,فریدون‌کنار,fereydunkenar,real-estate,rent-temporary
۰۹۳۸۴۹۷۷۵۷۳,فریدون‌کنار,fereydunkenar,real-estate,rent-temporary
۰۹۳۰۱۱۸۶۸۷۸,فریدون‌کنار,fereydunkenar,real-estate,rent-temporary
۰۹۱۸۵۲۷۴۹۳۸,فریدون‌کنار,fereydunkenar,real-estate,rent-temporary
۰۹۳۶۵۷۹۹۲۱۰,فریدون‌کنار,fereydunkenar,real-estate,rent-temporary
۰۹۹۰۶۸۰۴۱۰۶,فریدون‌کنار,fereydunkenar,real-estate,rent-temporary
۰۹۱۰۷۵۹۲۴۵۹,فریدون‌کنار,fereydunkenar,real-estate,rent-temporary
۰۹۱۰۷۷۷۲۳۶۸,فریدون‌کنار,fereydunkenar,real-estate,rent-temporary
۰۹۱۱۳۱۲۹۹۶۴,فریدون‌کنار,fereydunkenar,real-estate,rent-temporary
۰۹۱۱۴۴۰۴۰۹۳,فریدون‌کنار,fereydunkenar,real-estate,rent-temporary
۰۹۱۲۸۱۲۱۷۱۵,فریدون‌کنار,fereydunkenar,real-estate,rent-temporary
۰۹۱۰۷۷۷۲۳۶۸,فریدون‌کنار,fereydunkenar,real-estate,rent-temporary
۰۹۱۱۴۴۰۴۰۹۳,فریدون‌کنار,fereydunkenar,real-estate,rent-temporary
۰۹۳۶۶۲۹۸۹۹۳,فریدون‌کنار,fereydunkenar,real-estate,rent-temporary
۰۹۳۶۶۲۹۸۹۹۳,فریدون‌کنار,fereydunkenar,real-estate,rent-temporary
۰۹۳۵۸۹۴۷۰۹۴,فریدون‌کنار,fereydunkenar,real-estate,rent-temporary
۰۹۳۵۹۱۰۹۰۹۳,فریدون‌کنار,fereydunkenar,real-estate,rent-temporary
۰۹۱۱۳۱۲۹۹۶۴,فریدون‌کنار,fereydunkenar,real-estate,rent-temporary
۰۹۱۱۴۴۰۴۰۹۳,فریدون‌کنار,fereydunkenar,real-estate,rent-temporary
۰۹۱۱۹۱۰۴۶۴۸,فریدون‌کنار,fereydunkenar,real-estate,real-estate-services
۰۹۱۱۹۱۰۴۶۴۸,فریدون‌کنار,fereydunkenar,real-estate,real-estate-services
۰۹۱۲۲۸۴۳۵۱۲,فریدون‌کنار,fereydunkenar,real-estate,real-estate-services
۰۹۱۲۳۷۱۸۰۷۲,فریدون‌کنار,fereydunkenar,real-estate,real-estate-services
۰۹۱۹۹۹۴۸۲۳۶,فریدون‌کنار,fereydunkenar,real-estate,real-estate-services
۰۹۱۱۵۱۱۳۲۰۳,فریدون‌کنار,fereydunkenar,real-estate,real-estate-services
۰۹۳۰۵۱۵۳۸۱۴,فریدون‌کنار,fereydunkenar,real-estate,real-estate-services
۰۹۱۹۴۷۲۴۸۲۱,فریدون‌کنار,fereydunkenar,real-estate,real-estate-services
۰۹۳۰۴۳۴۷۰۰۹,فریدون‌کنار,fereydunkenar,vehicles,auto
۰۹۱۹۹۷۷۳۷۵۷,فریدون‌کنار,fereydunkenar,vehicles,auto
۰۹۳۶۷۸۴۷۳۲۹,فریدون‌کنار,fereydunkenar,vehicles,auto
۰۹۱۲۰۹۳۹۲۲۱,فریدون‌کنار,fereydunkenar,vehicles,auto
۰۹۰۳۱۶۳۷۴۷۰,فریدون‌کنار,fereydunkenar,vehicles,auto
۰۹۰۱۹۱۲۴۲۰۰,فریدون‌کنار,fereydunkenar,vehicles,auto
۰۹۱۱۳۱۸۵۴۴۷,فریدون‌کنار,fereydunkenar,vehicles,auto
۰۹۱۱۹۲۱۶۷۹۵,فریدون‌کنار,fereydunkenar,vehicles,auto
۰۹۳۷۵۹۴۷۳۴۵,فریدون‌کنار,fereydunkenar,vehicles,auto
۰۹۳۹۱۱۱۵۰۱۷,فریدون‌کنار,fereydunkenar,vehicles,auto
۰۹۳۹۱۱۱۵۰۱۷,فریدون‌کنار,fereydunkenar,vehicles,auto
۰۹۳۸۴۹۸۳۹۱۸,فریدون‌کنار,fereydunkenar,vehicles,auto
۰۹۱۱۹۰۸۷۵۹۰,فریدون‌کنار,fereydunkenar,vehicles,auto
۰۹۱۱۳۱۰۴۲۴۴,فریدون‌کنار,fereydunkenar,vehicles,auto
۰۹۱۱۳۱۰۴۲۴۴,فریدون‌کنار,fereydunkenar,vehicles,auto
۰۹۳۵۲۸۰۴۹۹۰,فریدون‌کنار,fereydunkenar,vehicles,auto
۰۹۱۱۳۱۵۵۸۵۲,فریدون‌کنار,fereydunkenar,vehicles,auto
۰۹۳۵۸۱۱۰۸۳۱,فریدون‌کنار,fereydunkenar,vehicles,auto
۰۹۱۲۰۶۹۴۱۰۲,فریدون‌کنار,fereydunkenar,vehicles,auto
۰۹۳۸۲۸۵۳۹۷۷,فریدون‌کنار,fereydunkenar,vehicles,auto
۰۹۱۲۰۳۳۸۴۳۲,فریدون‌کنار,fereydunkenar,vehicles,auto
۰۹۱۱۵۷۶۲۰۰۱,فریدون‌کنار,fereydunkenar,vehicles,auto
۰۹۱۲۴۴۴۱۹۱۵,فریدون‌کنار,fereydunkenar,vehicles,auto
۰۹۱۲۶۸۳۷۰۷۵,فریدون‌کنار,fereydunkenar,vehicles,auto
۰۹۱۱۹۱۱۴۲۸۷,فریدون‌کنار,fereydunkenar,vehicles,auto
۰۹۱۱۳۹۰۸۰۶۱,فریدون‌کنار,fereydunkenar,vehicles,auto
۰۹۳۹۴۵۰۲۰۰۹,فریدون‌کنار,fereydunkenar,vehicles,car-accessories
۰۹۳۰۹۲۷۹۸۲۵,فریدون‌کنار,fereydunkenar,vehicles,car-accessories
۰۹۱۱۳۷۷۲۷۹۳,فریدون‌کنار,fereydunkenar,vehicles,car-accessories
۰۹۱۱۷۸۴۴۵۹۸,فریدون‌کنار,fereydunkenar,vehicles,car-accessories
۰۹۱۱۲۱۲۵۳۷۲,فریدون‌کنار,fereydunkenar,vehicles,car-accessories
۰۹۳۵۵۴۴۲۷۵۳,فریدون‌کنار,fereydunkenar,vehicles,car-accessories
۰۹۰۱۷۷۲۴۹۲۳,فریدون‌کنار,fereydunkenar,vehicles,car-accessories
۰۹۰۱۷۷۲۴۹۲۳,فریدون‌کنار,fereydunkenar,vehicles,car-accessories
۰۹۰۱۶۹۲۵۰۵۸,فریدون‌کنار,fereydunkenar,vehicles,motorcycles
۰۹۱۱۲۸۲۷۵۸۸,فریدون‌کنار,fereydunkenar,vehicles,motorcycles
۰۹۱۱۲۸۲۷۵۸۸,فریدون‌کنار,fereydunkenar,vehicles,motorcycles
۰۹۱۱۲۸۲۷۵۸۸,فریدون‌کنار,fereydunkenar,vehicles,motorcycles
۰۹۱۱۴۲۹۰۵۹۷,فریدون‌کنار,fereydunkenar,vehicles,motorcycles
۰۹۱۱۴۲۹۰۵۹۷,فریدون‌کنار,fereydunkenar,vehicles,motorcycles
۰۹۳۵۸۹۷۸۴۲۱,فریدون‌کنار,fereydunkenar,vehicles,motorcycles
۰۹۱۱۴۳۷۶۳۹۲,فریدون‌کنار,fereydunkenar,vehicles,motorcycles
۰۹۱۱۷۸۳۱۶۷۶,فریدون‌کنار,fereydunkenar,vehicles,motorcycles
۰۹۱۱۳۱۶۶۳۲۲,فریدون‌کنار,fereydunkenar,electronic-devices,mobile-tablet
۰۹۳۸۸۷۷۶۲۴۹,فریدون‌کنار,fereydunkenar,electronic-devices,mobile-tablet
۰۹۳۸۸۷۷۶۲۴۹,فریدون‌کنار,fereydunkenar,electronic-devices,mobile-tablet
۰۹۳۸۸۷۷۶۲۴۹,فریدون‌کنار,fereydunkenar,electronic-devices,mobile-tablet
(پنهان‌شده؛ چت کنید),فریدون‌کنار,fereydunkenar,electronic-devices,mobile-tablet
۰۹۹۰۴۹۹۰۲۲۸,فریدون‌کنار,fereydunkenar,electronic-devices,mobile-tablet
۰۹۱۱۶۸۲۲۵۸۹,فریدون‌کنار,fereydunkenar,electronic-devices,mobile-tablet
(پنهان‌شده؛ چت کنید),فریدون‌کنار,fereydunkenar,electronic-devices,mobile-tablet
۰۹۳۸۲۷۱۴۹۴۳,فریدون‌کنار,fereydunkenar,electronic-devices,mobile-tablet
۰۹۳۶۵۷۹۹۰۳۸,فریدون‌کنار,fereydunkenar,electronic-devices,mobile-tablet
۰۹۳۳۱۴۲۶۵۶۹,فریدون‌کنار,fereydunkenar,electronic-devices,mobile-tablet
۰۹۱۱۹۱۴۶۵۶۱,فریدون‌کنار,fereydunkenar,electronic-devices,mobile-tablet
۰۹۱۱۲۱۸۸۷۲۳,فریدون‌کنار,fereydunkenar,electronic-devices,mobile-tablet
۰۹۰۱۰۹۰۱۳۲۴,فریدون‌کنار,fereydunkenar,electronic-devices,mobile-tablet
۰۹۳۳۴۴۴۲۱۷۴,فریدون‌کنار,fereydunkenar,electronic-devices,mobile-tablet
۰۹۳۸۱۳۵۳۷۷۰,فریدون‌کنار,fereydunkenar,electronic-devices,mobile-tablet
۰۹۱۲۰۳۳۵۴۴۳,فریدون‌کنار,fereydunkenar,electronic-devices,mobile-tablet
۰۹۱۱۹۰۱۸۹۵۲,فریدون‌کنار,fereydunkenar,electronic-devices,mobile-tablet
۰۹۲۱۱۹۷۱۰۲۱,فریدون‌کنار,fereydunkenar,electronic-devices,mobile-tablet
۰۹۲۱۱۹۷۱۰۲۱,فریدون‌کنار,fereydunkenar,electronic-devices,mobile-tablet
۰۹۱۱۷۵۲۵۲۸۴,فریدون‌کنار,fereydunkenar,electronic-devices,mobile-tablet
۰۹۰۳۹۲۳۷۴۸۲,فریدون‌کنار,fereydunkenar,electronic-devices,mobile-tablet
۰۹۲۱۵۹۹۸۳۵۸,فریدون‌کنار,fereydunkenar,electronic-devices,mobile-tablet
۰۹۰۳۳۰۶۰۲۹۲,فریدون‌کنار,fereydunkenar,electronic-devices,computers
۰۹۳۷۸۶۰۸۴۳۵,فریدون‌کنار,fereydunkenar,electronic-devices,computers
۰۹۱۱۲۱۲۶۷۴۳,فریدون‌کنار,fereydunkenar,electronic-devices,game-consoles
۰۹۱۲۹۴۷۸۴۵۱,فریدون‌کنار,fereydunkenar,electronic-devices,game-consoles
۰۹۱۷۸۵۸۲۲۱۲,فریدون‌کنار,fereydunkenar,electronic-devices,video-audio-device
۰۹۳۵۹۱۰۹۰۹۳,فریدون‌کنار,fereydunkenar,electronic-devices,video-audio-device
(پنهان‌شده؛ چت کنید),فریدون‌کنار,fereydunkenar,electronic-devices,video-audio-device
۰۹۳۵۹۱۰۹۰۹۳,فریدون‌کنار,fereydunkenar,electronic-devices,video-audio-device
۰۹۱۹۴۷۲۴۸۲۱,فریدون‌کنار,fereydunkenar,home-and-kitchen,home-decor-furniture
۰۹۱۹۴۷۲۴۸۲۱,فریدون‌کنار,fereydunkenar,home-and-kitchen,home-decor-furniture
۰۹۱۹۴۷۲۴۸۲۱,فریدون‌کنار,fereydunkenar,home-and-kitchen,home-decor-furniture
۰۹۱۹۴۷۲۴۸۲۱,فریدون‌کنار,fereydunkenar,home-and-kitchen,home-decor-furniture
۰۹۰۳۰۱۰۵۴۷۵,فریدون‌کنار,fereydunkenar,home-and-kitchen,home-decor-furniture
۰۹۰۳۰۱۰۵۴۷۵,فریدون‌کنار,fereydunkenar,home-and-kitchen,home-decor-furniture
۰۹۳۹۹۶۰۵۳۹۲,فریدون‌کنار,fereydunkenar,home-and-kitchen,home-decor-furniture
۰۹۱۲۳۴۵۴۶۹۸,فریدون‌کنار,fereydunkenar,home-and-kitchen,home-decor-furniture
۰۹۱۱۷۷۶۶۸۸۳,فریدون‌کنار,fereydunkenar,home-and-kitchen,home-decor-furniture
۰۹۱۱۶۳۳۶۵۵۷,فریدون‌کنار,fereydunkenar,home-and-kitchen,home-decor-furniture
۰۹۳۶۳۹۰۱۴۸۴,فریدون‌کنار,fereydunkenar,home-and-kitchen,home-decor-furniture
۰۹۱۱۱۱۶۴۰۳۵,فریدون‌کنار,fereydunkenar,home-and-kitchen,home-decor-furniture
۰۹۳۰۵۱۴۵۹۸۰,فریدون‌کنار,fereydunkenar,home-and-kitchen,home-decor-furniture
۰۹۳۰۵۱۴۵۹۸۰,فریدون‌کنار,fereydunkenar,home-and-kitchen,home-decor-furniture
۰۹۰۵۹۸۰۹۱۰۰,فریدون‌کنار,fereydunkenar,home-and-kitchen,home-decor-furniture
۰۹۹۰۱۶۱۶۹۹۵,فریدون‌کنار,fereydunkenar,home-and-kitchen,home-decor-furniture
۰۹۱۱۵۸۱۶۲۲۰,فریدون‌کنار,fereydunkenar,home-and-kitchen,home-decor-furniture
۰۹۳۵۳۱۵۵۰۹۶,فریدون‌کنار,fereydunkenar,home-and-kitchen,home-decor-furniture
۰۹۳۸۶۱۷۰۹۴۰,فریدون‌کنار,fereydunkenar,home-and-kitchen,home-decor-furniture
۰۹۱۱۲۱۲۵۲۴۰,فریدون‌کنار,fereydunkenar,home-and-kitchen,home-decor-furniture
۰۹۱۹۶۳۲۵۷۱۸,فریدون‌کنار,fereydunkenar,home-and-kitchen,home-decor-furniture
۰۹۱۱۴۷۱۵۱۱۷,فریدون‌کنار,fereydunkenar,home-and-kitchen,home-decor-furniture
۰۹۱۲۴۸۷۳۳۷۲,فریدون‌کنار,fereydunkenar,home-and-kitchen,home-decor-furniture
۰۹۳۸۲۳۸۹۳۸۳,فریدون‌کنار,fereydunkenar,home-and-kitchen,home-decor-furniture
۰۹۳۹۹۶۰۵۳۹۲,فریدون‌کنار,fereydunkenar,home-and-kitchen,kitchen-appliances
(پنهان‌شده؛ چت کنید),فریدون‌کنار,fereydunkenar,home-and-kitchen,kitchen-appliances
(پنهان‌شده؛ چت کنید),فریدون‌کنار,fereydunkenar,home-and-kitchen,kitchen-appliances
(پنهان‌شده؛ چت کنید),فریدون‌کنار,fereydunkenar,home-and-kitchen,kitchen-appliances
۰۹۹۱۰۵۱۶۶۱۵,فریدون‌کنار,fereydunkenar,home-and-kitchen,kitchen-appliances
۰۹۳۵۹۱۱۵۶۶۷,فریدون‌کنار,fereydunkenar,home-and-kitchen,kitchen-appliances
۰۹۱۹۳۱۱۵۵۶۵,فریدون‌کنار,fereydunkenar,home-and-kitchen,kitchen-appliances
۰۹۳۰۲۱۵۲۵۱۷,فریدون‌کنار,fereydunkenar,home-and-kitchen,kitchen-appliances
۰۹۳۶۴۹۸۷۲۱۰,فریدون‌کنار,fereydunkenar,home-and-kitchen,kitchen-appliances
۰۹۳۶۴۹۸۷۲۱۰,فریدون‌کنار,fereydunkenar,home-and-kitchen,kitchen-appliances
۰۹۱۹۴۷۲۴۸۲۱,فریدون‌کنار,fereydunkenar,home-and-kitchen,building-garden
۰۹۱۱۳۲۷۰۶۶۹,فریدون‌کنار,fereydunkenar,home-and-kitchen,building-garden
۰۹۱۹۴۷۲۴۸۲۱,فریدون‌کنار,fereydunkenar,home-and-kitchen,building-garden
۰۹۱۷۰۲۶۸۰۵۲,فریدون‌کنار,fereydunkenar,home-and-kitchen,building-garden
۰۹۱۲۴۸۷۳۳۷۲,فریدون‌کنار,fereydunkenar,home-and-kitchen,building-garden
۰۹۳۶۰۲۱۳۵۷۴,فریدون‌کنار,fereydunkenar,home-and-kitchen,building-garden
۰۹۰۵۷۳۹۳۸۲۳,فریدون‌کنار,fereydunkenar,home-and-kitchen,building-garden
۰۹۱۱۵۹۰۳۸۷۸,فریدون‌کنار,fereydunkenar,home-and-kitchen,building-garden
۰۹۳۰۳۹۴۲۰۰۷,فریدون‌کنار,fereydunkenar,home-and-kitchen,building-garden
(پنهان‌شده؛ چت کنید),فریدون‌کنار,fereydunkenar,home-and-kitchen,building-garden
۰۹۳۹۰۴۷۴۰۶۰,فریدون‌کنار,fereydunkenar,services,catering-services
۰۹۳۶۹۱۲۲۷۵۳,فریدون‌کنار,fereydunkenar,services,catering-services
۰۹۰۵۴۳۲۹۸۱۹,فریدون‌کنار,fereydunkenar,services,technology-services
۰۹۰۵۴۳۲۹۸۱۹,فریدون‌کنار,fereydunkenar,services,technology-services
۰۹۰۵۴۳۲۹۸۱۹,فریدون‌کنار,fereydunkenar,services,technology-services
۰۹۰۵۴۳۲۹۸۱۹,فریدون‌کنار,fereydunkenar,services,technology-services
۰۹۲۱۱۹۷۱۰۲۱,فریدون‌کنار,fereydunkenar,services,technology-services
۰۹۳۳۶۴۷۳۵۸۵,فریدون‌کنار,fereydunkenar,services,technology-services
۰۹۰۵۴۳۲۹۸۱۸,فریدون‌کنار,fereydunkenar,services,technology-services
۰۹۹۰۵۳۸۶۴۷۵,فریدون‌کنار,fereydunkenar,services,financial-services
۰۹۳۹۸۳۲۷۶۶۷,فریدون‌کنار,fereydunkenar,services,financial-services
۰۹۹۲۷۸۸۱۴۰۹,فریدون‌کنار,fereydunkenar,services,financial-services
۰۹۳۶۲۰۹۰۵۳۷,فریدون‌کنار,fereydunkenar,services,transport-logistic-services
۰۹۳۶۲۰۹۰۵۳۷,فریدون‌کنار,fereydunkenar,services,transport-logistic-services
۰۹۱۱۶۹۵۱۶۵۴,فریدون‌کنار,fereydunkenar,services,transport-logistic-services
۰۹۳۵۶۴۳۵۷۶۳,فریدون‌کنار,fereydunkenar,services,transport-logistic-services
۰۹۳۶۲۰۹۰۵۳۷,فریدون‌کنار,fereydunkenar,services,craft-skill-services
۰۹۳۶۲۰۹۰۵۳۷,فریدون‌کنار,fereydunkenar,services,craft-skill-services
۰۹۳۶۲۰۹۰۵۳۷,فریدون‌کنار,fereydunkenar,services,craft-skill-services
۰۹۳۶۲۰۹۰۵۳۷,فریدون‌کنار,fereydunkenar,services,craft-skill-services
۰۹۳۶۲۰۹۰۵۳۷,فریدون‌کنار,fereydunkenar,services,craft-skill-services
۰۹۳۶۲۰۹۰۵۳۷,فریدون‌کنار,fereydunkenar,services,craft-skill-services
۰۹۳۶۲۰۹۰۵۳۷,فریدون‌کنار,fereydunkenar,services,craft-skill-services
۰۹۳۶۲۰۹۰۵۳۷,فریدون‌کنار,fereydunkenar,services,craft-skill-services
۰۹۳۶۲۰۹۰۵۳۷,فریدون‌کنار,fereydunkenar,services,craft-skill-services
۰۹۳۶۲۰۹۰۵۳۷,فریدون‌کنار,fereydunkenar,services,craft-skill-services
۰۹۳۵۷۵۳۲۲۷۷,فریدون‌کنار,fereydunkenar,services,craft-skill-services
۰۹۱۱۹۱۰۹۱۷۴,فریدون‌کنار,fereydunkenar,services,craft-skill-services
۰۹۳۶۷۴۴۶۱۲۲,فریدون‌کنار,fereydunkenar,services,craft-skill-services
۰۹۳۵۷۷۱۸۳۱۴,فریدون‌کنار,fereydunkenar,services,craft-skill-services
۰۹۳۶۲۰۹۰۵۳۷,فریدون‌کنار,fereydunkenar,services,gardening-services
۰۹۱۱۹۱۱۴۲۵۲,فریدون‌کنار,fereydunkenar,services,gardening-services
۰۹۳۰۳۹۴۲۰۰۷,فریدون‌کنار,fereydunkenar,services,gardening-services
۰۹۳۰۱۱۲۹۲۹۷,فریدون‌کنار,fereydunkenar,services,gardening-services
۰۹۱۱۳۵۳۲۳۲۱,فریدون‌کنار,fereydunkenar,services,teaching-services
۰۹۹۹۱۴۸۲۵۵۸,فریدون‌کنار,fereydunkenar,services,teaching-services
۰۹۹۲۷۶۰۵۳۸۰,فریدون‌کنار,fereydunkenar,personal-goods,apparel
۰۹۹۲۷۷۸۴۵۹۳,فریدون‌کنار,fereydunkenar,personal-goods,apparel
۰۹۲۲۵۰۵۲۶۵۸,فریدون‌کنار,fereydunkenar,personal-goods,apparel
۰۹۱۱۹۱۵۳۱۷۱,فریدون‌کنار,fereydunkenar,personal-goods,apparel
۰۹۱۱۹۱۵۳۱۷۱,فریدون‌کنار,fereydunkenar,personal-goods,apparel
۰۹۹۱۰۲۳۱۶۷۱,فریدون‌کنار,fereydunkenar,personal-goods,apparel
۰۹۱۸۴۱۰۲۳۱۷,فریدون‌کنار,fereydunkenar,personal-goods,apparel
۰۹۳۹۳۶۳۷۸۱۱,فریدون‌کنار,fereydunkenar,personal-goods,apparel
۰۹۹۱۰۴۶۶۹۴۳,فریدون‌کنار,fereydunkenar,personal-goods,apparel
۰۹۹۱۰۴۶۶۹۴۳,فریدون‌کنار,fereydunkenar,personal-goods,apparel
۰۹۰۵۶۵۱۹۹۰۳,فریدون‌کنار,fereydunkenar,personal-goods,apparel
۰۹۱۹۹۱۵۰۹۸۷,فریدون‌کنار,fereydunkenar,personal-goods,child-products
(پنهان‌شده؛ چت کنید),فریدون‌کنار,fereydunkenar,personal-goods,child-products
۰۹۹۱۰۹۸۲۷۸۳,فریدون‌کنار,fereydunkenar,entertainment,tours
۰۹۹۱۰۴۶۶۹۴۳,فریدون‌کنار,fereydunkenar,entertainment,publication
۰۹۳۸۸۷۷۶۲۴۹,فریدون‌کنار,fereydunkenar,entertainment,bike-skate-scooter
۰۹۱۱۳۱۵۳۷۴۴,فریدون‌کنار,fereydunkenar,entertainment,pets-animals
۰۹۱۱۳۱۸۸۸۶۸,فریدون‌کنار,fereydunkenar,entertainment,pets-animals
۰۹۱۱۵۹۶۴۵۸۱,فریدون‌کنار,fereydunkenar,entertainment,pets-animals
(پنهان‌شده؛ چت کنید),فریدون‌کنار,fereydunkenar,entertainment,pets-animals
۰۹۳۶۸۴۷۷۲۵۲,فریدون‌کنار,fereydunkenar,entertainment,pets-animals
۰۹۲۱۲۶۸۲۵۸۲,فریدون‌کنار,fereydunkenar,entertainment,pets-animals
۰۹۱۱۹۰۸۷۸۷۶,فریدون‌کنار,fereydunkenar,entertainment,pets-animals
۰۹۳۰۲۱۵۲۵۱۷,فریدون‌کنار,fereydunkenar,entertainment,collecting
۰۹۱۱۲۱۰۲۰۸۷,فریدون‌کنار,fereydunkenar,entertainment,sport-entertainment
۰۹۳۸۰۵۳۵۳۷۷,فریدون‌کنار,fereydunkenar,entertainment,sport-entertainment
۰۹۳۵۱۰۹۳۲۴۲,فریدون‌کنار,fereydunkenar,entertainment,sport-entertainment
۰۹۱۲۳۴۴۸۲۲۴,فریدون‌کنار,fereydunkenar,entertainment,sport-entertainment
۰۹۹۲۳۲۴۹۳۶۵,فریدون‌کنار,fereydunkenar,social-services,event
۰۹۱۱۱۲۰۴۲۵۸,فریدون‌کنار,fereydunkenar,businesses,business-equipment
۰۹۳۶۴۲۷۳۵۲۴,فریدون‌کنار,fereydunkenar,businesses,business-equipment
۰۹۳۳۰۲۳۳۶۶۲,فریدون‌کنار,fereydunkenar,businesses,business-equipment
۰۹۳۶۳۱۱۷۹۰۱,فریدون‌کنار,fereydunkenar,businesses,business-equipment
۰۹۱۱۶۷۴۹۹۲۷,فریدون‌کنار,fereydunkenar,businesses,business-equipment
(پنهان‌شده؛ چت کنید),فریدون‌کنار,fereydunkenar,businesses,business-equipment
(پنهان‌شده؛ چت کنید),فریدون‌کنار,fereydunkenar,businesses,business-equipment
(پنهان‌شده؛ چت کنید),فریدون‌کنار,fereydunkenar,businesses,business-equipment
(پنهان‌شده؛ چت کنید),فریدون‌کنار,fereydunkenar,businesses,business-equipment
(پنهان‌شده؛ چت کنید),فریدون‌کنار,fereydunkenar,businesses,business-equipment
(پنهان‌شده؛ چت کنید),فریدون‌کنار,fereydunkenar,businesses,business-equipment
۰۹۹۲۴۹۶۰۸۹۱,فریدون‌کنار,fereydunkenar,businesses,business-equipment
۰۹۱۹۹۱۵۰۹۸۷,فریدون‌کنار,fereydunkenar,businesses,business-equipment
۰۹۲۱۶۵۳۳۴۰۱,فریدون‌کنار,fereydunkenar,businesses,business-equipment
۰۹۱۱۹۰۷۸۵۲۸,فریدون‌کنار,fereydunkenar,businesses,business-equipment
۰۹۳۸۱۹۱۰۸۸۶,فریدون‌کنار,fereydunkenar,businesses,business-equipment
۰۹۳۹۵۶۶۵۷۰۰,فریدون‌کنار,fereydunkenar,businesses,business-equipment
۰۹۱۲۰۲۵۸۸۶۴,فریدون‌کنار,fereydunkenar,businesses,business-equipment
۰۹۳۸۷۷۴۲۳۳۱,فریدون‌کنار,fereydunkenar,businesses,business-equipment
۰۹۰۲۰۵۵۲۲۵۷,فریدون‌کنار,fereydunkenar,businesses,business-equipment
۰۹۲۲۹۵۶۵۱۶۴,فریدون‌کنار,fereydunkenar,businesses,business-equipment
۰۹۳۹۱۵۰۴۴۳۴,فریدون‌کنار,fereydunkenar,businesses,wholesale
۰۹۹۱۷۱۳۳۵۲۶,فریدون‌کنار,fereydunkenar,businesses,wholesale
۰۹۱۱۶۹۴۳۴۹۰,فریدون‌کنار,fereydunkenar,businesses,wholesale
۰۹۳۳۵۰۸۹۱۴۶,فریدون‌کنار,fereydunkenar,businesses,wholesale
۰۹۱۱۵۲۴۴۷۹۸,فریدون‌کنار,fereydunkenar,businesses,wholesale
۰۹۹۰۶۵۱۷۳۴۰,فریدون‌کنار,fereydunkenar,businesses,wholesale
۰۹۳۸۱۵۴۶۱۳۹,فریدون‌کنار,fereydunkenar,businesses,wholesale
۰۹۰۱۹۷۴۰۵۱۱,فریدون‌کنار,fereydunkenar,businesses,wholesale
۰۹۱۱۲۱۲۸۳۱۵,فریدون‌کنار,fereydunkenar,businesses,wholesale
۰۹۳۵۱۱۷۸۸۳۴,فریدون‌کنار,fereydunkenar,businesses,wholesale
(پنهان‌شده؛ چت کنید),فریدون‌کنار,fereydunkenar,businesses,wholesale
۰۹۰۲۳۱۴۲۰۱۸,فریدون‌کنار,fereydunkenar,businesses,wholesale
۰۹۱۱۹۳۹۲۲۹۵,فریدون‌کنار,fereydunkenar,businesses,wholesale
۰۹۳۶۰۲۶۲۷۰۰,فریدون‌کنار,fereydunkenar,businesses,wholesale
۰۹۰۱۹۷۳۰۴۱۳,فریدون‌کنار,fereydunkenar,businesses,wholesale
۰۹۱۱۴۴۰۴۰۹۳,فریدون‌کنار,fereydunkenar,businesses,wholesale
۰۹۱۱۹۲۴۶۵۳۷,فریدون‌کنار,fereydunkenar,businesses,wholesale
۰۹۱۴۷۳۴۷۲۷۷,فریدون‌کنار,fereydunkenar,businesses,wholesale
۰۹۲۲۱۵۳۲۶۹۳,فریدون‌کنار,fereydunkenar,businesses,wholesale
۰۹۹۰۷۶۰۹۲۷۰,فریدون‌کنار,fereydunkenar,businesses,wholesale
۰۹۱۱۲۱۰۱۰۵۰,فریدون‌کنار,fereydunkenar,businesses,wholesale
۰۹۳۸۳۲۴۰۰۷۳,فریدون‌کنار,fereydunkenar,businesses,wholesale
۰۹۳۵۸۲۷۹۳۶۶,فریدون‌کنار,fereydunkenar,businesses,wholesale
۰۹۰۳۹۷۳۶۶۵۷,فریدون‌کنار,fereydunkenar,businesses,wholesale
