۰۹۱۲۴۳۳۹۱۳۶,فومن,fuman,jobs,janitorial-jobs
۰۹۱۲۲۵۵۰۴۱۷,فومن,fuman,jobs,janitorial-jobs
۰۹۰۵۵۱۹۵۶۷۷,فومن,fuman,jobs,service-jobs
۰۹۱۲۲۹۳۵۲۰۸,فومن,fuman,jobs,service-jobs
۰۹۱۹۰۱۳۱۳۴۴,فومن,fuman,jobs,service-jobs
۰۹۱۲۲۹۳۵۲۰۸,فومن,fuman,jobs,it-computer-jobs
۰۹۱۲۲۷۹۸۱۲۵,فومن,fuman,jobs,marketing-jobs
۰۹۹۱۴۶۷۴۵۲۸,فومن,fuman,jobs,transport-delivery-jobs
۰۹۳۰۱۱۰۱۶۱۲,فومن,fuman,real-estate,buy-residential
۰۹۳۵۱۴۱۲۴۱۷,فومن,fuman,real-estate,buy-residential
۰۹۱۲۵۹۶۱۲۴۹,فومن,fuman,real-estate,buy-residential
۰۹۱۰۱۴۱۱۰۲۱,فومن,fuman,real-estate,buy-residential
۰۹۳۵۴۱۱۰۲۶۸,فومن,fuman,real-estate,buy-residential
۰۹۱۱۷۶۵۷۵۲۵,فومن,fuman,real-estate,buy-residential
۰۹۱۲۰۶۳۰۶۵۰,فومن,fuman,real-estate,buy-residential
۰۹۳۹۳۴۷۱۸۷۴,فومن,fuman,real-estate,buy-residential
۰۹۱۹۱۲۷۱۵۵۸,فومن,fuman,real-estate,buy-residential
۰۹۳۹۳۴۷۱۸۷۴,فومن,fuman,real-estate,buy-residential
۰۹۳۰۹۲۷۹۳۴۷,فومن,fuman,real-estate,buy-residential
۰۹۱۱۹۳۰۸۳۲۴,فومن,fuman,real-estate,buy-residential
۰۹۹۱۰۵۲۳۱۹۶,فومن,fuman,real-estate,buy-residential
۰۹۱۹۰۷۱۴۴۱۶,فومن,fuman,real-estate,buy-residential
۰۹۳۰۳۷۱۲۷۲۳,فومن,fuman,real-estate,buy-residential
۰۹۱۹۰۷۱۴۴۱۶,فومن,fuman,real-estate,buy-residential
۰۹۱۱۳۳۸۸۸۴۷,فومن,fuman,real-estate,buy-residential
۰۹۰۳۸۹۴۰۸۷۳,فومن,fuman,real-estate,buy-residential
۰۹۳۷۲۲۲۸۶۵۸,فومن,fuman,real-estate,buy-residential
۰۹۱۱۳۳۸۸۸۴۷,فومن,fuman,real-estate,buy-residential
۰۹۳۹۳۴۷۱۸۷۴,فومن,fuman,real-estate,buy-residential
۰۹۱۱۸۲۶۵۹۷۳,فومن,fuman,real-estate,buy-residential
۰۹۲۱۱۱۴۷۲۶۵,فومن,fuman,real-estate,buy-residential
۰۹۱۱۹۲۷۹۷۸۷,فومن,fuman,real-estate,buy-residential
۰۹۱۱۹۳۲۷۹۲۳,فومن,fuman,real-estate,buy-residential
۰۹۱۱۴۳۶۹۶۱۱,فومن,fuman,real-estate,buy-residential
۰۹۳۶۱۸۴۳۰۵۱,فومن,fuman,real-estate,buy-residential
۰۹۱۹۱۲۷۱۵۵۸,فومن,fuman,real-estate,buy-residential
۰۹۱۱۸۰۸۰۱۸۸,فومن,fuman,real-estate,buy-residential
۰۹۱۱۷۶۵۷۵۲۵,فومن,fuman,real-estate,buy-residential
۰۹۱۱۲۳۳۸۳۴۹,فومن,fuman,real-estate,buy-residential
۰۹۱۹۱۲۷۱۵۵۸,فومن,fuman,real-estate,buy-residential
۰۹۳۶۳۸۷۳۰۳۳,فومن,fuman,real-estate,buy-residential
۰۹۱۱۷۱۹۴۰۱۵,فومن,fuman,real-estate,buy-residential
۰۹۱۹۱۲۷۱۵۵۸,فومن,fuman,real-estate,buy-residential
۰۹۱۱۱۳۱۸۰۳۷,فومن,fuman,real-estate,buy-residential
۰۹۱۱۹۸۶۵۴۹۵,فومن,fuman,real-estate,buy-residential
۰۹۱۱۲۳۶۲۵۸۵,فومن,fuman,real-estate,buy-residential
۰۹۳۹۳۴۷۱۸۷۴,فومن,fuman,real-estate,buy-residential
۰۹۱۱۸۸۸۰۷۵۲,فومن,fuman,real-estate,buy-residential
۰۹۱۱۶۱۱۲۳۸۴,فومن,fuman,real-estate,buy-residential
۰۹۱۱۶۱۳۳۷۱۷,فومن,fuman,real-estate,buy-residential
۰۹۱۰۴۷۱۰۸۰۸,فومن,fuman,real-estate,buy-residential
۰۹۳۵۳۷۷۶۷۴۱,فومن,fuman,real-estate,buy-residential
۰۹۱۱۳۳۸۸۸۴۷,فومن,fuman,real-estate,buy-residential
۰۹۳۰۰۹۷۹۱۳۴,فومن,fuman,real-estate,buy-residential
۰۹۳۹۳۴۷۱۸۷۴,فومن,fuman,real-estate,buy-residential
۰۹۳۹۳۴۷۱۸۷۴,فومن,fuman,real-estate,buy-residential
۰۹۱۹۱۲۷۱۵۵۸,فومن,fuman,real-estate,buy-residential
۰۹۳۹۳۴۷۱۸۷۴,فومن,fuman,real-estate,buy-residential
۰۹۱۱۶۲۹۰۵۹۴,فومن,fuman,real-estate,buy-residential
۰۹۱۱۶۳۰۶۸۱۸,فومن,fuman,real-estate,buy-residential
۰۹۱۰۶۸۵۸۸۷۶,فومن,fuman,real-estate,buy-residential
۰۹۳۶۱۸۴۳۰۵۱,فومن,fuman,real-estate,buy-residential
۰۹۱۰۶۸۵۸۸۷۶,فومن,fuman,real-estate,buy-residential
۰۹۱۲۲۰۳۰۵۹۵,فومن,fuman,real-estate,buy-residential
۰۹۳۹۰۶۳۹۸۹۸,فومن,fuman,real-estate,buy-residential
۰۹۳۹۰۶۳۹۸۹۸,فومن,fuman,real-estate,buy-residential
۰۹۳۵۱۸۶۳۶۷۶,فومن,fuman,real-estate,buy-residential
۰۹۱۹۳۲۵۴۰۴۵,فومن,fuman,real-estate,buy-residential
۰۹۳۹۹۸۸۱۵۰۵,فومن,fuman,real-estate,buy-residential
۰۹۱۲۶۷۵۵۱۶۷,فومن,fuman,real-estate,buy-residential
۰۹۱۱۲۳۳۸۳۴۹,فومن,fuman,real-estate,buy-residential
۰۹۱۱۷۶۵۷۵۲۵,فومن,fuman,real-estate,buy-residential
۰۹۱۹۲۴۰۴۶۲۹,فومن,fuman,real-estate,buy-residential
۰۹۱۱۲۳۳۸۳۴۹,فومن,fuman,real-estate,buy-residential
۰۹۱۱۲۳۳۸۳۴۹,فومن,fuman,real-estate,buy-residential
۰۹۱۱۵۰۰۸۲۷۷,فومن,fuman,real-estate,buy-residential
۰۹۱۱۵۰۰۸۲۷۷,فومن,fuman,real-estate,buy-residential
۰۹۱۱۵۰۰۸۲۷۷,فومن,fuman,real-estate,buy-residential
۰۹۱۱۵۰۰۸۲۷۷,فومن,fuman,real-estate,buy-residential
۰۹۰۳۰۳۳۹۲۶۱,فومن,fuman,real-estate,rent-residential
۰۹۱۲۷۵۸۴۰۴۴,فومن,fuman,real-estate,rent-residential
۰۹۳۶۰۳۰۲۳۲۹,فومن,fuman,real-estate,rent-residential
۰۹۰۲۴۳۹۵۲۷۰,فومن,fuman,real-estate,rent-residential
۰۹۰۲۴۳۹۵۲۷۰,فومن,fuman,real-estate,rent-residential
۰۹۱۱۵۰۰۸۲۷۷,فومن,fuman,real-estate,rent-residential
۰۹۱۱۵۰۰۸۲۷۷,فومن,fuman,real-estate,rent-residential
۰۹۰۱۳۰۸۶۶۱۶,فومن,fuman,real-estate,rent-residential
۰۹۰۳۵۸۶۴۴۳۳,فومن,fuman,real-estate,rent-residential
۰۹۱۹۱۲۷۱۵۵۸,فومن,fuman,real-estate,rent-residential
۰۹۳۷۰۸۱۰۳۸۷,فومن,fuman,real-estate,rent-residential
۰۹۱۱۱۴۸۲۸۱۶,فومن,fuman,real-estate,rent-residential
۰۹۱۱۳۳۸۸۸۴۷,فومن,fuman,real-estate,rent-residential
۰۹۱۱۳۳۲۵۵۲۷,فومن,fuman,real-estate,rent-residential
۰۹۱۱۳۳۶۷۶۵۰,فومن,fuman,real-estate,rent-residential
۰۹۱۹۱۲۷۱۵۵۸,فومن,fuman,real-estate,rent-residential
۰۹۱۹۱۲۷۱۵۵۸,فومن,fuman,real-estate,rent-residential
۰۹۱۹۱۲۷۱۵۵۸,فومن,fuman,real-estate,rent-residential
۰۹۱۲۴۶۲۹۱۹۹,فومن,fuman,real-estate,rent-residential
۰۹۳۶۳۴۳۲۹۶۷,فومن,fuman,real-estate,rent-residential
۰۹۰۳۰۳۳۹۲۶۱,فومن,fuman,real-estate,rent-residential
۰۹۱۱۲۳۳۸۳۴۹,فومن,fuman,real-estate,rent-residential
۰۹۳۹۳۴۷۱۸۷۴,فومن,fuman,real-estate,rent-residential
۰۹۱۱۷۱۹۴۰۱۵,فومن,fuman,real-estate,rent-residential
۰۹۰۳۹۶۷۸۶۸۸,فومن,fuman,real-estate,rent-residential
۰۹۰۱۳۱۸۱۸۸۵,فومن,fuman,real-estate,rent-residential
۰۹۱۹۱۲۷۱۵۵۸,فومن,fuman,real-estate,rent-residential
۰۹۱۱۸۳۸۳۳۴۲,فومن,fuman,real-estate,rent-residential
۰۹۹۰۰۲۷۹۰۱۸,فومن,fuman,real-estate,rent-residential
۰۹۹۰۵۰۱۰۴۱۲,فومن,fuman,real-estate,rent-residential
۰۹۱۱۷۱۹۴۰۱۵,فومن,fuman,real-estate,rent-residential
۰۹۱۱۳۳۸۸۸۴۷,فومن,fuman,real-estate,rent-residential
۰۹۱۳۵۷۲۲۴۹۸,فومن,fuman,real-estate,rent-residential
۰۹۱۱۳۳۶۳۳۸۶,فومن,fuman,real-estate,rent-residential
۰۹۱۱۳۳۸۸۸۴۷,فومن,fuman,real-estate,rent-residential
۰۹۱۱۹۴۰۱۱۷۰,فومن,fuman,real-estate,rent-residential
۰۹۳۹۰۴۸۴۲۵۶,فومن,fuman,real-estate,rent-residential
۰۹۳۶۶۶۹۹۹۰۶,فومن,fuman,real-estate,rent-residential
۰۹۳۹۳۴۷۱۸۷۴,فومن,fuman,real-estate,rent-residential
۰۹۳۹۳۴۷۱۸۷۴,فومن,fuman,real-estate,rent-residential
۰۹۱۱۳۳۵۵۲۲۷,فومن,fuman,real-estate,rent-residential
۰۹۱۱۷۵۸۱۶۳۰,فومن,fuman,real-estate,rent-residential
۰۹۱۲۹۷۳۲۴۱۸,فومن,fuman,real-estate,rent-residential
۰۹۱۱۳۳۸۸۸۴۷,فومن,fuman,real-estate,rent-residential
۰۹۱۱۹۳۵۵۳۲۳,فومن,fuman,real-estate,rent-residential
۰۹۳۶۳۹۴۱۰۷۹,فومن,fuman,real-estate,rent-residential
۰۹۱۹۱۲۷۱۵۵۸,فومن,fuman,real-estate,rent-residential
۰۹۱۱۱۳۱۸۰۳۷,فومن,fuman,real-estate,buy-commercial-property
۰۹۱۲۷۴۷۹۱۲۱,فومن,fuman,real-estate,buy-commercial-property
۰۹۹۰۱۲۸۶۳۶۹,فومن,fuman,real-estate,buy-commercial-property
۰۹۳۵۵۹۲۰۱۸۰,فومن,fuman,real-estate,buy-commercial-property
۰۹۱۱۳۳۲۰۶۴۱,فومن,fuman,real-estate,buy-commercial-property
۰۹۲۲۴۸۴۶۰۲۶,فومن,fuman,real-estate,buy-commercial-property
۰۹۰۱۱۰۸۷۷۷۰,فومن,fuman,real-estate,buy-commercial-property
۰۹۱۱۷۱۹۴۰۱۵,فومن,fuman,real-estate,buy-commercial-property
۰۹۱۹۱۴۷۶۱۴۲,فومن,fuman,real-estate,buy-commercial-property
۰۹۱۱۱۳۲۰۴۸۱,فومن,fuman,real-estate,buy-commercial-property
۰۹۰۳۵۲۷۶۱۳۹,فومن,fuman,real-estate,buy-commercial-property
۰۹۱۱۸۲۶۵۹۷۳,فومن,fuman,real-estate,buy-commercial-property
۰۹۱۱۲۳۴۵۸۱۲,فومن,fuman,real-estate,buy-commercial-property
۰۹۱۱۷۱۹۴۰۱۵,فومن,fuman,real-estate,buy-commercial-property
۰۹۳۹۸۰۲۷۲۱۴,فومن,fuman,real-estate,buy-commercial-property
۰۹۱۱۹۳۲۹۲۰۰,فومن,fuman,real-estate,buy-commercial-property
۰۹۱۹۱۲۷۱۵۵۸,فومن,fuman,real-estate,buy-commercial-property
۰۹۹۰۳۲۲۶۶۸۷,فومن,fuman,real-estate,buy-commercial-property
۰۹۱۱۱۳۹۶۷۹۳,فومن,fuman,real-estate,buy-commercial-property
۰۹۳۵۱۸۶۴۰۵۱,فومن,fuman,real-estate,buy-commercial-property
۰۹۱۱۳۳۸۸۸۴۷,فومن,fuman,real-estate,buy-commercial-property
۰۹۱۲۶۶۰۰۴۸۷,فومن,fuman,real-estate,buy-commercial-property
۰۹۱۲۲۸۳۰۲۹۱,فومن,fuman,real-estate,buy-commercial-property
۰۹۱۲۱۹۰۹۲۲۰,فومن,fuman,real-estate,buy-commercial-property
۰۹۱۱۳۳۸۰۸۹۱,فومن,fuman,real-estate,buy-commercial-property
۰۹۱۱۳۳۸۰۸۹۱,فومن,fuman,real-estate,buy-commercial-property
۰۹۱۱۶۰۴۰۹۶۱,فومن,fuman,real-estate,buy-commercial-property
۰۹۹۰۱۲۸۶۳۶۹,فومن,fuman,real-estate,buy-commercial-property
۰۹۹۰۱۲۸۶۳۶۹,فومن,fuman,real-estate,buy-commercial-property
۰۹۱۱۲۸۲۵۷۸۰,فومن,fuman,real-estate,buy-commercial-property
۰۹۱۲۲۰۳۲۷۱۶,فومن,fuman,real-estate,buy-commercial-property
۰۹۱۹۵۹۴۲۳۱۳,فومن,fuman,real-estate,buy-commercial-property
۰۹۱۹۹۱۰۹۱۰۹,فومن,fuman,real-estate,buy-commercial-property
۰۹۱۱۷۶۱۲۲۸۰,فومن,fuman,real-estate,buy-commercial-property
۰۹۳۷۰۲۹۹۴۷۷,فومن,fuman,real-estate,buy-commercial-property
۰۹۱۱۲۳۸۴۸۴۰,فومن,fuman,real-estate,buy-commercial-property
۰۹۳۳۱۳۷۰۲۸۶,فومن,fuman,real-estate,buy-commercial-property
۰۹۹۰۱۲۸۶۳۶۹,فومن,fuman,real-estate,buy-commercial-property
۰۹۳۹۳۴۷۱۸۷۴,فومن,fuman,real-estate,rent-commercial-property
۰۹۱۱۳۳۹۱۴۲۵,فومن,fuman,real-estate,rent-commercial-property
۰۹۱۱۵۴۷۰۴۱۴,فومن,fuman,real-estate,rent-commercial-property
۰۹۱۱۲۳۲۶۵۹۷,فومن,fuman,real-estate,rent-commercial-property
۰۹۲۱۴۲۷۸۶۳۴,فومن,fuman,real-estate,rent-commercial-property
۰۹۱۲۴۶۲۹۱۹۹,فومن,fuman,real-estate,rent-commercial-property
۰۹۱۹۱۲۷۱۵۵۸,فومن,fuman,real-estate,rent-commercial-property
۰۹۱۲۲۰۳۲۷۱۶,فومن,fuman,real-estate,rent-commercial-property
۰۹۳۹۳۴۷۱۸۷۴,فومن,fuman,real-estate,rent-commercial-property
۰۹۱۹۱۲۷۱۵۵۸,فومن,fuman,real-estate,rent-commercial-property
۰۹۳۸۷۹۷۰۰۱۸,فومن,fuman,real-estate,rent-commercial-property
۰۹۱۲۱۹۰۹۲۲۰,فومن,fuman,real-estate,rent-commercial-property
۰۹۰۳۰۳۳۹۲۶۱,فومن,fuman,real-estate,rent-commercial-property
۰۹۱۹۸۰۷۸۸۱۶,فومن,fuman,real-estate,rent-commercial-property
۰۹۳۳۶۳۸۷۴۶۷,فومن,fuman,real-estate,rent-commercial-property
۰۹۱۱۳۳۲۰۸۵۵,فومن,fuman,real-estate,rent-temporary
۰۹۱۱۸۸۷۳۴۳۸,فومن,fuman,real-estate,rent-temporary
۰۹۱۱۲۳۸۳۵۲۷,فومن,fuman,real-estate,rent-temporary
۰۹۱۱۸۳۸۳۳۹۰,فومن,fuman,real-estate,rent-temporary
۰۹۱۱۸۸۷۳۴۳۸,فومن,fuman,real-estate,rent-temporary
۰۹۱۱۸۳۶۰۸۶۸,فومن,fuman,real-estate,rent-temporary
۰۹۱۱۴۳۴۱۰۷۱,فومن,fuman,real-estate,rent-temporary
۰۹۳۷۰۶۱۴۸۲۷,فومن,fuman,real-estate,rent-temporary
۰۹۰۳۵۸۶۴۴۳۳,فومن,fuman,real-estate,rent-temporary
۰۹۱۱۹۳۱۳۵۸۸,فومن,fuman,real-estate,rent-temporary
۰۹۱۱۳۳۸۰۹۵۲,فومن,fuman,real-estate,rent-temporary
۰۹۱۱۸۳۵۳۲۹۷,فومن,fuman,real-estate,rent-temporary
۰۹۱۱۳۳۷۲۱۶۸,فومن,fuman,real-estate,rent-temporary
۰۹۱۱۸۸۷۳۴۳۸,فومن,fuman,real-estate,rent-temporary
۰۹۱۱۸۸۷۳۴۳۸,فومن,fuman,real-estate,rent-temporary
۰۹۳۹۶۹۱۹۵۰۱,فومن,fuman,real-estate,rent-temporary
۰۹۱۱۴۵۲۱۳۴۰,فومن,fuman,real-estate,rent-temporary
۰۹۱۱۶۵۲۶۱۲۹,فومن,fuman,real-estate,rent-temporary
۰۹۳۷۰۶۱۴۸۲۷,فومن,fuman,real-estate,rent-temporary
۰۹۱۱۸۸۷۳۴۳۸,فومن,fuman,real-estate,rent-temporary
۰۹۱۱۴۵۲۱۳۴۰,فومن,fuman,real-estate,rent-temporary
۰۹۰۱۵۵۸۹۸۵۸,فومن,fuman,real-estate,rent-temporary
۰۹۱۱۵۰۶۴۱۸۵,فومن,fuman,real-estate,rent-temporary
۰۹۱۱۵۰۶۴۱۸۵,فومن,fuman,real-estate,rent-temporary
۰۹۰۱۵۵۸۹۸۵۸,فومن,fuman,real-estate,rent-temporary
۰۹۰۳۱۳۲۳۳۲۶,فومن,fuman,real-estate,rent-temporary
۰۹۱۱۶۰۷۵۰۲۰,فومن,fuman,real-estate,rent-temporary
۰۹۱۱۸۳۵۳۲۹۷,فومن,fuman,real-estate,rent-temporary
۰۹۰۳۵۸۶۴۴۳۳,فومن,fuman,real-estate,rent-temporary
۰۹۳۹۶۹۱۹۵۰۱,فومن,fuman,real-estate,rent-temporary
۰۹۳۹۶۹۱۹۵۰۱,فومن,fuman,real-estate,rent-temporary
۰۹۳۹۶۹۱۹۵۰۱,فومن,fuman,real-estate,rent-temporary
۰۹۰۳۸۶۰۳۷۸۸,فومن,fuman,real-estate,rent-temporary
۰۹۱۱۸۴۰۱۲۵۳,فومن,fuman,real-estate,rent-temporary
۰۹۱۱۹۳۶۲۰۱۷,فومن,fuman,real-estate,rent-temporary
۰۹۱۱۸۳۵۳۲۹۷,فومن,fuman,real-estate,rent-temporary
۰۹۱۰۱۰۳۳۳۷۰,فومن,fuman,real-estate,rent-temporary
۰۹۱۱۸۳۸۴۸۳۴,فومن,fuman,real-estate,rent-temporary
۰۹۰۵۹۵۱۳۴۱۱,فومن,fuman,real-estate,rent-temporary
۰۹۰۳۱۳۲۳۳۲۶,فومن,fuman,real-estate,rent-temporary
۰۹۱۱۶۳۰۴۰۱۹,فومن,fuman,real-estate,rent-temporary
۰۹۱۱۸۸۷۰۷۳۸,فومن,fuman,real-estate,rent-temporary
۰۹۳۷۵۲۰۲۵۱۳,فومن,fuman,real-estate,rent-temporary
۰۹۳۳۷۹۳۱۰۰۳,فومن,fuman,real-estate,rent-temporary
۰۹۰۳۴۳۲۶۸۷۳,فومن,fuman,real-estate,rent-temporary
۰۹۳۶۹۶۴۶۶۹۵,فومن,fuman,real-estate,rent-temporary
۰۹۱۱۸۳۰۷۴۱۲,فومن,fuman,real-estate,rent-temporary
۰۹۳۹۳۴۷۱۸۷۴,فومن,fuman,real-estate,real-estate-services
۰۹۱۵۷۰۸۷۰۷۹,فومن,fuman,real-estate,real-estate-services
۰۹۱۱۳۴۹۵۹۶۹,فومن,fuman,real-estate,real-estate-services
۰۹۳۷۷۹۹۹۲۶۸,فومن,fuman,real-estate,real-estate-services
۰۹۰۲۴۳۹۵۲۷۰,فومن,fuman,real-estate,real-estate-services
۰۹۱۹۴۲۳۳۴۲۵,فومن,fuman,real-estate,real-estate-services
۰۹۱۹۱۲۷۱۵۵۸,فومن,fuman,real-estate,real-estate-services
۰۹۱۱۶۰۴۰۰۱۴,فومن,fuman,real-estate,real-estate-services
۰۹۳۳۳۰۹۱۹۱۲,فومن,fuman,vehicles,auto
۰۹۱۱۷۳۹۲۶۱۱,فومن,fuman,vehicles,auto
۰۹۰۱۰۱۶۳۳۲۳,فومن,fuman,vehicles,auto
۰۹۱۱۱۳۷۸۸۱۷,فومن,fuman,vehicles,auto
۰۹۱۱۶۳۰۰۰۳۸,فومن,fuman,vehicles,auto
۰۹۳۶۷۲۵۳۱۷۲,فومن,fuman,vehicles,auto
۰۹۱۱۹۳۵۴۵۷۵,فومن,fuman,vehicles,auto
۰۹۱۴۵۹۷۴۸۹۰,فومن,fuman,vehicles,auto
۰۹۱۱۵۰۴۱۰۵۶,فومن,fuman,vehicles,auto
۰۹۱۱۹۴۰۱۴۰۲,فومن,fuman,vehicles,auto
۰۹۱۱۸۰۱۱۱۰۹,فومن,fuman,vehicles,auto
۰۹۳۷۹۷۹۰۰۴۶,فومن,fuman,vehicles,auto
۰۹۱۱۹۴۰۰۷۹۷,فومن,fuman,vehicles,auto
۰۹۱۱۶۹۵۵۳۷۵,فومن,fuman,vehicles,auto
۰۹۳۰۸۳۲۴۷۲۲,فومن,fuman,vehicles,auto
۰۹۹۱۱۲۸۵۶۵۱,فومن,fuman,vehicles,auto
۰۹۱۱۹۳۲۸۱۵۴,فومن,fuman,vehicles,auto
۰۹۱۱۳۳۲۰۵۳۳,فومن,fuman,vehicles,auto
۰۹۱۱۴۸۱۷۱۴۴,فومن,fuman,vehicles,auto
۰۹۳۸۵۱۳۰۹۸۲,فومن,fuman,vehicles,auto
۰۹۱۱۲۳۱۰۹۰۴,فومن,fuman,vehicles,auto
۰۹۱۱۳۳۷۵۶۴۷,فومن,fuman,vehicles,auto
۰۹۱۲۲۰۳۲۷۱۶,فومن,fuman,vehicles,auto
۰۹۰۳۷۰۴۶۷۲۰,فومن,fuman,vehicles,auto
۰۹۱۱۸۳۸۲۶۳۳,فومن,fuman,vehicles,auto
۰۹۱۰۰۲۸۶۴۱۰,فومن,fuman,vehicles,auto
۰۹۰۲۸۷۱۶۲۱۰,فومن,fuman,vehicles,auto
۰۹۱۱۵۰۴۶۴۱۶,فومن,fuman,vehicles,auto
۰۹۹۲۶۹۳۲۸۵۳,فومن,fuman,vehicles,auto
۰۹۱۲۶۲۱۰۴۸۹,فومن,fuman,vehicles,auto
۰۹۱۱۵۴۷۵۵۲۶,فومن,fuman,vehicles,car-accessories
۰۹۱۱۵۴۷۵۵۲۶,فومن,fuman,vehicles,car-accessories
۰۹۳۰۶۲۹۶۸۲۲,فومن,fuman,vehicles,car-accessories
۰۹۱۱۲۳۸۳۵۲۷,فومن,fuman,vehicles,car-accessories
۰۹۹۰۰۲۶۴۲۳۷,فومن,fuman,vehicles,car-accessories
۰۹۳۰۶۲۹۶۸۲۲,فومن,fuman,vehicles,car-accessories
۰۹۱۱۶۱۱۵۸۰۹,فومن,fuman,vehicles,car-accessories
۰۹۳۰۳۶۴۸۶۸۶,فومن,fuman,vehicles,car-accessories
۰۹۱۲۳۸۹۰۰۵۰,فومن,fuman,vehicles,car-accessories
۰۹۰۲۷۴۷۰۴۰۷,فومن,fuman,vehicles,car-accessories
۰۹۰۳۴۳۲۶۸۹۸,فومن,fuman,vehicles,car-accessories
۰۹۱۱۹۴۰۱۵۲۴,فومن,fuman,vehicles,car-accessories
۰۹۱۱۵۴۵۳۲۴۶,فومن,fuman,vehicles,car-accessories
۰۹۱۹۴۲۳۳۴۲۵,فومن,fuman,vehicles,car-accessories
۰۹۹۰۵۲۹۸۲۷۵,فومن,fuman,vehicles,car-accessories
۰۹۰۲۹۱۵۵۶۵۷,فومن,fuman,vehicles,car-accessories
۰۹۰۳۴۳۲۶۸۹۸,فومن,fuman,vehicles,car-accessories
۰۹۰۳۴۳۲۶۸۹۸,فومن,fuman,vehicles,car-accessories
۰۹۰۳۴۳۲۶۸۹۸,فومن,fuman,vehicles,car-accessories
۰۹۰۳۴۳۲۶۸۹۸,فومن,fuman,vehicles,car-accessories
۰۹۱۱۱۳۲۷۳۴۵,فومن,fuman,vehicles,car-accessories
۰۹۱۰۰۲۸۶۴۱۰,فومن,fuman,vehicles,car-accessories
۰۹۱۱۸۰۷۳۷۳۵,فومن,fuman,vehicles,motorcycles
۰۹۱۱۸۳۸۲۶۵۲,فومن,fuman,vehicles,motorcycles
۰۹۱۶۲۲۷۴۳۱۰,فومن,fuman,vehicles,motorcycles
۰۹۱۱۳۳۲۵۵۲۷,فومن,fuman,vehicles,motorcycles
۰۹۱۱۸۳۸۲۷۶۴,فومن,fuman,vehicles,motorcycles
۰۹۰۳۱۳۲۳۳۲۶,فومن,fuman,vehicles,motorcycles
۰۹۱۱۹۳۲۹۶۷۶,فومن,fuman,vehicles,motorcycles
۰۹۹۱۸۶۶۱۷۵۸,فومن,fuman,vehicles,motorcycles
۰۹۳۵۲۹۰۷۳۷۴,فومن,fuman,electronic-devices,mobile-tablet
۰۹۰۵۹۸۲۰۱۹۳,فومن,fuman,electronic-devices,mobile-tablet
۰۹۲۱۱۰۰۳۲۱۵,فومن,fuman,electronic-devices,mobile-tablet
(پنهان‌شده؛ چت کنید),فومن,fuman,electronic-devices,mobile-tablet
۰۹۳۵۸۴۱۳۷۹۶,فومن,fuman,electronic-devices,mobile-tablet
۰۹۲۱۴۸۲۷۵۲۱,فومن,fuman,electronic-devices,mobile-tablet
۰۹۳۰۱۵۳۰۸۹۶,فومن,fuman,electronic-devices,mobile-tablet
۰۹۱۷۴۷۷۴۰۲۹,فومن,fuman,electronic-devices,mobile-tablet
۰۹۳۳۱۱۷۱۳۳۸,فومن,fuman,electronic-devices,mobile-tablet
۰۹۳۳۱۱۷۱۳۳۸,فومن,fuman,electronic-devices,mobile-tablet
۰۹۳۰۷۰۶۷۳۸۵,فومن,fuman,electronic-devices,mobile-tablet
۰۹۱۹۲۲۵۹۵۸۵,فومن,fuman,electronic-devices,mobile-tablet
۰۹۳۰۸۴۲۰۷۱۳,فومن,fuman,electronic-devices,mobile-tablet
۰۹۱۱۹۸۲۰۹۷۸,فومن,fuman,electronic-devices,mobile-tablet
۰۹۱۱۶۴۹۸۱۸۷,فومن,fuman,electronic-devices,mobile-tablet
(پنهان‌شده؛ چت کنید),فومن,fuman,electronic-devices,mobile-tablet
(پنهان‌شده؛ چت کنید),فومن,fuman,electronic-devices,mobile-tablet
۰۹۳۸۵۳۱۴۰۵۲,فومن,fuman,electronic-devices,mobile-tablet
۰۹۳۷۸۷۸۸۲۹۵,فومن,fuman,electronic-devices,mobile-tablet
۰۹۱۰۸۷۴۷۸۵۴,فومن,fuman,electronic-devices,mobile-tablet
۰۹۳۰۷۰۶۷۳۸۵,فومن,fuman,electronic-devices,mobile-tablet
۰۹۳۳۱۲۲۱۳۶۶,فومن,fuman,electronic-devices,mobile-tablet
۰۹۰۳۸۶۰۳۷۸۸,فومن,fuman,electronic-devices,mobile-tablet
۰۹۳۳۱۱۷۱۳۳۸,فومن,fuman,electronic-devices,mobile-tablet
۰۹۳۵۴۰۵۵۷۳۵,فومن,fuman,electronic-devices,mobile-tablet
۰۹۹۱۸۶۶۱۷۵۸,فومن,fuman,electronic-devices,mobile-tablet
۰۹۳۹۸۰۱۹۲۳۸,فومن,fuman,electronic-devices,mobile-tablet
۰۹۳۶۶۸۳۷۳۲۸,فومن,fuman,electronic-devices,mobile-tablet
۰۹۱۱۵۵۷۷۷۱۵,فومن,fuman,electronic-devices,mobile-tablet
۰۹۱۱۶۱۵۳۹۴۲,فومن,fuman,electronic-devices,computers
۰۹۳۰۸۴۲۰۷۱۳,فومن,fuman,electronic-devices,computers
۰۹۱۱۸۸۵۵۶۹۱,فومن,fuman,electronic-devices,computers
۰۹۱۱۷۶۲۵۹۱۴,فومن,fuman,electronic-devices,computers
۰۹۱۱۹۳۲۸۲۴۰,فومن,fuman,electronic-devices,computers
(پنهان‌شده؛ چت کنید),فومن,fuman,electronic-devices,game-consoles
۰۹۹۲۱۴۶۱۷۴۴,فومن,fuman,electronic-devices,video-audio-device
۰۹۳۹۱۹۰۸۵۶۷,فومن,fuman,electronic-devices,video-audio-device
۰۹۹۲۳۴۱۷۳۲۶,فومن,fuman,electronic-devices,video-audio-device
۰۹۳۰۱۹۸۹۵۳۷,فومن,fuman,electronic-devices,video-audio-device
۰۹۱۱۴۶۹۶۳۰۳,فومن,fuman,electronic-devices,video-audio-device
۰۹۳۸۴۶۰۶۹۹۷,فومن,fuman,electronic-devices,video-audio-device
۰۹۱۰۹۱۰۵۳۴۹,فومن,fuman,electronic-devices,video-audio-device
۰۹۳۳۳۶۴۶۸۴۰,فومن,fuman,electronic-devices,video-audio-device
۰۹۱۱۸۳۸۴۶۵۳,فومن,fuman,electronic-devices,video-audio-device
۰۹۳۶۱۳۱۶۱۸۳,فومن,fuman,electronic-devices,video-audio-device
۰۹۰۳۷۰۴۶۷۲۰,فومن,fuman,electronic-devices,video-audio-device
۰۹۹۱۷۸۲۱۴۵۴,فومن,fuman,electronic-devices,video-audio-device
۰۹۳۵۵۶۶۴۶۵۰,فومن,fuman,home-and-kitchen,home-decor-furniture
۰۹۱۱۱۳۲۴۰۱۶,فومن,fuman,home-and-kitchen,home-decor-furniture
۰۹۱۱۱۳۲۸۲۳۰,فومن,fuman,home-and-kitchen,home-decor-furniture
۰۹۱۱۱۳۲۸۲۳۰,فومن,fuman,home-and-kitchen,home-decor-furniture
۰۹۹۰۷۱۳۵۱۲۷,فومن,fuman,home-and-kitchen,home-decor-furniture
۰۹۱۱۳۴۹۱۷۵۱,فومن,fuman,home-and-kitchen,home-decor-furniture
۰۹۱۱۳۴۹۱۷۵۱,فومن,fuman,home-and-kitchen,home-decor-furniture
۰۹۱۱۳۴۹۱۷۵۱,فومن,fuman,home-and-kitchen,home-decor-furniture
۰۹۰۵۷۴۸۷۲۰۸,فومن,fuman,home-and-kitchen,home-decor-furniture
۰۹۱۱۲۹۰۴۱۲۸,فومن,fuman,home-and-kitchen,home-decor-furniture
۰۹۳۷۶۱۸۹۸۳۶,فومن,fuman,home-and-kitchen,home-decor-furniture
۰۹۳۶۲۸۷۱۲۵۲,فومن,fuman,home-and-kitchen,home-decor-furniture
۰۹۳۰۱۴۶۵۷۴۸,فومن,fuman,home-and-kitchen,home-decor-furniture
۰۹۳۰۱۴۶۵۷۴۸,فومن,fuman,home-and-kitchen,home-decor-furniture
۰۹۳۰۸۳۴۶۳۳۹,فومن,fuman,home-and-kitchen,home-decor-furniture
۰۹۱۱۶۱۷۷۴۴۳,فومن,fuman,home-and-kitchen,home-decor-furniture
۰۹۳۰۲۷۴۲۴۸۸,فومن,fuman,home-and-kitchen,home-decor-furniture
۰۹۱۱۱۳۸۲۴۸۸,فومن,fuman,home-and-kitchen,home-decor-furniture
۰۹۳۸۰۷۶۸۰۶۷,فومن,fuman,home-and-kitchen,home-decor-furniture
۰۹۳۹۸۸۱۱۰۴۱,فومن,fuman,home-and-kitchen,home-decor-furniture
۰۹۱۰۰۰۲۹۷۹۲,فومن,fuman,home-and-kitchen,home-decor-furniture
۰۹۰۱۶۲۳۱۰۲۹,فومن,fuman,home-and-kitchen,home-decor-furniture
۰۹۱۱۱۳۸۲۴۸۸,فومن,fuman,home-and-kitchen,home-decor-furniture
۰۹۱۱۸۳۸۳۴۴۲,فومن,fuman,home-and-kitchen,home-decor-furniture
۰۹۱۱۸۳۸۳۴۴۲,فومن,fuman,home-and-kitchen,home-decor-furniture
۰۹۱۱۸۳۸۳۴۴۲,فومن,fuman,home-and-kitchen,home-decor-furniture
(پنهان‌شده؛ چت کنید),فومن,fuman,home-and-kitchen,home-decor-furniture
(پنهان‌شده؛ چت کنید),فومن,fuman,home-and-kitchen,home-decor-furniture
(پنهان‌شده؛ چت کنید),فومن,fuman,home-and-kitchen,home-decor-furniture
۰۹۱۱۱۴۹۰۷۰۴,فومن,fuman,home-and-kitchen,home-decor-furniture
۰۹۰۳۸۶۴۴۲۹۴,فومن,fuman,home-and-kitchen,home-decor-furniture
۰۹۲۱۰۷۳۹۶۳۲,فومن,fuman,home-and-kitchen,home-decor-furniture
۰۹۱۱۶۱۳۵۳۵۸,فومن,fuman,home-and-kitchen,home-decor-furniture
۰۹۱۱۶۱۳۵۳۵۸,فومن,fuman,home-and-kitchen,home-decor-furniture
۰۹۰۳۰۲۷۷۸۱۱,فومن,fuman,home-and-kitchen,home-decor-furniture
۰۹۳۷۰۱۰۲۰۰۷,فومن,fuman,home-and-kitchen,home-decor-furniture
۰۹۳۶۳۰۸۲۸۵۶,فومن,fuman,home-and-kitchen,home-decor-furniture
۰۹۱۱۵۰۲۱۶۵۳,فومن,fuman,home-and-kitchen,home-decor-furniture
۰۹۳۵۶۹۶۴۴۹۴,فومن,fuman,home-and-kitchen,home-decor-furniture
۰۹۱۱۲۳۴۷۸۵۱,فومن,fuman,home-and-kitchen,home-decor-furniture
۰۹۳۰۴۰۵۷۰۸۷,فومن,fuman,home-and-kitchen,home-decor-furniture
۰۹۱۱۷۴۸۰۸۱۸,فومن,fuman,home-and-kitchen,home-decor-furniture
۰۹۳۵۸۹۱۰۵۹۷,فومن,fuman,home-and-kitchen,home-decor-furniture
۰۹۳۳۵۸۳۱۲۳۶,فومن,fuman,home-and-kitchen,home-decor-furniture
۰۹۱۱۷۴۸۰۸۱۸,فومن,fuman,home-and-kitchen,home-decor-furniture
۰۹۳۸۲۹۸۲۲۲۰,فومن,fuman,home-and-kitchen,home-decor-furniture
۰۹۹۱۸۰۳۲۸۶۰,فومن,fuman,home-and-kitchen,home-decor-furniture
(پنهان‌شده؛ چت کنید),فومن,fuman,home-and-kitchen,kitchen-appliances
۰۹۳۷۱۵۲۴۱۳۰,فومن,fuman,home-and-kitchen,kitchen-appliances
۰۹۰۵۶۸۵۲۳۶۴,فومن,fuman,home-and-kitchen,kitchen-appliances
۰۹۰۲۵۲۶۶۳۷۳,فومن,fuman,home-and-kitchen,kitchen-appliances
۰۹۰۲۳۳۷۵۷۱۳,فومن,fuman,home-and-kitchen,kitchen-appliances
۰۹۳۷۲۲۳۸۸۷۵,فومن,fuman,home-and-kitchen,kitchen-appliances
۰۹۳۳۰۳۶۸۵۴۷,فومن,fuman,home-and-kitchen,kitchen-appliances
۰۹۱۱۸۳۸۴۶۵۳,فومن,fuman,home-and-kitchen,kitchen-appliances
۰۹۱۹۲۱۴۹۱۴۳,فومن,fuman,home-and-kitchen,kitchen-appliances
۰۹۱۱۵۴۵۳۲۴۶,فومن,fuman,home-and-kitchen,kitchen-appliances
۰۹۱۱۹۳۶۴۸۷۲,فومن,fuman,home-and-kitchen,kitchen-appliances
۰۹۱۱۹۳۶۸۷۹۰,فومن,fuman,home-and-kitchen,kitchen-appliances
۰۹۱۱۷۳۹۹۹۸۲,فومن,fuman,home-and-kitchen,kitchen-appliances
(پنهان‌شده؛ چت کنید),فومن,fuman,home-and-kitchen,kitchen-appliances
۰۹۹۱۱۲۸۵۴۷۳,فومن,fuman,home-and-kitchen,kitchen-appliances
۰۹۳۶۲۹۶۱۵۲۱,فومن,fuman,home-and-kitchen,kitchen-appliances
۰۹۹۱۱۲۸۵۴۷۳,فومن,fuman,home-and-kitchen,kitchen-appliances
۰۹۱۹۸۹۳۱۶۴۰,فومن,fuman,home-and-kitchen,kitchen-appliances
۰۹۰۱۲۳۱۰۵۳۹,فومن,fuman,home-and-kitchen,kitchen-appliances
۰۹۹۱۸۶۶۱۷۵۸,فومن,fuman,home-and-kitchen,kitchen-appliances
۰۹۳۰۷۸۳۷۵۰۴,فومن,fuman,home-and-kitchen,kitchen-appliances
۰۹۳۷۱۵۲۴۱۳۰,فومن,fuman,home-and-kitchen,home-appliances
۰۹۱۹۲۶۰۵۱۵۳,فومن,fuman,home-and-kitchen,home-appliances
۰۹۱۱۵۶۱۳۱۶۵,فومن,fuman,home-and-kitchen,building-garden
۰۹۳۶۸۷۰۲۳۹۶,فومن,fuman,home-and-kitchen,building-garden
۰۹۱۱۴۲۹۲۱۶۸,فومن,fuman,home-and-kitchen,building-garden
۰۹۳۹۲۴۵۷۵۱۵,فومن,fuman,home-and-kitchen,building-garden
۰۹۱۱۸۲۷۵۰۴۱,فومن,fuman,home-and-kitchen,building-garden
۰۹۱۱۹۳۰۸۲۴۸,فومن,fuman,home-and-kitchen,building-garden
۰۹۱۰۰۰۲۹۷۹۲,فومن,fuman,home-and-kitchen,building-garden
۰۹۳۷۴۶۳۳۶۵۵,فومن,fuman,home-and-kitchen,building-garden
۰۹۰۲۸۰۷۵۹۱۷,فومن,fuman,home-and-kitchen,building-garden
۰۹۱۱۶۴۸۱۴۶۴,فومن,fuman,home-and-kitchen,building-garden
۰۹۱۱۶۴۸۱۴۶۴,فومن,fuman,home-and-kitchen,building-garden
۰۹۳۹۸۸۱۱۰۴۱,فومن,fuman,home-and-kitchen,building-garden
۰۹۱۱۸۸۲۲۲۱۰,فومن,fuman,home-and-kitchen,building-garden
۰۹۱۱۷۰۵۳۸۷۷,فومن,fuman,home-and-kitchen,building-garden
۰۹۳۵۵۳۳۵۵۳۶,فومن,fuman,home-and-kitchen,building-garden
۰۹۳۰۷۵۴۳۵۰۷,فومن,fuman,home-and-kitchen,building-garden
۰۹۳۹۳۰۷۱۲۲۶,فومن,fuman,home-and-kitchen,building-garden
۰۹۱۱۸۲۰۸۳۱۳,فومن,fuman,home-and-kitchen,building-garden
۰۹۹۰۱۶۸۲۰۸۹,فومن,fuman,home-and-kitchen,building-garden
۰۹۰۳۷۰۴۶۷۲۰,فومن,fuman,home-and-kitchen,building-garden
۰۹۱۱۲۳۲۶۰۰۵,فومن,fuman,home-and-kitchen,building-garden
۰۹۱۱۸۲۷۵۰۴۱,فومن,fuman,services,vehicles-services
۰۹۹۰۳۱۳۲۲۹۵,فومن,fuman,services,catering-services
۰۹۱۱۸۰۹۱۲۷۳,فومن,fuman,services,catering-services
۰۹۰۳۵۸۶۴۴۳۳,فومن,fuman,services,catering-services
۰۹۳۰۱۳۱۵۴۱۱,فومن,fuman,services,catering-services
۰۹۱۶۴۳۶۴۴۵۸,فومن,fuman,services,catering-services
۰۹۳۰۱۵۰۳۸۴۶,فومن,fuman,services,technology-services
۰۹۰۵۴۳۲۹۸۱۵,فومن,fuman,services,technology-services
۰۹۹۱۹۰۰۶۶۹۴,فومن,fuman,services,financial-services
۰۹۹۲۷۸۸۱۴۰۹,فومن,fuman,services,financial-services
۰۹۱۱۵۰۵۸۵۷۵,فومن,fuman,services,transport-logistic-services
۰۹۳۶۹۵۴۸۸۲۵,فومن,fuman,services,transport-logistic-services
۰۹۱۲۳۸۶۹۱۲۹,فومن,fuman,services,transport-logistic-services
۰۹۳۰۲۶۱۵۸۱۱,فومن,fuman,services,craft-skill-services
۰۹۳۰۲۶۱۵۸۱۱,فومن,fuman,services,craft-skill-services
۰۹۳۰۲۶۱۵۸۱۱,فومن,fuman,services,craft-skill-services
۰۹۳۰۲۶۱۵۸۱۱,فومن,fuman,services,craft-skill-services
۰۹۳۰۲۶۱۵۸۱۱,فومن,fuman,services,craft-skill-services
۰۹۳۰۲۶۱۵۸۱۱,فومن,fuman,services,craft-skill-services
۰۹۳۵۸۳۸۹۲۲۷,فومن,fuman,services,craft-skill-services
۰۹۲۱۰۷۰۴۴۳۷,فومن,fuman,services,craft-skill-services
۰۹۳۵۸۶۵۹۱۲۸,فومن,fuman,services,craft-skill-services
۰۹۳۰۲۶۱۵۸۱۱,فومن,fuman,services,craft-skill-services
۰۹۳۰۲۶۱۵۸۱۱,فومن,fuman,services,craft-skill-services
۰۹۳۰۲۶۱۵۸۱۱,فومن,fuman,services,craft-skill-services
۰۹۳۰۲۶۱۵۸۱۱,فومن,fuman,services,craft-skill-services
۰۹۳۵۸۹۱۰۵۹۷,فومن,fuman,services,craft-skill-services
۰۹۱۱۷۹۱۸۰۰۰,فومن,fuman,services,craft-skill-services
۰۹۳۰۲۶۱۵۸۱۱,فومن,fuman,services,craft-skill-services
۰۹۳۰۲۶۱۵۸۱۱,فومن,fuman,services,craft-skill-services
۰۹۳۰۲۶۱۵۸۱۱,فومن,fuman,services,craft-skill-services
۰۹۳۰۲۶۱۵۸۱۱,فومن,fuman,services,craft-skill-services
۰۹۳۰۲۶۱۵۸۱۱,فومن,fuman,services,craft-skill-services
۰۹۹۱۴۹۸۶۱۰۴,فومن,fuman,services,craft-skill-services
۰۹۳۶۹۰۵۳۹۳۰,فومن,fuman,services,craft-skill-services
۰۹۱۱۲۱۰۰۸۹۵,فومن,fuman,services,craft-skill-services
۰۹۱۱۸۰۱۱۱۰۹,فومن,fuman,services,craft-skill-services
۰۹۱۱۸۳۸۴۸۳۴,فومن,fuman,services,craft-skill-services
(پنهان‌شده؛ چت کنید),فومن,fuman,services,beauty-services
۰۹۳۳۴۱۰۳۷۳۴,فومن,fuman,services,beauty-services
۰۹۱۲۲۷۹۸۱۲۵,فومن,fuman,services,beauty-services
۰۹۳۹۹۷۹۲۹۹۲,فومن,fuman,services,beauty-services
۰۹۳۹۴۰۴۱۲۹۸,فومن,fuman,services,beauty-services
۰۹۰۱۸۷۸۱۴۹۹,فومن,fuman,services,beauty-services
۰۹۲۱۴۷۰۸۱۷۲,فومن,fuman,services,beauty-services
۰۹۰۵۹۸۰۳۸۵۲,فومن,fuman,services,beauty-services
۰۹۱۱۹۳۲۸۸۳۴,فومن,fuman,services,gardening-services
۰۹۱۱۶۱۹۶۸۲۳,فومن,fuman,services,teaching-services
۰۹۰۳۷۰۲۷۸۰۷,فومن,fuman,services,teaching-services
۰۹۰۱۵۷۴۲۵۱۵,فومن,fuman,services,teaching-services
۰۹۹۹۱۴۸۲۱۴۶,فومن,fuman,services,teaching-services
۰۹۱۵۷۵۳۱۹۲۰,فومن,fuman,personal-goods,apparel
۰۹۳۳۶۱۹۹۴۶۳,فومن,fuman,personal-goods,apparel
۰۹۳۳۶۸۲۶۹۴۵,فومن,fuman,personal-goods,apparel
۰۹۳۸۰۴۹۷۰۵۸,فومن,fuman,personal-goods,apparel
۰۹۹۲۷۷۸۴۵۹۳,فومن,fuman,personal-goods,apparel
(پنهان‌شده؛ چت کنید),فومن,fuman,personal-goods,apparel
۰۹۲۲۵۰۵۲۶۷۴,فومن,fuman,personal-goods,apparel
۰۹۱۱۴۱۸۵۵۳۰,فومن,fuman,personal-goods,apparel
۰۹۲۱۲۳۲۰۰۱۵,فومن,fuman,personal-goods,apparel
(پنهان‌شده؛ چت کنید),فومن,fuman,personal-goods,apparel
۰۹۱۱۵۰۵۷۱۹۲,فومن,fuman,personal-goods,apparel
۰۹۱۱۹۸۳۷۹۳۲,فومن,fuman,personal-goods,apparel
۰۹۰۲۵۹۵۸۳۵۰,فومن,fuman,personal-goods,apparel
۰۹۰۲۵۹۵۸۳۵۰,فومن,fuman,personal-goods,apparel
۰۹۳۶۷۹۹۳۸۴۷,فومن,fuman,personal-goods,apparel
۰۹۰۵۶۷۹۲۱۹۷,فومن,fuman,personal-goods,apparel
۰۹۳۶۷۹۹۳۸۴۷,فومن,fuman,personal-goods,apparel
۰۹۲۱۰۱۳۲۷۷۱,فومن,fuman,personal-goods,apparel
۰۹۱۱۸۸۲۱۳۶۱,فومن,fuman,personal-goods,apparel
۰۹۰۳۷۰۴۶۷۲۰,فومن,fuman,personal-goods,apparel
۰۹۰۱۶۴۶۴۸۰۳,فومن,fuman,personal-goods,apparel
۰۹۰۱۰۳۵۴۸۳۳,فومن,fuman,personal-goods,apparel
۰۹۱۱۸۸۲۲۹۳۹,فومن,fuman,personal-goods,accessories
۰۹۳۷۸۱۶۵۴۵۰,فومن,fuman,personal-goods,beauty-and-personal-care
۰۹۳۶۲۲۹۵۲۸۴,فومن,fuman,personal-goods,beauty-and-personal-care
۰۹۳۶۲۲۹۵۲۸۴,فومن,fuman,personal-goods,beauty-and-personal-care
۰۹۱۱۸۳۸۴۱۷۰,فومن,fuman,personal-goods,beauty-and-personal-care
۰۹۳۶۳۶۰۲۰۱۹,فومن,fuman,personal-goods,beauty-and-personal-care
۰۹۹۱۸۶۶۱۷۵۸,فومن,fuman,personal-goods,beauty-and-personal-care
۰۹۱۱۲۹۰۴۱۲۴,فومن,fuman,personal-goods,beauty-and-personal-care
۰۹۹۲۳۶۹۸۳۹۸,فومن,fuman,personal-goods,beauty-and-personal-care
(پنهان‌شده؛ چت کنید),فومن,fuman,personal-goods,child-apparel
۰۹۱۰۰۰۲۹۷۹۲,فومن,fuman,personal-goods,child-apparel
۰۹۳۶۷۴۳۴۹۷۰,فومن,fuman,personal-goods,child-products
۰۹۳۵۲۹۰۷۳۶۷,فومن,fuman,personal-goods,child-products
۰۹۳۰۲۷۴۲۴۸۸,فومن,fuman,personal-goods,child-products
۰۹۱۱۱۴۹۳۵۸۰,فومن,fuman,personal-goods,child-products
۰۹۰۳۱۵۹۲۶۱۰,فومن,fuman,personal-goods,child-products
۰۹۱۱۶۱۳۳۷۱۷,فومن,fuman,personal-goods,child-products
۰۹۱۱۱۳۱۷۲۹۶,فومن,fuman,personal-goods,child-products
۰۹۱۱۴۶۹۶۳۰۳,فومن,fuman,personal-goods,child-products
۰۹۱۱۴۶۹۶۳۰۳,فومن,fuman,personal-goods,child-products
۰۹۱۱۴۶۹۶۳۰۳,فومن,fuman,personal-goods,child-products
۰۹۱۱۵۰۱۸۳۶۰,فومن,fuman,personal-goods,child-products
۰۹۱۱۷۴۹۵۶۴۰,فومن,fuman,personal-goods,child-products
۰۹۰۲۹۱۵۵۶۸۳,فومن,fuman,personal-goods,child-products
۰۹۹۱۱۳۷۴۱۶۴,فومن,fuman,entertainment,tours
۰۹۳۹۹۰۸۶۹۳۰,فومن,fuman,entertainment,publication
۰۹۱۱۸۰۶۰۴۴۳,فومن,fuman,entertainment,publication
۰۹۳۹۲۶۳۳۹۹۵,فومن,fuman,entertainment,bike-skate-scooter
۰۹۰۱۰۲۷۷۵۳۴,فومن,fuman,entertainment,bike-skate-scooter
۰۹۰۱۰۲۷۷۵۳۴,فومن,fuman,entertainment,bike-skate-scooter
۰۹۰۱۰۲۷۷۵۳۴,فومن,fuman,entertainment,bike-skate-scooter
۰۹۱۰۰۰۹۵۹۱۵,فومن,fuman,entertainment,bike-skate-scooter
۰۹۱۱۲۴۸۰۱۴۲,فومن,fuman,entertainment,bike-skate-scooter
۰۹۳۳۴۱۵۸۳۶۵,فومن,fuman,entertainment,bike-skate-scooter
۰۹۳۷۲۹۰۲۴۷۰,فومن,fuman,entertainment,bike-skate-scooter
۰۹۲۲۵۲۳۸۴۳۱,فومن,fuman,entertainment,bike-skate-scooter
۰۹۱۱۴۳۳۳۸۸۲,فومن,fuman,entertainment,bike-skate-scooter
۰۹۱۱۱۴۸۳۴۰۲,فومن,fuman,entertainment,pets-animals
(پنهان‌شده؛ چت کنید),فومن,fuman,entertainment,pets-animals
(پنهان‌شده؛ چت کنید),فومن,fuman,entertainment,pets-animals
۰۹۳۷۹۷۹۰۰۴۶,فومن,fuman,entertainment,pets-animals
۰۹۳۵۹۲۲۱۷۴۱,فومن,fuman,entertainment,pets-animals
۰۹۳۳۱۲۲۶۳۱۸,فومن,fuman,entertainment,pets-animals
۰۹۳۶۹۱۰۱۸۸۱,فومن,fuman,entertainment,pets-animals
۰۹۱۱۵۶۰۴۲۵۰,فومن,fuman,entertainment,pets-animals
۰۹۳۰۴۰۷۸۹۱۹,فومن,fuman,entertainment,pets-animals
۰۹۳۷۹۷۹۰۰۴۶,فومن,fuman,entertainment,pets-animals
۰۹۱۱۵۰۴۷۰۸۴,فومن,fuman,entertainment,pets-animals
۰۹۳۷۸۷۸۸۲۹۵,فومن,fuman,entertainment,pets-animals
۰۹۱۱۴۶۷۶۷۳۱,فومن,fuman,entertainment,pets-animals
۰۹۱۱۴۶۷۶۷۳۱,فومن,fuman,entertainment,pets-animals
۰۹۰۲۴۱۰۳۶۷۱,فومن,fuman,entertainment,pets-animals
۰۹۱۰۹۴۹۰۷۵۴,فومن,fuman,entertainment,pets-animals
۰۹۱۰۹۴۹۰۷۵۴,فومن,fuman,entertainment,pets-animals
(پنهان‌شده؛ چت کنید),فومن,fuman,entertainment,pets-animals
۰۹۳۰۹۰۶۳۹۷۷,فومن,fuman,entertainment,pets-animals
۰۹۱۱۵۰۵۷۰۶۲,فومن,fuman,entertainment,pets-animals
۰۹۳۳۱۷۴۹۰۷۶,فومن,fuman,entertainment,pets-animals
۰۹۳۵۸۲۴۲۳۲۲,فومن,fuman,entertainment,pets-animals
۰۹۳۵۸۲۴۲۳۲۲,فومن,fuman,entertainment,pets-animals
۰۹۱۱۷۰۹۶۰۲۱,فومن,fuman,entertainment,pets-animals
۰۹۳۷۸۷۸۸۲۹۵,فومن,fuman,entertainment,pets-animals
۰۹۹۱۱۶۶۲۸۶۳,فومن,fuman,entertainment,pets-animals
۰۹۳۶۷۳۹۰۰۳۱,فومن,fuman,entertainment,pets-animals
۰۹۱۱۵۰۰۹۲۳۰,فومن,fuman,entertainment,musical-instruments
۰۹۱۱۸۳۸۱۹۰۹,فومن,fuman,entertainment,musical-instruments
۰۹۱۱۴۲۹۵۸۰۶,فومن,fuman,entertainment,musical-instruments
(پنهان‌شده؛ چت کنید),فومن,fuman,entertainment,sport-entertainment
۰۹۱۱۵۰۵۷۱۹۲,فومن,fuman,entertainment,sport-entertainment
۰۹۱۱۹۳۳۳۳۶۳,فومن,fuman,entertainment,sport-entertainment
۰۹۱۱۲۳۸۴۱۴۶,فومن,fuman,entertainment,sport-entertainment
۰۹۲۲۵۰۵۲۶۷۴,فومن,fuman,social-services,event
۰۹۹۲۷۹۳۷۹۴۸,فومن,fuman,social-services,event
۰۹۱۱۸۴۰۱۳۸۷,فومن,fuman,social-services,event
۰۹۰۲۵۲۶۶۳۷۳,فومن,fuman,businesses,business-equipment
۰۹۳۹۱۳۶۴۴۶۴,فومن,fuman,businesses,business-equipment
۰۹۲۲۴۶۹۱۷۶۲,فومن,fuman,businesses,business-equipment
۰۹۰۲۹۷۶۶۸۲۸,فومن,fuman,businesses,business-equipment
۰۹۱۱۶۱۷۷۲۰۰,فومن,fuman,businesses,business-equipment
(پنهان‌شده؛ چت کنید),فومن,fuman,businesses,business-equipment
۰۹۰۲۵۱۷۸۴۳۴,فومن,fuman,businesses,business-equipment
۰۹۳۶۱۷۶۲۶۸۶,فومن,fuman,businesses,business-equipment
۰۹۳۶۱۷۶۲۶۸۶,فومن,fuman,businesses,business-equipment
۰۹۱۹۰۹۳۷۰۱۹,فومن,fuman,businesses,business-equipment
۰۹۰۲۵۲۶۶۳۷۳,فومن,fuman,businesses,business-equipment
۰۹۱۱۳۳۸۰۸۹۱,فومن,fuman,businesses,business-equipment
(پنهان‌شده؛ چت کنید),فومن,fuman,businesses,business-equipment
(پنهان‌شده؛ چت کنید),فومن,fuman,businesses,business-equipment
(پنهان‌شده؛ چت کنید),فومن,fuman,businesses,business-equipment
(پنهان‌شده؛ چت کنید),فومن,fuman,businesses,business-equipment
(پنهان‌شده؛ چت کنید),فومن,fuman,businesses,business-equipment
۰۹۳۸۹۶۴۰۸۹۷,فومن,fuman,businesses,business-equipment
۰۹۱۱۳۳۲۰۷۲۴,فومن,fuman,businesses,business-equipment
۰۹۱۹۸۶۱۳۳۰۱,فومن,fuman,businesses,business-equipment
۰۹۱۱۷۵۶۵۰۴۳,فومن,fuman,businesses,business-equipment
۰۹۱۱۸۳۸۲۰۵۳,فومن,fuman,businesses,business-equipment
۰۹۱۵۹۲۲۲۴۱۶,فومن,fuman,businesses,business-equipment
۰۹۳۶۹۶۷۹۱۳۲,فومن,fuman,businesses,business-equipment
۰۹۹۲۳۹۶۴۷۶۰,فومن,fuman,businesses,business-equipment
۰۹۳۸۷۹۷۰۰۱۸,فومن,fuman,businesses,business-equipment
۰۹۱۲۰۷۵۰۴۳۳,فومن,fuman,businesses,business-equipment
۰۹۰۲۰۵۵۲۲۴۹,فومن,fuman,businesses,business-equipment
۰۹۱۱۹۴۰۶۰۹۲,فومن,fuman,businesses,business-equipment
۰۹۹۲۷۹۸۸۰۳۶,فومن,fuman,businesses,business-equipment
۰۹۱۱۱۴۹۰۷۰۴,فومن,fuman,businesses,business-equipment
۰۹۲۲۹۵۶۵۱۳۱,فومن,fuman,businesses,business-equipment
۰۹۳۶۴۵۰۳۷۲۵,فومن,fuman,businesses,business-equipment
۰۹۹۸۱۴۰۱۱۹۵,فومن,fuman,businesses,business-equipment
۰۹۳۷۶۳۶۸۴۸۴,فومن,fuman,businesses,business-equipment
۰۹۳۶۴۵۰۳۷۲۵,فومن,fuman,businesses,business-equipment
۰۹۱۱۸۴۰۲۲۷۸,فومن,fuman,businesses,business-equipment
۰۹۲۲۹۵۶۵۱۷۶,فومن,fuman,businesses,business-equipment
۰۹۱۱۸۰۸۹۹۷۶,فومن,fuman,businesses,business-equipment
۰۹۱۱۹۳۳۵۶۰۱,فومن,fuman,businesses,business-equipment
۰۹۱۱۸۱۶۴۲۰۴,فومن,fuman,businesses,wholesale
۰۹۳۹۰۲۷۸۶۲۰,فومن,fuman,businesses,wholesale
۰۹۹۱۷۱۳۳۵۲۶,فومن,fuman,businesses,wholesale
۰۹۳۶۹۱۰۱۸۸۱,فومن,fuman,businesses,wholesale
۰۹۱۱۵۱۳۴۳۲۲,فومن,fuman,businesses,wholesale
۰۹۳۵۹۲۲۱۷۴۱,فومن,fuman,businesses,wholesale
۰۹۹۰۶۵۱۷۳۴۰,فومن,fuman,businesses,wholesale
۰۹۳۶۱۴۲۸۵۰۵,فومن,fuman,businesses,wholesale
(پنهان‌شده؛ چت کنید),فومن,fuman,businesses,wholesale
۰۹۱۱۶۱۷۷۲۰۰,فومن,fuman,businesses,wholesale
۰۹۹۱۱۶۱۲۶۴۵,فومن,fuman,businesses,wholesale
۰۹۳۹۰۴۳۴۵۴۲,فومن,fuman,businesses,wholesale
۰۹۰۱۹۷۴۰۵۱۱,فومن,fuman,businesses,wholesale
۰۹۱۲۲۷۵۰۵۱۵,فومن,fuman,businesses,wholesale
۰۹۱۳۰۲۲۷۷۸۷,فومن,fuman,businesses,wholesale
(پنهان‌شده؛ چت کنید),فومن,fuman,businesses,wholesale
۰۹۳۸۰۴۹۷۰۵۸,فومن,fuman,businesses,wholesale
۰۹۰۲۳۱۴۲۰۱۸,فومن,fuman,businesses,wholesale
۰۹۱۱۵۲۴۵۰۱۹,فومن,fuman,businesses,wholesale
۰۹۰۱۹۷۴۰۳۷۰,فومن,fuman,businesses,wholesale
۰۹۹۱۰۹۶۸۱۴۶,فومن,fuman,businesses,wholesale
۰۹۹۱۴۹۱۷۳۱۴,فومن,fuman,businesses,wholesale
۰۹۲۱۱۴۹۴۴۲۰,فومن,fuman,businesses,wholesale
۰۹۱۱۸۱۷۴۳۲۴,فومن,fuman,businesses,wholesale
۰۹۱۲۱۷۲۹۷۵۰,فومن,fuman,businesses,wholesale
۰۹۱۲۴۰۰۰۸۹۴,فومن,fuman,businesses,wholesale
۰۹۰۱۶۶۴۵۶۵۳,فومن,fuman,businesses,wholesale
۰۹۳۵۸۲۴۲۳۲۲,فومن,fuman,businesses,wholesale
۰۹۱۱۸۲۰۴۸۸۲,فومن,fuman,businesses,wholesale
۰۹۱۱۲۳۹۵۰۹۹,فومن,fuman,businesses,wholesale
۰۹۱۹۰۹۰۰۸۹۳,فومن,fuman,businesses,wholesale
۰۹۳۰۴۳۶۹۲۳۶,فومن,fuman,businesses,wholesale
۰۹۰۲۰۷۱۵۵۸۲,فومن,fuman,businesses,wholesale
۰۹۰۱۵۷۳۸۵۱۸,فومن,fuman,businesses,wholesale
۰۹۱۲۴۱۳۶۵۲۵,فومن,fuman,businesses,wholesale
