۰۹۳۳۸۸۸۸۰۹۰,گرمسار,garmsar,jobs,janitorial-jobs
۰۹۳۶۵۹۹۱۰۶۱,گرمسار,garmsar,jobs,it-computer-jobs
۰۹۰۱۱۸۹۴۹۱۶,گرمسار,garmsar,jobs,finance-legal-jobs
۰۹۱۲۵۳۲۲۰۵۳,گرمسار,garmsar,jobs,marketing-jobs
۰۹۱۲۰۷۶۶۱۳۷,گرمسار,garmsar,jobs,teaching-jobs
۰۹۳۳۹۱۶۲۹۹۸,گرمسار,garmsar,real-estate,buy-residential
۰۹۱۰۴۵۶۲۶۸۲,گرمسار,garmsar,real-estate,buy-residential
۰۹۹۱۹۲۱۲۱۰۲,گرمسار,garmsar,real-estate,buy-residential
۰۹۹۰۲۲۵۲۲۰۶,گرمسار,garmsar,real-estate,buy-residential
۰۹۰۳۶۹۸۰۳۴۰,گرمسار,garmsar,real-estate,buy-residential
۰۹۲۱۱۸۰۲۵۸۶,گرمسار,garmsar,real-estate,buy-residential
۰۹۳۳۵۱۱۲۱۵۱,گرمسار,garmsar,real-estate,buy-residential
۰۹۱۲۴۹۱۰۵۶۲,گرمسار,garmsar,real-estate,buy-residential
۰۹۰۳۲۸۶۱۰۰۴,گرمسار,garmsar,real-estate,buy-residential
۰۹۱۲۳۳۲۲۵۶۴,گرمسار,garmsar,real-estate,buy-residential
۰۹۱۵۳۲۵۰۹۵۶,گرمسار,garmsar,real-estate,buy-residential
۰۹۱۲۴۹۱۰۵۶۲,گرمسار,garmsar,real-estate,buy-residential
۰۹۱۲۵۳۲۶۱۹۸,گرمسار,garmsar,real-estate,buy-residential
۰۹۳۸۴۸۸۵۳۸۳,گرمسار,garmsar,real-estate,buy-residential
۰۹۱۲۶۳۱۱۵۶۹,گرمسار,garmsar,real-estate,buy-residential
۰۹۱۲۰۷۳۷۷۲۹,گرمسار,garmsar,real-estate,buy-residential
۰۹۰۱۰۵۸۲۳۲۴,گرمسار,garmsar,real-estate,buy-residential
۰۹۳۵۷۸۱۹۱۰۶,گرمسار,garmsar,real-estate,buy-residential
۰۹۰۳۶۹۸۰۳۴۰,گرمسار,garmsar,real-estate,buy-residential
۰۹۱۲۶۳۱۲۰۸۰,گرمسار,garmsar,real-estate,buy-residential
۰۹۱۲۷۳۸۶۰۴۴,گرمسار,garmsar,real-estate,buy-residential
۰۹۱۲۲۶۴۰۷۶۳,گرمسار,garmsar,real-estate,buy-residential
۰۹۱۲۱۳۱۱۳۵۱,گرمسار,garmsar,real-estate,buy-residential
۰۹۱۲۴۲۶۵۶۷۲,گرمسار,garmsar,real-estate,buy-residential
۰۹۳۶۶۹۳۶۱۶۷,گرمسار,garmsar,real-estate,buy-residential
۰۹۱۲۴۵۸۴۳۵۰,گرمسار,garmsar,real-estate,buy-residential
۰۹۱۹۲۷۶۵۷۳۵,گرمسار,garmsar,real-estate,buy-residential
۰۹۱۹۸۵۴۶۹۹۱,گرمسار,garmsar,real-estate,buy-residential
۰۹۹۰۴۳۲۱۵۵۹,گرمسار,garmsar,real-estate,buy-residential
۰۹۱۹۲۹۱۰۶۶۸,گرمسار,garmsar,real-estate,buy-residential
۰۹۱۹۳۳۹۲۴۴۰,گرمسار,garmsar,real-estate,buy-residential
۰۹۱۲۸۹۸۹۵۰۸,گرمسار,garmsar,real-estate,buy-residential
۰۹۱۱۶۵۱۸۳۷۹,گرمسار,garmsar,real-estate,buy-residential
۰۹۱۹۳۳۲۲۰۵۱,گرمسار,garmsar,real-estate,buy-residential
۰۹۳۸۱۷۸۵۷۴۶,گرمسار,garmsar,real-estate,buy-residential
۰۹۱۲۸۹۳۰۵۸۲,گرمسار,garmsar,real-estate,buy-residential
۰۹۳۹۷۹۴۱۰۰۳,گرمسار,garmsar,real-estate,buy-residential
۰۹۱۲۵۳۱۲۷۲۵,گرمسار,garmsar,real-estate,buy-residential
۰۹۱۲۰۳۶۶۶۳۷,گرمسار,garmsar,real-estate,buy-residential
۰۹۳۰۲۸۰۹۷۲۱,گرمسار,garmsar,real-estate,buy-residential
۰۹۱۲۲۷۷۲۲۵۶,گرمسار,garmsar,real-estate,buy-residential
۰۹۱۲۸۳۵۵۹۹۳,گرمسار,garmsar,real-estate,buy-residential
۰۹۲۲۶۴۷۲۳۳۸,گرمسار,garmsar,real-estate,buy-residential
۰۹۳۰۱۳۱۰۱۵۹,گرمسار,garmsar,real-estate,buy-residential
۰۹۳۶۴۴۰۳۷۳۲,گرمسار,garmsar,real-estate,buy-residential
۰۹۱۵۳۲۵۰۹۵۶,گرمسار,garmsar,real-estate,buy-residential
۰۹۱۲۵۸۳۹۶۹۲,گرمسار,garmsar,real-estate,buy-residential
۰۹۲۱۱۸۰۲۵۸۶,گرمسار,garmsar,real-estate,buy-residential
۰۹۱۲۳۶۶۷۳۱۲,گرمسار,garmsar,real-estate,buy-residential
۰۹۱۲۳۳۲۲۲۸۴,گرمسار,garmsar,real-estate,buy-residential
۰۹۱۲۴۳۲۳۱۱۵,گرمسار,garmsar,real-estate,buy-residential
۰۹۳۶۳۴۷۶۹۹۹,گرمسار,garmsar,real-estate,buy-residential
۰۹۳۵۸۶۷۹۳۳۱,گرمسار,garmsar,real-estate,buy-residential
۰۹۱۲۰۸۱۶۳۰۷,گرمسار,garmsar,real-estate,buy-residential
۰۹۱۲۳۲۱۰۷۲۳,گرمسار,garmsar,real-estate,buy-residential
۰۹۱۲۱۳۱۱۳۵۱,گرمسار,garmsar,real-estate,buy-residential
۰۹۱۰۴۵۶۲۶۸۲,گرمسار,garmsar,real-estate,buy-residential
۰۹۱۰۴۵۶۲۶۸۲,گرمسار,garmsar,real-estate,buy-residential
۰۹۱۹۲۷۶۵۷۳۵,گرمسار,garmsar,real-estate,buy-residential
۰۹۱۲۵۳۲۵۳۴۴,گرمسار,garmsar,real-estate,buy-residential
۰۹۳۶۸۷۳۸۴۵۹,گرمسار,garmsar,real-estate,buy-residential
۰۹۱۰۰۱۲۹۶۰۹,گرمسار,garmsar,real-estate,buy-residential
۰۹۱۲۵۷۳۵۷۶۲,گرمسار,garmsar,real-estate,buy-residential
۰۹۱۲۴۰۸۱۱۷۰,گرمسار,garmsar,real-estate,buy-residential
۰۹۱۹۷۷۲۸۰۵۸,گرمسار,garmsar,real-estate,buy-residential
۰۹۹۰۳۹۷۱۸۹۹,گرمسار,garmsar,real-estate,buy-residential
۰۹۱۰۴۵۶۲۶۸۲,گرمسار,garmsar,real-estate,buy-residential
۰۹۱۰۴۵۶۲۶۸۲,گرمسار,garmsar,real-estate,buy-residential
۰۹۱۹۴۵۶۴۱۰۰,گرمسار,garmsar,real-estate,buy-residential
۰۹۱۲۴۹۱۰۵۶۲,گرمسار,garmsar,real-estate,buy-residential
۰۹۱۲۵۳۲۶۲۰۳,گرمسار,garmsar,real-estate,buy-residential
۰۹۰۳۰۱۹۰۵۰۱,گرمسار,garmsar,real-estate,rent-residential
۰۹۱۲۷۳۲۳۶۲۷,گرمسار,garmsar,real-estate,rent-residential
۰۹۳۵۱۱۳۷۶۷۳,گرمسار,garmsar,real-estate,rent-residential
۰۹۱۲۲۳۱۸۹۵۶,گرمسار,garmsar,real-estate,rent-residential
۰۹۱۲۸۳۲۵۹۸۵,گرمسار,garmsar,real-estate,rent-residential
۰۹۱۲۰۳۱۷۵۷۳,گرمسار,garmsar,real-estate,rent-residential
۰۹۳۰۴۰۳۵۸۲۴,گرمسار,garmsar,real-estate,rent-residential
۰۹۳۵۶۴۵۶۲۸۲,گرمسار,garmsar,real-estate,rent-residential
۰۹۱۲۶۰۷۱۷۲۸,گرمسار,garmsar,real-estate,buy-commercial-property
۰۹۱۲۵۳۱۹۱۴۹,گرمسار,garmsar,real-estate,buy-commercial-property
۰۹۱۲۳۳۲۶۶۲۶,گرمسار,garmsar,real-estate,buy-commercial-property
۰۹۱۲۳۳۲۶۶۲۶,گرمسار,garmsar,real-estate,buy-commercial-property
۰۹۱۲۲۳۱۴۰۵۲,گرمسار,garmsar,real-estate,buy-commercial-property
۰۹۰۲۱۷۱۳۹۱۱,گرمسار,garmsar,real-estate,buy-commercial-property
۰۹۱۷۱۶۱۴۷۲۲,گرمسار,garmsar,real-estate,buy-commercial-property
۰۹۱۲۵۳۲۲۰۵۳,گرمسار,garmsar,real-estate,buy-commercial-property
۰۹۱۲۲۰۱۵۶۶۰,گرمسار,garmsar,real-estate,buy-commercial-property
۰۹۱۲۷۲۶۴۸۳۹,گرمسار,garmsar,real-estate,buy-commercial-property
۰۹۱۲۲۳۱۸۴۵۱,گرمسار,garmsar,real-estate,buy-commercial-property
۰۹۳۳۷۵۳۵۹۷۵,گرمسار,garmsar,real-estate,buy-commercial-property
۰۹۰۲۵۳۳۵۵۴۶,گرمسار,garmsar,real-estate,buy-commercial-property
۰۹۱۲۱۴۶۴۷۳۱,گرمسار,garmsar,real-estate,buy-commercial-property
۰۹۱۰۴۵۶۲۶۸۲,گرمسار,garmsar,real-estate,buy-commercial-property
۰۹۱۲۳۳۲۷۳۹۸,گرمسار,garmsar,real-estate,buy-commercial-property
۰۹۰۳۷۹۲۷۹۵۸,گرمسار,garmsar,real-estate,buy-commercial-property
۰۹۱۲۳۴۳۹۸۰۵,گرمسار,garmsar,real-estate,buy-commercial-property
۰۹۱۲۱۲۴۶۸۶۸,گرمسار,garmsar,real-estate,buy-commercial-property
۰۹۱۲۲۳۱۵۷۷۸,گرمسار,garmsar,real-estate,buy-commercial-property
۰۹۱۲۳۱۷۴۱۱۳,گرمسار,garmsar,real-estate,buy-commercial-property
۰۹۱۲۳۳۲۵۹۹۰,گرمسار,garmsar,real-estate,buy-commercial-property
۰۹۱۲۸۹۱۷۴۰۰,گرمسار,garmsar,real-estate,buy-commercial-property
۰۹۰۱۱۳۷۸۲۵۷,گرمسار,garmsar,real-estate,buy-commercial-property
۰۹۲۱۵۱۹۸۳۱۱,گرمسار,garmsar,real-estate,buy-commercial-property
۰۹۱۹۲۷۶۰۳۹۰,گرمسار,garmsar,real-estate,rent-commercial-property
۰۹۱۲۳۳۲۶۶۲۶,گرمسار,garmsar,real-estate,rent-commercial-property
۰۹۱۲۴۲۷۷۱۶۲,گرمسار,garmsar,real-estate,rent-commercial-property
۰۹۹۰۱۹۷۸۲۸۴,گرمسار,garmsar,real-estate,rent-commercial-property
۰۹۱۲۴۳۲۳۴۸۵,گرمسار,garmsar,vehicles,auto
۰۹۳۰۰۵۸۶۷۸۱,گرمسار,garmsar,vehicles,auto
۰۹۱۹۵۳۴۸۵۱۵,گرمسار,garmsar,vehicles,auto
۰۹۲۲۰۱۰۲۳۷۶,گرمسار,garmsar,vehicles,auto
۰۹۲۲۰۶۷۷۸۹۱,گرمسار,garmsar,vehicles,auto
۰۹۱۹۰۴۲۰۵۷۳,گرمسار,garmsar,vehicles,auto
۰۹۱۸۳۶۱۶۷۹۸,گرمسار,garmsar,vehicles,auto
۰۹۳۵۸۱۷۳۷۳۴,گرمسار,garmsar,vehicles,auto
۰۹۹۰۵۱۲۱۷۹۰,گرمسار,garmsar,vehicles,auto
۰۹۱۹۴۶۰۳۵۴۲,گرمسار,garmsar,vehicles,auto
۰۹۱۹۵۳۴۵۶۸۸,گرمسار,garmsar,vehicles,auto
۰۹۱۲۳۳۲۰۳۵۷,گرمسار,garmsar,vehicles,auto
۰۹۱۹۲۳۲۱۳۳۶,گرمسار,garmsar,vehicles,auto
۰۹۱۹۸۳۲۹۳۰۵,گرمسار,garmsar,vehicles,auto
۰۹۱۲۲۷۵۷۵۱۲,گرمسار,garmsar,vehicles,auto
۰۹۱۲۷۹۲۸۴۰۲,گرمسار,garmsar,vehicles,auto
۰۹۹۰۳۸۵۸۹۶۷,گرمسار,garmsar,vehicles,auto
۰۹۰۲۸۵۶۱۲۶۷,گرمسار,garmsar,vehicles,auto
۰۹۱۹۷۴۴۳۶۸۰,گرمسار,garmsar,vehicles,auto
۰۹۳۷۴۵۶۴۸۹۴,گرمسار,garmsar,vehicles,auto
۰۹۳۸۳۴۷۲۷۸۷,گرمسار,garmsar,vehicles,auto
۰۹۹۰۰۲۳۸۱۰۹,گرمسار,garmsar,vehicles,auto
۰۹۱۰۷۴۱۰۹۷۵,گرمسار,garmsar,vehicles,auto
۰۹۱۲۴۷۶۶۳۵۴,گرمسار,garmsar,vehicles,auto
۰۹۳۷۶۴۴۲۳۵۵,گرمسار,garmsar,vehicles,auto
۰۹۳۷۴۷۶۱۶۴۲,گرمسار,garmsar,vehicles,auto
۰۹۱۹۸۸۷۵۵۸۳,گرمسار,garmsar,vehicles,auto
۰۹۳۶۴۶۰۲۷۱۷,گرمسار,garmsar,vehicles,auto
۰۹۱۲۶۳۱۳۳۵۰,گرمسار,garmsar,vehicles,auto
۰۹۱۹۰۳۱۶۹۷۱,گرمسار,garmsar,vehicles,auto
۰۹۳۳۲۲۷۰۲۷۲,گرمسار,garmsar,vehicles,auto
۰۹۳۰۳۰۲۱۲۳۳,گرمسار,garmsar,vehicles,auto
۰۹۳۸۳۴۷۲۷۸۷,گرمسار,garmsar,vehicles,auto
۰۹۱۲۱۳۱۵۸۴۵,گرمسار,garmsar,vehicles,auto
۰۹۱۲۸۳۱۸۶۳۰,گرمسار,garmsar,vehicles,auto
۰۹۳۸۳۴۷۲۷۸۷,گرمسار,garmsar,vehicles,auto
۰۹۱۲۶۷۵۹۹۸۲,گرمسار,garmsar,vehicles,auto
۰۹۱۲۷۳۲۳۶۲۷,گرمسار,garmsar,vehicles,auto
۰۹۱۲۰۶۱۴۵۱۱,گرمسار,garmsar,vehicles,auto
۰۹۱۲۷۵۰۸۹۵۴,گرمسار,garmsar,vehicles,auto
۰۹۱۹۳۳۳۳۱۷۸,گرمسار,garmsar,vehicles,auto
۰۹۳۶۲۳۱۵۶۳۸,گرمسار,garmsar,vehicles,auto
۰۹۱۲۶۳۱۲۳۹۸,گرمسار,garmsar,vehicles,auto
۰۹۱۲۶۹۳۳۴۰۳,گرمسار,garmsar,vehicles,auto
۰۹۱۹۱۳۴۰۶۵۶,گرمسار,garmsar,vehicles,auto
۰۹۱۰۶۹۷۴۹۵۶,گرمسار,garmsar,vehicles,auto
۰۹۳۹۵۹۳۶۸۷۲,گرمسار,garmsar,vehicles,auto
۰۹۳۳۴۵۱۹۸۶۷,گرمسار,garmsar,vehicles,auto
۰۹۲۱۳۳۷۰۱۷۱,گرمسار,garmsar,vehicles,auto
۰۹۳۵۶۳۶۶۱۵۲,گرمسار,garmsar,vehicles,auto
۰۹۱۲۲۳۱۵۷۵۲,گرمسار,garmsar,vehicles,auto
۰۹۱۲۴۳۲۴۳۰۹,گرمسار,garmsar,vehicles,auto
۰۹۱۲۱۳۱۰۸۱۴,گرمسار,garmsar,vehicles,auto
۰۹۱۰۴۸۹۳۵۰۰,گرمسار,garmsar,vehicles,auto
۰۹۹۱۹۵۳۸۲۸۵,گرمسار,garmsar,vehicles,auto
۰۹۲۱۱۸۰۲۵۷۴,گرمسار,garmsar,vehicles,car-accessories
۰۹۳۷۰۷۹۹۰۵۹,گرمسار,garmsar,vehicles,car-accessories
۰۹۰۵۲۵۶۰۴۴۰,گرمسار,garmsar,vehicles,car-accessories
۰۹۳۸۱۴۴۸۴۸۰,گرمسار,garmsar,vehicles,car-accessories
۰۹۳۳۲۷۸۸۹۰۹,گرمسار,garmsar,vehicles,car-accessories
۰۹۱۹۴۳۰۲۰۶۴,گرمسار,garmsar,vehicles,car-accessories
۰۹۰۵۲۵۶۰۴۴۰,گرمسار,garmsar,vehicles,car-accessories
۰۹۱۹۴۳۰۲۰۶۴,گرمسار,garmsar,vehicles,car-accessories
۰۹۱۲۸۳۲۵۸۴۸,گرمسار,garmsar,vehicles,car-accessories
۰۹۳۹۱۳۱۱۲۳۹,گرمسار,garmsar,vehicles,car-accessories
۰۹۱۲۸۴۴۹۷۳۷,گرمسار,garmsar,vehicles,car-accessories
۰۹۱۵۷۶۸۹۳۸۸,گرمسار,garmsar,vehicles,car-accessories
۰۹۱۰۰۷۴۳۸۵۷,گرمسار,garmsar,vehicles,car-accessories
۰۹۱۱۶۰۴۷۰۰۸,گرمسار,garmsar,vehicles,car-accessories
۰۹۱۹۴۳۰۲۰۶۴,گرمسار,garmsar,vehicles,car-accessories
۰۹۳۶۷۱۳۹۳۲۶,گرمسار,garmsar,vehicles,car-accessories
۰۹۳۸۵۹۵۸۱۷۷,گرمسار,garmsar,vehicles,car-accessories
۰۹۱۲۳۳۲۴۶۲۱,گرمسار,garmsar,vehicles,car-accessories
۰۹۱۲۸۳۱۸۰۵۸,گرمسار,garmsar,vehicles,car-accessories
۰۹۱۹۹۵۶۵۰۸۸,گرمسار,garmsar,vehicles,car-accessories
۰۹۰۳۷۵۴۲۷۰۹,گرمسار,garmsar,vehicles,car-accessories
۰۹۹۲۶۵۲۱۸۴۹,گرمسار,garmsar,vehicles,car-accessories
۰۹۱۲۴۳۱۰۴۴۷,گرمسار,garmsar,vehicles,car-accessories
۰۹۳۶۵۵۹۹۱۲۵,گرمسار,garmsar,vehicles,car-accessories
۰۹۱۲۳۳۲۴۶۲۱,گرمسار,garmsar,vehicles,car-accessories
۰۹۳۳۹۱۳۸۶۷۰,گرمسار,garmsar,vehicles,motorcycles
۰۹۲۱۹۲۴۹۹۵۶,گرمسار,garmsar,vehicles,motorcycles
۰۹۲۱۹۲۴۹۹۵۶,گرمسار,garmsar,vehicles,motorcycles
۰۹۱۹۱۳۲۰۱۹۰,گرمسار,garmsar,vehicles,motorcycles
۰۹۱۸۶۲۳۸۲۲۶,گرمسار,garmsar,vehicles,motorcycles
۰۹۱۲۰۷۳۷۷۲۹,گرمسار,garmsar,vehicles,motorcycles
۰۹۱۹۱۳۱۹۶۸۶,گرمسار,garmsar,vehicles,motorcycles
۰۹۱۹۴۵۶۰۰۵۶,گرمسار,garmsar,vehicles,motorcycles
۰۹۱۲۷۳۲۴۷۱۶,گرمسار,garmsar,vehicles,motorcycles
۰۹۳۹۸۶۷۶۰۸۵,گرمسار,garmsar,vehicles,motorcycles
۰۹۰۲۴۴۹۱۴۴۱,گرمسار,garmsar,vehicles,motorcycles
۰۹۳۸۴۶۴۶۰۸۷,گرمسار,garmsar,vehicles,motorcycles
۰۹۱۲۹۵۴۳۵۴۹,گرمسار,garmsar,vehicles,motorcycles
۰۹۱۹۸۷۸۴۸۹۳,گرمسار,garmsar,vehicles,motorcycles
۰۹۱۲۵۳۲۵۶۴۷,گرمسار,garmsar,vehicles,motorcycles
۰۹۰۳۰۲۹۲۱۹۸,گرمسار,garmsar,vehicles,motorcycles
۰۹۱۹۵۴۵۱۰۹۰,گرمسار,garmsar,vehicles,motorcycles
۰۹۲۲۰۹۳۶۶۳۲,گرمسار,garmsar,vehicles,motorcycles
۰۹۱۲۷۳۲۷۸۷۶,گرمسار,garmsar,vehicles,motorcycles
۰۹۳۶۳۴۷۶۹۹۹,گرمسار,garmsar,vehicles,motorcycles
۰۹۱۰۰۴۰۲۹۴۴,گرمسار,garmsar,vehicles,motorcycles
۰۹۱۲۰۴۶۲۷۳۵,گرمسار,garmsar,electronic-devices,mobile-tablet
۰۹۱۲۰۴۶۲۷۳۵,گرمسار,garmsar,electronic-devices,mobile-tablet
۰۹۱۲۰۴۶۲۷۳۵,گرمسار,garmsar,electronic-devices,mobile-tablet
۰۹۱۲۰۴۶۲۷۳۵,گرمسار,garmsar,electronic-devices,mobile-tablet
۰۹۱۲۰۴۶۲۷۳۵,گرمسار,garmsar,electronic-devices,mobile-tablet
۰۹۱۲۰۴۶۲۷۳۵,گرمسار,garmsar,electronic-devices,mobile-tablet
۰۹۳۰۳۳۶۱۵۳۵,گرمسار,garmsar,electronic-devices,mobile-tablet
۰۹۱۰۱۹۹۵۷۹۸,گرمسار,garmsar,electronic-devices,mobile-tablet
۰۹۱۲۲۳۱۲۷۹۵,گرمسار,garmsar,electronic-devices,mobile-tablet
۰۹۳۶۶۴۵۴۰۲۷,گرمسار,garmsar,electronic-devices,mobile-tablet
۰۹۱۲۲۳۱۷۳۴۸,گرمسار,garmsar,electronic-devices,mobile-tablet
۰۹۰۳۷۳۰۴۷۰۶,گرمسار,garmsar,electronic-devices,mobile-tablet
۰۹۳۰۰۸۱۱۵۷۳,گرمسار,garmsar,electronic-devices,mobile-tablet
۰۹۳۹۱۶۶۸۵۴۰,گرمسار,garmsar,electronic-devices,mobile-tablet
۰۹۰۱۹۹۲۲۲۰۱,گرمسار,garmsar,electronic-devices,mobile-tablet
۰۹۱۹۴۵۶۴۱۰۰,گرمسار,garmsar,electronic-devices,mobile-tablet
۰۹۱۹۸۸۴۳۵۸۴,گرمسار,garmsar,electronic-devices,mobile-tablet
۰۹۳۷۲۸۷۴۹۳۲,گرمسار,garmsar,electronic-devices,mobile-tablet
۰۹۱۲۲۳۱۵۷۳۱,گرمسار,garmsar,electronic-devices,mobile-tablet
۰۹۱۲۷۳۲۶۲۹۳,گرمسار,garmsar,electronic-devices,mobile-tablet
۰۹۱۰۲۸۷۰۰۸۹,گرمسار,garmsar,electronic-devices,mobile-tablet
۰۹۰۱۲۷۶۸۲۲۶,گرمسار,garmsar,electronic-devices,mobile-tablet
۰۹۳۶۹۲۵۹۷۸۳,گرمسار,garmsar,electronic-devices,mobile-tablet
۰۹۳۵۲۱۱۴۹۴۴,گرمسار,garmsar,electronic-devices,computers
۰۹۳۳۵۷۴۳۱۱۵,گرمسار,garmsar,electronic-devices,computers
۰۹۱۲۵۷۳۰۹۲۴,گرمسار,garmsar,electronic-devices,game-consoles
۰۹۳۶۰۰۷۸۸۷۲,گرمسار,garmsar,electronic-devices,game-consoles
۰۹۱۲۵۷۳۰۹۲۴,گرمسار,garmsar,electronic-devices,game-consoles
۰۹۳۸۴۷۹۶۹۱۲,گرمسار,garmsar,electronic-devices,game-consoles
۰۹۱۲۹۷۲۸۹۸۵,گرمسار,garmsar,electronic-devices,game-consoles
(پنهان‌شده؛ چت کنید),گرمسار,garmsar,electronic-devices,video-audio-device
۰۹۳۷۳۳۲۶۴۶۹,گرمسار,garmsar,electronic-devices,video-audio-device
۰۹۱۲۴۱۳۹۶۷۶,گرمسار,garmsar,electronic-devices,video-audio-device
۰۹۱۰۱۹۴۳۸۱۲,گرمسار,garmsar,electronic-devices,video-audio-device
(پنهان‌شده؛ چت کنید),گرمسار,garmsar,electronic-devices,video-audio-device
۰۹۰۲۹۵۹۶۷۳۱,گرمسار,garmsar,electronic-devices,video-audio-device
۰۹۱۲۷۳۲۷۶۷۹,گرمسار,garmsar,electronic-devices,video-audio-device
۰۹۳۳۹۱۶۳۶۴۱,گرمسار,garmsar,electronic-devices,video-audio-device
۰۹۱۲۷۳۱۷۵۵۴,گرمسار,garmsar,electronic-devices,video-audio-device
۰۹۰۵۵۱۳۴۵۵۰,گرمسار,garmsar,electronic-devices,video-audio-device
۰۹۱۲۹۲۴۷۸۶۹,گرمسار,garmsar,electronic-devices,telephone
۰۹۳۳۶۶۱۵۰۳۶,گرمسار,garmsar,home-and-kitchen,home-decor-furniture
۰۹۳۳۶۶۱۵۰۳۶,گرمسار,garmsar,home-and-kitchen,home-decor-furniture
۰۹۳۳۶۶۱۵۰۳۶,گرمسار,garmsar,home-and-kitchen,home-decor-furniture
۰۹۲۲۶۲۳۱۳۴۸,گرمسار,garmsar,home-and-kitchen,home-decor-furniture
۰۹۲۱۵۴۷۴۳۵۵,گرمسار,garmsar,home-and-kitchen,home-decor-furniture
۰۹۲۱۵۴۷۴۳۵۵,گرمسار,garmsar,home-and-kitchen,home-decor-furniture
۰۹۳۵۶۰۳۸۱۹۶,گرمسار,garmsar,home-and-kitchen,home-decor-furniture
۰۹۳۵۶۰۳۸۱۹۶,گرمسار,garmsar,home-and-kitchen,home-decor-furniture
۰۹۱۹۴۳۱۴۸۹۶,گرمسار,garmsar,home-and-kitchen,home-decor-furniture
۰۹۳۵۹۵۳۶۵۱۰,گرمسار,garmsar,home-and-kitchen,home-decor-furniture
۰۹۳۵۹۵۳۶۵۱۰,گرمسار,garmsar,home-and-kitchen,home-decor-furniture
۰۹۲۱۳۱۲۸۴۳۲,گرمسار,garmsar,home-and-kitchen,home-decor-furniture
۰۹۱۹۸۲۹۳۱۰۳,گرمسار,garmsar,home-and-kitchen,home-decor-furniture
۰۹۳۵۹۳۵۲۱۰۲,گرمسار,garmsar,home-and-kitchen,home-decor-furniture
۰۹۱۹۹۷۷۶۳۷۰,گرمسار,garmsar,home-and-kitchen,home-decor-furniture
۰۹۱۹۶۶۹۱۹۰۳,گرمسار,garmsar,home-and-kitchen,home-decor-furniture
۰۹۲۲۷۹۷۸۵۰۶,گرمسار,garmsar,home-and-kitchen,home-decor-furniture
۰۹۳۰۰۳۷۴۵۴۵,گرمسار,garmsar,home-and-kitchen,home-decor-furniture
۰۹۹۰۸۱۰۱۲۹۴,گرمسار,garmsar,home-and-kitchen,home-decor-furniture
۰۹۱۹۱۴۴۳۱۸۶,گرمسار,garmsar,home-and-kitchen,home-decor-furniture
۰۹۱۹۱۳۱۹۶۸۶,گرمسار,garmsar,home-and-kitchen,home-decor-furniture
۰۹۱۹۶۹۱۵۴۳۱,گرمسار,garmsar,home-and-kitchen,home-decor-furniture
۰۹۱۲۴۳۲۲۵۸۰,گرمسار,garmsar,home-and-kitchen,home-decor-furniture
۰۹۳۰۹۲۹۱۲۸۷,گرمسار,garmsar,home-and-kitchen,home-decor-furniture
۰۹۳۸۹۷۲۰۲۰۳,گرمسار,garmsar,home-and-kitchen,home-decor-furniture
۰۹۲۲۴۵۹۰۳۱۹,گرمسار,garmsar,home-and-kitchen,home-decor-furniture
۰۹۰۲۳۳۱۸۶۵۵,گرمسار,garmsar,home-and-kitchen,home-decor-furniture
(پنهان‌شده؛ چت کنید),گرمسار,garmsar,home-and-kitchen,home-decor-furniture
(پنهان‌شده؛ چت کنید),گرمسار,garmsar,home-and-kitchen,home-decor-furniture
۰۹۱۹۱۳۲۰۱۸۹,گرمسار,garmsar,home-and-kitchen,home-decor-furniture
۰۹۳۰۹۲۹۱۲۸۷,گرمسار,garmsar,home-and-kitchen,home-decor-furniture
۰۹۳۰۹۲۹۱۲۸۷,گرمسار,garmsar,home-and-kitchen,home-decor-furniture
۰۹۱۹۲۷۶۰۱۴۱,گرمسار,garmsar,home-and-kitchen,home-decor-furniture
۰۹۳۰۲۳۳۹۹۹۶,گرمسار,garmsar,home-and-kitchen,home-decor-furniture
۰۹۱۱۲۰۷۹۳۱۶,گرمسار,garmsar,home-and-kitchen,home-decor-furniture
۰۹۰۲۱۳۱۵۹۹۳,گرمسار,garmsar,home-and-kitchen,home-decor-furniture
۰۹۲۱۳۱۲۸۴۳۲,گرمسار,garmsar,home-and-kitchen,home-decor-furniture
۰۹۱۲۰۸۱۰۳۰۵,گرمسار,garmsar,home-and-kitchen,home-decor-furniture
۰۹۱۹۲۳۲۰۸۲۵,گرمسار,garmsar,home-and-kitchen,home-decor-furniture
۰۹۱۹۲۳۲۰۳۸۸,گرمسار,garmsar,home-and-kitchen,home-decor-furniture
۰۹۱۹۳۳۲۰۶۴۷,گرمسار,garmsar,home-and-kitchen,home-decor-furniture
۰۹۱۹۶۷۰۴۵۰۳,گرمسار,garmsar,home-and-kitchen,home-decor-furniture
۰۹۱۹۷۳۹۰۱۴۱,گرمسار,garmsar,home-and-kitchen,home-decor-furniture
۰۹۱۰۷۴۱۲۱۵۷,گرمسار,garmsar,home-and-kitchen,home-decor-furniture
۰۹۳۳۵۳۴۹۷۳۴,گرمسار,garmsar,home-and-kitchen,home-decor-furniture
۰۹۳۳۹۱۶۳۶۴۱,گرمسار,garmsar,home-and-kitchen,home-decor-furniture
۰۹۱۸۳۶۷۶۲۱۵,گرمسار,garmsar,home-and-kitchen,home-decor-furniture
۰۹۳۳۲۸۴۵۳۰۴,گرمسار,garmsar,home-and-kitchen,home-decor-furniture
۰۹۱۹۵۸۷۹۵۰۳,گرمسار,garmsar,home-and-kitchen,kitchen-appliances
۰۹۱۲۳۳۲۷۶۹۸,گرمسار,garmsar,home-and-kitchen,kitchen-appliances
۰۹۳۶۳۴۴۰۲۷۴,گرمسار,garmsar,home-and-kitchen,kitchen-appliances
۰۹۳۵۱۱۳۷۶۷۳,گرمسار,garmsar,home-and-kitchen,kitchen-appliances
۰۹۰۵۴۶۵۵۴۱۸,گرمسار,garmsar,home-and-kitchen,kitchen-appliances
۰۹۰۳۸۲۹۸۶۲۸,گرمسار,garmsar,home-and-kitchen,kitchen-appliances
۰۹۳۷۳۳۲۶۴۶۹,گرمسار,garmsar,home-and-kitchen,kitchen-appliances
۰۹۰۱۳۵۱۶۵۱۵,گرمسار,garmsar,home-and-kitchen,kitchen-appliances
۰۹۱۰۷۴۴۵۱۴۵,گرمسار,garmsar,home-and-kitchen,kitchen-appliances
۰۹۱۲۴۳۲۳۷۷۶,گرمسار,garmsar,home-and-kitchen,kitchen-appliances
۰۹۱۲۴۳۲۳۷۷۶,گرمسار,garmsar,home-and-kitchen,kitchen-appliances
۰۹۲۲۳۹۳۵۵۱۰,گرمسار,garmsar,home-and-kitchen,kitchen-appliances
۰۹۱۳۸۸۶۹۱۸۳,گرمسار,garmsar,home-and-kitchen,kitchen-appliances
۰۹۱۲۲۳۱۵۲۱۹,گرمسار,garmsar,home-and-kitchen,kitchen-appliances
۰۹۳۸۵۰۰۴۵۹۹,گرمسار,garmsar,home-and-kitchen,kitchen-appliances
۰۹۳۰۰۲۵۵۷۱۰,گرمسار,garmsar,home-and-kitchen,kitchen-appliances
۰۹۳۰۲۱۹۱۷۳۹,گرمسار,garmsar,home-and-kitchen,kitchen-appliances
۰۹۱۹۳۳۱۴۵۱۶,گرمسار,garmsar,home-and-kitchen,kitchen-appliances
۰۹۱۰۱۷۵۶۱۳۹,گرمسار,garmsar,home-and-kitchen,kitchen-appliances
۰۹۱۹۵۰۹۶۵۸۰,گرمسار,garmsar,home-and-kitchen,kitchen-appliances
۰۹۱۹۵۲۱۰۵۲۴,گرمسار,garmsar,home-and-kitchen,kitchen-appliances
۰۹۰۵۵۱۳۴۵۵۰,گرمسار,garmsar,home-and-kitchen,kitchen-appliances
(پنهان‌شده؛ چت کنید),گرمسار,garmsar,home-and-kitchen,kitchen-appliances
(پنهان‌شده؛ چت کنید),گرمسار,garmsar,home-and-kitchen,home-appliances
۰۹۳۳۲۸۴۵۳۰۴,گرمسار,garmsar,home-and-kitchen,home-appliances
۰۹۱۸۱۸۴۰۸۱۱,گرمسار,garmsar,home-and-kitchen,building-garden
۰۹۱۲۰۱۲۰۴۵۹,گرمسار,garmsar,home-and-kitchen,building-garden
۰۹۰۳۶۸۰۹۳۲۸,گرمسار,garmsar,home-and-kitchen,building-garden
۰۹۳۹۳۴۶۰۱۰۴,گرمسار,garmsar,home-and-kitchen,building-garden
(پنهان‌شده؛ چت کنید),گرمسار,garmsar,home-and-kitchen,building-garden
۰۹۳۳۹۱۶۳۶۴۱,گرمسار,garmsar,home-and-kitchen,building-garden
۰۹۱۰۷۷۸۷۲۶۵,گرمسار,garmsar,home-and-kitchen,building-garden
(پنهان‌شده؛ چت کنید),گرمسار,garmsar,home-and-kitchen,building-garden
۰۹۱۲۸۳۱۸۲۲۹,گرمسار,garmsar,home-and-kitchen,building-garden
۰۹۹۰۸۱۰۱۲۹۴,گرمسار,garmsar,services,catering-services
۰۹۱۹۴۳۲۱۶۷۰,گرمسار,garmsar,services,catering-services
۰۹۳۹۴۰۲۱۱۸۱,گرمسار,garmsar,services,catering-services
۰۹۰۵۴۳۲۹۸۰۹,گرمسار,garmsar,services,technology-services
۰۹۰۵۴۳۲۹۸۰۹,گرمسار,garmsar,services,technology-services
۰۹۰۵۴۳۲۹۸۰۹,گرمسار,garmsar,services,technology-services
۰۹۰۵۴۳۲۹۸۰۹,گرمسار,garmsar,services,technology-services
۰۹۰۵۴۳۲۹۸۰۹,گرمسار,garmsar,services,technology-services
۰۹۰۵۴۳۲۹۸۰۸,گرمسار,garmsar,services,technology-services
۰۹۰۵۴۳۲۹۸۰۹,گرمسار,garmsar,services,technology-services
۰۹۳۸۹۵۶۴۸۷۴,گرمسار,garmsar,services,technology-services
۰۹۰۵۴۳۲۹۸۰۹,گرمسار,garmsar,services,technology-services
۰۹۰۵۴۳۲۹۸۰۹,گرمسار,garmsar,services,technology-services
۰۹۹۱۹۰۰۶۶۹۴,گرمسار,garmsar,services,financial-services
۰۹۱۰۰۳۸۰۳۷۸,گرمسار,garmsar,services,financial-services
۰۹۹۰۵۳۸۶۴۷۵,گرمسار,garmsar,services,financial-services
۰۹۹۰۵۳۸۶۴۷۵,گرمسار,garmsar,services,financial-services
۰۹۳۶۱۶۲۶۷۴۲,گرمسار,garmsar,services,transport-logistic-services
۰۹۱۲۴۳۱۲۶۵۱,گرمسار,garmsar,services,transport-logistic-services
۰۹۲۱۳۳۷۰۱۷۱,گرمسار,garmsar,services,transport-logistic-services
۰۹۱۲۰۹۱۳۳۲۵,گرمسار,garmsar,services,transport-logistic-services
۰۹۹۰۶۵۵۱۶۰۲,گرمسار,garmsar,services,transport-logistic-services
۰۹۰۵۲۵۶۰۴۴۰,گرمسار,garmsar,services,craft-skill-services
۰۹۰۲۰۹۷۱۶۶۴,گرمسار,garmsar,services,craft-skill-services
۰۹۰۲۰۹۷۱۶۶۴,گرمسار,garmsar,services,craft-skill-services
۰۹۰۲۰۹۷۱۶۶۴,گرمسار,garmsar,services,craft-skill-services
(پنهان‌شده؛ چت کنید),گرمسار,garmsar,services,craft-skill-services
۰۹۹۱۹۶۴۳۳۸۹,گرمسار,garmsar,services,craft-skill-services
۰۹۹۱۹۶۴۳۳۸۹,گرمسار,garmsar,services,craft-skill-services
۰۹۹۱۹۶۴۳۳۸۹,گرمسار,garmsar,services,craft-skill-services
۰۹۹۱۷۸۹۷۰۴۵,گرمسار,garmsar,services,craft-skill-services
۰۹۱۳۷۰۹۶۵۱۰,گرمسار,garmsar,services,craft-skill-services
۰۹۳۶۶۰۸۳۰۲۱,گرمسار,garmsar,services,craft-skill-services
۰۹۱۰۴۶۲۷۲۳۲,گرمسار,garmsar,services,craft-skill-services
۰۹۱۲۰۸۱۱۸۹۴,گرمسار,garmsar,services,craft-skill-services
۰۹۳۷۸۰۱۷۷۳۵,گرمسار,garmsar,services,craft-skill-services
۰۹۳۷۸۰۱۷۷۳۵,گرمسار,garmsar,services,craft-skill-services
۰۹۳۷۸۰۱۷۷۳۵,گرمسار,garmsar,services,craft-skill-services
۰۹۳۷۸۰۱۷۷۳۵,گرمسار,garmsar,services,craft-skill-services
۰۹۱۲۳۳۲۶۴۸۷,گرمسار,garmsar,services,craft-skill-services
۰۹۳۳۶۶۱۲۳۰۴,گرمسار,garmsar,services,craft-skill-services
۰۹۱۰۴۶۲۷۲۳۲,گرمسار,garmsar,services,craft-skill-services
۰۹۹۰۱۷۸۳۱۱۸,گرمسار,garmsar,services,beauty-services
۰۹۱۹۵۴۲۳۵۰۴,گرمسار,garmsar,services,cleaning-services
۰۹۱۹۶۶۸۱۵۷۷,گرمسار,garmsar,services,teaching-services
۰۹۳۸۶۸۷۵۶۷۷,گرمسار,garmsar,services,teaching-services
۰۹۳۶۶۰۹۴۱۴۸,گرمسار,garmsar,services,teaching-services
۰۹۳۸۳۷۸۴۸۸۷,گرمسار,garmsar,services,teaching-services
۰۹۳۹۶۲۷۴۴۸۹,گرمسار,garmsar,services,teaching-services
۰۹۳۲۳۱۵۹۵۵۶,گرمسار,garmsar,services,teaching-services
(پنهان‌شده؛ چت کنید),گرمسار,garmsar,personal-goods,apparel
۰۹۱۰۷۴۱۲۱۵۷,گرمسار,garmsar,personal-goods,apparel
۰۹۲۱۳۱۲۸۴۳۲,گرمسار,garmsar,personal-goods,apparel
۰۹۳۰۹۲۶۹۰۵۰,گرمسار,garmsar,personal-goods,apparel
۰۹۹۰۶۵۵۱۹۲۳,گرمسار,garmsar,personal-goods,apparel
(پنهان‌شده؛ چت کنید),گرمسار,garmsar,personal-goods,apparel
۰۹۳۸۳۸۹۹۴۸۷,گرمسار,garmsar,personal-goods,apparel
۰۹۳۹۷۱۲۱۹۶۲,گرمسار,garmsar,personal-goods,apparel
۰۹۰۳۱۸۶۱۲۶۵,گرمسار,garmsar,personal-goods,apparel
۰۹۳۶۵۲۰۹۷۱۵,گرمسار,garmsar,personal-goods,apparel
۰۹۹۱۷۱۳۳۴۲۹,گرمسار,garmsar,personal-goods,apparel
۰۹۱۹۸۶۶۴۰۳۶,گرمسار,garmsar,personal-goods,apparel
۰۹۱۹۸۶۶۴۰۳۶,گرمسار,garmsar,personal-goods,apparel
۰۹۱۹۸۶۶۴۰۳۶,گرمسار,garmsar,personal-goods,apparel
۰۹۳۸۱۳۱۱۴۴۳,گرمسار,garmsar,personal-goods,apparel
(پنهان‌شده؛ چت کنید),گرمسار,garmsar,personal-goods,apparel
۰۹۱۸۴۱۰۲۳۱۷,گرمسار,garmsar,personal-goods,apparel
۰۹۱۹۳۶۳۴۲۰۷,گرمسار,garmsar,personal-goods,apparel
۰۹۳۶۸۹۹۴۷۹۶,گرمسار,garmsar,personal-goods,apparel
۰۹۳۵۵۵۹۰۴۹۰,گرمسار,garmsar,personal-goods,apparel
۰۹۳۵۵۵۹۰۴۹۰,گرمسار,garmsar,personal-goods,apparel
۰۹۳۵۵۵۹۰۴۹۰,گرمسار,garmsar,personal-goods,apparel
۰۹۳۵۵۵۹۰۴۹۰,گرمسار,garmsar,personal-goods,apparel
(پنهان‌شده؛ چت کنید),گرمسار,garmsar,personal-goods,accessories
(پنهان‌شده؛ چت کنید),گرمسار,garmsar,personal-goods,accessories
(پنهان‌شده؛ چت کنید),گرمسار,garmsar,personal-goods,accessories
(پنهان‌شده؛ چت کنید),گرمسار,garmsar,personal-goods,accessories
۰۹۱۱۲۰۷۹۳۱۶,گرمسار,garmsar,personal-goods,accessories
۰۹۳۰۴۰۷۴۳۱۷,گرمسار,garmsar,personal-goods,accessories
۰۹۲۱۵۴۷۳۱۶۳,گرمسار,garmsar,personal-goods,accessories
۰۹۹۲۸۹۰۴۳۳۵,گرمسار,garmsar,personal-goods,accessories
۰۹۱۹۸۸۴۳۵۸۴,گرمسار,garmsar,personal-goods,accessories
۰۹۹۰۸۲۲۰۵۳۵,گرمسار,garmsar,personal-goods,beauty-and-personal-care
(پنهان‌شده؛ چت کنید),گرمسار,garmsar,personal-goods,beauty-and-personal-care
۰۹۰۳۱۸۸۹۵۵۳,گرمسار,garmsar,personal-goods,beauty-and-personal-care
۰۹۳۷۲۵۵۱۴۷۹,گرمسار,garmsar,personal-goods,beauty-and-personal-care
۰۹۱۱۲۰۷۹۳۱۶,گرمسار,garmsar,personal-goods,beauty-and-personal-care
۰۹۲۱۹۱۵۹۲۹۴,گرمسار,garmsar,personal-goods,beauty-and-personal-care
۰۹۳۷۲۶۳۸۲۹۸,گرمسار,garmsar,personal-goods,beauty-and-personal-care
۰۹۱۲۲۳۱۹۳۱۲,گرمسار,garmsar,personal-goods,beauty-and-personal-care
۰۹۱۱۳۵۹۸۳۹۴,گرمسار,garmsar,personal-goods,beauty-and-personal-care
۰۹۱۲۲۳۱۵۷۷۸,گرمسار,garmsar,personal-goods,beauty-and-personal-care
۰۹۳۸۱۳۱۱۴۴۳,گرمسار,garmsar,personal-goods,child-apparel
۰۹۱۹۸۲۸۸۵۹۴,گرمسار,garmsar,personal-goods,child-products
۰۹۳۹۳۳۵۱۳۱۶,گرمسار,garmsar,personal-goods,child-products
۰۹۳۵۵۵۹۰۴۹۰,گرمسار,garmsar,personal-goods,child-products
۰۹۳۰۹۰۴۰۰۷۴,گرمسار,garmsar,personal-goods,child-products
۰۹۳۸۵۰۵۰۴۸۴,گرمسار,garmsar,personal-goods,child-products
(پنهان‌شده؛ چت کنید),گرمسار,garmsar,personal-goods,child-products
۰۹۱۰۰۳۲۱۰۰۷,گرمسار,garmsar,personal-goods,stationery
۰۹۰۲۹۰۷۲۸۳۲,گرمسار,garmsar,personal-goods,stationery
۰۹۲۲۲۹۴۸۳۹۰,گرمسار,garmsar,entertainment,publication
۰۹۲۲۲۹۴۸۳۹۰,گرمسار,garmsar,entertainment,publication
(پنهان‌شده؛ چت کنید),گرمسار,garmsar,entertainment,publication
۰۹۳۸۳۷۸۴۸۸۷,گرمسار,garmsar,entertainment,publication
۰۹۳۶۷۰۹۷۶۴۱,گرمسار,garmsar,entertainment,bike-skate-scooter
۰۹۰۱۰۲۷۸۷۰۴,گرمسار,garmsar,entertainment,bike-skate-scooter
۰۹۹۱۰۱۶۹۶۳۷,گرمسار,garmsar,entertainment,bike-skate-scooter
۰۹۳۶۶۰۳۸۰۴۹,گرمسار,garmsar,entertainment,bike-skate-scooter
۰۹۳۷۲۹۵۵۰۷۴,گرمسار,garmsar,entertainment,bike-skate-scooter
(پنهان‌شده؛ چت کنید),گرمسار,garmsar,entertainment,pets-animals
۰۹۳۶۵۰۳۲۲۲۹,گرمسار,garmsar,entertainment,pets-animals
۰۹۳۷۲۶۳۸۲۹۸,گرمسار,garmsar,entertainment,pets-animals
۰۹۳۶۰۹۸۰۰۶۷,گرمسار,garmsar,entertainment,pets-animals
۰۹۳۶۲۱۹۰۰۱۵,گرمسار,garmsar,entertainment,pets-animals
(پنهان‌شده؛ چت کنید),گرمسار,garmsar,entertainment,pets-animals
۰۹۳۵۷۸۰۹۵۸۸,گرمسار,garmsar,entertainment,pets-animals
۰۹۳۸۱۷۸۵۷۴۶,گرمسار,garmsar,entertainment,pets-animals
۰۹۱۲۴۳۲۲۱۶۰,گرمسار,garmsar,entertainment,pets-animals
۰۹۳۷۸۹۸۶۲۹۹,گرمسار,garmsar,entertainment,pets-animals
۰۹۹۰۱۸۸۴۷۲۱,گرمسار,garmsar,entertainment,pets-animals
۰۹۳۸۵۹۰۱۳۳۶,گرمسار,garmsar,entertainment,pets-animals
۰۹۱۲۰۷۳۸۰۳۲,گرمسار,garmsar,entertainment,pets-animals
۰۹۰۲۵۶۲۴۵۲۸,گرمسار,garmsar,entertainment,pets-animals
۰۹۳۶۵۰۳۲۲۲۹,گرمسار,garmsar,entertainment,pets-animals
۰۹۲۱۵۱۹۸۱۵۷,گرمسار,garmsar,entertainment,pets-animals
۰۹۱۲۰۷۳۸۰۳۲,گرمسار,garmsar,entertainment,pets-animals
(پنهان‌شده؛ چت کنید),گرمسار,garmsar,entertainment,pets-animals
۰۹۰۱۱۳۲۰۸۱۷,گرمسار,garmsar,entertainment,pets-animals
۰۹۱۲۰۷۳۸۰۳۲,گرمسار,garmsar,entertainment,pets-animals
۰۹۰۵۳۷۷۴۸۳۴,گرمسار,garmsar,entertainment,pets-animals
۰۹۳۰۳۵۱۶۱۹۱,گرمسار,garmsar,entertainment,collecting
۰۹۳۵۵۸۴۵۴۱۰,گرمسار,garmsar,entertainment,collecting
۰۹۳۸۷۳۹۸۰۹۸,گرمسار,garmsar,entertainment,collecting
(پنهان‌شده؛ چت کنید),گرمسار,garmsar,entertainment,sport-entertainment
(پنهان‌شده؛ چت کنید),گرمسار,garmsar,entertainment,sport-entertainment
۰۹۱۲۵۷۳۰۹۲۴,گرمسار,garmsar,entertainment,sport-entertainment
۰۹۱۰۷۴۱۰۹۷۵,گرمسار,garmsar,entertainment,sport-entertainment
۰۹۲۲۵۰۵۲۶۳۷,گرمسار,garmsar,social-services,event
۰۹۹۲۷۷۱۰۸۶۴,گرمسار,garmsar,social-services,event
۰۹۰۲۳۷۸۶۵۶۲,گرمسار,garmsar,social-services,event
۰۹۱۹۵۷۲۷۱۸۰,گرمسار,garmsar,social-services,event
۰۹۹۱۵۲۸۴۶۹۱,گرمسار,garmsar,social-services,event
۰۹۳۷۶۲۱۴۰۱۶,گرمسار,garmsar,social-services,event
۰۹۲۲۹۳۴۳۲۵۵,گرمسار,garmsar,social-services,event
(پنهان‌شده؛ چت کنید),گرمسار,garmsar,social-services,event
۰۹۱۹۵۷۲۰۳۳۷,گرمسار,garmsar,social-services,voluntary
(پنهان‌شده؛ چت کنید),گرمسار,garmsar,social-services,voluntary
(پنهان‌شده؛ چت کنید),گرمسار,garmsar,social-services,voluntary
۰۹۱۹۹۷۷۳۹۳۰,گرمسار,garmsar,businesses,business-equipment
۰۹۳۸۸۴۷۴۵۴۳,گرمسار,garmsar,businesses,business-equipment
۰۹۰۵۲۵۶۰۴۴۰,گرمسار,garmsar,businesses,business-equipment
۰۹۱۹۴۳۰۲۰۶۴,گرمسار,garmsar,businesses,business-equipment
۰۹۱۹۹۷۷۳۹۳۰,گرمسار,garmsar,businesses,business-equipment
۰۹۱۲۶۳۵۰۸۵۱,گرمسار,garmsar,businesses,business-equipment
۰۹۳۶۴۷۶۰۰۱۲,گرمسار,garmsar,businesses,business-equipment
۰۹۱۲۱۲۶۰۶۲۸,گرمسار,garmsar,businesses,business-equipment
۰۹۰۲۳۳۱۸۶۵۵,گرمسار,garmsar,businesses,business-equipment
۰۹۳۰۸۵۴۷۵۵۷,گرمسار,garmsar,businesses,business-equipment
۰۹۹۲۴۸۹۶۷۰۳,گرمسار,garmsar,businesses,business-equipment
۰۹۰۲۳۲۵۳۶۴۸,گرمسار,garmsar,businesses,business-equipment
۰۹۹۲۴۷۳۳۴۰۹,گرمسار,garmsar,businesses,business-equipment
۰۹۰۱۲۴۶۱۶۷۱,گرمسار,garmsar,businesses,business-equipment
۰۹۱۲۸۲۴۵۴۷۷,گرمسار,garmsar,businesses,business-equipment
۰۹۰۲۰۵۵۲۳۱۵,گرمسار,garmsar,businesses,business-equipment
۰۹۹۱۲۰۸۸۸۵۶,گرمسار,garmsar,businesses,business-equipment
۰۹۹۲۴۹۶۴۰۸۶,گرمسار,garmsar,businesses,business-equipment
۰۹۱۲۱۳۱۱۶۰۷,گرمسار,garmsar,businesses,business-equipment
۰۹۹۲۴۸۹۴۱۸۶,گرمسار,garmsar,businesses,business-equipment
۰۹۰۲۰۵۵۲۲۵۷,گرمسار,garmsar,businesses,business-equipment
۰۹۹۲۷۸۳۴۹۸۵,گرمسار,garmsar,businesses,business-equipment
۰۹۰۲۳۰۳۷۰۸۲,گرمسار,garmsar,businesses,business-equipment
۰۹۱۰۱۷۵۶۱۳۹,گرمسار,garmsar,businesses,business-equipment
۰۹۱۲۱۳۱۷۲۸۶,گرمسار,garmsar,businesses,business-equipment
۰۹۹۱۳۶۰۸۳۹۳,گرمسار,garmsar,businesses,business-equipment
۰۹۳۵۹۳۵۱۸۱۲,گرمسار,garmsar,businesses,business-equipment
۰۹۱۲۰۷۴۲۵۳۹,گرمسار,garmsar,businesses,business-equipment
(پنهان‌شده؛ چت کنید),گرمسار,garmsar,businesses,wholesale
(پنهان‌شده؛ چت کنید),گرمسار,garmsar,businesses,wholesale
۰۹۰۲۵۴۹۱۹۷۶,گرمسار,garmsar,businesses,wholesale
۰۹۹۲۱۸۴۷۶۲۵,گرمسار,garmsar,businesses,wholesale
۰۹۳۸۳۸۹۹۴۶۶,گرمسار,garmsar,businesses,wholesale
۰۹۰۱۰۵۸۸۹۴۸,گرمسار,garmsar,businesses,wholesale
۰۹۱۱۵۳۴۸۶۰۴,گرمسار,garmsar,businesses,wholesale
(پنهان‌شده؛ چت کنید),گرمسار,garmsar,businesses,wholesale
۰۹۹۰۶۵۱۷۳۳۸,گرمسار,garmsar,businesses,wholesale
۰۹۱۹۶۱۲۰۲۷۸,گرمسار,garmsar,businesses,wholesale
۰۹۱۹۶۱۲۰۲۷۸,گرمسار,garmsar,businesses,wholesale
۰۹۰۵۶۹۳۰۵۵۷,گرمسار,garmsar,businesses,wholesale
۰۹۰۲۳۱۴۲۰۳۳,گرمسار,garmsar,businesses,wholesale
(پنهان‌شده؛ چت کنید),گرمسار,garmsar,businesses,wholesale
(پنهان‌شده؛ چت کنید),گرمسار,garmsar,businesses,wholesale
۰۹۹۰۴۳۲۱۵۵۹,گرمسار,garmsar,businesses,wholesale
۰۹۱۹۴۳۳۱۳۲۶,گرمسار,garmsar,businesses,wholesale
۰۹۱۲۸۴۴۹۷۳۷,گرمسار,garmsar,businesses,wholesale
۰۹۳۷۳۳۸۳۰۳۶,گرمسار,garmsar,businesses,wholesale
۰۹۱۲۳۳۲۸۶۴۶,گرمسار,garmsar,businesses,wholesale
۰۹۰۱۹۷۳۲۶۵۱,گرمسار,garmsar,businesses,wholesale
۰۹۱۱۱۷۷۸۶۵۹,گرمسار,garmsar,businesses,wholesale
۰۹۱۱۱۷۵۴۱۵۰,گرمسار,garmsar,businesses,wholesale
۰۹۳۶۳۶۵۴۹۳۹,گرمسار,garmsar,businesses,wholesale
۰۹۳۰۸۵۴۷۵۵۷,گرمسار,garmsar,businesses,wholesale
۰۹۱۲۳۳۲۸۶۴۶,گرمسار,garmsar,businesses,wholesale
۰۹۲۱۳۰۴۲۴۸۹,گرمسار,garmsar,businesses,wholesale
۰۹۲۲۹۳۴۳۲۵۵,گرمسار,garmsar,businesses,wholesale
۰۹۳۷۵۰۶۴۰۷۸,گرمسار,garmsar,businesses,wholesale
۰۹۳۷۵۰۶۳۳۱۹,گرمسار,garmsar,businesses,wholesale
۰۹۱۹۸۲۰۳۹۱۴,گرمسار,garmsar,businesses,wholesale
۰۹۱۱۵۳۵۶۵۲۸,گرمسار,garmsar,businesses,wholesale
۰۹۹۰۴۴۳۲۹۶۱,گرمسار,garmsar,businesses,wholesale
۰۹۱۱۹۷۲۹۲۰۲,گرمسار,garmsar,businesses,wholesale
۰۹۹۲۸۴۰۹۳۴۹,گرمسار,garmsar,businesses,wholesale
۰۹۱۲۲۷۹۴۳۰۲,گرمسار,garmsar,businesses,wholesale
۰۹۳۹۰۲۳۱۱۳۹,گرمسار,garmsar,businesses,wholesale
۰۹۳۵۰۸۶۶۲۴۲,گرمسار,garmsar,businesses,wholesale
۰۹۰۲۸۷۳۴۸۹۹,گرمسار,garmsar,businesses,wholesale
۰۹۹۲۳۷۳۳۷۸۴,گرمسار,garmsar,businesses,wholesale
۰۹۱۹۳۳۱۴۵۱۶,گرمسار,garmsar,businesses,wholesale
۰۹۱۲۹۶۲۶۱۳۱,گرمسار,garmsar,businesses,wholesale
۰۹۱۲۵۳۱۳۸۰۱,گرمسار,garmsar,businesses,wholesale
۰۹۹۲۳۳۴۷۳۵۳,گرمسار,garmsar,businesses,wholesale
۰۹۲۱۵۱۹۸۳۱۱,گرمسار,garmsar,businesses,wholesale
۰۹۹۲۸۹۲۵۴۱۴,گرمسار,garmsar,businesses,wholesale
۰۹۳۶۶۰۴۳۸۰۹,گرمسار,garmsar,businesses,wholesale
