۰۹۳۶۸۵۱۶۳۶۷,قاين,ghayen,jobs,administrative-jobs
۰۹۱۰۵۰۹۲۰۲۴,قاين,ghayen,jobs,administrative-jobs
۰۹۱۵۷۴۰۴۶۲۶,قاين,ghayen,jobs,janitorial-jobs
۰۹۱۵۲۰۰۸۱۰۶,قاين,ghayen,jobs,service-jobs
۰۹۳۶۸۱۳۳۰۵۱,قاين,ghayen,jobs,marketing-jobs
۰۹۱۵۸۶۶۶۰۲۶,قاين,ghayen,real-estate,buy-residential
۰۹۱۵۷۴۱۱۳۳۸,قاين,ghayen,real-estate,buy-residential
۰۹۱۵۵۶۰۱۰۵۲,قاين,ghayen,real-estate,buy-residential
۰۹۳۷۵۳۷۷۱۷۶,قاين,ghayen,real-estate,buy-residential
۰۹۰۵۲۹۶۷۸۲۸,قاين,ghayen,real-estate,buy-residential
۰۹۱۵۳۲۵۰۹۵۶,قاين,ghayen,real-estate,buy-residential
۰۹۱۵۸۶۳۲۱۹۵,قاين,ghayen,real-estate,buy-residential
۰۹۳۹۷۶۹۵۸۳۹,قاين,ghayen,real-estate,buy-residential
۰۹۳۵۳۶۲۸۲۶۴,قاين,ghayen,real-estate,buy-residential
۰۹۱۵۳۶۲۷۴۱۱,قاين,ghayen,real-estate,buy-residential
۰۹۱۵۱۶۴۵۲۶۰,قاين,ghayen,real-estate,buy-residential
۰۹۹۱۶۳۲۴۹۸۱,قاين,ghayen,real-estate,buy-residential
۰۹۱۵۵۶۵۰۶۰۹,قاين,ghayen,real-estate,buy-residential
۰۹۱۵۹۶۳۰۴۷۲,قاين,ghayen,real-estate,buy-residential
۰۹۱۵۷۹۳۲۹۱۵,قاين,ghayen,real-estate,buy-residential
۰۹۱۵۷۹۳۷۱۵۷,قاين,ghayen,real-estate,buy-residential
۰۹۱۵۳۶۲۹۱۳۹,قاين,ghayen,real-estate,buy-residential
۰۹۳۵۳۶۵۶۴۱۹,قاين,ghayen,real-estate,buy-residential
۰۹۳۷۳۵۷۶۴۷۵,قاين,ghayen,real-estate,buy-residential
۰۹۳۷۹۴۷۶۲۶۲,قاين,ghayen,real-estate,buy-residential
۰۹۳۳۰۸۴۹۵۳۳,قاين,ghayen,real-estate,buy-residential
۰۹۱۹۹۰۳۰۱۵۶,قاين,ghayen,real-estate,buy-residential
۰۹۰۳۳۸۸۳۲۶۷,قاين,ghayen,real-estate,buy-residential
۰۹۱۵۵۸۲۷۹۴۱,قاين,ghayen,real-estate,buy-residential
۰۹۱۵۵۶۲۳۹۶۵,قاين,ghayen,real-estate,buy-residential
۰۹۱۵۸۶۲۲۰۷۴,قاين,ghayen,real-estate,buy-residential
۰۹۱۵۱۶۲۵۳۰۲,قاين,ghayen,real-estate,buy-residential
۰۹۱۵۵۶۲۶۰۶۴,قاين,ghayen,real-estate,buy-residential
۰۹۱۱۴۵۱۴۴۵۹,قاين,ghayen,real-estate,buy-residential
۰۹۱۵۵۶۱۵۲۱۲,قاين,ghayen,real-estate,buy-residential
۰۹۱۵۵۶۲۱۵۴۴,قاين,ghayen,real-estate,buy-residential
۰۹۱۵۸۶۷۶۰۹۹,قاين,ghayen,real-estate,buy-residential
۰۹۳۶۸۷۵۱۴۷۵,قاين,ghayen,real-estate,buy-residential
۰۹۳۶۸۷۵۱۴۷۵,قاين,ghayen,real-estate,buy-residential
۰۹۳۶۸۷۵۱۴۷۵,قاين,ghayen,real-estate,buy-residential
۰۹۱۵۵۶۲۵۷۹۶,قاين,ghayen,real-estate,buy-residential
۰۹۳۹۷۶۹۵۸۳۹,قاين,ghayen,real-estate,buy-residential
۰۹۱۵۷۵۶۷۱۲۷,قاين,ghayen,real-estate,buy-residential
۰۹۱۵۳۶۱۷۱۹۹,قاين,ghayen,real-estate,buy-residential
۰۹۱۵۵۶۱۶۶۹۷,قاين,ghayen,real-estate,buy-residential
۰۹۱۵۷۴۱۹۳۶۵,قاين,ghayen,real-estate,buy-residential
۰۹۳۷۰۱۵۴۰۸۶,قاين,ghayen,real-estate,buy-residential
۰۹۳۵۹۰۶۶۹۵۰,قاين,ghayen,real-estate,buy-residential
۰۹۱۵۷۲۰۷۴۲۸,قاين,ghayen,real-estate,buy-residential
۰۹۱۵۶۶۶۰۴۰۲,قاين,ghayen,real-estate,buy-residential
۰۹۱۵۳۶۲۷۲۲۳,قاين,ghayen,real-estate,buy-residential
۰۹۳۹۴۱۴۹۵۲۷,قاين,ghayen,real-estate,buy-residential
۰۹۱۵۳۶۱۹۷۴۶,قاين,ghayen,real-estate,rent-residential
۰۹۰۱۴۰۸۱۵۹۶,قاين,ghayen,real-estate,rent-residential
۰۹۱۵۷۵۵۶۸۵۱,قاين,ghayen,real-estate,rent-residential
۰۹۱۵۸۶۷۷۷۳۹,قاين,ghayen,real-estate,rent-residential
۰۹۱۵۹۶۳۲۸۲۴,قاين,ghayen,real-estate,rent-residential
۰۹۱۵۳۶۱۰۴۲۳,قاين,ghayen,real-estate,rent-residential
۰۹۳۷۹۴۷۶۲۶۲,قاين,ghayen,real-estate,rent-residential
۰۹۳۷۹۴۷۶۲۶۲,قاين,ghayen,real-estate,rent-residential
۰۹۱۵۴۹۴۲۰۷۰,قاين,ghayen,real-estate,rent-residential
۰۹۱۵۵۶۳۱۹۴۲,قاين,ghayen,real-estate,rent-residential
۰۹۱۵۳۶۲۵۹۰۳,قاين,ghayen,real-estate,rent-residential
۰۹۳۵۹۳۵۳۲۸۴,قاين,ghayen,real-estate,rent-residential
۰۹۱۵۹۶۱۴۶۲۶,قاين,ghayen,real-estate,rent-residential
۰۹۹۱۶۳۲۴۹۸۱,قاين,ghayen,real-estate,buy-commercial-property
۰۹۱۵۷۲۲۴۰۲۱,قاين,ghayen,real-estate,buy-commercial-property
۰۹۱۵۹۶۱۴۱۱۵,قاين,ghayen,real-estate,buy-commercial-property
۰۹۱۵۹۱۳۶۳۹۴,قاين,ghayen,real-estate,buy-commercial-property
۰۹۱۵۵۶۲۳۹۶۵,قاين,ghayen,real-estate,buy-commercial-property
۰۹۱۵۳۱۶۵۵۶۴,قاين,ghayen,real-estate,buy-commercial-property
۰۹۳۷۲۳۱۰۹۷۰,قاين,ghayen,real-estate,buy-commercial-property
۰۹۱۵۹۶۵۶۱۹۴,قاين,ghayen,real-estate,buy-commercial-property
۰۹۳۸۸۲۴۶۴۲۷,قاين,ghayen,real-estate,rent-commercial-property
۰۹۳۸۸۲۴۶۴۲۷,قاين,ghayen,real-estate,rent-commercial-property
۰۹۳۵۵۵۹۶۹۷۶,قاين,ghayen,real-estate,rent-commercial-property
۰۹۱۵۶۶۸۱۶۸۶,قاين,ghayen,real-estate,rent-commercial-property
۰۹۰۳۴۶۶۹۰۷۳,قاين,ghayen,real-estate,rent-temporary
۰۹۳۰۰۵۳۷۷۹۵,قاين,ghayen,vehicles,auto
۰۹۱۵۹۶۲۸۱۱۹,قاين,ghayen,vehicles,auto
۰۹۱۵۹۶۱۳۹۹۰,قاين,ghayen,vehicles,auto
۰۹۳۸۹۱۰۲۶۵۶,قاين,ghayen,vehicles,auto
۰۹۱۵۳۶۲۶۵۸۰,قاين,ghayen,vehicles,auto
۰۹۱۵۲۶۸۰۹۴۳,قاين,ghayen,vehicles,auto
۰۹۱۵۷۹۱۱۸۵۷,قاين,ghayen,vehicles,auto
۰۹۱۵۷۲۱۴۵۶۴,قاين,ghayen,vehicles,auto
۰۹۰۵۱۹۵۶۴۰۶,قاين,ghayen,vehicles,auto
۰۹۱۵۳۶۲۸۳۱۴,قاين,ghayen,vehicles,auto
۰۹۰۳۵۱۶۲۰۱۰,قاين,ghayen,vehicles,auto
۰۹۱۵۹۶۲۸۸۵۹,قاين,ghayen,vehicles,auto
۰۹۱۵۷۲۰۶۷۱۷,قاين,ghayen,vehicles,auto
۰۹۱۵۲۶۷۴۵۲۲,قاين,ghayen,vehicles,auto
۰۹۱۵۹۶۳۶۱۵۱,قاين,ghayen,vehicles,auto
۰۹۱۵۳۳۱۷۸۴۲,قاين,ghayen,vehicles,auto
۰۹۳۹۴۱۴۹۶۷۷,قاين,ghayen,vehicles,auto
۰۹۱۵۶۶۷۴۵۱۶,قاين,ghayen,vehicles,auto
۰۹۱۵۳۶۲۶۲۰۰,قاين,ghayen,vehicles,auto
۰۹۱۵۰۹۰۲۴۶۳,قاين,ghayen,vehicles,auto
۰۹۱۵۹۶۵۵۰۵۶,قاين,ghayen,vehicles,auto
۰۹۱۵۲۵۵۱۱۰۷,قاين,ghayen,vehicles,auto
۰۹۱۵۶۹۵۵۴۵۹,قاين,ghayen,vehicles,auto
۰۹۰۳۵۶۴۵۱۸۵,قاين,ghayen,vehicles,auto
۰۹۱۵۳۶۱۰۵۰۷,قاين,ghayen,vehicles,auto
۰۹۱۵۲۶۸۹۳۶۱,قاين,ghayen,vehicles,auto
۰۹۰۵۳۱۳۸۸۲۵,قاين,ghayen,vehicles,auto
۰۹۱۵۶۰۴۷۴۷۶,قاين,ghayen,vehicles,auto
۰۹۱۵۷۲۱۳۸۵۴,قاين,ghayen,vehicles,auto
۰۹۱۵۳۶۲۹۱۳۹,قاين,ghayen,vehicles,auto
۰۹۱۵۷۲۵۷۹۱۴,قاين,ghayen,vehicles,auto
۰۹۰۳۵۶۴۵۱۸۵,قاين,ghayen,vehicles,auto
۰۹۱۰۵۴۹۱۱۴۱,قاين,ghayen,vehicles,auto
۰۹۱۵۹۶۲۴۲۰۷,قاين,ghayen,vehicles,auto
۰۹۱۵۵۶۲۱۶۹۴,قاين,ghayen,vehicles,auto
۰۹۳۵۸۴۷۸۵۶۴,قاين,ghayen,vehicles,auto
۰۹۹۰۹۸۸۵۳۰۳,قاين,ghayen,vehicles,auto
۰۹۱۵۹۶۳۵۳۳۷,قاين,ghayen,vehicles,auto
۰۹۱۵۳۶۳۰۶۷۲,قاين,ghayen,vehicles,auto
۰۹۱۵۱۶۴۷۳۱۷,قاين,ghayen,vehicles,auto
۰۹۱۵۹۶۳۶۰۰۵,قاين,ghayen,vehicles,auto
۰۹۱۰۵۴۵۷۰۵۷,قاين,ghayen,vehicles,auto
۰۹۲۲۴۱۱۹۷۵۸,قاين,ghayen,vehicles,auto
۰۹۳۳۲۴۰۴۸۷۰,قاين,ghayen,vehicles,auto
۰۹۱۵۷۵۵۶۲۲۴,قاين,ghayen,vehicles,auto
۰۹۱۵۵۶۱۶۷۳۳,قاين,ghayen,vehicles,auto
۰۹۱۵۸۶۵۹۱۷۶,قاين,ghayen,vehicles,auto
۰۹۱۵۵۶۲۶۷۶۱,قاين,ghayen,vehicles,auto
۰۹۱۵۹۶۳۱۱۵۲,قاين,ghayen,vehicles,auto
۰۹۱۵۸۶۱۴۸۱۱,قاين,ghayen,vehicles,auto
۰۹۱۵۷۲۲۷۲۲۹,قاين,ghayen,vehicles,auto
۰۹۱۵۳۶۲۵۹۸۱,قاين,ghayen,vehicles,auto
۰۹۳۶۷۵۲۲۳۵۴,قاين,ghayen,vehicles,auto
۰۹۳۷۰۱۵۴۰۸۶,قاين,ghayen,vehicles,auto
۰۹۱۵۹۶۱۵۵۸۴,قاين,ghayen,vehicles,auto
۰۹۱۵۳۶۱۵۷۶۲,قاين,ghayen,vehicles,auto
۰۹۱۵۳۶۲۶۷۳۰,قاين,ghayen,vehicles,auto
۰۹۱۵۷۴۰۵۲۸۵,قاين,ghayen,vehicles,auto
۰۹۱۵۰۰۱۷۹۳۰,قاين,ghayen,vehicles,auto
۰۹۱۵۰۰۱۷۹۳۰,قاين,ghayen,vehicles,auto
۰۹۱۵۸۶۱۷۰۳۰,قاين,ghayen,vehicles,auto
۰۹۱۵۳۶۱۷۰۸۸,قاين,ghayen,vehicles,auto
۰۹۳۸۵۲۵۸۲۰۰,قاين,ghayen,vehicles,auto
۰۹۱۵۸۶۱۹۸۰۴,قاين,ghayen,vehicles,auto
۰۹۱۵۵۶۲۴۴۶۰,قاين,ghayen,vehicles,auto
۰۹۱۵۵۶۲۶۳۴۰,قاين,ghayen,vehicles,auto
۰۹۱۵۲۶۷۸۷۲۵,قاين,ghayen,vehicles,auto
۰۹۱۵۸۶۵۶۶۵۹,قاين,ghayen,vehicles,auto
۰۹۹۰۲۲۴۶۷۱۷,قاين,ghayen,vehicles,car-accessories
۰۹۰۱۷۹۱۰۷۳۳,قاين,ghayen,vehicles,car-accessories
۰۹۳۷۷۸۴۹۰۹۴,قاين,ghayen,vehicles,car-accessories
۰۹۳۹۵۲۲۱۲۱۲,قاين,ghayen,vehicles,car-accessories
۰۹۳۶۶۵۸۶۵۷۶,قاين,ghayen,vehicles,car-accessories
۰۹۱۵۹۶۵۳۱۶۷,قاين,ghayen,vehicles,car-accessories
۰۹۳۹۴۱۴۹۵۷۸,قاين,ghayen,vehicles,car-accessories
۰۹۱۵۵۶۲۶۷۸۷,قاين,ghayen,vehicles,car-accessories
۰۹۲۲۴۳۰۱۸۳۲,قاين,ghayen,vehicles,car-accessories
۰۹۱۵۵۶۴۱۷۵۸,قاين,ghayen,vehicles,car-accessories
۰۹۳۹۵۲۲۱۲۱۲,قاين,ghayen,vehicles,car-accessories
۰۹۱۵۷۴۰۴۶۱۲,قاين,ghayen,vehicles,car-accessories
۰۹۱۵۷۲۱۳۸۵۴,قاين,ghayen,vehicles,car-accessories
۰۹۳۳۸۵۶۲۰۳۴,قاين,ghayen,vehicles,car-accessories
۰۹۳۷۹۸۷۵۱۶۱,قاين,ghayen,vehicles,car-accessories
۰۹۱۵۹۷۵۴۰۳۲,قاين,ghayen,vehicles,car-accessories
۰۹۹۰۸۲۹۸۱۴۶,قاين,ghayen,vehicles,car-accessories
۰۹۱۵۵۶۲۸۷۹۷,قاين,ghayen,vehicles,car-accessories
۰۹۱۵۶۶۳۰۵۳۵,قاين,ghayen,vehicles,car-accessories
۰۹۱۵۹۶۵۴۵۲۶,قاين,ghayen,vehicles,car-accessories
۰۹۱۵۹۶۵۰۶۱۸,قاين,ghayen,vehicles,car-accessories
۰۹۰۵۳۲۷۶۶۳۳,قاين,ghayen,vehicles,car-accessories
۰۹۱۵۴۹۷۷۸۵۹,قاين,ghayen,vehicles,car-accessories
۰۹۱۵۳۶۲۹۱۱۸,قاين,ghayen,vehicles,car-accessories
۰۹۳۵۳۱۴۵۵۸۹,قاين,ghayen,vehicles,car-accessories
۰۹۳۸۱۸۹۱۵۱۴,قاين,ghayen,vehicles,car-accessories
۰۹۳۸۱۸۹۱۵۱۴,قاين,ghayen,vehicles,car-accessories
۰۹۰۳۴۳۲۱۷۲۴,قاين,ghayen,vehicles,car-accessories
۰۹۱۰۸۶۷۹۰۵۷,قاين,ghayen,vehicles,car-accessories
۰۹۱۵۷۵۷۶۳۰۲,قاين,ghayen,vehicles,car-accessories
۰۹۳۵۰۸۲۰۱۳۲,قاين,ghayen,vehicles,car-accessories
۰۹۱۵۹۶۴۱۲۰۹,قاين,ghayen,vehicles,car-accessories
۰۹۱۵۹۶۴۱۲۰۹,قاين,ghayen,vehicles,car-accessories
۰۹۳۶۵۶۱۲۷۴۳,قاين,ghayen,vehicles,car-accessories
۰۹۱۵۵۶۴۱۷۵۸,قاين,ghayen,vehicles,car-accessories
۰۹۱۵۵۶۴۱۷۵۸,قاين,ghayen,vehicles,car-accessories
۰۹۱۵۵۶۴۱۷۵۸,قاين,ghayen,vehicles,car-accessories
۰۹۱۵۵۶۴۱۷۵۸,قاين,ghayen,vehicles,car-accessories
۰۹۱۵۵۶۴۱۷۵۸,قاين,ghayen,vehicles,car-accessories
۰۹۱۵۵۶۴۱۷۵۸,قاين,ghayen,vehicles,car-accessories
۰۹۱۵۷۷۱۶۱۱۷,قاين,ghayen,vehicles,car-accessories
۰۹۱۹۸۰۱۹۰۱۳,قاين,ghayen,vehicles,car-accessories
۰۹۲۲۴۶۶۸۵۱۳,قاين,ghayen,vehicles,car-accessories
۰۹۳۶۳۳۵۳۶۸۱,قاين,ghayen,vehicles,car-accessories
۰۹۱۵۶۲۳۷۹۷۰,قاين,ghayen,vehicles,car-accessories
۰۹۱۵۳۶۳۰۶۸۵,قاين,ghayen,vehicles,motorcycles
۰۹۳۶۲۵۵۵۳۷۲,قاين,ghayen,vehicles,motorcycles
۰۹۹۱۵۷۷۰۲۸۳,قاين,ghayen,vehicles,motorcycles
۰۹۱۵۵۶۲۲۸۵۸,قاين,ghayen,vehicles,motorcycles
۰۹۹۱۷۹۲۵۲۹۳,قاين,ghayen,vehicles,motorcycles
۰۹۳۶۲۰۱۲۶۶۱,قاين,ghayen,vehicles,motorcycles
۰۹۱۵۰۷۸۶۶۷۵,قاين,ghayen,vehicles,motorcycles
۰۹۱۵۶۷۰۵۹۷۹,قاين,ghayen,vehicles,motorcycles
۰۹۱۵۴۷۶۳۲۸۳,قاين,ghayen,vehicles,motorcycles
۰۹۱۵۴۹۵۷۸۶۱,قاين,ghayen,vehicles,motorcycles
۰۹۱۵۶۰۴۸۳۲۸,قاين,ghayen,vehicles,motorcycles
۰۹۱۵۸۹۲۲۶۸۱,قاين,ghayen,vehicles,motorcycles
۰۹۱۵۴۹۴۰۱۱۳,قاين,ghayen,vehicles,motorcycles
۰۹۹۲۱۰۳۵۹۰۱,قاين,ghayen,vehicles,motorcycles
۰۹۹۲۳۳۸۵۴۵۶,قاين,ghayen,vehicles,motorcycles
۰۹۱۵۷۰۴۳۵۸۰,قاين,ghayen,vehicles,motorcycles
۰۹۰۳۴۶۰۹۰۵۸,قاين,ghayen,vehicles,motorcycles
۰۹۳۷۵۳۷۶۲۰۳,قاين,ghayen,vehicles,motorcycles
۰۹۰۱۵۸۴۲۹۷۱,قاين,ghayen,vehicles,motorcycles
۰۹۳۶۴۴۳۱۴۵۸,قاين,ghayen,vehicles,motorcycles
۰۹۱۵۹۶۱۶۴۷۲,قاين,ghayen,vehicles,motorcycles
۰۹۰۳۰۲۲۱۱۳۶,قاين,ghayen,vehicles,motorcycles
۰۹۳۹۶۵۰۳۸۳۹,قاين,ghayen,vehicles,motorcycles
۰۹۱۵۳۶۱۶۳۸۶,قاين,ghayen,vehicles,motorcycles
۰۹۰۵۷۴۴۹۴۷۵,قاين,ghayen,vehicles,motorcycles
۰۹۳۶۹۶۵۷۱۴۶,قاين,ghayen,vehicles,motorcycles
۰۹۳۶۹۰۰۴۲۹۴,قاين,ghayen,vehicles,motorcycles
۰۹۹۰۲۴۶۹۹۲۷,قاين,ghayen,vehicles,motorcycles
۰۹۱۵۷۹۳۳۴۸۵,قاين,ghayen,vehicles,motorcycles
۰۹۳۰۸۵۲۵۵۲۱,قاين,ghayen,vehicles,motorcycles
۰۹۱۵۴۹۶۳۷۲۵,قاين,ghayen,vehicles,motorcycles
۰۹۰۳۶۳۰۱۴۱۲,قاين,ghayen,vehicles,motorcycles
۰۹۳۸۹۰۹۷۲۷۸,قاين,ghayen,vehicles,motorcycles
۰۹۱۵۹۵۹۲۴۶۶,قاين,ghayen,vehicles,motorcycles
۰۹۱۵۷۲۴۹۶۴۶,قاين,ghayen,vehicles,motorcycles
۰۹۱۵۶۰۴۸۳۲۸,قاين,ghayen,vehicles,motorcycles
۰۹۱۵۶۰۴۸۳۲۸,قاين,ghayen,vehicles,motorcycles
۰۹۳۷۷۵۶۰۶۸۶,قاين,ghayen,vehicles,motorcycles
۰۹۰۳۳۰۹۷۳۸۴,قاين,ghayen,vehicles,motorcycles
۰۹۰۱۰۲۸۸۰۱۵,قاين,ghayen,vehicles,motorcycles
۰۹۱۵۷۲۳۷۲۸۸,قاين,ghayen,electronic-devices,mobile-tablet
(پنهان‌شده؛ چت کنید),قاين,ghayen,electronic-devices,mobile-tablet
۰۹۳۳۵۸۳۱۴۷۷,قاين,ghayen,electronic-devices,mobile-tablet
۰۹۰۱۹۷۸۴۶۲۵,قاين,ghayen,electronic-devices,mobile-tablet
۰۹۳۸۱۵۹۷۷۴۶,قاين,ghayen,electronic-devices,mobile-tablet
۰۹۰۲۸۸۱۱۲۱۲,قاين,ghayen,electronic-devices,mobile-tablet
۰۹۰۱۴۰۸۱۵۹۶,قاين,ghayen,electronic-devices,mobile-tablet
۰۹۳۰۳۶۲۷۹۵۳,قاين,ghayen,electronic-devices,mobile-tablet
۰۹۱۵۹۵۹۲۴۶۶,قاين,ghayen,electronic-devices,mobile-tablet
۰۹۳۵۴۷۱۹۳۷۶,قاين,ghayen,electronic-devices,mobile-tablet
۰۹۱۵۳۶۲۸۳۰۲,قاين,ghayen,electronic-devices,mobile-tablet
۰۹۱۵۴۹۸۲۱۰۸,قاين,ghayen,electronic-devices,mobile-tablet
۰۹۱۵۲۶۹۶۹۳۴,قاين,ghayen,electronic-devices,mobile-tablet
۰۹۱۵۸۶۵۶۵۵۸,قاين,ghayen,electronic-devices,mobile-tablet
۰۹۱۵۴۹۶۱۱۲۳,قاين,ghayen,electronic-devices,mobile-tablet
۰۹۱۵۵۶۱۵۲۷۷,قاين,ghayen,electronic-devices,mobile-tablet
۰۹۰۵۰۵۸۰۴۷۷,قاين,ghayen,electronic-devices,mobile-tablet
۰۹۱۵۷۵۶۹۳۸۲,قاين,ghayen,electronic-devices,mobile-tablet
۰۹۳۳۳۰۷۱۳۹۰,قاين,ghayen,electronic-devices,mobile-tablet
۰۹۱۵۷۹۱۵۷۲۷,قاين,ghayen,electronic-devices,mobile-tablet
۰۹۱۵۸۶۶۵۴۸۵,قاين,ghayen,electronic-devices,mobile-tablet
۰۹۱۵۵۶۵۸۸۰۹,قاين,ghayen,electronic-devices,mobile-tablet
۰۹۱۵۷۴۰۴۶۱۲,قاين,ghayen,electronic-devices,mobile-tablet
(پنهان‌شده؛ چت کنید),قاين,ghayen,electronic-devices,mobile-tablet
۰۹۱۵۲۸۱۴۰۲۴,قاين,ghayen,electronic-devices,mobile-tablet
(پنهان‌شده؛ چت کنید),قاين,ghayen,electronic-devices,mobile-tablet
۰۹۱۵۷۹۱۷۰۷۳,قاين,ghayen,electronic-devices,mobile-tablet
۰۹۳۵۹۲۳۷۶۱۸,قاين,ghayen,electronic-devices,mobile-tablet
۰۹۳۸۳۵۵۶۵۹۴,قاين,ghayen,electronic-devices,mobile-tablet
(پنهان‌شده؛ چت کنید),قاين,ghayen,electronic-devices,mobile-tablet
۰۹۰۳۳۹۰۳۳۷۶,قاين,ghayen,electronic-devices,mobile-tablet
۰۹۰۳۳۹۰۳۳۷۶,قاين,ghayen,electronic-devices,mobile-tablet
۰۹۰۳۳۹۰۳۳۷۶,قاين,ghayen,electronic-devices,mobile-tablet
۰۹۱۹۳۳۷۸۸۹۰,قاين,ghayen,electronic-devices,mobile-tablet
۰۹۱۵۳۶۲۹۷۷۶,قاين,ghayen,electronic-devices,mobile-tablet
۰۹۱۵۷۵۵۰۲۷۷,قاين,ghayen,electronic-devices,mobile-tablet
۰۹۱۵۸۶۴۶۴۹۹,قاين,ghayen,electronic-devices,mobile-tablet
۰۹۱۵۶۰۳۴۶۵۳,قاين,ghayen,electronic-devices,mobile-tablet
۰۹۱۵۶۰۳۴۶۵۳,قاين,ghayen,electronic-devices,mobile-tablet
۰۹۰۳۳۹۰۳۳۷۶,قاين,ghayen,electronic-devices,mobile-tablet
۰۹۳۶۱۷۵۷۱۱۴,قاين,ghayen,electronic-devices,mobile-tablet
۰۹۹۰۳۱۳۳۰۰۹,قاين,ghayen,electronic-devices,mobile-tablet
۰۹۹۱۹۰۲۶۰۱۶,قاين,ghayen,electronic-devices,mobile-tablet
۰۹۹۰۳۱۳۳۰۰۹,قاين,ghayen,electronic-devices,mobile-tablet
۰۹۱۹۰۱۴۲۱۳۲,قاين,ghayen,electronic-devices,mobile-tablet
۰۹۱۵۸۶۴۶۴۹۹,قاين,ghayen,electronic-devices,mobile-tablet
۰۹۰۵۰۷۳۰۵۲۸,قاين,ghayen,electronic-devices,mobile-tablet
۰۹۱۵۸۶۲۱۵۰۴,قاين,ghayen,electronic-devices,mobile-tablet
(پنهان‌شده؛ چت کنید),قاين,ghayen,electronic-devices,mobile-tablet
۰۹۱۵۳۳۴۷۵۷۳,قاين,ghayen,electronic-devices,mobile-tablet
۰۹۱۵۹۶۳۵۱۶۰,قاين,ghayen,electronic-devices,mobile-tablet
۰۹۹۰۸۶۳۸۸۲۷,قاين,ghayen,electronic-devices,mobile-tablet
۰۹۱۵۸۶۳۶۸۲۸,قاين,ghayen,electronic-devices,mobile-tablet
۰۹۹۱۱۷۳۱۲۳۳,قاين,ghayen,electronic-devices,mobile-tablet
۰۹۰۱۵۸۴۳۸۲۳,قاين,ghayen,electronic-devices,mobile-tablet
۰۹۱۵۹۶۳۶۲۰۰,قاين,ghayen,electronic-devices,mobile-tablet
(پنهان‌شده؛ چت کنید),قاين,ghayen,electronic-devices,mobile-tablet
۰۹۱۵۴۹۷۹۱۱۲,قاين,ghayen,electronic-devices,mobile-tablet
۰۹۳۸۴۲۰۴۱۴۲,قاين,ghayen,electronic-devices,mobile-tablet
۰۹۱۵۳۶۲۹۷۷۶,قاين,ghayen,electronic-devices,mobile-tablet
۰۹۱۵۷۴۰۵۳۸۴,قاين,ghayen,electronic-devices,mobile-tablet
۰۹۹۱۰۹۹۱۰۳۵,قاين,ghayen,electronic-devices,mobile-tablet
۰۹۱۵۵۶۲۹۵۸۴,قاين,ghayen,electronic-devices,mobile-tablet
۰۹۹۰۶۴۵۹۶۰۶,قاين,ghayen,electronic-devices,mobile-tablet
۰۹۱۵۴۹۸۱۴۸۶,قاين,ghayen,electronic-devices,mobile-tablet
۰۹۱۵۲۶۶۰۶۰۰,قاين,ghayen,electronic-devices,mobile-tablet
۰۹۰۳۷۲۴۵۵۸۵,قاين,ghayen,electronic-devices,mobile-tablet
۰۹۱۵۳۶۲۹۵۱۸,قاين,ghayen,electronic-devices,mobile-tablet
۰۹۳۵۰۸۲۰۱۳۲,قاين,ghayen,electronic-devices,mobile-tablet
۰۹۱۵۰۹۱۲۲۴۲,قاين,ghayen,electronic-devices,mobile-tablet
۰۹۱۵۵۶۳۲۱۹۷,قاين,ghayen,electronic-devices,computers
۰۹۰۵۳۱۳۶۹۵۱,قاين,ghayen,electronic-devices,computers
۰۹۳۷۹۸۷۵۱۶۱,قاين,ghayen,electronic-devices,computers
۰۹۱۵۳۶۳۰۰۳۶,قاين,ghayen,electronic-devices,computers
۰۹۹۱۱۷۳۴۳۳۵,قاين,ghayen,electronic-devices,computers
۰۹۱۵۳۶۲۷۲۹۹,قاين,ghayen,electronic-devices,computers
۰۹۱۵۳۶۲۷۲۹۹,قاين,ghayen,electronic-devices,computers
۰۹۱۵۳۶۲۷۲۹۹,قاين,ghayen,electronic-devices,computers
۰۹۳۷۵۷۲۳۱۶۸,قاين,ghayen,electronic-devices,computers
۰۹۱۵۶۶۷۳۱۸۱,قاين,ghayen,electronic-devices,computers
۰۹۰۳۳۸۰۴۹۶۴,قاين,ghayen,electronic-devices,computers
۰۹۳۹۵۳۵۰۶۰۰,قاين,ghayen,electronic-devices,computers
۰۹۱۵۳۶۲۹۷۷۶,قاين,ghayen,electronic-devices,computers
۰۹۱۵۳۶۲۹۷۷۶,قاين,ghayen,electronic-devices,computers
۰۹۰۵۷۵۲۱۸۷۴,قاين,ghayen,electronic-devices,computers
۰۹۱۵۷۲۰۶۷۵۹,قاين,ghayen,electronic-devices,game-consoles
۰۹۱۵۹۶۲۴۴۷۴,قاين,ghayen,electronic-devices,game-consoles
(پنهان‌شده؛ چت کنید),قاين,ghayen,electronic-devices,video-audio-device
۰۹۳۷۷۸۴۹۰۹۴,قاين,ghayen,electronic-devices,video-audio-device
۰۹۱۵۸۱۴۹۸۷۵,قاين,ghayen,electronic-devices,video-audio-device
۰۹۱۵۷۲۱۵۳۲۹,قاين,ghayen,electronic-devices,video-audio-device
۰۹۱۵۷۲۰۷۷۳۷,قاين,ghayen,electronic-devices,video-audio-device
۰۹۱۵۷۲۰۷۷۳۷,قاين,ghayen,electronic-devices,video-audio-device
۰۹۱۵۹۶۳۶۲۰۰,قاين,ghayen,electronic-devices,video-audio-device
۰۹۱۵۲۶۶۱۵۹۵,قاين,ghayen,electronic-devices,video-audio-device
۰۹۹۰۲۱۶۹۲۷۵,قاين,ghayen,home-and-kitchen,home-decor-furniture
۰۹۱۲۴۸۱۷۵۲۱,قاين,ghayen,home-and-kitchen,home-decor-furniture
(پنهان‌شده؛ چت کنید),قاين,ghayen,home-and-kitchen,home-decor-furniture
۰۹۱۵۹۶۳۶۰۳۲,قاين,ghayen,home-and-kitchen,home-decor-furniture
۰۹۱۴۷۵۲۷۸۱۴,قاين,ghayen,home-and-kitchen,home-decor-furniture
۰۹۳۵۵۶۲۱۱۰۹,قاين,ghayen,home-and-kitchen,home-decor-furniture
۰۹۹۱۱۷۳۱۲۳۲,قاين,ghayen,home-and-kitchen,home-decor-furniture
۰۹۱۵۲۶۶۹۵۰۵,قاين,ghayen,home-and-kitchen,home-decor-furniture
۰۹۱۵۲۶۶۹۵۰۵,قاين,ghayen,home-and-kitchen,home-decor-furniture
(پنهان‌شده؛ چت کنید),قاين,ghayen,home-and-kitchen,home-decor-furniture
۰۹۳۳۷۵۵۵۳۳۵,قاين,ghayen,home-and-kitchen,home-decor-furniture
(پنهان‌شده؛ چت کنید),قاين,ghayen,home-and-kitchen,home-decor-furniture
۰۹۳۶۵۶۲۷۲۱۷,قاين,ghayen,home-and-kitchen,home-decor-furniture
۰۹۳۶۱۲۸۰۴۴۱,قاين,ghayen,home-and-kitchen,home-decor-furniture
۰۹۱۵۴۹۸۰۴۴۸,قاين,ghayen,home-and-kitchen,home-decor-furniture
۰۹۱۵۱۶۳۶۱۸۴,قاين,ghayen,home-and-kitchen,home-decor-furniture
۰۹۱۵۳۶۲۷۸۴۶,قاين,ghayen,home-and-kitchen,home-decor-furniture
۰۹۱۵۵۶۱۸۸۰۳,قاين,ghayen,home-and-kitchen,home-decor-furniture
۰۹۱۵۰۹۷۲۶۵۸,قاين,ghayen,home-and-kitchen,home-decor-furniture
۰۹۳۹۴۷۷۶۱۸۸,قاين,ghayen,home-and-kitchen,home-decor-furniture
۰۹۱۵۰۹۷۲۶۵۸,قاين,ghayen,home-and-kitchen,home-decor-furniture
۰۹۱۵۳۶۲۶۷۴۵,قاين,ghayen,home-and-kitchen,home-decor-furniture
۰۹۱۵۲۶۹۲۹۶۵,قاين,ghayen,home-and-kitchen,home-decor-furniture
۰۹۳۶۵۶۲۷۲۱۷,قاين,ghayen,home-and-kitchen,home-decor-furniture
۰۹۳۳۰۲۹۶۷۴۳,قاين,ghayen,home-and-kitchen,home-decor-furniture
۰۹۰۳۳۸۰۴۹۶۴,قاين,ghayen,home-and-kitchen,home-decor-furniture
۰۹۰۳۳۹۰۳۳۷۶,قاين,ghayen,home-and-kitchen,home-decor-furniture
(پنهان‌شده؛ چت کنید),قاين,ghayen,home-and-kitchen,home-decor-furniture
۰۹۱۵۳۶۳۰۵۷۲,قاين,ghayen,home-and-kitchen,home-decor-furniture
۰۹۰۳۶۸۲۶۰۶۴,قاين,ghayen,home-and-kitchen,home-decor-furniture
۰۹۱۵۸۶۲۸۵۶۲,قاين,ghayen,home-and-kitchen,home-decor-furniture
۰۹۳۳۸۵۶۲۰۳۴,قاين,ghayen,home-and-kitchen,home-decor-furniture
۰۹۱۵۸۶۲۱۴۲۶,قاين,ghayen,home-and-kitchen,home-decor-furniture
۰۹۱۵۷۹۲۵۴۰۴,قاين,ghayen,home-and-kitchen,home-decor-furniture
۰۹۳۸۰۷۰۵۱۹۲,قاين,ghayen,home-and-kitchen,home-decor-furniture
۰۹۰۳۶۲۲۳۲۵۶,قاين,ghayen,home-and-kitchen,home-decor-furniture
۰۹۳۸۰۷۶۹۱۴۰,قاين,ghayen,home-and-kitchen,home-decor-furniture
۰۹۳۷۴۹۵۶۱۵۵,قاين,ghayen,home-and-kitchen,home-decor-furniture
(پنهان‌شده؛ چت کنید),قاين,ghayen,home-and-kitchen,home-decor-furniture
(پنهان‌شده؛ چت کنید),قاين,ghayen,home-and-kitchen,home-decor-furniture
(پنهان‌شده؛ چت کنید),قاين,ghayen,home-and-kitchen,home-decor-furniture
۰۹۱۵۷۹۱۱۸۵۷,قاين,ghayen,home-and-kitchen,home-decor-furniture
۰۹۳۷۵۳۷۶۲۰۳,قاين,ghayen,home-and-kitchen,home-decor-furniture
۰۹۰۳۶۸۲۶۰۶۴,قاين,ghayen,home-and-kitchen,home-decor-furniture
۰۹۳۰۴۰۱۱۳۷۳,قاين,ghayen,home-and-kitchen,kitchen-appliances
۰۹۳۰۴۰۱۱۳۷۳,قاين,ghayen,home-and-kitchen,kitchen-appliances
۰۹۱۲۰۲۰۶۴۹۳,قاين,ghayen,home-and-kitchen,kitchen-appliances
(پنهان‌شده؛ چت کنید),قاين,ghayen,home-and-kitchen,kitchen-appliances
(پنهان‌شده؛ چت کنید),قاين,ghayen,home-and-kitchen,kitchen-appliances
(پنهان‌شده؛ چت کنید),قاين,ghayen,home-and-kitchen,kitchen-appliances
۰۹۱۵۷۲۲۴۷۲۴,قاين,ghayen,home-and-kitchen,kitchen-appliances
۰۹۱۵۸۲۹۵۰۶۹,قاين,ghayen,home-and-kitchen,kitchen-appliances
۰۹۱۵۴۹۶۴۸۴۱,قاين,ghayen,home-and-kitchen,kitchen-appliances
۰۹۱۰۵۷۶۴۲۲۵,قاين,ghayen,home-and-kitchen,kitchen-appliances
(پنهان‌شده؛ چت کنید),قاين,ghayen,home-and-kitchen,kitchen-appliances
۰۹۱۵۳۶۲۵۲۸۷,قاين,ghayen,home-and-kitchen,kitchen-appliances
(پنهان‌شده؛ چت کنید),قاين,ghayen,home-and-kitchen,kitchen-appliances
۰۹۳۷۴۹۵۶۱۵۵,قاين,ghayen,home-and-kitchen,kitchen-appliances
۰۹۱۸۶۶۵۶۶۵۶,قاين,ghayen,home-and-kitchen,kitchen-appliances
۰۹۱۵۹۶۱۴۶۰۶,قاين,ghayen,home-and-kitchen,kitchen-appliances
۰۹۱۵۹۶۵۶۴۱۶,قاين,ghayen,home-and-kitchen,kitchen-appliances
۰۹۰۳۶۲۲۳۲۵۶,قاين,ghayen,home-and-kitchen,kitchen-appliances
(پنهان‌شده؛ چت کنید),قاين,ghayen,home-and-kitchen,kitchen-appliances
۰۹۱۵۳۶۲۵۳۹۸,قاين,ghayen,home-and-kitchen,kitchen-appliances
۰۹۱۵۹۶۲۴۰۲۹,قاين,ghayen,home-and-kitchen,building-garden
۰۹۱۵۲۶۹۳۱۸۲,قاين,ghayen,home-and-kitchen,building-garden
۰۹۱۵۹۶۳۵۱۶۰,قاين,ghayen,home-and-kitchen,building-garden
۰۹۳۹۵۶۲۰۰۸۷,قاين,ghayen,home-and-kitchen,building-garden
۰۹۱۵۳۶۲۶۲۴۰,قاين,ghayen,home-and-kitchen,building-garden
(پنهان‌شده؛ چت کنید),قاين,ghayen,home-and-kitchen,building-garden
۰۹۱۵۳۰۵۴۳۴۰,قاين,ghayen,home-and-kitchen,building-garden
۰۹۹۰۵۴۱۶۷۳۰,قاين,ghayen,home-and-kitchen,building-garden
۰۹۳۷۵۳۷۶۲۰۳,قاين,ghayen,home-and-kitchen,building-garden
۰۹۳۷۵۳۷۶۲۰۳,قاين,ghayen,home-and-kitchen,building-garden
۰۹۹۰۵۴۱۶۷۳۰,قاين,ghayen,home-and-kitchen,building-garden
(پنهان‌شده؛ چت کنید),قاين,ghayen,home-and-kitchen,building-garden
۰۹۳۹۳۷۸۰۳۷۱,قاين,ghayen,home-and-kitchen,building-garden
۰۹۳۵۹۰۶۶۹۵۰,قاين,ghayen,services,vehicles-services
۰۹۳۷۰۰۸۲۱۲۷,قاين,ghayen,services,catering-services
۰۹۹۰۶۲۸۹۱۱۶,قاين,ghayen,services,catering-services
۰۹۰۳۴۸۰۱۹۲۷,قاين,ghayen,services,catering-services
۰۹۰۱۷۸۵۴۴۸۵,قاين,ghayen,services,catering-services
۰۹۹۱۴۳۸۸۸۰۳,قاين,ghayen,services,catering-services
۰۹۰۵۴۳۲۹۸۱۷,قاين,ghayen,services,technology-services
۰۹۰۵۴۳۲۹۸۱۷,قاين,ghayen,services,technology-services
۰۹۰۵۴۳۲۹۸۱۷,قاين,ghayen,services,technology-services
۰۹۰۵۴۳۲۹۸۱۶,قاين,ghayen,services,technology-services
۰۹۰۵۴۳۲۹۸۱۷,قاين,ghayen,services,technology-services
۰۹۰۵۴۳۲۹۸۱۶,قاين,ghayen,services,technology-services
۰۹۳۶۸۱۱۵۳۶۳,قاين,ghayen,services,technology-services
۰۹۰۵۴۳۲۹۸۱۷,قاين,ghayen,services,technology-services
۰۹۰۵۴۳۲۹۸۱۷,قاين,ghayen,services,technology-services
۰۹۰۵۴۳۲۹۸۱۷,قاين,ghayen,services,technology-services
۰۹۹۱۹۰۰۶۶۹۴,قاين,ghayen,services,financial-services
۰۹۹۲۷۸۸۱۴۰۹,قاين,ghayen,services,financial-services
۰۹۳۹۱۲۹۴۴۸۴,قاين,ghayen,services,financial-services
(پنهان‌شده؛ چت کنید),قاين,ghayen,services,transport-logistic-services
۰۹۱۵۳۶۳۴۶۰۰,قاين,ghayen,services,transport-logistic-services
۰۹۹۲۴۹۷۴۰۲۷,قاين,ghayen,services,transport-logistic-services
(پنهان‌شده؛ چت کنید),قاين,ghayen,services,transport-logistic-services
۰۹۱۵۷۵۶۲۳۶۳,قاين,ghayen,services,transport-logistic-services
۰۹۱۵۵۶۲۸۱۳۰,قاين,ghayen,services,transport-logistic-services
۰۹۱۸۰۸۹۳۶۸۴,قاين,ghayen,services,craft-skill-services
۰۹۹۰۲۲۴۲۷۷۹,قاين,ghayen,services,craft-skill-services
۰۹۱۵۸۶۶۸۴۸۷,قاين,ghayen,services,craft-skill-services
۰۹۱۵۸۶۶۸۴۸۷,قاين,ghayen,services,craft-skill-services
۰۹۱۵۸۶۶۸۴۸۷,قاين,ghayen,services,craft-skill-services
۰۹۱۵۲۶۹۴۹۲۲,قاين,ghayen,services,craft-skill-services
۰۹۳۹۶۵۰۴۵۰۰,قاين,ghayen,services,craft-skill-services
۰۹۹۰۹۰۷۷۳۰۹,قاين,ghayen,services,craft-skill-services
۰۹۹۰۹۰۷۷۳۰۹,قاين,ghayen,services,craft-skill-services
۰۹۹۰۹۰۷۷۳۰۹,قاين,ghayen,services,craft-skill-services
۰۹۹۰۹۰۷۷۳۰۹,قاين,ghayen,services,craft-skill-services
۰۹۹۰۹۰۷۷۳۰۹,قاين,ghayen,services,craft-skill-services
۰۹۹۰۹۰۷۷۳۰۹,قاين,ghayen,services,craft-skill-services
۰۹۱۵۷۴۰۲۸۵۹,قاين,ghayen,services,craft-skill-services
۰۹۰۳۲۴۹۷۵۲۸,قاين,ghayen,services,craft-skill-services
(پنهان‌شده؛ چت کنید),قاين,ghayen,services,beauty-services
۰۹۱۵۰۹۹۵۵۳۴,قاين,ghayen,services,beauty-services
۰۹۱۵۴۹۸۶۷۲۱,قاين,ghayen,services,beauty-services
۰۹۱۵۸۶۵۸۰۶۰,قاين,ghayen,services,entertaining-services
۰۹۳۰۴۸۳۲۶۳۹,قاين,ghayen,services,gardening-services
۰۹۱۵۷۲۵۷۹۱۴,قاين,ghayen,services,gardening-services
۰۹۰۵۵۹۹۷۹۵۵,قاين,ghayen,services,gardening-services
۰۹۰۵۵۹۹۷۹۵۵,قاين,ghayen,services,gardening-services
۰۹۳۶۵۹۱۷۰۶۰,قاين,ghayen,services,gardening-services
۰۹۳۶۱۶۷۲۰۵۳,قاين,ghayen,services,teaching-services
۰۹۳۹۸۷۷۴۵۱۴,قاين,ghayen,services,teaching-services
۰۹۱۵۲۶۹۴۱۷۳,قاين,ghayen,services,teaching-services
۰۹۳۹۸۷۷۴۵۱۴,قاين,ghayen,services,teaching-services
۰۹۹۹۱۴۸۲۱۴۳,قاين,ghayen,services,teaching-services
۰۹۹۱۷۱۳۳۵۲۶,قاين,ghayen,personal-goods,apparel
(پنهان‌شده؛ چت کنید),قاين,ghayen,personal-goods,apparel
۰۹۱۵۷۴۱۶۸۰۸,قاين,ghayen,personal-goods,apparel
۰۹۱۵۷۴۱۶۸۰۸,قاين,ghayen,personal-goods,apparel
۰۹۹۱۱۷۳۱۲۳۲,قاين,ghayen,personal-goods,apparel
۰۹۰۵۷۰۳۵۸۷۱,قاين,ghayen,personal-goods,apparel
۰۹۰۵۷۰۳۵۸۷۱,قاين,ghayen,personal-goods,apparel
۰۹۰۵۷۰۳۵۸۷۱,قاين,ghayen,personal-goods,apparel
۰۹۰۵۷۰۳۵۸۷۱,قاين,ghayen,personal-goods,apparel
۰۹۲۲۵۰۵۲۶۵۸,قاين,ghayen,personal-goods,apparel
۰۹۱۵۱۶۴۵۲۶۰,قاين,ghayen,personal-goods,apparel
(پنهان‌شده؛ چت کنید),قاين,ghayen,personal-goods,apparel
(پنهان‌شده؛ چت کنید),قاين,ghayen,personal-goods,apparel
(پنهان‌شده؛ چت کنید),قاين,ghayen,personal-goods,apparel
(پنهان‌شده؛ چت کنید),قاين,ghayen,personal-goods,apparel
۰۹۲۲۵۰۵۲۶۵۸,قاين,ghayen,personal-goods,apparel
۰۹۱۵۶۷۰۱۰۵۹,قاين,ghayen,personal-goods,apparel
(پنهان‌شده؛ چت کنید),قاين,ghayen,personal-goods,apparel
(پنهان‌شده؛ چت کنید),قاين,ghayen,personal-goods,apparel
(پنهان‌شده؛ چت کنید),قاين,ghayen,personal-goods,apparel
(پنهان‌شده؛ چت کنید),قاين,ghayen,personal-goods,apparel
(پنهان‌شده؛ چت کنید),قاين,ghayen,personal-goods,apparel
۰۹۳۳۰۲۹۶۷۴۳,قاين,ghayen,personal-goods,apparel
۰۹۱۸۴۱۰۲۳۱۷,قاين,ghayen,personal-goods,apparel
(پنهان‌شده؛ چت کنید),قاين,ghayen,personal-goods,apparel
(پنهان‌شده؛ چت کنید),قاين,ghayen,personal-goods,apparel
۰۹۹۰۵۶۳۹۸۹۵,قاين,ghayen,personal-goods,apparel
۰۹۹۰۸۱۷۲۴۱۰,قاين,ghayen,personal-goods,apparel
(پنهان‌شده؛ چت کنید),قاين,ghayen,personal-goods,apparel
۰۹۳۹۹۴۶۷۱۲۲,قاين,ghayen,personal-goods,apparel
۰۹۱۵۷۴۱۵۵۳۵,قاين,ghayen,personal-goods,apparel
۰۹۹۰۵۶۳۹۸۹۵,قاين,ghayen,personal-goods,apparel
(پنهان‌شده؛ چت کنید),قاين,ghayen,personal-goods,accessories
(پنهان‌شده؛ چت کنید),قاين,ghayen,personal-goods,accessories
(پنهان‌شده؛ چت کنید),قاين,ghayen,personal-goods,accessories
۰۹۹۰۹۸۱۳۷۹۱,قاين,ghayen,personal-goods,accessories
۰۹۳۸۰۷۰۵۱۹۲,قاين,ghayen,personal-goods,accessories
۰۹۱۵۷۹۳۱۴۴۰,قاين,ghayen,personal-goods,accessories
۰۹۱۵۷۹۳۱۴۴۰,قاين,ghayen,personal-goods,accessories
۰۹۱۵۷۹۳۱۴۴۰,قاين,ghayen,personal-goods,accessories
۰۹۱۵۷۹۳۱۴۴۰,قاين,ghayen,personal-goods,accessories
۰۹۳۸۰۷۰۵۱۹۲,قاين,ghayen,personal-goods,accessories
۰۹۰۱۶۸۴۸۴۷۳,قاين,ghayen,personal-goods,accessories
۰۹۰۱۶۸۴۸۴۷۳,قاين,ghayen,personal-goods,accessories
۰۹۰۱۶۸۴۸۴۷۳,قاين,ghayen,personal-goods,accessories
۰۹۰۱۶۸۴۸۴۷۳,قاين,ghayen,personal-goods,accessories
۰۹۰۱۶۸۴۸۴۷۳,قاين,ghayen,personal-goods,accessories
(پنهان‌شده؛ چت کنید),قاين,ghayen,personal-goods,beauty-and-personal-care
۰۹۰۳۳۰۴۲۳۸۶,قاين,ghayen,personal-goods,beauty-and-personal-care
۰۹۹۰۹۸۱۳۷۹۱,قاين,ghayen,personal-goods,beauty-and-personal-care
۰۹۰۳۳۰۴۲۳۸۶,قاين,ghayen,personal-goods,beauty-and-personal-care
۰۹۰۵۰۶۱۰۲۶۱,قاين,ghayen,personal-goods,child-apparel
۰۹۱۵۲۶۸۵۴۵۱,قاين,ghayen,personal-goods,child-apparel
۰۹۱۵۶۶۷۳۱۸۱,قاين,ghayen,personal-goods,child-apparel
(پنهان‌شده؛ چت کنید),قاين,ghayen,personal-goods,child-products
۰۹۱۵۹۶۲۰۲۶۱,قاين,ghayen,personal-goods,child-products
۰۹۱۵۷۴۱۶۸۰۸,قاين,ghayen,personal-goods,child-products
(پنهان‌شده؛ چت کنید),قاين,ghayen,personal-goods,stationery
۰۹۰۱۹۰۶۳۹۱۰,قاين,ghayen,personal-goods,stationery
۰۹۱۰۵۴۶۹۹۲۹,قاين,ghayen,personal-goods,stationery
۰۹۱۰۷۷۴۹۴۲۵,قاين,ghayen,entertainment,publication
۰۹۳۷۹۸۷۵۱۶۱,قاين,ghayen,entertainment,publication
۰۹۳۹۸۸۵۸۱۷۹,قاين,ghayen,entertainment,publication
۰۹۱۵۳۶۲۹۲۹۷,قاين,ghayen,entertainment,bike-skate-scooter
(پنهان‌شده؛ چت کنید),قاين,ghayen,entertainment,bike-skate-scooter
۰۹۱۵۴۹۶۳۷۲۵,قاين,ghayen,entertainment,bike-skate-scooter
۰۹۱۵۴۹۶۳۷۲۵,قاين,ghayen,entertainment,bike-skate-scooter
۰۹۰۱۰۲۷۸۷۰۴,قاين,ghayen,entertainment,bike-skate-scooter
۰۹۳۸۱۸۲۴۴۱۴,قاين,ghayen,entertainment,bike-skate-scooter
۰۹۳۷۰۶۸۱۷۹۳,قاين,ghayen,entertainment,bike-skate-scooter
۰۹۱۵۴۹۶۳۷۲۲,قاين,ghayen,entertainment,bike-skate-scooter
(پنهان‌شده؛ چت کنید),قاين,ghayen,entertainment,pets-animals
۰۹۹۰۳۱۸۹۷۰۵,قاين,ghayen,entertainment,pets-animals
۰۹۹۰۳۱۸۹۷۰۵,قاين,ghayen,entertainment,pets-animals
۰۹۱۵۶۶۸۲۲۱۰,قاين,ghayen,entertainment,pets-animals
۰۹۱۵۵۶۲۹۱۹۹,قاين,ghayen,entertainment,pets-animals
۰۹۰۵۵۷۸۱۷۶۷,قاين,ghayen,entertainment,pets-animals
۰۹۳۳۷۸۴۰۵۵۳,قاين,ghayen,entertainment,pets-animals
۰۹۳۹۱۳۴۵۷۹۴,قاين,ghayen,entertainment,pets-animals
۰۹۱۵۹۶۴۱۳۶۸,قاين,ghayen,entertainment,pets-animals
۰۹۳۸۱۱۳۱۷۱۵,قاين,ghayen,entertainment,pets-animals
۰۹۱۵۱۶۴۵۲۶۲,قاين,ghayen,entertainment,pets-animals
۰۹۱۵۵۶۳۲۱۹۷,قاين,ghayen,entertainment,pets-animals
۰۹۳۹۸۳۱۸۱۷۲,قاين,ghayen,entertainment,pets-animals
۰۹۱۵۹۶۲۴۵۲۵,قاين,ghayen,entertainment,pets-animals
۰۹۱۵۰۰۴۲۶۲۲,قاين,ghayen,entertainment,pets-animals
۰۹۳۶۱۹۷۹۲۲۰,قاين,ghayen,entertainment,pets-animals
۰۹۱۵۹۶۲۹۸۱۳,قاين,ghayen,entertainment,pets-animals
۰۹۱۵۷۲۴۲۹۷۷,قاين,ghayen,entertainment,pets-animals
(پنهان‌شده؛ چت کنید),قاين,ghayen,entertainment,pets-animals
۰۹۱۵۷۲۰۶۶۳۶,قاين,ghayen,entertainment,pets-animals
۰۹۱۵۹۶۵۴۳۹۷,قاين,ghayen,entertainment,pets-animals
۰۹۳۳۵۲۹۰۸۲۵,قاين,ghayen,entertainment,pets-animals
۰۹۱۵۵۶۲۹۴۲۴,قاين,ghayen,entertainment,pets-animals
۰۹۳۶۷۷۴۱۲۳۱,قاين,ghayen,entertainment,pets-animals
۰۹۱۵۸۶۲۱۴۲۵,قاين,ghayen,entertainment,pets-animals
۰۹۱۵۰۴۶۳۹۴۴,قاين,ghayen,entertainment,pets-animals
۰۹۱۵۳۶۲۹۱۹۹,قاين,ghayen,entertainment,pets-animals
(پنهان‌شده؛ چت کنید),قاين,ghayen,entertainment,pets-animals
(پنهان‌شده؛ چت کنید),قاين,ghayen,entertainment,pets-animals
۰۹۱۵۶۶۸۲۲۱۰,قاين,ghayen,entertainment,pets-animals
۰۹۹۰۲۳۵۹۳۱۰,قاين,ghayen,entertainment,pets-animals
۰۹۹۰۳۱۸۹۷۰۵,قاين,ghayen,entertainment,pets-animals
۰۹۹۰۳۱۸۹۷۰۵,قاين,ghayen,entertainment,pets-animals
۰۹۹۰۳۱۸۹۷۰۵,قاين,ghayen,entertainment,pets-animals
۰۹۳۵۰۸۲۰۱۳۲,قاين,ghayen,entertainment,pets-animals
۰۹۱۵۶۰۴۰۷۵۹,قاين,ghayen,entertainment,pets-animals
۰۹۱۵۹۶۳۶۳۵۰,قاين,ghayen,entertainment,pets-animals
۰۹۱۴۷۵۲۷۸۱۴,قاين,ghayen,entertainment,pets-animals
۰۹۱۵۸۶۵۶۴۸۳,قاين,ghayen,entertainment,pets-animals
۰۹۱۵۶۶۶۸۰۰۷,قاين,ghayen,entertainment,pets-animals
(پنهان‌شده؛ چت کنید),قاين,ghayen,entertainment,pets-animals
۰۹۱۵۷۹۳۳۴۸۵,قاين,ghayen,entertainment,pets-animals
۰۹۳۳۰۱۱۲۵۳۸,قاين,ghayen,entertainment,pets-animals
۰۹۳۸۳۷۹۸۹۰۲,قاين,ghayen,entertainment,pets-animals
(پنهان‌شده؛ چت کنید),قاين,ghayen,entertainment,pets-animals
۰۹۳۵۶۷۴۴۱۰۸,قاين,ghayen,entertainment,pets-animals
۰۹۱۵۶۰۳۰۸۶۱,قاين,ghayen,entertainment,pets-animals
۰۹۱۵۷۲۵۶۲۸۷,قاين,ghayen,entertainment,pets-animals
۰۹۳۷۹۸۵۸۷۵۶,قاين,ghayen,entertainment,collecting
۰۹۰۱۹۷۸۴۶۲۵,قاين,ghayen,entertainment,musical-instruments
۰۹۰۱۷۹۱۰۷۳۳,قاين,ghayen,entertainment,musical-instruments
۰۹۳۳۶۱۲۱۷۵۹,قاين,ghayen,entertainment,musical-instruments
۰۹۹۲۱۴۱۰۸۸۶,قاين,ghayen,entertainment,sport-entertainment
۰۹۳۶۶۵۱۴۳۱۵,قاين,ghayen,entertainment,game-and-toys
۰۹۹۱۱۷۲۶۰۳۷,قاين,ghayen,entertainment,game-and-toys
(پنهان‌شده؛ چت کنید),قاين,ghayen,entertainment,game-and-toys
۰۹۱۵۵۶۱۴۶۳۲,قاين,ghayen,social-services,event
۰۹۰۳۸۷۲۲۷۵۱,قاين,ghayen,social-services,voluntary
۰۹۳۷۵۸۰۱۶۶۹,قاين,ghayen,social-services,voluntary
۰۹۰۵۰۵۵۲۶۴۶,قاين,ghayen,social-services,voluntary
۰۹۹۱۱۹۲۸۵۴۹,قاين,ghayen,social-services,voluntary
۰۹۱۵۱۶۵۰۰۷۲,قاين,ghayen,social-services,missing
۰۹۰۵۳۱۳۸۹۲۱,قاين,ghayen,businesses,business-equipment
۰۹۱۵۹۶۳۵۱۶۰,قاين,ghayen,businesses,business-equipment
۰۹۱۵۸۶۵۶۴۸۲,قاين,ghayen,businesses,business-equipment
(پنهان‌شده؛ چت کنید),قاين,ghayen,businesses,business-equipment
۰۹۳۶۴۴۳۱۴۵۸,قاين,ghayen,businesses,business-equipment
۰۹۳۵۷۴۵۴۰۸۳,قاين,ghayen,businesses,business-equipment
۰۹۳۹۵۶۲۰۰۸۷,قاين,ghayen,businesses,business-equipment
۰۹۱۵۵۶۲۳۱۲۱,قاين,ghayen,businesses,business-equipment
۰۹۱۵۳۰۷۱۳۹۷,قاين,ghayen,businesses,business-equipment
۰۹۱۵۳۶۱۳۲۱۴,قاين,ghayen,businesses,business-equipment
۰۹۰۳۷۱۰۰۵۹۶,قاين,ghayen,businesses,business-equipment
۰۹۱۵۳۶۱۵۹۸۵,قاين,ghayen,businesses,business-equipment
۰۹۱۵۹۶۱۶۳۱۱,قاين,ghayen,businesses,business-equipment
(پنهان‌شده؛ چت کنید),قاين,ghayen,businesses,business-equipment
(پنهان‌شده؛ چت کنید),قاين,ghayen,businesses,business-equipment
(پنهان‌شده؛ چت کنید),قاين,ghayen,businesses,business-equipment
(پنهان‌شده؛ چت کنید),قاين,ghayen,businesses,business-equipment
(پنهان‌شده؛ چت کنید),قاين,ghayen,businesses,business-equipment
۰۹۱۵۳۶۲۷۰۶۱,قاين,ghayen,businesses,business-equipment
۰۹۱۵۵۶۲۸۶۱۶,قاين,ghayen,businesses,business-equipment
۰۹۱۵۷۷۱۹۲۶۳,قاين,ghayen,businesses,business-equipment
۰۹۱۵۳۶۱۰۴۲۳,قاين,ghayen,businesses,business-equipment
۰۹۱۵۷۵۶۷۴۰۸,قاين,ghayen,businesses,business-equipment
۰۹۱۵۸۶۵۶۴۸۳,قاين,ghayen,businesses,business-equipment
۰۹۹۲۴۸۶۱۷۹۰,قاين,ghayen,businesses,business-equipment
۰۹۹۲۴۷۳۷۵۱۷,قاين,ghayen,businesses,business-equipment
۰۹۱۵۱۶۱۴۱۰۸,قاين,ghayen,businesses,business-equipment
۰۹۳۶۷۵۲۰۱۰۲,قاين,ghayen,businesses,business-equipment
۰۹۱۵۷۲۲۷۶۲۹,قاين,ghayen,businesses,business-equipment
۰۹۱۵۷۲۴۳۶۷۴,قاين,ghayen,businesses,business-equipment
۰۹۳۶۸۸۱۹۲۰۰,قاين,ghayen,businesses,business-equipment
۰۹۲۲۹۵۶۵۱۶۶,قاين,ghayen,businesses,business-equipment
۰۹۱۵۷۲۴۲۸۸۱,قاين,ghayen,businesses,business-equipment
۰۹۱۵۳۶۲۱۸۱۲,قاين,ghayen,businesses,business-equipment
۰۹۱۷۰۲۶۷۹۰۵,قاين,ghayen,businesses,business-equipment
۰۹۱۵۶۶۵۹۸۶۶,قاين,ghayen,businesses,business-equipment
۰۹۱۵۲۰۳۷۴۰۶,قاين,ghayen,businesses,business-equipment
۰۹۱۵۸۶۶۵۹۱۴,قاين,ghayen,businesses,business-equipment
۰۹۹۲۷۹۱۱۵۴۲,قاين,ghayen,businesses,business-equipment
۰۹۰۲۰۵۵۲۲۵۶,قاين,ghayen,businesses,business-equipment
۰۹۲۲۹۵۶۵۱۲۳,قاين,ghayen,businesses,business-equipment
۰۹۹۹۱۴۰۵۳۷۵,قاين,ghayen,businesses,business-equipment
۰۹۱۵۳۶۳۰۵۴۶,قاين,ghayen,businesses,business-equipment
۰۹۱۵۳۶۲۹۷۸۳,قاين,ghayen,businesses,business-equipment
۰۹۱۵۷۲۲۴۱۴۴,قاين,ghayen,businesses,business-equipment
۰۹۱۵۳۶۲۱۸۵۹,قاين,ghayen,businesses,business-equipment
۰۹۳۹۴۵۳۵۶۷۰,قاين,ghayen,businesses,wholesale
۰۹۳۷۰۶۵۰۷۳۶,قاين,ghayen,businesses,wholesale
۰۹۹۲۷۶۰۵۳۸۰,قاين,ghayen,businesses,wholesale
۰۹۱۵۷۲۵۷۹۱۴,قاين,ghayen,businesses,wholesale
۰۹۱۵۷۲۵۷۹۱۴,قاين,ghayen,businesses,wholesale
۰۹۱۵۶۶۶۹۹۱۰,قاين,ghayen,businesses,wholesale
۰۹۱۶۲۶۰۷۸۲۹,قاين,ghayen,businesses,wholesale
۰۹۹۲۳۷۱۱۸۳۳,قاين,ghayen,businesses,wholesale
۰۹۱۵۷۲۵۷۹۱۴,قاين,ghayen,businesses,wholesale
۰۹۱۵۷۲۲۳۷۴۳,قاين,ghayen,businesses,wholesale
۰۹۱۵۲۰۳۱۰۰۹,قاين,ghayen,businesses,wholesale
۰۹۳۰۹۶۳۰۸۸۲,قاين,ghayen,businesses,wholesale
۰۹۱۵۰۵۲۵۱۵۴,قاين,ghayen,businesses,wholesale
۰۹۱۲۰۷۸۳۲۷۴,قاين,ghayen,businesses,wholesale
۰۹۱۵۶۹۵۴۱۸۳,قاين,ghayen,businesses,wholesale
۰۹۳۷۸۷۶۲۰۸۲,قاين,ghayen,businesses,wholesale
۰۹۱۵۵۶۲۶۵۸۵,قاين,ghayen,businesses,wholesale
۰۹۱۵۰۱۲۶۱۲۷,قاين,ghayen,businesses,wholesale
۰۹۳۳۰۲۸۱۴۸۲,قاين,ghayen,businesses,wholesale
۰۹۱۵۷۲۲۴۷۲۴,قاين,ghayen,businesses,wholesale
۰۹۳۹۳۰۴۹۴۴۵,قاين,ghayen,businesses,wholesale
۰۹۳۷۲۶۸۱۰۰۶,قاين,ghayen,businesses,wholesale
(پنهان‌شده؛ چت کنید),قاين,ghayen,businesses,wholesale
۰۹۱۱۵۱۴۳۳۰۹,قاين,ghayen,businesses,wholesale
۰۹۱۱۵۲۴۴۶۹۷,قاين,ghayen,businesses,wholesale
۰۹۳۸۵۳۵۶۹۵۲,قاين,ghayen,businesses,wholesale
۰۹۱۵۷۴۱۵۵۳۵,قاين,ghayen,businesses,wholesale
۰۹۱۵۳۶۲۹۰۱۴,قاين,ghayen,businesses,wholesale
۰۹۰۵۸۷۹۲۷۱۳,قاين,ghayen,businesses,wholesale
۰۹۱۵۱۶۴۴۵۹۸,قاين,ghayen,businesses,wholesale
۰۹۰۵۹۶۰۵۷۸۴,قاين,ghayen,businesses,wholesale
۰۹۳۹۳۰۴۹۴۴۵,قاين,ghayen,businesses,wholesale
۰۹۱۵۹۶۳۵۱۶۰,قاين,ghayen,businesses,wholesale
۰۹۱۵۳۶۲۹۱۱۸,قاين,ghayen,businesses,wholesale
۰۹۱۵۹۶۵۵۸۲۴,قاين,ghayen,businesses,wholesale
۰۹۱۵۷۶۲۹۶۰۲,قاين,ghayen,businesses,wholesale
۰۹۱۵۶۶۵۹۸۶۶,قاين,ghayen,businesses,wholesale
۰۹۱۵۷۴۱۵۵۳۵,قاين,ghayen,businesses,wholesale
۰۹۱۵۳۶۲۹۰۱۴,قاين,ghayen,businesses,wholesale
۰۹۱۵۸۱۶۲۳۸۵,قاين,ghayen,businesses,wholesale
۰۹۳۹۵۲۴۶۸۷۴,قاين,ghayen,businesses,wholesale
۰۹۱۵۳۶۲۷۸۹۶,قاين,ghayen,businesses,wholesale
۰۹۳۸۸۴۵۲۲۶۶,قاين,ghayen,businesses,wholesale
۰۹۱۵۵۶۲۶۲۴۵,قاين,ghayen,businesses,wholesale
۰۹۱۵۹۶۵۴۰۲۸,قاين,ghayen,businesses,wholesale
۰۹۹۰۲۲۴۶۷۷۵,قاين,ghayen,businesses,wholesale
۰۹۱۵۲۰۲۵۱۲۱,قاين,ghayen,businesses,wholesale
۰۹۱۵۸۶۴۲۸۵۷,قاين,ghayen,businesses,wholesale
۰۹۳۳۰۱۱۲۵۲۵,قاين,ghayen,businesses,wholesale
۰۹۱۵۸۱۸۴۶۷۵,قاين,ghayen,businesses,wholesale
۰۹۱۵۹۶۳۱۱۷۹,قاين,ghayen,businesses,wholesale
۰۹۱۵۹۶۱۶۱۹۶,قاين,ghayen,businesses,wholesale
