۰۹۱۳۲۷۱۸۱۱۴,گلپایگان,golpayegan,jobs,service-jobs
۰۹۱۳۸۹۹۱۶۹۳,گلپایگان,golpayegan,jobs,it-computer-jobs
۰۹۱۲۶۱۵۰۶۱۹,گلپایگان,golpayegan,real-estate,buy-residential
۰۹۰۵۵۶۸۷۷۵۷,گلپایگان,golpayegan,real-estate,buy-residential
۰۹۱۳۴۷۲۴۱۷۴,گلپایگان,golpayegan,real-estate,buy-residential
۰۹۱۳۳۷۲۸۴۸۸,گلپایگان,golpayegan,real-estate,buy-residential
۰۹۳۶۶۷۶۰۱۷۶,گلپایگان,golpayegan,real-estate,buy-residential
۰۹۳۷۸۷۴۳۴۹۷,گلپایگان,golpayegan,real-estate,buy-residential
۰۹۳۷۸۷۴۳۴۹۷,گلپایگان,golpayegan,real-estate,buy-residential
۰۹۱۳۹۷۲۱۲۴۵,گلپایگان,golpayegan,real-estate,buy-residential
۰۹۳۷۸۷۴۳۴۹۷,گلپایگان,golpayegan,real-estate,buy-residential
۰۹۱۳۳۷۲۹۷۷۶,گلپایگان,golpayegan,real-estate,buy-residential
۰۹۱۰۳۲۵۲۸۳۵,گلپایگان,golpayegan,real-estate,buy-residential
۰۹۱۳۶۸۲۰۴۹۶,گلپایگان,golpayegan,real-estate,buy-residential
۰۹۱۲۵۴۷۳۰۰۴,گلپایگان,golpayegan,real-estate,buy-residential
۰۹۱۳۲۷۲۸۳۸۷,گلپایگان,golpayegan,real-estate,buy-residential
۰۹۱۳۸۷۲۷۵۶۹,گلپایگان,golpayegan,real-estate,buy-residential
۰۹۳۶۶۴۶۶۴۲۱,گلپایگان,golpayegan,real-estate,buy-residential
۰۹۳۶۱۷۵۲۰۷۰,گلپایگان,golpayegan,real-estate,buy-residential
۰۹۳۶۲۲۹۰۸۰۰,گلپایگان,golpayegan,real-estate,buy-residential
۰۹۱۲۲۰۰۷۹۱۹,گلپایگان,golpayegan,real-estate,buy-residential
۰۹۱۳۷۰۳۶۱۸۲,گلپایگان,golpayegan,real-estate,buy-residential
۰۹۱۵۳۲۵۰۹۵۶,گلپایگان,golpayegan,real-estate,buy-residential
۰۹۱۹۷۷۴۰۰۴۳,گلپایگان,golpayegan,real-estate,buy-residential
۰۹۱۹۷۷۴۰۰۴۳,گلپایگان,golpayegan,real-estate,buy-residential
۰۹۱۳۳۷۱۶۷۹۰,گلپایگان,golpayegan,real-estate,buy-residential
۰۹۹۰۱۲۱۳۵۶۲,گلپایگان,golpayegan,real-estate,buy-residential
۰۹۱۲۹۴۲۶۷۲۱,گلپایگان,golpayegan,real-estate,buy-residential
۰۹۱۳۸۷۶۳۵۰۶,گلپایگان,golpayegan,real-estate,buy-residential
۰۹۰۱۹۱۵۴۵۲۵,گلپایگان,golpayegan,real-estate,buy-residential
۰۹۳۹۰۰۶۶۳۹۲,گلپایگان,golpayegan,real-estate,buy-residential
۰۹۱۳۲۷۲۵۲۳۰,گلپایگان,golpayegan,real-estate,buy-residential
۰۹۹۱۰۸۱۷۰۵۳,گلپایگان,golpayegan,real-estate,buy-residential
۰۹۱۲۲۰۶۱۰۰۴,گلپایگان,golpayegan,real-estate,buy-residential
۰۹۳۷۸۷۴۳۴۹۷,گلپایگان,golpayegan,real-estate,buy-residential
۰۹۳۹۴۳۹۹۱۸۸,گلپایگان,golpayegan,real-estate,buy-residential
۰۹۱۲۳۴۰۹۵۳۸,گلپایگان,golpayegan,real-estate,buy-residential
۰۹۱۳۹۷۲۱۲۴۵,گلپایگان,golpayegan,real-estate,buy-residential
۰۹۱۰۳۲۵۲۸۳۵,گلپایگان,golpayegan,real-estate,buy-residential
۰۹۳۸۵۴۴۷۷۲۷,گلپایگان,golpayegan,real-estate,buy-residential
۰۹۱۳۵۴۴۰۲۸۵,گلپایگان,golpayegan,real-estate,buy-residential
۰۹۱۳۰۳۳۵۵۳۱,گلپایگان,golpayegan,real-estate,buy-residential
۰۹۱۳۰۳۳۵۵۳۱,گلپایگان,golpayegan,real-estate,buy-residential
۰۹۳۳۰۵۵۳۱۳۷,گلپایگان,golpayegan,real-estate,buy-residential
۰۹۳۳۰۵۵۳۱۳۷,گلپایگان,golpayegan,real-estate,buy-residential
۰۹۱۲۷۰۹۳۹۷۹,گلپایگان,golpayegan,real-estate,buy-residential
۰۹۱۳۲۷۲۸۲۸۶,گلپایگان,golpayegan,real-estate,buy-residential
۰۹۲۲۰۴۸۴۹۹۸,گلپایگان,golpayegan,real-estate,buy-residential
۰۹۲۲۰۴۸۴۹۹۸,گلپایگان,golpayegan,real-estate,buy-residential
۰۹۳۷۸۴۸۵۳۸۸,گلپایگان,golpayegan,real-estate,buy-residential
۰۹۱۲۰۲۵۹۶۳۷,گلپایگان,golpayegan,real-estate,buy-residential
۰۹۱۳۳۷۲۴۵۴۸,گلپایگان,golpayegan,real-estate,buy-residential
۰۹۱۲۷۵۴۵۶۱۱,گلپایگان,golpayegan,real-estate,buy-residential
۰۹۳۰۳۰۴۸۷۱۳,گلپایگان,golpayegan,real-estate,buy-residential
۰۹۹۰۳۰۷۱۰۸۹,گلپایگان,golpayegan,real-estate,buy-residential
۰۹۱۲۷۹۶۶۶۲۹,گلپایگان,golpayegan,real-estate,buy-residential
۰۹۱۶۹۰۳۱۳۵۵,گلپایگان,golpayegan,real-estate,buy-residential
۰۹۱۳۲۷۲۱۷۸۱,گلپایگان,golpayegan,real-estate,buy-residential
۰۹۱۳۰۱۸۷۳۰۰,گلپایگان,golpayegan,real-estate,buy-residential
۰۹۱۳۵۵۴۴۳۷۵,گلپایگان,golpayegan,real-estate,buy-residential
۰۹۱۳۳۷۱۶۷۹۰,گلپایگان,golpayegan,real-estate,buy-residential
۰۹۱۲۷۹۷۲۰۸۰,گلپایگان,golpayegan,real-estate,buy-residential
۰۹۱۰۳۲۵۲۸۳۵,گلپایگان,golpayegan,real-estate,buy-residential
۰۹۱۳۳۷۱۵۰۷۹,گلپایگان,golpayegan,real-estate,buy-residential
۰۹۳۷۹۴۷۴۰۹۶,گلپایگان,golpayegan,real-estate,buy-residential
۰۹۱۸۳۴۹۷۴۹۱,گلپایگان,golpayegan,real-estate,buy-residential
۰۹۰۳۹۲۶۱۸۰۱,گلپایگان,golpayegan,real-estate,buy-residential
۰۹۱۳۹۷۴۴۸۵۵,گلپایگان,golpayegan,real-estate,buy-residential
۰۹۳۷۸۷۴۳۴۹۷,گلپایگان,golpayegan,real-estate,buy-residential
۰۹۱۳۴۷۳۹۰۹۷,گلپایگان,golpayegan,real-estate,buy-residential
۰۹۱۳۴۷۳۹۰۹۷,گلپایگان,golpayegan,real-estate,buy-residential
۰۹۱۹۶۷۸۹۶۴۲,گلپایگان,golpayegan,real-estate,buy-residential
۰۹۱۲۵۷۶۰۶۶۲,گلپایگان,golpayegan,real-estate,rent-residential
۰۹۱۳۷۱۰۳۸۰۷,گلپایگان,golpayegan,real-estate,rent-residential
۰۹۱۲۵۸۰۷۸۹۲,گلپایگان,golpayegan,real-estate,rent-residential
۰۹۱۳۸۷۱۳۰۳۹,گلپایگان,golpayegan,real-estate,rent-residential
۰۹۱۳۳۷۲۸۴۱۸,گلپایگان,golpayegan,real-estate,rent-residential
۰۹۱۶۲۳۵۸۶۳۰,گلپایگان,golpayegan,real-estate,rent-residential
۰۹۰۵۴۷۷۵۹۳۱,گلپایگان,golpayegan,real-estate,rent-residential
۰۹۳۹۰۱۲۴۱۰۵,گلپایگان,golpayegan,real-estate,rent-residential
۰۹۳۶۹۳۷۲۰۰۷,گلپایگان,golpayegan,real-estate,rent-residential
۰۹۱۲۶۹۳۲۰۰۱,گلپایگان,golpayegan,real-estate,buy-commercial-property
۰۹۳۷۱۶۳۹۲۷۵,گلپایگان,golpayegan,real-estate,buy-commercial-property
۰۹۳۸۴۳۵۲۸۳۳,گلپایگان,golpayegan,real-estate,buy-commercial-property
۰۹۱۲۲۸۰۷۴۶۵,گلپایگان,golpayegan,real-estate,buy-commercial-property
۰۹۱۳۲۷۲۳۱۲۱,گلپایگان,golpayegan,real-estate,buy-commercial-property
۰۹۱۳۱۱۲۲۰۳۲,گلپایگان,golpayegan,real-estate,buy-commercial-property
۰۹۱۰۳۲۵۲۸۳۵,گلپایگان,golpayegan,real-estate,buy-commercial-property
۰۹۱۳۲۷۱۲۰۴۵,گلپایگان,golpayegan,real-estate,buy-commercial-property
۰۹۱۳۹۷۲۱۲۴۵,گلپایگان,golpayegan,real-estate,buy-commercial-property
۰۹۱۲۳۷۶۷۰۴۱,گلپایگان,golpayegan,real-estate,buy-commercial-property
۰۹۱۹۳۲۰۷۷۶۹,گلپایگان,golpayegan,real-estate,buy-commercial-property
۰۹۱۰۶۷۶۶۵۳۳,گلپایگان,golpayegan,real-estate,buy-commercial-property
۰۹۱۰۳۲۵۲۸۳۵,گلپایگان,golpayegan,real-estate,buy-commercial-property
۰۹۳۹۷۶۵۸۴۷۲,گلپایگان,golpayegan,real-estate,buy-commercial-property
۰۹۱۳۱۷۲۴۱۳۸,گلپایگان,golpayegan,real-estate,buy-commercial-property
۰۹۳۹۲۰۶۴۴۶۲,گلپایگان,golpayegan,real-estate,buy-commercial-property
۰۹۳۵۴۱۱۰۶۴۳,گلپایگان,golpayegan,real-estate,buy-commercial-property
۰۹۱۳۳۷۱۳۱۶۳,گلپایگان,golpayegan,real-estate,rent-commercial-property
۰۹۳۹۸۶۱۵۵۹۱,گلپایگان,golpayegan,real-estate,rent-commercial-property
۰۹۹۲۱۸۵۶۴۵۵,گلپایگان,golpayegan,real-estate,rent-commercial-property
۰۹۰۱۵۲۳۰۰۳۱,گلپایگان,golpayegan,real-estate,rent-commercial-property
۰۹۱۹۵۰۴۹۱۶۱,گلپایگان,golpayegan,real-estate,rent-commercial-property
۰۹۱۳۹۶۱۴۸۱۱,گلپایگان,golpayegan,real-estate,rent-temporary
۰۹۱۳۳۷۱۳۱۶۳,گلپایگان,golpayegan,real-estate,real-estate-services
۰۹۱۲۵۵۹۹۰۱۴,گلپایگان,golpayegan,vehicles,auto
۰۹۱۳۲۷۲۶۲۹۳,گلپایگان,golpayegan,vehicles,auto
۰۹۱۳۲۷۱۲۶۷۵,گلپایگان,golpayegan,vehicles,auto
۰۹۱۳۸۸۲۱۰۱۲,گلپایگان,golpayegan,vehicles,auto
۰۹۳۷۷۳۵۹۰۳۳,گلپایگان,golpayegan,vehicles,auto
۰۹۱۳۶۲۷۴۲۴۴,گلپایگان,golpayegan,vehicles,auto
۰۹۱۲۱۳۸۱۴۷۳,گلپایگان,golpayegan,vehicles,auto
۰۹۹۸۱۰۷۱۷۱۶,گلپایگان,golpayegan,vehicles,auto
۰۹۱۳۲۷۱۹۴۴۷,گلپایگان,golpayegan,vehicles,auto
۰۹۱۳۲۷۲۴۸۸۳,گلپایگان,golpayegan,vehicles,auto
۰۹۱۲۴۱۱۰۶۰۸,گلپایگان,golpayegan,vehicles,auto
۰۹۱۳۵۴۲۹۷۶۵,گلپایگان,golpayegan,vehicles,auto
۰۹۱۳۳۷۱۳۷۰۳,گلپایگان,golpayegan,vehicles,auto
۰۹۲۲۵۴۲۱۷۳۸,گلپایگان,golpayegan,vehicles,auto
۰۹۳۶۵۸۲۱۵۵۰,گلپایگان,golpayegan,vehicles,auto
۰۹۱۳۲۷۱۹۹۴۳,گلپایگان,golpayegan,vehicles,auto
۰۹۳۸۱۸۸۱۳۰۷,گلپایگان,golpayegan,vehicles,auto
۰۹۳۶۵۸۲۱۵۵۰,گلپایگان,golpayegan,vehicles,auto
۰۹۳۷۲۷۱۹۶۳۳,گلپایگان,golpayegan,vehicles,auto
۰۹۱۲۹۶۲۸۱۴۲,گلپایگان,golpayegan,vehicles,auto
۰۹۱۳۲۷۱۸۱۷۳,گلپایگان,golpayegan,vehicles,auto
۰۹۱۳۵۴۳۸۹۵۵,گلپایگان,golpayegan,vehicles,auto
۰۹۱۶۲۰۵۸۸۳۷,گلپایگان,golpayegan,vehicles,auto
۰۹۱۳۲۷۲۶۹۳۶,گلپایگان,golpayegan,vehicles,auto
۰۹۲۲۳۳۲۸۳۵۶,گلپایگان,golpayegan,vehicles,auto
۰۹۱۳۹۷۳۲۴۰۶,گلپایگان,golpayegan,vehicles,auto
۰۹۱۳۹۷۳۲۴۰۶,گلپایگان,golpayegan,vehicles,auto
۰۹۱۰۳۷۲۱۹۲۶,گلپایگان,golpayegan,vehicles,auto
۰۹۰۲۸۶۹۸۱۰۷,گلپایگان,golpayegan,vehicles,auto
۰۹۳۳۹۶۳۶۹۸۹,گلپایگان,golpayegan,vehicles,auto
۰۹۱۳۲۷۱۹۷۳۲,گلپایگان,golpayegan,vehicles,auto
۰۹۱۲۳۳۳۲۳۰۶,گلپایگان,golpayegan,vehicles,auto
۰۹۳۶۹۳۱۹۹۹۸,گلپایگان,golpayegan,vehicles,auto
۰۹۳۰۸۲۰۹۴۶۳,گلپایگان,golpayegan,vehicles,auto
۰۹۳۷۸۲۳۰۵۳۳,گلپایگان,golpayegan,vehicles,auto
۰۹۱۳۱۷۱۹۴۱۴,گلپایگان,golpayegan,vehicles,auto
۰۹۱۴۰۰۱۰۵۳۴,گلپایگان,golpayegan,vehicles,auto
۰۹۱۳۹۷۱۲۱۴۹,گلپایگان,golpayegan,vehicles,auto
۰۹۱۳۳۷۲۲۸۱۱,گلپایگان,golpayegan,vehicles,auto
۰۹۳۶۶۹۵۸۲۱۳,گلپایگان,golpayegan,vehicles,auto
۰۹۱۴۰۱۰۷۶۲۹,گلپایگان,golpayegan,vehicles,auto
۰۹۳۸۱۸۸۱۳۰۷,گلپایگان,golpayegan,vehicles,auto
۰۹۲۲۷۴۰۱۳۰۶,گلپایگان,golpayegan,vehicles,auto
۰۹۳۰۶۷۹۹۰۱۰,گلپایگان,golpayegan,vehicles,auto
۰۹۳۹۱۲۱۵۳۳۹,گلپایگان,golpayegan,vehicles,auto
۰۹۳۶۲۰۰۲۸۱۱,گلپایگان,golpayegan,vehicles,auto
۰۹۰۳۲۳۹۱۴۳۹,گلپایگان,golpayegan,vehicles,auto
۰۹۳۶۹۳۱۹۹۹۸,گلپایگان,golpayegan,vehicles,auto
۰۹۳۵۶۵۹۱۷۰۶,گلپایگان,golpayegan,vehicles,auto
۰۹۱۲۰۳۱۷۵۸۱,گلپایگان,golpayegan,vehicles,auto
۰۹۰۳۲۷۰۴۲۲۷,گلپایگان,golpayegan,vehicles,auto
۰۹۹۱۰۱۳۷۷۹۴,گلپایگان,golpayegan,vehicles,auto
۰۹۱۲۰۷۵۷۷۵۰,گلپایگان,golpayegan,vehicles,auto
۰۹۱۲۲۴۴۶۶۲۵,گلپایگان,golpayegan,vehicles,auto
۰۹۱۰۱۴۹۸۱۸۴,گلپایگان,golpayegan,vehicles,auto
۰۹۲۱۷۱۷۳۷۴۹,گلپایگان,golpayegan,vehicles,auto
۰۹۱۲۱۳۹۸۱۹۰,گلپایگان,golpayegan,vehicles,auto
۰۹۳۳۳۹۷۳۰۷۰,گلپایگان,golpayegan,vehicles,auto
۰۹۱۳۹۷۴۰۸۲۷,گلپایگان,golpayegan,vehicles,auto
۰۹۱۲۶۱۲۶۵۰۷,گلپایگان,golpayegan,vehicles,auto
۰۹۱۹۴۰۰۴۹۳۸,گلپایگان,golpayegan,vehicles,auto
۰۹۳۹۴۰۱۴۶۸۵,گلپایگان,golpayegan,vehicles,auto
۰۹۳۹۹۲۰۶۲۰۱,گلپایگان,golpayegan,vehicles,auto
۰۹۱۳۲۷۱۸۱۷۳,گلپایگان,golpayegan,vehicles,auto
۰۹۹۱۰۰۹۴۲۴۵,گلپایگان,golpayegan,vehicles,auto
۰۹۰۲۳۸۴۲۱۰۱,گلپایگان,golpayegan,vehicles,auto
۰۹۱۲۷۵۴۵۶۱۱,گلپایگان,golpayegan,vehicles,car-accessories
۰۹۱۳۸۲۰۷۴۴۹,گلپایگان,golpayegan,vehicles,car-accessories
۰۹۲۲۹۷۴۴۲۶۷,گلپایگان,golpayegan,vehicles,car-accessories
۰۹۱۹۵۶۸۷۴۶۲,گلپایگان,golpayegan,vehicles,car-accessories
۰۹۳۸۱۸۸۱۳۰۷,گلپایگان,golpayegan,vehicles,car-accessories
۰۹۱۲۰۵۵۷۴۷۱,گلپایگان,golpayegan,vehicles,car-accessories
۰۹۱۹۰۴۲۰۵۴۸,گلپایگان,golpayegan,vehicles,car-accessories
۰۹۱۳۲۷۱۸۴۲۵,گلپایگان,golpayegan,vehicles,car-accessories
۰۹۱۳۲۷۱۸۴۲۵,گلپایگان,golpayegan,vehicles,car-accessories
۰۹۱۳۲۷۱۸۴۲۵,گلپایگان,golpayegan,vehicles,car-accessories
۰۹۱۳۲۷۱۸۴۲۵,گلپایگان,golpayegan,vehicles,car-accessories
۰۹۱۳۲۷۱۸۴۲۵,گلپایگان,golpayegan,vehicles,car-accessories
۰۹۲۲۷۷۸۴۲۶۴,گلپایگان,golpayegan,vehicles,car-accessories
۰۹۱۳۳۷۱۵۰۲۷,گلپایگان,golpayegan,vehicles,car-accessories
۰۹۰۳۲۳۹۱۴۳۹,گلپایگان,golpayegan,vehicles,car-accessories
۰۹۳۹۱۲۱۵۳۳۹,گلپایگان,golpayegan,vehicles,car-accessories
۰۹۳۹۱۲۱۵۳۳۹,گلپایگان,golpayegan,vehicles,car-accessories
۰۹۳۹۴۲۰۱۲۴۸,گلپایگان,golpayegan,vehicles,car-accessories
۰۹۲۲۷۷۸۴۲۶۴,گلپایگان,golpayegan,vehicles,car-accessories
۰۹۹۱۵۶۳۵۵۶۴,گلپایگان,golpayegan,vehicles,car-accessories
۰۹۱۲۲۸۹۸۶۶۵,گلپایگان,golpayegan,vehicles,car-accessories
۰۹۱۳۰۳۳۵۶۴۱,گلپایگان,golpayegan,vehicles,car-accessories
۰۹۹۰۰۵۵۹۲۱۱,گلپایگان,golpayegan,vehicles,car-accessories
۰۹۱۳۹۷۴۰۰۲۸,گلپایگان,golpayegan,vehicles,car-accessories
۰۹۲۲۷۷۸۴۲۶۴,گلپایگان,golpayegan,vehicles,car-accessories
۰۹۱۹۷۳۸۶۱۸۳,گلپایگان,golpayegan,vehicles,car-accessories
۰۹۰۳۰۴۰۱۱۴۱,گلپایگان,golpayegan,vehicles,car-accessories
۰۹۱۲۰۳۱۱۵۷۱,گلپایگان,golpayegan,vehicles,car-accessories
۰۹۱۳۲۷۱۸۴۲۵,گلپایگان,golpayegan,vehicles,car-accessories
۰۹۳۶۰۷۸۱۰۹۰,گلپایگان,golpayegan,vehicles,car-accessories
۰۹۱۲۱۹۶۵۱۰۶,گلپایگان,golpayegan,vehicles,car-accessories
۰۹۱۳۶۴۱۹۷۴۴,گلپایگان,golpayegan,vehicles,car-accessories
۰۹۱۰۳۷۲۰۲۰۴,گلپایگان,golpayegan,vehicles,car-accessories
۰۹۱۳۲۷۱۴۳۱۶,گلپایگان,golpayegan,vehicles,car-accessories
۰۹۱۳۹۷۱۲۹۶۰,گلپایگان,golpayegan,vehicles,car-accessories
۰۹۰۲۴۲۲۱۸۲۵,گلپایگان,golpayegan,vehicles,car-accessories
۰۹۱۳۳۷۲۱۸۴۹,گلپایگان,golpayegan,vehicles,car-accessories
۰۹۳۷۸۱۱۲۶۸۶,گلپایگان,golpayegan,vehicles,car-accessories
۰۹۰۱۳۹۳۰۵۶۶,گلپایگان,golpayegan,vehicles,motorcycles
۰۹۱۳۸۶۵۲۵۳۵,گلپایگان,golpayegan,vehicles,motorcycles
۰۹۹۰۷۹۰۵۷۹۱,گلپایگان,golpayegan,vehicles,motorcycles
۰۹۰۵۲۷۵۷۱۲۰,گلپایگان,golpayegan,vehicles,motorcycles
۰۹۹۰۷۱۴۷۵۱۵,گلپایگان,golpayegan,vehicles,motorcycles
۰۹۰۲۹۸۹۲۳۳۷,گلپایگان,golpayegan,vehicles,motorcycles
۰۹۳۵۸۴۳۰۹۶۸,گلپایگان,golpayegan,vehicles,motorcycles
۰۹۰۲۴۲۲۱۸۶۱,گلپایگان,golpayegan,vehicles,motorcycles
۰۹۳۹۲۸۸۴۱۷۲,گلپایگان,golpayegan,vehicles,motorcycles
۰۹۱۳۰۷۴۰۷۸۸,گلپایگان,golpayegan,vehicles,motorcycles
۰۹۹۱۳۲۰۴۵۹۸,گلپایگان,golpayegan,vehicles,motorcycles
۰۹۰۲۲۷۲۲۸۰۶,گلپایگان,golpayegan,vehicles,motorcycles
۰۹۱۳۲۷۱xxxx,گلپایگان,golpayegan,vehicles,motorcycles
۰۹۱۳۹۷۳۶۲۴۷,گلپایگان,golpayegan,vehicles,motorcycles
۰۹۲۱۰۱۴۳۸۳۷,گلپایگان,golpayegan,vehicles,motorcycles
۰۹۳۶۰۷۸۱۵۴۸,گلپایگان,golpayegan,vehicles,motorcycles
۰۹۳۰۶۴۵۲۹۵۹,گلپایگان,golpayegan,vehicles,motorcycles
۰۹۱۳۰۸۰۵۷۸۲,گلپایگان,golpayegan,vehicles,motorcycles
۰۹۱۹۰۱۳۷۵۴۷,گلپایگان,golpayegan,vehicles,motorcycles
۰۹۱۶۵۱۹۹۲۲۰,گلپایگان,golpayegan,vehicles,motorcycles
۰۹۰۳۶۳۳۵۸۴۳,گلپایگان,golpayegan,vehicles,motorcycles
۰۹۹۰۲۸۲۴۷۶۷,گلپایگان,golpayegan,vehicles,motorcycles
۰۹۱۷۳۶۶۳۶۴۶,گلپایگان,golpayegan,electronic-devices,mobile-tablet
۰۹۰۳۵۸۲۳۸۳۵,گلپایگان,golpayegan,electronic-devices,mobile-tablet
۰۹۹۰۸۷۷۱۲۹۰,گلپایگان,golpayegan,electronic-devices,mobile-tablet
۰۹۱۳۹۷۲۴۳۸۸,گلپایگان,golpayegan,electronic-devices,mobile-tablet
۰۹۱۰۳۶۱۹۴۲۹,گلپایگان,golpayegan,electronic-devices,mobile-tablet
(پنهان‌شده؛ چت کنید),گلپایگان,golpayegan,electronic-devices,mobile-tablet
۰۹۱۳۹۷۳۹۶۸۰,گلپایگان,golpayegan,electronic-devices,mobile-tablet
۰۹۹۱۳۸۵۳۵۱۹,گلپایگان,golpayegan,electronic-devices,mobile-tablet
۰۹۳۰۱۱۷۶۰۶۷,گلپایگان,golpayegan,electronic-devices,mobile-tablet
۰۹۱۳۹۶۳۱۸۹۴,گلپایگان,golpayegan,electronic-devices,mobile-tablet
۰۹۱۳۲۷۲۳۷۶۸,گلپایگان,golpayegan,electronic-devices,mobile-tablet
(پنهان‌شده؛ چت کنید),گلپایگان,golpayegan,electronic-devices,mobile-tablet
۰۹۳۰۵۳۵۵۷۴۲,گلپایگان,golpayegan,electronic-devices,mobile-tablet
۰۹۰۲۳۳۴۷۸۸۱,گلپایگان,golpayegan,electronic-devices,mobile-tablet
۰۹۱۳۹۷۳۹۶۸۰,گلپایگان,golpayegan,electronic-devices,mobile-tablet
۰۹۱۳۹۷۲۵۸۹۸,گلپایگان,golpayegan,electronic-devices,mobile-tablet
(پنهان‌شده؛ چت کنید),گلپایگان,golpayegan,electronic-devices,mobile-tablet
۰۹۳۳۴۴۴۶۵۷۵,گلپایگان,golpayegan,electronic-devices,mobile-tablet
۰۹۱۳۳۷۱۴۹۱۴,گلپایگان,golpayegan,electronic-devices,mobile-tablet
۰۹۲۱۴۳۷۳۶۴۴,گلپایگان,golpayegan,electronic-devices,mobile-tablet
۰۹۱۰۹۸۲۴۵۲۲,گلپایگان,golpayegan,electronic-devices,mobile-tablet
(پنهان‌شده؛ چت کنید),گلپایگان,golpayegan,electronic-devices,mobile-tablet
۰۹۱۳۰۸۳۳۷۹۸,گلپایگان,golpayegan,electronic-devices,mobile-tablet
۰۹۳۳۸۶۲۵۷۳۹,گلپایگان,golpayegan,electronic-devices,mobile-tablet
۰۹۱۳۳۷۲۲۷۳۷,گلپایگان,golpayegan,electronic-devices,mobile-tablet
(پنهان‌شده؛ چت کنید),گلپایگان,golpayegan,electronic-devices,mobile-tablet
۰۹۱۶۲۹۵۲۲۶۰,گلپایگان,golpayegan,electronic-devices,mobile-tablet
۰۹۳۹۰۸۹۵۴۵۳,گلپایگان,golpayegan,electronic-devices,mobile-tablet
۰۹۱۳۶۹۴۵۸۳۱,گلپایگان,golpayegan,electronic-devices,mobile-tablet
۰۹۱۳۳۷۱۳۷۲۹,گلپایگان,golpayegan,electronic-devices,mobile-tablet
۰۹۹۰۸۵۶۲۰۷۸,گلپایگان,golpayegan,electronic-devices,mobile-tablet
۰۹۳۳۸۷۴۹۵۴۶,گلپایگان,golpayegan,electronic-devices,computers
۰۹۱۲۷۰۱۳۶۱۵,گلپایگان,golpayegan,electronic-devices,computers
(پنهان‌شده؛ چت کنید),گلپایگان,golpayegan,electronic-devices,computers
۰۹۱۳۴۷۳۹۰۹۷,گلپایگان,golpayegan,electronic-devices,computers
۰۹۱۳۸۲۰۳۲۳۴,گلپایگان,golpayegan,electronic-devices,computers
۰۹۲۱۲۶۷۲۶۷۸,گلپایگان,golpayegan,electronic-devices,computers
۰۹۹۰۱۴۶۸۹۳۰,گلپایگان,golpayegan,electronic-devices,computers
۰۹۹۸۱۰۲۷۱۶۵,گلپایگان,golpayegan,electronic-devices,computers
۰۹۱۲۶۲۲۲۷۵۲,گلپایگان,golpayegan,electronic-devices,game-consoles
۰۹۳۹۵۱۰۷۱۷۲,گلپایگان,golpayegan,electronic-devices,video-audio-device
۰۹۳۶۷۳۴۳۳۳۷,گلپایگان,golpayegan,electronic-devices,video-audio-device
۰۹۹۰۲۸۲۲۵۳۴,گلپایگان,golpayegan,electronic-devices,video-audio-device
۰۹۰۵۹۷۷۸۲۰۷,گلپایگان,golpayegan,electronic-devices,video-audio-device
۰۹۳۹۵۱۰۷۱۷۲,گلپایگان,golpayegan,electronic-devices,video-audio-device
۰۹۱۶۲۸۴۰۸۳۶,گلپایگان,golpayegan,electronic-devices,video-audio-device
۰۹۱۳۸۲۰۳۲۳۴,گلپایگان,golpayegan,electronic-devices,video-audio-device
۰۹۰۱۱۸۰۴۲۷۸,گلپایگان,golpayegan,electronic-devices,telephone
۰۹۱۳۲۷۲۴۸۶۰,گلپایگان,golpayegan,home-and-kitchen,home-decor-furniture
۰۹۱۲۲۹۰۴۴۵۲,گلپایگان,golpayegan,home-and-kitchen,home-decor-furniture
۰۹۳۸۰۷۵۳۴۴۵,گلپایگان,golpayegan,home-and-kitchen,home-decor-furniture
۰۹۳۸۵۴۱۵۲۳۶,گلپایگان,golpayegan,home-and-kitchen,home-decor-furniture
۰۹۹۱۵۶۳۵۵۶۴,گلپایگان,golpayegan,home-and-kitchen,home-decor-furniture
۰۹۳۰۱۱۰۳۴۲۶,گلپایگان,golpayegan,home-and-kitchen,home-decor-furniture
۰۹۱۳۹۷۱۴۶۱۳,گلپایگان,golpayegan,home-and-kitchen,home-decor-furniture
۰۹۱۲۴۴۶۴۵۵۹,گلپایگان,golpayegan,home-and-kitchen,home-decor-furniture
۰۹۱۴۰۰۲۸۵۴۹,گلپایگان,golpayegan,home-and-kitchen,home-decor-furniture
۰۹۱۶۰۲۹۰۲۵۰,گلپایگان,golpayegan,home-and-kitchen,home-decor-furniture
(پنهان‌شده؛ چت کنید),گلپایگان,golpayegan,home-and-kitchen,home-decor-furniture
۰۹۱۳۵۴۳۸۹۵۵,گلپایگان,golpayegan,home-and-kitchen,home-decor-furniture
۰۹۱۳۳۷۱۴۶۷۹,گلپایگان,golpayegan,home-and-kitchen,home-decor-furniture
(پنهان‌شده؛ چت کنید),گلپایگان,golpayegan,home-and-kitchen,home-decor-furniture
۰۹۱۶۰۲۹۰۲۵۰,گلپایگان,golpayegan,home-and-kitchen,home-decor-furniture
۰۹۳۹۳۷۱۵۷۴۵,گلپایگان,golpayegan,home-and-kitchen,home-decor-furniture
۰۹۱۳۹۷۴۷۱۰۳,گلپایگان,golpayegan,home-and-kitchen,home-decor-furniture
۰۹۱۳۳۷۰۳۹۵۷,گلپایگان,golpayegan,home-and-kitchen,home-decor-furniture
۰۹۱۳۳۷۰۳۹۵۷,گلپایگان,golpayegan,home-and-kitchen,home-decor-furniture
۰۹۰۲۰۳۱۸۴۶۰,گلپایگان,golpayegan,home-and-kitchen,home-decor-furniture
۰۹۰۲۰۳۱۸۴۶۰,گلپایگان,golpayegan,home-and-kitchen,home-decor-furniture
۰۹۱۳۹۰۷۴۵۴۲,گلپایگان,golpayegan,home-and-kitchen,home-decor-furniture
۰۹۱۳۹۷۴۷۵۸۰,گلپایگان,golpayegan,home-and-kitchen,home-decor-furniture
۰۹۳۹۳۵۷۲۸۵۸,گلپایگان,golpayegan,home-and-kitchen,home-decor-furniture
۰۹۱۳۷۱۸۲۳۳۵,گلپایگان,golpayegan,home-and-kitchen,home-decor-furniture
(پنهان‌شده؛ چت کنید),گلپایگان,golpayegan,home-and-kitchen,home-decor-furniture
۰۹۱۳۷۱۸۲۳۳۵,گلپایگان,golpayegan,home-and-kitchen,home-decor-furniture
۰۹۱۳۷۱۸۲۳۳۵,گلپایگان,golpayegan,home-and-kitchen,home-decor-furniture
۰۹۱۳۰۱۹۰۱۲۹,گلپایگان,golpayegan,home-and-kitchen,home-decor-furniture
۰۹۳۳۰۸۹۲۴۸۹,گلپایگان,golpayegan,home-and-kitchen,home-decor-furniture
(پنهان‌شده؛ چت کنید),گلپایگان,golpayegan,home-and-kitchen,home-decor-furniture
(پنهان‌شده؛ چت کنید),گلپایگان,golpayegan,home-and-kitchen,home-decor-furniture
(پنهان‌شده؛ چت کنید),گلپایگان,golpayegan,home-and-kitchen,home-decor-furniture
۰۹۱۳۳۷۲۹۴۶۴,گلپایگان,golpayegan,home-and-kitchen,home-decor-furniture
۰۹۹۲۸۷۶۶۵۸۴,گلپایگان,golpayegan,home-and-kitchen,home-decor-furniture
۰۹۹۱۵۶۳۵۵۶۴,گلپایگان,golpayegan,home-and-kitchen,home-decor-furniture
۰۹۱۳۸۷۶۸۸۲۴,گلپایگان,golpayegan,home-and-kitchen,home-decor-furniture
۰۹۱۳۵۷۱۶۸۷۴,گلپایگان,golpayegan,home-and-kitchen,home-decor-furniture
۰۹۱۳۲۷۱۲۳۴۰,گلپایگان,golpayegan,home-and-kitchen,home-decor-furniture
۰۹۱۳۲۷۱۲۳۴۰,گلپایگان,golpayegan,home-and-kitchen,home-decor-furniture
(پنهان‌شده؛ چت کنید),گلپایگان,golpayegan,home-and-kitchen,home-decor-furniture
(پنهان‌شده؛ چت کنید),گلپایگان,golpayegan,home-and-kitchen,home-decor-furniture
۰۹۱۳۹۷۴۷۲۶۷,گلپایگان,golpayegan,home-and-kitchen,home-decor-furniture
۰۹۱۳۴۴۵۰۳۱۵,گلپایگان,golpayegan,home-and-kitchen,home-decor-furniture
۰۹۳۶۰۲۷۷۰۵۳,گلپایگان,golpayegan,home-and-kitchen,home-decor-furniture
۰۹۱۳۷۵۱۲۹۸۱,گلپایگان,golpayegan,home-and-kitchen,home-decor-furniture
۰۹۳۶۳۷۵۷۷۰۵,گلپایگان,golpayegan,home-and-kitchen,home-decor-furniture
۰۹۳۸۹۲۶۶۷۶۰,گلپایگان,golpayegan,home-and-kitchen,kitchen-appliances
۰۹۱۳۹۷۳۲۳۷۲,گلپایگان,golpayegan,home-and-kitchen,kitchen-appliances
۰۹۹۱۳۸۶۵۰۱۸,گلپایگان,golpayegan,home-and-kitchen,kitchen-appliances
۰۹۱۳۳۷۰۳۹۵۷,گلپایگان,golpayegan,home-and-kitchen,kitchen-appliances
۰۹۱۳۹۷۳۹۶۸۰,گلپایگان,golpayegan,home-and-kitchen,kitchen-appliances
۰۹۰۲۰۳۱۸۴۶۰,گلپایگان,golpayegan,home-and-kitchen,kitchen-appliances
۰۹۰۲۰۳۱۸۴۶۰,گلپایگان,golpayegan,home-and-kitchen,kitchen-appliances
۰۹۰۲۰۳۱۸۴۶۰,گلپایگان,golpayegan,home-and-kitchen,kitchen-appliances
۰۹۰۲۰۳۱۸۴۶۰,گلپایگان,golpayegan,home-and-kitchen,kitchen-appliances
۰۹۳۹۳۵۷۲۸۵۸,گلپایگان,golpayegan,home-and-kitchen,kitchen-appliances
۰۹۳۹۳۵۷۲۸۵۸,گلپایگان,golpayegan,home-and-kitchen,kitchen-appliances
۰۹۳۹۳۵۷۲۸۵۸,گلپایگان,golpayegan,home-and-kitchen,kitchen-appliances
(پنهان‌شده؛ چت کنید),گلپایگان,golpayegan,home-and-kitchen,kitchen-appliances
۰۹۱۳۹۷۳۶۲۴۷,گلپایگان,golpayegan,home-and-kitchen,kitchen-appliances
۰۹۰۳۵۸۲۳۸۳۵,گلپایگان,golpayegan,home-and-kitchen,kitchen-appliances
۰۹۱۳۹۷۴۷۲۶۷,گلپایگان,golpayegan,home-and-kitchen,kitchen-appliances
۰۹۳۹۰۸۹۵۴۵۳,گلپایگان,golpayegan,home-and-kitchen,kitchen-appliances
۰۹۱۳۹۷۳۵۸۱۶,گلپایگان,golpayegan,home-and-kitchen,kitchen-appliances
۰۹۳۰۷۸۶۸۳۷۰,گلپایگان,golpayegan,home-and-kitchen,kitchen-appliances
(پنهان‌شده؛ چت کنید),گلپایگان,golpayegan,home-and-kitchen,kitchen-appliances
۰۹۱۳۹۷۲۲۶۹۵,گلپایگان,golpayegan,home-and-kitchen,kitchen-appliances
۰۹۰۵۹۸۷۷۲۴۵,گلپایگان,golpayegan,home-and-kitchen,kitchen-appliances
۰۹۱۳۴۷۱۲۴۱۹,گلپایگان,golpayegan,home-and-kitchen,kitchen-appliances
۰۹۱۳۴۷۱۲۴۱۹,گلپایگان,golpayegan,home-and-kitchen,kitchen-appliances
۰۹۱۲۷۱۹۲۳۷۹,گلپایگان,golpayegan,home-and-kitchen,kitchen-appliances
۰۹۱۳۹۷۲۴۳۷۱,گلپایگان,golpayegan,home-and-kitchen,kitchen-appliances
۰۹۱۲۶۰۴۴۰۲۳,گلپایگان,golpayegan,home-and-kitchen,kitchen-appliances
۰۹۱۲۶۰۴۴۰۲۳,گلپایگان,golpayegan,home-and-kitchen,kitchen-appliances
۰۹۱۲۹۶۲۸۱۶۳,گلپایگان,golpayegan,home-and-kitchen,kitchen-appliances
(پنهان‌شده؛ چت کنید),گلپایگان,golpayegan,home-and-kitchen,kitchen-appliances
(پنهان‌شده؛ چت کنید),گلپایگان,golpayegan,home-and-kitchen,home-appliances
۰۹۱۶۲۳۴۶۰۶۴,گلپایگان,golpayegan,home-and-kitchen,home-appliances
۰۹۱۳۴۷۳۹۰۹۷,گلپایگان,golpayegan,home-and-kitchen,home-appliances
۰۹۳۸۰۵۹۰۴۸۴,گلپایگان,golpayegan,home-and-kitchen,home-appliances
۰۹۱۲۹۵۲۶۸۹۰,گلپایگان,golpayegan,home-and-kitchen,building-garden
۰۹۱۳۷۱۸۱۶۱۳,گلپایگان,golpayegan,home-and-kitchen,building-garden
۰۹۳۹۰۸۹۵۴۵۳,گلپایگان,golpayegan,home-and-kitchen,building-garden
۰۹۱۲۵۹۹۴۰۶۳,گلپایگان,golpayegan,home-and-kitchen,building-garden
۰۹۱۲۵۹۹۵۴۰۶,گلپایگان,golpayegan,home-and-kitchen,building-garden
۰۹۱۳۱۶۹۹۰۳۱,گلپایگان,golpayegan,home-and-kitchen,building-garden
۰۹۹۰۹۷۱۶۵۳۱,گلپایگان,golpayegan,home-and-kitchen,building-garden
۰۹۱۳۵۷۲۳۷۲۰,گلپایگان,golpayegan,home-and-kitchen,building-garden
۰۹۱۳۳۷۱۷۷۳۸,گلپایگان,golpayegan,home-and-kitchen,building-garden
۰۹۱۲۹۶۲۸۱۶۳,گلپایگان,golpayegan,home-and-kitchen,building-garden
۰۹۱۳۰۷۵۱۸۶۴,گلپایگان,golpayegan,home-and-kitchen,building-garden
۰۹۲۲۰۴۸۴۹۹۸,گلپایگان,golpayegan,home-and-kitchen,building-garden
۰۹۱۳۹۷۲۵۰۷۰,گلپایگان,golpayegan,home-and-kitchen,building-garden
۰۹۱۲۳۷۶۸۵۴۹,گلپایگان,golpayegan,home-and-kitchen,building-garden
۰۹۱۲۰۹۸۶۱۱۲,گلپایگان,golpayegan,home-and-kitchen,building-garden
۰۹۱۰۳۷۲۰۲۰۴,گلپایگان,golpayegan,services,vehicles-services
۰۹۱۳۰۳۵۱۹۳۱,گلپایگان,golpayegan,services,catering-services
۰۹۰۵۴۳۲۹۸۰۸,گلپایگان,golpayegan,services,technology-services
۰۹۰۵۴۳۲۹۸۰۸,گلپایگان,golpayegan,services,technology-services
۰۹۰۵۴۳۲۹۸۰۸,گلپایگان,golpayegan,services,technology-services
۰۹۰۵۴۳۲۹۸۰۸,گلپایگان,golpayegan,services,technology-services
۰۹۰۵۴۳۲۹۸۰۸,گلپایگان,golpayegan,services,technology-services
۰۹۰۵۴۳۲۹۸۰۸,گلپایگان,golpayegan,services,technology-services
۰۹۰۵۴۳۲۹۸۰۸,گلپایگان,golpayegan,services,technology-services
۰۹۰۵۴۳۲۹۸۰۸,گلپایگان,golpayegan,services,technology-services
۰۹۰۵۴۳۲۹۸۰۸,گلپایگان,golpayegan,services,technology-services
۰۹۰۵۴۳۲۹۸۰۸,گلپایگان,golpayegan,services,technology-services
۰۹۱۰۴۴۷۷۵۶۹,گلپایگان,golpayegan,services,technology-services
۰۹۰۵۴۳۲۹۸۰۸,گلپایگان,golpayegan,services,technology-services
۰۹۱۳۲۷۱۲۸۲۱,گلپایگان,golpayegan,services,technology-services
۰۹۹۱۹۰۰۶۶۹۴,گلپایگان,golpayegan,services,financial-services
۰۹۳۹۴۳۴۶۳۳۰,گلپایگان,golpayegan,services,financial-services
۰۹۹۰۵۳۸۶۴۷۵,گلپایگان,golpayegan,services,financial-services
(پنهان‌شده؛ چت کنید),گلپایگان,golpayegan,services,transport-logistic-services
۰۹۲۱۷۶۲۳۲۲۰,گلپایگان,golpayegan,services,transport-logistic-services
۰۹۱۷۶۳۹۲۹۹۰,گلپایگان,golpayegan,services,craft-skill-services
۰۹۳۶۰۹۳۴۸۰۶,گلپایگان,golpayegan,services,craft-skill-services
۰۹۹۱۳۸۵۳۵۱۹,گلپایگان,golpayegan,services,craft-skill-services
۰۹۰۱۷۷۹۵۷۵۴,گلپایگان,golpayegan,services,craft-skill-services
۰۹۱۰۱۳۷۱۰۳۱,گلپایگان,golpayegan,services,craft-skill-services
۰۹۹۱۳۸۶۵۰۱۸,گلپایگان,golpayegan,services,craft-skill-services
۰۹۱۳۱۶۸۲۱۸۴,گلپایگان,golpayegan,services,craft-skill-services
۰۹۱۳۳۷۲۴۴۳۴,گلپایگان,golpayegan,services,craft-skill-services
۰۹۰۲۰۱۵۱۸۴۶,گلپایگان,golpayegan,services,craft-skill-services
۰۹۰۲۰۱۵۱۸۴۶,گلپایگان,golpayegan,services,craft-skill-services
۰۹۰۲۰۱۵۱۸۴۶,گلپایگان,golpayegan,services,craft-skill-services
۰۹۰۲۰۱۵۱۸۴۶,گلپایگان,golpayegan,services,craft-skill-services
۰۹۱۳۳۷۱۷۱۵۸,گلپایگان,golpayegan,services,craft-skill-services
۰۹۱۳۴۷۱۱۷۳۸,گلپایگان,golpayegan,services,craft-skill-services
۰۹۱۳۳۷۱۳۷۷۰,گلپایگان,golpayegan,services,craft-skill-services
۰۹۱۳۹۷۴۰۰۶۸,گلپایگان,golpayegan,services,craft-skill-services
۰۹۳۶۴۲۲۱۹۹۱,گلپایگان,golpayegan,services,craft-skill-services
۰۹۹۱۳۸۵۳۵۱۹,گلپایگان,golpayegan,services,craft-skill-services
۰۹۱۳۶۰۲۰۴۱۸,گلپایگان,golpayegan,services,craft-skill-services
۰۹۱۸۷۶۱۰۲۹۳,گلپایگان,golpayegan,services,craft-skill-services
۰۹۱۶۲۹۰۸۸۹۶,گلپایگان,golpayegan,services,beauty-services
۰۹۱۳۳۳۹۰۶۷۷,گلپایگان,golpayegan,services,beauty-services
۰۹۱۸۹۵۷۳۱۰۳,گلپایگان,golpayegan,services,beauty-services
۰۹۱۳۲۷۲۴۳۲۸,گلپایگان,golpayegan,services,cleaning-services
۰۹۱۳۵۴۹۰۱۹۵,گلپایگان,golpayegan,services,gardening-services
۰۹۰۵۴۲۶۱۹۸۲,گلپایگان,golpayegan,services,teaching-services
۰۹۰۳۷۹۵۲۹۷۵,گلپایگان,golpayegan,services,teaching-services
۰۹۹۰۱۶۷۱۱۰۱,گلپایگان,golpayegan,services,teaching-services
۰۹۰۳۷۹۵۳۲۵۹,گلپایگان,golpayegan,services,teaching-services
۰۹۹۲۱۱۹۸۳۰۲,گلپایگان,golpayegan,services,teaching-services
۰۹۹۲۱۱۹۸۳۰۲,گلپایگان,golpayegan,services,teaching-services
۰۹۹۸۱۱۱۵۴۹۹,گلپایگان,golpayegan,services,teaching-services
۰۹۳۰۱۱۰۳۴۲۶,گلپایگان,golpayegan,personal-goods,apparel
(پنهان‌شده؛ چت کنید),گلپایگان,golpayegan,personal-goods,apparel
۰۹۱۳۳۷۱۰۵۲۹,گلپایگان,golpayegan,personal-goods,apparel
۰۹۹۰۴۹۱۶۲۰۶,گلپایگان,golpayegan,personal-goods,apparel
۰۹۳۶۲۱۰۸۴۲۸,گلپایگان,golpayegan,personal-goods,apparel
۰۹۳۶۲۱۰۸۴۲۸,گلپایگان,golpayegan,personal-goods,apparel
(پنهان‌شده؛ چت کنید),گلپایگان,golpayegan,personal-goods,apparel
۰۹۰۳۳۶۰۵۸۷۴,گلپایگان,golpayegan,personal-goods,apparel
۰۹۰۳۳۶۰۵۸۷۴,گلپایگان,golpayegan,personal-goods,apparel
۰۹۱۲۴۴۶۳۹۳۷,گلپایگان,golpayegan,personal-goods,apparel
(پنهان‌شده؛ چت کنید),گلپایگان,golpayegan,personal-goods,apparel
۰۹۰۳۱۸۶۱۲۶۵,گلپایگان,golpayegan,personal-goods,apparel
(پنهان‌شده؛ چت کنید),گلپایگان,golpayegan,personal-goods,apparel
۰۹۹۱۷۱۳۳۴۲۹,گلپایگان,golpayegan,personal-goods,apparel
(پنهان‌شده؛ چت کنید),گلپایگان,golpayegan,personal-goods,apparel
۰۹۳۶۱۸۸۶۱۹۴,گلپایگان,golpayegan,personal-goods,apparel
۰۹۱۸۴۱۰۲۳۱۷,گلپایگان,golpayegan,personal-goods,apparel
۰۹۱۳۲۷۲۷۹۹۸,گلپایگان,golpayegan,personal-goods,apparel
۰۹۳۸۷۶۷۷۶۰۱,گلپایگان,golpayegan,personal-goods,apparel
۰۹۳۹۵۱۸۵۴۲۹,گلپایگان,golpayegan,personal-goods,apparel
۰۹۱۹۳۶۳۴۲۰۷,گلپایگان,golpayegan,personal-goods,apparel
۰۹۳۵۱۳۷۲۷۲۷,گلپایگان,golpayegan,personal-goods,apparel
۰۹۰۲۸۱۰۱۳۷۶,گلپایگان,golpayegan,personal-goods,apparel
۰۹۳۹۵۱۸۵۴۲۹,گلپایگان,golpayegan,personal-goods,apparel
۰۹۳۳۸۰۳۱۴۰۸,گلپایگان,golpayegan,personal-goods,apparel
۰۹۳۰۷۶۸۵۵۲۵,گلپایگان,golpayegan,personal-goods,apparel
۰۹۱۶۲۹۵۲۲۶۰,گلپایگان,golpayegan,personal-goods,apparel
۰۹۱۳۶۸۶۶۱۹۳,گلپایگان,golpayegan,personal-goods,apparel
۰۹۳۸۶۴۲۵۴۵۷,گلپایگان,golpayegan,personal-goods,apparel
۰۹۱۳۲۷۲۷۹۱۴,گلپایگان,golpayegan,personal-goods,apparel
۰۹۳۹۵۱۸۵۴۲۹,گلپایگان,golpayegan,personal-goods,apparel
۰۹۳۹۵۱۸۵۴۲۹,گلپایگان,golpayegan,personal-goods,apparel
۰۹۳۹۵۱۸۵۴۲۹,گلپایگان,golpayegan,personal-goods,apparel
۰۹۳۹۵۱۸۵۴۲۹,گلپایگان,golpayegan,personal-goods,apparel
(پنهان‌شده؛ چت کنید),گلپایگان,golpayegan,personal-goods,apparel
۰۹۳۳۵۳۴۴۳۴۳,گلپایگان,golpayegan,personal-goods,accessories
(پنهان‌شده؛ چت کنید),گلپایگان,golpayegan,personal-goods,accessories
(پنهان‌شده؛ چت کنید),گلپایگان,golpayegan,personal-goods,accessories
۰۹۱۲۵۹۹۵۴۰۶,گلپایگان,golpayegan,personal-goods,accessories
(پنهان‌شده؛ چت کنید),گلپایگان,golpayegan,personal-goods,accessories
۰۹۰۱۲۷۳۹۱۹۵,گلپایگان,golpayegan,personal-goods,accessories
۰۹۱۳۹۱۰۸۳۴۲,گلپایگان,golpayegan,personal-goods,accessories
۰۹۱۲۸۶۹۷۶۰۳,گلپایگان,golpayegan,personal-goods,beauty-and-personal-care
۰۹۰۲۸۱۰۱۳۷۶,گلپایگان,golpayegan,personal-goods,child-apparel
۰۹۰۲۸۱۰۱۳۷۶,گلپایگان,golpayegan,personal-goods,child-apparel
۰۹۳۶۲۳۱۰۶۰۱,گلپایگان,golpayegan,personal-goods,child-apparel
۰۹۰۲۵۵۹۰۶۵۱,گلپایگان,golpayegan,personal-goods,child-products
۰۹۱۳۷۱۸۲۳۳۵,گلپایگان,golpayegan,personal-goods,child-products
(پنهان‌شده؛ چت کنید),گلپایگان,golpayegan,personal-goods,child-products
۰۹۱۳۳۷۱۸۵۵۰,گلپایگان,golpayegan,personal-goods,child-products
۰۹۱۳۹۷۴۲۴۴۸,گلپایگان,golpayegan,personal-goods,child-products
(پنهان‌شده؛ چت کنید),گلپایگان,golpayegan,entertainment,tours
۰۹۳۸۹۲۴۰۹۴۷,گلپایگان,golpayegan,entertainment,publication
۰۹۱۳۶۵۳۴۱۷۸,گلپایگان,golpayegan,entertainment,bike-skate-scooter
۰۹۹۰۸۸۱۰۸۵۱,گلپایگان,golpayegan,entertainment,bike-skate-scooter
۰۹۳۸۸۵۶۳۳۵۱,گلپایگان,golpayegan,entertainment,bike-skate-scooter
۰۹۱۲۰۴۷۳۷۷۱,گلپایگان,golpayegan,entertainment,bike-skate-scooter
۰۹۳۹۰۸۹۵۴۵۳,گلپایگان,golpayegan,entertainment,bike-skate-scooter
۰۹۳۰۱۱۷۶۰۶۷,گلپایگان,golpayegan,entertainment,bike-skate-scooter
۰۹۱۰۴۹۲۹۱۲۲,گلپایگان,golpayegan,entertainment,bike-skate-scooter
۰۹۱۰۴۹۲۹۱۲۲,گلپایگان,golpayegan,entertainment,bike-skate-scooter
۰۹۱۰۴۹۲۹۱۲۲,گلپایگان,golpayegan,entertainment,bike-skate-scooter
۰۹۱۰۴۹۲۹۱۲۲,گلپایگان,golpayegan,entertainment,bike-skate-scooter
۰۹۱۰۳۷۷۱۰۲۵,گلپایگان,golpayegan,entertainment,bike-skate-scooter
۰۹۹۱۰۱۶۹۶۳۷,گلپایگان,golpayegan,entertainment,bike-skate-scooter
۰۹۱۳۶۲۷۴۲۴۴,گلپایگان,golpayegan,entertainment,pets-animals
۰۹۹۰۲۴۳۸۴۷۸,گلپایگان,golpayegan,entertainment,pets-animals
۰۹۳۷۵۶۰۷۷۶۱,گلپایگان,golpayegan,entertainment,pets-animals
۰۹۱۳۳۳۹۰۶۷۷,گلپایگان,golpayegan,entertainment,pets-animals
۰۹۱۶۲۰۳۸۵۴۱,گلپایگان,golpayegan,entertainment,pets-animals
۰۹۰۵۷۰۸۴۱۱۵,گلپایگان,golpayegan,entertainment,pets-animals
۰۹۱۳۹۷۲۱۶۶۸,گلپایگان,golpayegan,entertainment,pets-animals
۰۹۱۹۸۵۶۲۱۴۴,گلپایگان,golpayegan,entertainment,pets-animals
۰۹۱۹۹۵۴۰۴۳۴,گلپایگان,golpayegan,entertainment,pets-animals
۰۹۱۰۱۵۴۳۵۳۷,گلپایگان,golpayegan,entertainment,pets-animals
۰۹۱۰۱۵۴۳۵۳۷,گلپایگان,golpayegan,entertainment,pets-animals
۰۹۳۹۶۱۲۳۳۰۷,گلپایگان,golpayegan,entertainment,pets-animals
۰۹۹۰۷۰۶۵۱۵۸,گلپایگان,golpayegan,entertainment,pets-animals
۰۹۳۳۶۰۶۱۶۰۸,گلپایگان,golpayegan,entertainment,pets-animals
۰۹۱۳۹۷۴۷۱۷۴,گلپایگان,golpayegan,entertainment,pets-animals
۰۹۱۳۳۷۱۷۴۶۶,گلپایگان,golpayegan,entertainment,pets-animals
۰۹۳۸۹۱۰۰۶۶۸,گلپایگان,golpayegan,entertainment,pets-animals
۰۹۱۳۴۷۱۸۸۰۸,گلپایگان,golpayegan,entertainment,pets-animals
۰۹۱۳۴۷۱۰۳۴۱,گلپایگان,golpayegan,entertainment,pets-animals
۰۹۱۳۹۷۲۱۳۶۷,گلپایگان,golpayegan,entertainment,pets-animals
۰۹۱۹۸۴۱۸۷۹۳,گلپایگان,golpayegan,entertainment,pets-animals
۰۹۱۳۶۲۷۴۲۴۴,گلپایگان,golpayegan,entertainment,pets-animals
۰۹۳۶۰۷۰۴۹۷۳,گلپایگان,golpayegan,entertainment,pets-animals
۰۹۳۸۷۳۹۸۰۹۸,گلپایگان,golpayegan,entertainment,collecting
۰۹۳۶۸۸۴۰۸۲۱,گلپایگان,golpayegan,entertainment,musical-instruments
۰۹۳۳۸۴۰۹۱۷۱,گلپایگان,golpayegan,entertainment,musical-instruments
(پنهان‌شده؛ چت کنید),گلپایگان,golpayegan,entertainment,musical-instruments
۰۹۳۳۷۵۴۵۴۴۱,گلپایگان,golpayegan,entertainment,musical-instruments
(پنهان‌شده؛ چت کنید),گلپایگان,golpayegan,entertainment,sport-entertainment
۰۹۱۰۳۵۹۹۱۴۷,گلپایگان,golpayegan,entertainment,sport-entertainment
۰۹۱۳۸۹۰۳۴۰۱,گلپایگان,golpayegan,entertainment,sport-entertainment
۰۹۱۳۷۹۵۰۳۵۹,گلپایگان,golpayegan,entertainment,sport-entertainment
۰۹۱۲۰۴۷۳۷۷۱,گلپایگان,golpayegan,entertainment,sport-entertainment
۰۹۳۸۷۸۵۱۷۷۵,گلپایگان,golpayegan,entertainment,sport-entertainment
۰۹۲۲۱۰۳۷۵۷۸,گلپایگان,golpayegan,entertainment,sport-entertainment
۰۹۱۸۴۳۱۵۳۶۲,گلپایگان,golpayegan,entertainment,sport-entertainment
۰۹۱۳۶۵۸۹۶۳۱,گلپایگان,golpayegan,entertainment,sport-entertainment
۰۹۳۶۶۳۶۵۶۵۳,گلپایگان,golpayegan,entertainment,sport-entertainment
(پنهان‌شده؛ چت کنید),گلپایگان,golpayegan,entertainment,game-and-toys
۰۹۹۱۵۲۸۴۶۹۵,گلپایگان,golpayegan,social-services,event
۰۹۹۲۷۶۵۸۰۷۸,گلپایگان,golpayegan,social-services,event
۰۹۰۲۳۷۸۶۵۶۲,گلپایگان,golpayegan,social-services,event
۰۹۱۹۵۷۲۷۱۸۰,گلپایگان,golpayegan,social-services,event
۰۹۲۲۹۳۴۳۲۵۵,گلپایگان,golpayegan,social-services,event
۰۹۳۶۴۲۷۰۳۱۳,گلپایگان,golpayegan,businesses,business-equipment
۰۹۳۳۵۳۴۴۳۴۳,گلپایگان,golpayegan,businesses,business-equipment
۰۹۱۳۹۳۰۴۱۲۳,گلپایگان,golpayegan,businesses,business-equipment
۰۹۰۲۰۷۷۳۷۵۶,گلپایگان,golpayegan,businesses,business-equipment
۰۹۱۶۶۶۴۴۱۹۱,گلپایگان,golpayegan,businesses,business-equipment
۰۹۱۳۲۷۲۷۷۸۳,گلپایگان,golpayegan,businesses,business-equipment
۰۹۱۹۰۱۳۷۵۵۶,گلپایگان,golpayegan,businesses,business-equipment
۰۹۱۳۵۵۱۳۳۵۱,گلپایگان,golpayegan,businesses,business-equipment
۰۹۱۳۳۷۱۵۰۲۷,گلپایگان,golpayegan,businesses,business-equipment
۰۹۱۳۶۰۰۰۱۹۵,گلپایگان,golpayegan,businesses,business-equipment
(پنهان‌شده؛ چت کنید),گلپایگان,golpayegan,businesses,business-equipment
۰۹۳۹۱۲۱۵۳۳۹,گلپایگان,golpayegan,businesses,business-equipment
۰۹۱۳۷۵۱۱۵۸۶,گلپایگان,golpayegan,businesses,business-equipment
(پنهان‌شده؛ چت کنید),گلپایگان,golpayegan,businesses,business-equipment
۰۹۱۸۴۳۱۵۳۶۲,گلپایگان,golpayegan,businesses,business-equipment
۰۹۱۳۱۳۹۰۲۹۱,گلپایگان,golpayegan,businesses,business-equipment
۰۹۱۳۱۳۹۰۲۹۱,گلپایگان,golpayegan,businesses,business-equipment
۰۹۱۳۳۷۱۷۷۳۸,گلپایگان,golpayegan,businesses,business-equipment
۰۹۳۳۰۷۱۳۸۲۸,گلپایگان,golpayegan,businesses,business-equipment
۰۹۱۳۲۷۲۳۳۸۰,گلپایگان,golpayegan,businesses,business-equipment
۰۹۱۳۰۱۸۷۱۷۷,گلپایگان,golpayegan,businesses,business-equipment
۰۹۱۲۱۲۲۲۶۶۴,گلپایگان,golpayegan,businesses,business-equipment
۰۹۰۲۰۲۵۲۱۶۹,گلپایگان,golpayegan,businesses,business-equipment
۰۹۱۹۸۹۵۵۵۰۲,گلپایگان,golpayegan,businesses,business-equipment
۰۹۰۲۰۷۳۴۷۵۵,گلپایگان,golpayegan,businesses,business-equipment
۰۹۰۲۰۷۷۳۷۴۹,گلپایگان,golpayegan,businesses,business-equipment
۰۹۱۲۳۱۵۸۹۷۸,گلپایگان,golpayegan,businesses,business-equipment
۰۹۳۰۱۶۷۴۰۸۹,گلپایگان,golpayegan,businesses,business-equipment
۰۹۳۸۲۶۵۱۹۹۲,گلپایگان,golpayegan,businesses,business-equipment
۰۹۰۲۰۲۵۲۱۶۴,گلپایگان,golpayegan,businesses,business-equipment
۰۹۰۲۰۷۳۴۷۵۵,گلپایگان,golpayegan,businesses,business-equipment
۰۹۳۶۳۱۵۵۴۹۵,گلپایگان,golpayegan,businesses,business-equipment
۰۹۰۲۰۷۳۴۷۵۸,گلپایگان,golpayegan,businesses,business-equipment
۰۹۳۸۸۵۶۳۳۵۱,گلپایگان,golpayegan,businesses,business-equipment
۰۹۰۲۰۲۵۲۱۶۹,گلپایگان,golpayegan,businesses,business-equipment
۰۹۹۸۱۴۸۶۳۰۲,گلپایگان,golpayegan,businesses,business-equipment
۰۹۹۸۱۴۸۷۱۰۳,گلپایگان,golpayegan,businesses,business-equipment
۰۹۰۲۰۷۳۴۷۶۰,گلپایگان,golpayegan,businesses,business-equipment
۰۹۰۲۰۲۵۲۱۵۹,گلپایگان,golpayegan,businesses,business-equipment
۰۹۱۳۲۷۱۸۹۷۴,گلپایگان,golpayegan,businesses,business-equipment
۰۹۹۲۴۹۶۴۹۲۷,گلپایگان,golpayegan,businesses,business-equipment
۰۹۱۲۱۲۲۲۶۶۴,گلپایگان,golpayegan,businesses,business-equipment
۰۹۰۲۷۸۵۳۵۳۱,گلپایگان,golpayegan,businesses,business-equipment
۰۹۹۲۴۹۰۹۳۶۹,گلپایگان,golpayegan,businesses,business-equipment
۰۹۰۲۰۷۷۳۷۵۶,گلپایگان,golpayegan,businesses,business-equipment
۰۹۱۳۴۳۴۷۵۱۳,گلپایگان,golpayegan,businesses,business-equipment
۰۹۱۳۴۳۴۷۵۱۳,گلپایگان,golpayegan,businesses,business-equipment
۰۹۰۵۳۹۷۲۳۶۱,گلپایگان,golpayegan,businesses,business-equipment
۰۹۱۳۹۷۳۹۵۵۲,گلپایگان,golpayegan,businesses,business-equipment
۰۹۰۲۰۷۳۴۷۶۲,گلپایگان,golpayegan,businesses,business-equipment
۰۹۰۲۰۷۳۴۷۶۲,گلپایگان,golpayegan,businesses,business-equipment
۰۹۰۲۷۹۱۰۶۶۲,گلپایگان,golpayegan,businesses,business-equipment
۰۹۱۲۴۲۷۴۳۹۴,گلپایگان,golpayegan,businesses,business-equipment
۰۹۰۲۰۷۳۴۷۵۹,گلپایگان,golpayegan,businesses,business-equipment
۰۹۰۲۰۲۵۲۱۷۸,گلپایگان,golpayegan,businesses,business-equipment
۰۹۰۲۰۷۳۴۷۵۵,گلپایگان,golpayegan,businesses,business-equipment
۰۹۹۲۷۹۶۶۷۷۰,گلپایگان,golpayegan,businesses,business-equipment
۰۹۱۳۰۷۴۰۳۹۳,گلپایگان,golpayegan,businesses,business-equipment
۰۹۱۳۳۷۱۱۶۲۱,گلپایگان,golpayegan,businesses,business-equipment
۰۹۰۲۰۷۳۴۷۶۱,گلپایگان,golpayegan,businesses,business-equipment
۰۹۱۵۵۵۱۸۱۳۹,گلپایگان,golpayegan,businesses,business-equipment
۰۹۳۵۴۱۱۰۶۴۳,گلپایگان,golpayegan,businesses,business-equipment
۰۹۲۱۵۷۲۳۶۰۰,گلپایگان,golpayegan,businesses,business-equipment
۰۹۲۲۹۵۶۵۱۶۱,گلپایگان,golpayegan,businesses,business-equipment
۰۹۰۲۰۵۵۲۳۰۵,گلپایگان,golpayegan,businesses,business-equipment
۰۹۱۳۳۷۲۴۷۹۵,گلپایگان,golpayegan,businesses,business-equipment
۰۹۱۳۳۷۲۴۷۹۵,گلپایگان,golpayegan,businesses,business-equipment
۰۹۱۳۳۷۲۴۷۹۵,گلپایگان,golpayegan,businesses,business-equipment
۰۹۰۲۰۷۳۴۷۵۵,گلپایگان,golpayegan,businesses,business-equipment
۰۹۹۱۸۰۸۹۶۱۹,گلپایگان,golpayegan,businesses,wholesale
۰۹۳۵۵۴۵۳۸۱۰,گلپایگان,golpayegan,businesses,wholesale
(پنهان‌شده؛ چت کنید),گلپایگان,golpayegan,businesses,wholesale
۰۹۱۳۳۷۱۳۱۶۳,گلپایگان,golpayegan,businesses,wholesale
۰۹۱۳۵۷۱۶۸۷۴,گلپایگان,golpayegan,businesses,wholesale
۰۹۳۹۳۵۷۲۸۵۸,گلپایگان,golpayegan,businesses,wholesale
۰۹۱۳۸۹۵۲۹۹۵,گلپایگان,golpayegan,businesses,wholesale
۰۹۱۱۵۱۵۷۵۱۲,گلپایگان,golpayegan,businesses,wholesale
۰۹۳۷۷۵۷۸۴۲۳,گلپایگان,golpayegan,businesses,wholesale
۰۹۰۵۶۹۳۰۵۵۷,گلپایگان,golpayegan,businesses,wholesale
۰۹۱۳۵۸۸۶۳۰۵,گلپایگان,golpayegan,businesses,wholesale
۰۹۱۳۳۷۱۳۱۶۳,گلپایگان,golpayegan,businesses,wholesale
۰۹۱۶۲۹۵۶۳۹۲,گلپایگان,golpayegan,businesses,wholesale
۰۹۳۵۶۵۵۹۸۲۸,گلپایگان,golpayegan,businesses,wholesale
۰۹۰۱۹۷۳۲۶۵۱,گلپایگان,golpayegan,businesses,wholesale
۰۹۹۲۷۷۸۴۱۰۳,گلپایگان,golpayegan,businesses,wholesale
۰۹۳۶۷۰۰۶۶۲۱,گلپایگان,golpayegan,businesses,wholesale
۰۹۱۳۷۵۴۸۶۳۸,گلپایگان,golpayegan,businesses,wholesale
۰۹۳۹۹۶۶۱۶۹۷,گلپایگان,golpayegan,businesses,wholesale
۰۹۳۰۴۰۸۷۲۵۲,گلپایگان,golpayegan,businesses,wholesale
۰۹۹۲۸۸۶۸۵۰۱,گلپایگان,golpayegan,businesses,wholesale
۰۹۳۷۵۰۶۴۰۷۸,گلپایگان,golpayegan,businesses,wholesale
۰۹۰۵۱۵۲۴۰۹۱,گلپایگان,golpayegan,businesses,wholesale
۰۹۱۷۶۶۲۹۶۶۵,گلپایگان,golpayegan,businesses,wholesale
۰۹۱۳۲۷۲۲۶۴۰,گلپایگان,golpayegan,businesses,wholesale
۰۹۰۱۲۸۳۰۲۶۸,گلپایگان,golpayegan,businesses,wholesale
۰۹۱۲۴۱۱۰۶۰۸,گلپایگان,golpayegan,businesses,wholesale
۰۹۱۳۰۳۹۳۱۰۶,گلپایگان,golpayegan,businesses,wholesale
۰۹۱۲۱۲۲۲۶۶۴,گلپایگان,golpayegan,businesses,wholesale
۰۹۳۸۶۰۹۵۵۵۹,گلپایگان,golpayegan,businesses,wholesale
۰۹۱۱۴۱۸۰۶۱۴,گلپایگان,golpayegan,businesses,wholesale
۰۹۱۲۴۱۱۰۶۰۸,گلپایگان,golpayegan,businesses,wholesale
۰۹۹۲۸۴۰۹۳۴۹,گلپایگان,golpayegan,businesses,wholesale
۰۹۰۵۲۸۷۹۴۹۷,گلپایگان,golpayegan,businesses,wholesale
۰۹۹۲۳۷۳۹۴۳۴,گلپایگان,golpayegan,businesses,wholesale
۰۹۱۹۵۱۷۹۳۱۰,گلپایگان,golpayegan,businesses,wholesale
۰۹۳۰۰۵۲۹۳۸۱,گلپایگان,golpayegan,businesses,wholesale
۰۹۳۸۲۰۳۴۸۰۵,گلپایگان,golpayegan,businesses,wholesale
۰۹۹۲۸۹۲۵۴۱۴,گلپایگان,golpayegan,businesses,wholesale
