۰۹۱۱۸۰۰۷۵۰۹,گمیشان,gomishan,real-estate,buy-residential
۰۹۳۸۲۴۸۷۳۱۹,گمیشان,gomishan,real-estate,buy-residential
۰۹۳۳۴۴۵۴۰۰۳,گمیشان,gomishan,real-estate,buy-residential
۰۹۳۰۲۹۴۵۹۴۳,گمیشان,gomishan,real-estate,buy-residential
۰۹۳۷۷۵۷۴۷۵۸,گمیشان,gomishan,real-estate,buy-residential
۰۹۱۱۹۷۳۲۴۰۶,گمیشان,gomishan,real-estate,buy-residential
۰۹۱۱۹۴۷۲۴۱۷,گمیشان,gomishan,real-estate,buy-residential
۰۹۰۳۵۴۷۶۵۰۰,گمیشان,gomishan,real-estate,buy-commercial-property
۰۹۳۹۴۲۴۴۱۷۳,گمیشان,gomishan,vehicles,auto
۰۹۳۷۹۹۱xxxx,گمیشان,gomishan,vehicles,car-accessories
۰۹۳۶۶۹۹۱۹۸۳,گمیشان,gomishan,vehicles,motorcycles
۰۹۰۱۳۹۵۵۵۰۶,گمیشان,gomishan,vehicles,motorcycles
۰۹۰۱۴۵۲۰۳۳۲,گمیشان,gomishan,vehicles,motorcycles
۰۹۰۳۹۱۴۵۴۴۰,گمیشان,gomishan,vehicles,motorcycles
۰۹۱۱۷۵۲۶۸۱۶,گمیشان,gomishan,vehicles,motorcycles
۰۹۰۵۶۴۱۴۹۵۲,گمیشان,gomishan,vehicles,motorcycles
۰۹۹۱۱۶۹۲۱۱۶,گمیشان,gomishan,vehicles,motorcycles
۰۹۹۰۵۰۱۸۵۶۴,گمیشان,gomishan,vehicles,boat
۰۹۳۳۱۷۶۸۳۱۷,گمیشان,gomishan,vehicles,boat
۰۹۱۱۵۱۰۱۱۷۲,گمیشان,gomishan,electronic-devices,mobile-tablet
۰۹۱۱۹۷۴۵۳۰۹,گمیشان,gomishan,electronic-devices,mobile-tablet
۰۹۳۸۸۵۱۴۴۹۳,گمیشان,gomishan,electronic-devices,mobile-tablet
۰۹۹۱۹۹۷۳۴۹۸,گمیشان,gomishan,electronic-devices,video-audio-device
۰۹۳۹۸۷۲۴۱۹۷,گمیشان,gomishan,home-and-kitchen,home-decor-furniture
(پنهان‌شده؛ چت کنید),گمیشان,gomishan,home-and-kitchen,home-decor-furniture
۰۹۲۲۳۷۲۷۵۲۸,گمیشان,gomishan,home-and-kitchen,home-decor-furniture
۰۹۲۲۳۷۲۷۵۲۸,گمیشان,gomishan,home-and-kitchen,kitchen-appliances
۰۹۲۲۳۷۲۷۵۲۸,گمیشان,gomishan,home-and-kitchen,kitchen-appliances
۰۹۲۲۳۷۲۷۵۲۸,گمیشان,gomishan,home-and-kitchen,kitchen-appliances
۰۹۲۲۳۷۲۷۵۲۸,گمیشان,gomishan,home-and-kitchen,building-garden
۰۹۳۶۳۶۱۱۷۰۹,گمیشان,gomishan,home-and-kitchen,building-garden
۰۹۲۱۱۶۷۰۷۲۹,گمیشان,gomishan,services,vehicles-services
۰۹۰۵۴۳۲۹۸۱۸,گمیشان,gomishan,services,technology-services
۰۹۳۳۶۴۷۳۵۸۵,گمیشان,gomishan,services,technology-services
۰۹۰۵۴۳۲۹۸۱۹,گمیشان,gomishan,services,technology-services
۰۹۰۵۴۳۲۹۸۱۹,گمیشان,gomishan,services,technology-services
۰۹۱۱۹۷۲۵۲۸۲,گمیشان,gomishan,services,technology-services
۰۹۹۱۹۰۰۶۶۹۴,گمیشان,gomishan,services,financial-services
۰۹۹۰۵۳۸۶۴۷۵,گمیشان,gomishan,services,financial-services
۰۹۹۰۵۳۸۶۴۷۵,گمیشان,gomishan,services,financial-services
۰۹۰۲۴۸۳۷۳۸۶,گمیشان,gomishan,services,craft-skill-services
۰۹۰۲۴۸۳۷۳۸۶,گمیشان,gomishan,services,craft-skill-services
۰۹۰۲۴۸۳۷۳۸۶,گمیشان,gomishan,services,craft-skill-services
۰۹۰۲۴۸۳۷۳۸۶,گمیشان,gomishan,services,craft-skill-services
۰۹۰۲۴۸۳۷۳۸۶,گمیشان,gomishan,services,craft-skill-services
۰۹۰۲۴۸۳۷۳۸۶,گمیشان,gomishan,services,craft-skill-services
۰۹۱۱۴۰۸۰۹۰۵,گمیشان,gomishan,services,craft-skill-services
۰۹۲۲۹۶۲۹۳۷۲,گمیشان,gomishan,services,teaching-services
۰۹۹۱۷۱۳۳۴۷۱,گمیشان,gomishan,personal-goods,apparel
۰۹۹۱۵۲۸۴۶۹۱,گمیشان,gomishan,personal-goods,apparel
۰۹۰۱۷۸۶۵۳۴۳,گمیشان,gomishan,personal-goods,apparel
۰۹۹۱۷۱۳۳۴۲۹,گمیشان,gomishan,personal-goods,apparel
۰۹۱۸۴۱۰۲۳۱۷,گمیشان,gomishan,personal-goods,apparel
۰۹۱۹۳۶۳۴۲۰۷,گمیشان,gomishan,personal-goods,apparel
۰۹۹۱۵۲۸۴۶۸۹,گمیشان,gomishan,personal-goods,apparel
۰۹۳۹۰۱۹۳۲۳۵,گمیشان,gomishan,entertainment,publication
۰۹۰۳۴۲۲۴۵۰۳,گمیشان,gomishan,entertainment,pets-animals
۰۹۹۴۴۸۰۲۴۹۶,گمیشان,gomishan,entertainment,pets-animals
(پنهان‌شده؛ چت کنید),گمیشان,gomishan,entertainment,pets-animals
۰۹۳۷۰۷۱۳۹۶۷,گمیشان,gomishan,entertainment,pets-animals
۰۹۳۷۶۸۱۲۱۵۸,گمیشان,gomishan,entertainment,pets-animals
(پنهان‌شده؛ چت کنید),گمیشان,gomishan,entertainment,pets-animals
۰۹۱۱۷۷۰۴۷۸۸,گمیشان,gomishan,entertainment,pets-animals
۰۹۳۰۴۵۱۶۲۹۵,گمیشان,gomishan,entertainment,pets-animals
۰۹۳۸۴۱۱۴۹۶۳,گمیشان,gomishan,entertainment,pets-animals
۰۹۰۵۵۱۹۶۱۷۸,گمیشان,gomishan,entertainment,pets-animals
۰۹۳۷۲۳۰۲۳۷۵,گمیشان,gomishan,entertainment,pets-animals
۰۹۹۴۴۸۰۲۴۹۶,گمیشان,gomishan,entertainment,pets-animals
۰۹۹۴۴۸۰۲۴۹۶,گمیشان,gomishan,entertainment,pets-animals
۰۹۹۱۴۰۰۶۹۶۶,گمیشان,gomishan,entertainment,pets-animals
۰۹۳۶۰۷۱۷۰۵۹,گمیشان,gomishan,entertainment,pets-animals
۰۹۳۳۲۰۷۳۱۰۱,گمیشان,gomishan,entertainment,pets-animals
۰۹۱۱۷۷۰۷۶۸۱,گمیشان,gomishan,entertainment,pets-animals
۰۹۱۱۹۷۳۲۴۰۶,گمیشان,gomishan,entertainment,pets-animals
۰۹۳۷۰۱۸۱۷۲۷,گمیشان,gomishan,entertainment,pets-animals
۰۹۰۱۳۹۵۵۵۰۶,گمیشان,gomishan,entertainment,pets-animals
۰۹۳۸۷۳۹۸۰۹۸,گمیشان,gomishan,entertainment,collecting
۰۹۱۷۹۷۷۶۸۷۸,گمیشان,gomishan,entertainment,sport-entertainment
(پنهان‌شده؛ چت کنید),گمیشان,gomishan,social-services,event
۰۹۲۲۵۰۵۲۶۷۴,گمیشان,gomishan,social-services,event
۰۹۹۱۷۱۳۳۴۷۱,گمیشان,gomishan,social-services,event
۰۹۱۹۵۷۲۷۱۸۰,گمیشان,gomishan,social-services,event
(پنهان‌شده؛ چت کنید),گمیشان,gomishan,businesses,business-equipment
(پنهان‌شده؛ چت کنید),گمیشان,gomishan,businesses,business-equipment
۰۹۰۲۰۵۵۲۲۹۸,گمیشان,gomishan,businesses,business-equipment
۰۹۳۳۴۸۹۳۲۹۵,گمیشان,gomishan,businesses,business-equipment
۰۹۲۲۹۵۶۵۱۶۴,گمیشان,gomishan,businesses,business-equipment
۰۹۲۲۹۵۶۵۱۴۵,گمیشان,gomishan,businesses,business-equipment
۰۹۹۹۱۴۰۸۶۶۴,گمیشان,gomishan,businesses,business-equipment
۰۹۹۲۴۸۸۴۸۷۵,گمیشان,gomishan,businesses,business-equipment
۰۹۲۲۹۵۶۵۱۶۵,گمیشان,gomishan,businesses,business-equipment
۰۹۱۱۵۳۹۷۷۳۴,گمیشان,gomishan,businesses,wholesale
۰۹۰۵۶۹۳۰۵۵۷,گمیشان,gomishan,businesses,wholesale
۰۹۰۱۹۷۳۰۷۷۶,گمیشان,gomishan,businesses,wholesale
۰۹۳۶۳۶۱۱۷۰۹,گمیشان,gomishan,businesses,wholesale
۰۹۹۲۷۷۸۴۱۰۳,گمیشان,gomishan,businesses,wholesale
۰۹۹۲۸۸۶۸۵۰۱,گمیشان,gomishan,businesses,wholesale
۰۹۱۸۹۰۷۸۶۸۹,گمیشان,gomishan,businesses,wholesale
۰۹۹۰۵۱۱۹۳۰۷,گمیشان,gomishan,businesses,wholesale
۰۹۳۳۷۴۹۶۴۱۴,گمیشان,gomishan,businesses,wholesale
۰۹۳۰۷۶۴۴۵۶۹,گمیشان,gomishan,businesses,wholesale
۰۹۹۲۸۴۹۵۲۴۴,گمیشان,gomishan,businesses,wholesale
۰۹۳۳۴۲۶۵۸۸۰,گمیشان,gomishan,businesses,wholesale
۰۹۱۱۳۷۰۵۵۳۹,گمیشان,gomishan,businesses,wholesale
۰۹۹۲۸۹۲۵۴۱۴,گمیشان,gomishan,businesses,wholesale
