۰۹۱۵۱۶۸۹۲۸۶,گناباد,gonabad,jobs,service-jobs
۰۹۱۳۹۲۵۷۱۲۸,گناباد,gonabad,jobs,finance-legal-jobs
۰۹۱۵۱۷۷۱۰۰۲,گناباد,gonabad,jobs,marketing-jobs
۰۹۰۵۲۸۴۹۵۲۵,گناباد,gonabad,jobs,transport-delivery-jobs
۰۹۱۵۳۷۵۲۹۱۸,گناباد,gonabad,jobs,art-media-jobs
۰۹۹۲۵۵۷۸۸۰۹,گناباد,gonabad,real-estate,buy-residential
۰۹۹۲۳۳۸۲۴۹۶,گناباد,gonabad,real-estate,buy-residential
۰۹۹۱۴۲۴۵۱۲۰,گناباد,gonabad,real-estate,buy-residential
۰۹۱۵۳۲۵۰۹۵۶,گناباد,gonabad,real-estate,buy-residential
۰۹۱۵۶۰۱۱۹۳۸,گناباد,gonabad,real-estate,buy-residential
۰۹۳۸۱۵۶۵۸۲۹,گناباد,gonabad,real-estate,buy-residential
۰۹۳۸۸۲۵۱۷۰۷,گناباد,gonabad,real-estate,buy-residential
۰۹۳۷۰۶۱۲۸۶۹,گناباد,gonabad,real-estate,buy-residential
۰۹۱۵۹۳۱۲۴۵۵,گناباد,gonabad,real-estate,buy-residential
۰۹۱۵۹۶۶۶۴۹۲,گناباد,gonabad,real-estate,buy-residential
۰۹۰۱۴۸۸۶۹۵۱,گناباد,gonabad,real-estate,buy-residential
۰۹۱۹۸۳۱۵۵۷۲,گناباد,gonabad,real-estate,buy-residential
۰۹۳۹۸۳۳۹۷۷۴,گناباد,gonabad,real-estate,buy-residential
۰۹۱۵۵۲۱۲۸۷۳,گناباد,gonabad,real-estate,buy-residential
۰۹۹۲۲۴۵۶۷۹۳,گناباد,gonabad,real-estate,buy-residential
۰۹۱۵۱۶۸۹۳۸۰,گناباد,gonabad,real-estate,buy-residential
۰۹۱۵۶۵۷۱۲۰۰,گناباد,gonabad,real-estate,buy-residential
۰۹۱۵۶۵۷۱۲۰۰,گناباد,gonabad,real-estate,buy-residential
۰۹۱۵۶۵۷۱۲۰۰,گناباد,gonabad,real-estate,buy-residential
۰۹۱۵۶۵۷۱۲۰۰,گناباد,gonabad,real-estate,buy-residential
۰۹۹۰۰۸۷۲۰۷۲,گناباد,gonabad,real-estate,buy-residential
۰۹۱۵۳۲۵۰۹۵۶,گناباد,gonabad,real-estate,buy-residential
۰۹۱۵۶۵۷۱۲۰۰,گناباد,gonabad,real-estate,buy-residential
۰۹۱۵۶۵۷۱۲۰۰,گناباد,gonabad,real-estate,buy-residential
۰۹۱۵۲۱۹۲۷۸۰,گناباد,gonabad,real-estate,buy-residential
۰۹۳۵۹۷۵۱۸۱۸,گناباد,gonabad,real-estate,buy-residential
۰۹۳۵۹۷۵۱۸۱۸,گناباد,gonabad,real-estate,buy-residential
۰۹۳۵۹۷۵۱۸۱۸,گناباد,gonabad,real-estate,buy-residential
۰۹۱۵۵۳۳۴۲۱۳,گناباد,gonabad,real-estate,buy-residential
۰۹۳۵۹۷۵۱۸۱۸,گناباد,gonabad,real-estate,buy-residential
۰۹۱۵۸۳۱۱۵۸۹,گناباد,gonabad,real-estate,buy-residential
۰۹۱۵۶۱۱۲۹۲۲,گناباد,gonabad,real-estate,buy-residential
۰۹۳۳۳۸۲۸۹۵۳,گناباد,gonabad,real-estate,buy-residential
۰۹۳۳۳۸۲۸۹۵۳,گناباد,gonabad,real-estate,buy-residential
۰۹۳۳۳۸۲۸۹۵۳,گناباد,gonabad,real-estate,buy-residential
۰۹۳۳۳۸۲۸۹۵۳,گناباد,gonabad,real-estate,buy-residential
۰۹۳۹۹۶۹۲۶۵۵,گناباد,gonabad,real-estate,buy-residential
۰۹۱۲۰۶۰۲۱۴۴,گناباد,gonabad,real-estate,buy-residential
۰۹۱۵۶۴۶۵۱۶۱,گناباد,gonabad,real-estate,buy-residential
۰۹۱۵۶۴۶۵۱۶۱,گناباد,gonabad,real-estate,buy-residential
۰۹۱۵۸۲۳۰۹۲۷,گناباد,gonabad,real-estate,buy-residential
۰۹۱۵۵۳۳۰۲۶۴,گناباد,gonabad,real-estate,buy-residential
۰۹۳۳۱۳۵۷۱۷۹,گناباد,gonabad,real-estate,buy-residential
۰۹۳۳۱۳۵۷۱۷۹,گناباد,gonabad,real-estate,buy-residential
۰۹۱۵۰۰۱۶۴۹۷,گناباد,gonabad,real-estate,buy-residential
۰۹۱۵۵۳۳۶۱۰۱,گناباد,gonabad,real-estate,buy-residential
۰۹۱۵۸۱۵۴۳۴۷,گناباد,gonabad,real-estate,buy-residential
۰۹۰۱۰۹۵۵۰۸۷,گناباد,gonabad,real-estate,buy-residential
۰۹۳۳۳۸۲۸۹۵۳,گناباد,gonabad,real-estate,buy-residential
۰۹۳۹۵۶۹۴۴۱۲,گناباد,gonabad,real-estate,buy-residential
۰۹۳۰۲۴۴۶۹۳۳,گناباد,gonabad,real-estate,buy-residential
۰۹۳۰۲۴۴۶۹۳۳,گناباد,gonabad,real-estate,buy-residential
۰۹۳۸۳۲۹۱۷۱۴,گناباد,gonabad,real-estate,buy-residential
۰۹۳۵۴۸۰۴۸۷۷,گناباد,gonabad,real-estate,rent-residential
۰۹۳۵۹۷۵۱۸۱۸,گناباد,gonabad,real-estate,rent-residential
۰۹۳۸۶۱۹۴۱۰۱,گناباد,gonabad,real-estate,rent-residential
۰۹۱۵۰۸۹۱۹۹۰,گناباد,gonabad,real-estate,rent-residential
۰۹۱۵۳۳۳۳۴۵۳,گناباد,gonabad,real-estate,rent-residential
۰۹۱۵۳۷۵۶۹۸۸,گناباد,gonabad,real-estate,rent-residential
۰۹۳۵۹۷۵۱۸۱۸,گناباد,gonabad,real-estate,rent-residential
۰۹۳۳۳۸۲۸۹۵۳,گناباد,gonabad,real-estate,rent-residential
۰۹۳۳۳۸۲۸۹۵۳,گناباد,gonabad,real-estate,rent-residential
۰۹۱۵۳۷۷۱۳۳۰,گناباد,gonabad,real-estate,rent-residential
۰۹۰۳۸۳۵۳۲۹۹,گناباد,gonabad,real-estate,rent-residential
۰۹۱۵۳۰۹۲۰۲۸,گناباد,gonabad,real-estate,buy-commercial-property
۰۹۳۸۳۰۱۱۵۰۰,گناباد,gonabad,real-estate,buy-commercial-property
۰۹۱۵۳۰۴۷۱۸۵,گناباد,gonabad,real-estate,buy-commercial-property
۰۹۰۳۶۱۵۳۸۴۴,گناباد,gonabad,real-estate,buy-commercial-property
۰۹۳۵۸۱۹۶۹۶۶,گناباد,gonabad,real-estate,buy-commercial-property
۰۹۱۵۷۷۴۵۴۴۸,گناباد,gonabad,real-estate,buy-commercial-property
۰۹۳۵۵۶۱۵۵۲۰,گناباد,gonabad,real-estate,buy-commercial-property
۰۹۱۵۳۷۷۱۳۳۰,گناباد,gonabad,real-estate,rent-commercial-property
۰۹۳۵۹۷۵۱۸۱۸,گناباد,gonabad,real-estate,rent-commercial-property
۰۹۰۲۸۲۳۹۶۷۹,گناباد,gonabad,real-estate,rent-commercial-property
۰۹۱۵۳۷۷۱۳۳۰,گناباد,gonabad,real-estate,rent-commercial-property
۰۹۳۵۵۶۱۵۵۲۰,گناباد,gonabad,real-estate,rent-commercial-property
۰۹۱۵۶۵۴۸۰۱۱,گناباد,gonabad,real-estate,rent-commercial-property
۰۹۱۵۱۳۰۷۶۲۶,گناباد,gonabad,real-estate,real-estate-services
۰۹۱۵۱۳۰۷۶۲۶,گناباد,gonabad,real-estate,real-estate-services
۰۹۱۵۳۷۵۵۱۲۲,گناباد,gonabad,vehicles,auto
۰۹۱۵۷۰۰۵۰۹۸,گناباد,gonabad,vehicles,auto
۰۹۱۵۷۱۰۸۷۱۶,گناباد,gonabad,vehicles,auto
۰۹۰۳۵۱۴۶۷۵۴,گناباد,gonabad,vehicles,auto
۰۹۳۵۵۶۹۳۷۲۶,گناباد,gonabad,vehicles,auto
۰۹۱۵۹۳۶۱۰۲۶,گناباد,gonabad,vehicles,auto
۰۹۳۵۵۶۱۵۳۹۰,گناباد,gonabad,vehicles,auto
۰۹۳۳۵۲۰۸۷۳۴,گناباد,gonabad,vehicles,auto
۰۹۱۵۳۷۵۱۴۰۰,گناباد,gonabad,vehicles,auto
۰۹۱۵۸۵۷۲۱۷۳,گناباد,gonabad,vehicles,auto
۰۹۳۶۶۴۵۷۴۴۲,گناباد,gonabad,vehicles,auto
۰۹۱۵۶۲۳۶۶۱۰,گناباد,gonabad,vehicles,auto
۰۹۳۵۸۷۳۷۳۴۳,گناباد,gonabad,vehicles,auto
۰۹۳۰۶۳۳۳۴۷۸,گناباد,gonabad,vehicles,auto
۰۹۱۵۴۷۲۲۵۰۸,گناباد,gonabad,vehicles,auto
۰۹۱۵۴۴۰۳۰۲۲,گناباد,gonabad,vehicles,auto
۰۹۱۵۳۷۵۸۱۰۵,گناباد,gonabad,vehicles,auto
۰۹۳۸۶۳۱۷۶۲۹,گناباد,gonabad,vehicles,auto
۰۹۳۳۵۲۰۸۷۳۴,گناباد,gonabad,vehicles,auto
۰۹۰۳۲۴۳۸۸۶۳,گناباد,gonabad,vehicles,auto
۰۹۳۹۵۶۲۱۳۰۱,گناباد,gonabad,vehicles,auto
۰۹۹۲۱۳۳۱۹۵۹,گناباد,gonabad,vehicles,auto
۰۹۱۵۰۵۳۳۲۷۸,گناباد,gonabad,vehicles,auto
۰۹۱۵۰۵۳۳۲۷۸,گناباد,gonabad,vehicles,auto
۰۹۲۰۲۲۵۴۲۴۰,گناباد,gonabad,vehicles,auto
۰۹۳۸۸۲۸۳۹۵۲,گناباد,gonabad,vehicles,auto
۰۹۰۲۵۳۹۴۴۲۷,گناباد,gonabad,vehicles,auto
۰۹۱۵۴۲۰۴۶۹۱,گناباد,gonabad,vehicles,auto
۰۹۳۳۰۲۲۰۸۱۴,گناباد,gonabad,vehicles,auto
۰۹۱۵۴۴۹۳۲۲۵,گناباد,gonabad,vehicles,auto
۰۹۱۵۲۴۹۸۹۰۷,گناباد,gonabad,vehicles,auto
۰۹۱۵۰۸۷۳۹۲۸,گناباد,gonabad,vehicles,auto
۰۹۰۲۳۳۳۵۲۷۸,گناباد,gonabad,vehicles,auto
۰۹۳۶۲۲۷۵۰۰۵,گناباد,gonabad,vehicles,auto
۰۹۳۵۷۴۹۳۱۶۷,گناباد,gonabad,vehicles,auto
۰۹۳۵۷۴۹۳۱۶۷,گناباد,gonabad,vehicles,auto
۰۹۱۵۳۳۲۱۲۸۶,گناباد,gonabad,vehicles,auto
۰۹۱۵۹۷۵۹۷۶۱,گناباد,gonabad,vehicles,auto
۰۹۱۵۵۳۴۴۱۶۳,گناباد,gonabad,vehicles,auto
۰۹۱۵۷۲۷۲۹۶۵,گناباد,gonabad,vehicles,auto
۰۹۱۵۵۳۳۷۵۰۱,گناباد,gonabad,vehicles,auto
۰۹۳۶۱۶۳۴۳۴۶,گناباد,gonabad,vehicles,auto
۰۹۳۵۴۶۰۴۹۴۶,گناباد,gonabad,vehicles,auto
۰۹۱۵۲۲۴۸۷۱۴,گناباد,gonabad,vehicles,auto
۰۹۱۵۶۶۷۳۱۸۱,گناباد,gonabad,vehicles,auto
۰۹۰۱۹۹۳۷۹۸۳,گناباد,gonabad,vehicles,auto
۰۹۰۴۴۹۲۳۴۶۳,گناباد,gonabad,vehicles,auto
۰۹۰۳۵۳۳۷۷۷۲,گناباد,gonabad,vehicles,auto
۰۹۰۳۳۸۸۳۲۶۷,گناباد,gonabad,vehicles,auto
۰۹۱۵۶۵۲۵۴۷۹,گناباد,gonabad,vehicles,auto
۰۹۳۸۰۵۳۹۷۷۴,گناباد,gonabad,vehicles,auto
۰۹۳۹۵۲۶۲۵۳۵,گناباد,gonabad,vehicles,auto
۰۹۱۵۹۳۰۶۵۳۵,گناباد,gonabad,vehicles,auto
۰۹۲۲۲۸۴۹۶۲۴,گناباد,gonabad,vehicles,auto
۰۹۱۵۱۳۳۶۹۷۵,گناباد,gonabad,vehicles,auto
۰۹۳۶۵۳۳۰۳۵۸,گناباد,gonabad,vehicles,auto
۰۹۰۳۰۵۸۲۳۰۸,گناباد,gonabad,vehicles,auto
۰۹۰۵۶۱۶۰۳۰۴,گناباد,gonabad,vehicles,auto
۰۹۳۷۰۳۲۳۸۲۲,گناباد,gonabad,vehicles,auto
۰۹۱۵۵۳۵۲۵۲۷,گناباد,gonabad,vehicles,auto
۰۹۳۷۴۴۳۹۹۶۳,گناباد,gonabad,vehicles,auto
۰۹۱۵۵۳۳۲۹۵۶,گناباد,gonabad,vehicles,auto
۰۹۱۵۳۳۸۴۰۸۸,گناباد,gonabad,vehicles,auto
۰۹۰۵۷۹۲۲۶۶۸,گناباد,gonabad,vehicles,auto
۰۹۱۵۹۳۴۳۹۱۲,گناباد,gonabad,vehicles,auto
۰۹۳۰۱۰۵۲۷۲۲,گناباد,gonabad,vehicles,auto
۰۹۳۰۷۲۴۰۱۳۶,گناباد,gonabad,vehicles,car-accessories
۰۹۰۳۱۸۱۷۴۴۶,گناباد,gonabad,vehicles,car-accessories
۰۹۳۷۰۱۷۰۱۴۹,گناباد,gonabad,vehicles,car-accessories
۰۹۱۰۵۱۳۰۵۲۶,گناباد,gonabad,vehicles,car-accessories
۰۹۱۵۶۱۴۵۱۶۳,گناباد,gonabad,vehicles,car-accessories
۰۹۱۵۶۱۴۵۱۶۳,گناباد,gonabad,vehicles,car-accessories
۰۹۹۱۵۸۲۹۵۶۳,گناباد,gonabad,vehicles,car-accessories
۰۹۰۱۳۲۲۹۲۸۸,گناباد,gonabad,vehicles,car-accessories
۰۹۳۹۰۲۲۵۷۱۵,گناباد,gonabad,vehicles,car-accessories
۰۹۱۵۲۳۰۸۵۲۱,گناباد,gonabad,vehicles,car-accessories
۰۹۱۵۳۷۵۲۹۱۸,گناباد,gonabad,vehicles,car-accessories
۰۹۳۰۲۹۶۲۸۹۴,گناباد,gonabad,vehicles,car-accessories
۰۹۳۹۰۵۱۲۵۹۳,گناباد,gonabad,vehicles,car-accessories
۰۹۳۰۲۹۶۲۸۹۴,گناباد,gonabad,vehicles,car-accessories
۰۹۳۷۷۳۳۳۷۳۲,گناباد,gonabad,vehicles,car-accessories
۰۹۱۵۴۰۱۴۱۴۶,گناباد,gonabad,vehicles,car-accessories
۰۹۳۶۵۶۵۱۱۷۹,گناباد,gonabad,vehicles,car-accessories
۰۹۱۱۶۰۶۰۵۴۷,گناباد,gonabad,vehicles,car-accessories
۰۹۳۰۲۹۶۲۸۹۴,گناباد,gonabad,vehicles,car-accessories
۰۹۰۱۳۲۲۹۲۸۸,گناباد,gonabad,vehicles,car-accessories
۰۹۱۵۴۳۹۸۲۷۳,گناباد,gonabad,vehicles,car-accessories
۰۹۳۶۹۰۵۷۴۵۳,گناباد,gonabad,vehicles,car-accessories
۰۹۰۱۶۳۷۴۲۰۰,گناباد,gonabad,vehicles,car-accessories
۰۹۳۵۸۴۵۹۰۷۰,گناباد,gonabad,vehicles,car-accessories
۰۹۱۵۸۳۶۱۰۰۶,گناباد,gonabad,vehicles,car-accessories
۰۹۱۵۹۳۴۲۵۹۸,گناباد,gonabad,vehicles,car-accessories
۰۹۳۰۱۳۸۹۲۰۶,گناباد,gonabad,vehicles,motorcycles
۰۹۳۷۷۹۲۷۶۰۸,گناباد,gonabad,vehicles,motorcycles
۰۹۱۵۵۳۲۵۷۰۱,گناباد,gonabad,vehicles,motorcycles
۰۹۳۶۴۳۱۱۵۵۹,گناباد,gonabad,vehicles,motorcycles
۰۹۱۵۸۹۰۰۸۷۲,گناباد,gonabad,vehicles,motorcycles
۰۹۱۵۶۴۹۰۱۹۶,گناباد,gonabad,vehicles,motorcycles
۰۹۱۵۵۳۱۸۴۹۰,گناباد,gonabad,vehicles,motorcycles
۰۹۹۰۰۸۷۲۰۷۲,گناباد,gonabad,vehicles,motorcycles
۰۹۰۵۵۳۶۱۵۱۳,گناباد,gonabad,vehicles,motorcycles
۰۹۱۵۰۷۶۰۳۶۲,گناباد,gonabad,vehicles,motorcycles
۰۹۳۹۷۹۷۶۷۷۰,گناباد,gonabad,vehicles,motorcycles
۰۹۰۱۹۵۹۸۰۱۵,گناباد,gonabad,vehicles,motorcycles
۰۹۱۰۵۶۲۲۱۴۰,گناباد,gonabad,vehicles,motorcycles
۰۹۱۵۷۰۰۳۴۸۰,گناباد,gonabad,vehicles,motorcycles
۰۹۳۹۴۹۱۲۱۴۵,گناباد,gonabad,vehicles,motorcycles
۰۹۹۲۲۴۵۶۷۹۳,گناباد,gonabad,vehicles,motorcycles
۰۹۳۸۸۳۵۵۴۸۷,گناباد,gonabad,vehicles,motorcycles
۰۹۱۵۳۷۷۸۱۸۴,گناباد,gonabad,vehicles,motorcycles
۰۹۳۹۸۶۰۶۷۶۰,گناباد,gonabad,vehicles,motorcycles
۰۹۳۰۸۵۸۳۳۶۶,گناباد,gonabad,vehicles,motorcycles
۰۹۱۵۲۴۸۲۰۳۶,گناباد,gonabad,vehicles,motorcycles
۰۹۹۲۴۳۸۵۵۲۸,گناباد,gonabad,vehicles,motorcycles
۰۹۱۵۹۳۴۲۶۸۶,گناباد,gonabad,vehicles,motorcycles
۰۹۳۶۴۶۰۷۲۹۹,گناباد,gonabad,vehicles,motorcycles
۰۹۱۵۴۰۰۹۲۴۷,گناباد,gonabad,vehicles,motorcycles
۰۹۳۶۲۰۹۶۴۶۳,گناباد,gonabad,vehicles,motorcycles
۰۹۳۷۸۸۳۶۲۵۷,گناباد,gonabad,vehicles,motorcycles
۰۹۹۱۶۷۲۱۳۹۳,گناباد,gonabad,vehicles,motorcycles
۰۹۳۹۶۱۶۱۰۱۴,گناباد,gonabad,vehicles,motorcycles
۰۹۳۶۵۰۱۴۴۴۸,گناباد,gonabad,vehicles,motorcycles
۰۹۳۶۴۳۱۱۵۵۹,گناباد,gonabad,vehicles,motorcycles
۰۹۱۵۸۱۳۷۹۶۳,گناباد,gonabad,vehicles,motorcycles
۰۹۰۳۸۹۵۱۰۸۳,گناباد,gonabad,vehicles,motorcycles
۰۹۳۸۳۷۸۷۳۵۷,گناباد,gonabad,vehicles,motorcycles
۰۹۰۵۵۳۲۸۷۶۰,گناباد,gonabad,vehicles,motorcycles
۰۹۰۲۵۲۱۷۱۷۳,گناباد,gonabad,vehicles,motorcycles
۰۹۰۳۵۰۴۶۶۸۵,گناباد,gonabad,vehicles,motorcycles
۰۹۱۵۲۴۸۲۰۳۶,گناباد,gonabad,vehicles,motorcycles
۰۹۱۵۶۸۳۶۵۹۷,گناباد,gonabad,vehicles,motorcycles
۰۹۱۵۲۲۵۱۶۲۲,گناباد,gonabad,vehicles,motorcycles
۰۹۳۶۸۵۶۶۵۱۱,گناباد,gonabad,vehicles,motorcycles
۰۹۱۳۸۱۲۳۶۰۸,گناباد,gonabad,vehicles,motorcycles
۰۹۰۳۴۳۲۰۳۶۹,گناباد,gonabad,vehicles,motorcycles
۰۹۱۵۹۳۶۲۲۰۷,گناباد,gonabad,vehicles,motorcycles
۰۹۱۵۶۰۳۹۹۸۲,گناباد,gonabad,vehicles,motorcycles
۰۹۱۵۵۳۳۰۲۶۴,گناباد,gonabad,vehicles,motorcycles
۰۹۱۵۸۸۰۳۲۱۳,گناباد,gonabad,vehicles,motorcycles
۰۹۳۹۲۲۵۵۸۷۵,گناباد,gonabad,electronic-devices,mobile-tablet
۰۹۹۱۵۸۲۹۵۶۳,گناباد,gonabad,electronic-devices,mobile-tablet
۰۹۹۱۵۸۲۹۵۶۳,گناباد,gonabad,electronic-devices,mobile-tablet
۰۹۳۸۲۹۹۳۴۴۵,گناباد,gonabad,electronic-devices,mobile-tablet
(پنهان‌شده؛ چت کنید),گناباد,gonabad,electronic-devices,mobile-tablet
۰۹۰۳۵۱۰۸۶۴۶,گناباد,gonabad,electronic-devices,mobile-tablet
۰۹۳۷۱۱۹۷۰۶۹,گناباد,gonabad,electronic-devices,mobile-tablet
(پنهان‌شده؛ چت کنید),گناباد,gonabad,electronic-devices,mobile-tablet
۰۹۰۳۶۱۳۶۵۰۷,گناباد,gonabad,electronic-devices,mobile-tablet
۰۹۱۵۴۷۸۲۵۹۳,گناباد,gonabad,electronic-devices,mobile-tablet
۰۹۳۵۹۷۲۷۳۹۷,گناباد,gonabad,electronic-devices,mobile-tablet
(پنهان‌شده؛ چت کنید),گناباد,gonabad,electronic-devices,mobile-tablet
۰۹۹۱۵۸۲۹۵۶۳,گناباد,gonabad,electronic-devices,mobile-tablet
۰۹۲۲۶۲۰۹۶۷۶,گناباد,gonabad,electronic-devices,mobile-tablet
(پنهان‌شده؛ چت کنید),گناباد,gonabad,electronic-devices,mobile-tablet
۰۹۱۵۷۸۸۹۶۰۵,گناباد,gonabad,electronic-devices,mobile-tablet
(پنهان‌شده؛ چت کنید),گناباد,gonabad,electronic-devices,mobile-tablet
۰۹۱۵۸۲۳۸۷۲۸,گناباد,gonabad,electronic-devices,mobile-tablet
۰۹۱۵۸۲۳۸۷۲۸,گناباد,gonabad,electronic-devices,mobile-tablet
۰۹۹۰۰۷۹۵۹۴۳,گناباد,gonabad,electronic-devices,mobile-tablet
(پنهان‌شده؛ چت کنید),گناباد,gonabad,electronic-devices,mobile-tablet
(پنهان‌شده؛ چت کنید),گناباد,gonabad,electronic-devices,mobile-tablet
۰۹۱۰۷۴۵۶۸۳۰,گناباد,gonabad,electronic-devices,mobile-tablet
(پنهان‌شده؛ چت کنید),گناباد,gonabad,electronic-devices,mobile-tablet
۰۹۹۱۵۸۲۹۵۶۳,گناباد,gonabad,electronic-devices,mobile-tablet
۰۹۳۹۲۹۰۹۵۴۱,گناباد,gonabad,electronic-devices,mobile-tablet
۰۹۰۵۶۲۶۰۷۴۷,گناباد,gonabad,electronic-devices,mobile-tablet
۰۹۱۵۴۸۴۶۷۸۳,گناباد,gonabad,electronic-devices,mobile-tablet
۰۹۰۳۱۵۵۱۲۴۵,گناباد,gonabad,electronic-devices,mobile-tablet
۰۹۰۱۲۳۷۶۴۷۰,گناباد,gonabad,electronic-devices,mobile-tablet
۰۹۳۸۶۱۹۴۱۰۱,گناباد,gonabad,electronic-devices,mobile-tablet
۰۹۱۵۸۹۸۰۷۴۲,گناباد,gonabad,electronic-devices,mobile-tablet
(پنهان‌شده؛ چت کنید),گناباد,gonabad,electronic-devices,mobile-tablet
(پنهان‌شده؛ چت کنید),گناباد,gonabad,electronic-devices,mobile-tablet
۰۹۳۷۷۹۲۷۶۰۸,گناباد,gonabad,electronic-devices,mobile-tablet
۰۹۰۳۵۱۰۸۶۴۶,گناباد,gonabad,electronic-devices,mobile-tablet
۰۹۹۱۷۳۹۳۰۵۳,گناباد,gonabad,electronic-devices,mobile-tablet
۰۹۳۳۴۶۹۲۰۰۹,گناباد,gonabad,electronic-devices,mobile-tablet
(پنهان‌شده؛ چت کنید),گناباد,gonabad,electronic-devices,mobile-tablet
۰۹۱۰۲۲۰۵۷۶۳,گناباد,gonabad,electronic-devices,mobile-tablet
۰۹۱۵۸۲۳۸۷۲۸,گناباد,gonabad,electronic-devices,mobile-tablet
۰۹۱۱۶۱۱۲۰۶۷,گناباد,gonabad,electronic-devices,mobile-tablet
۰۹۰۱۹۵۲۱۵۶۱,گناباد,gonabad,electronic-devices,mobile-tablet
۰۹۹۰۲۰۴۴۵۲۰,گناباد,gonabad,electronic-devices,mobile-tablet
۰۹۳۳۸۴۰۶۹۷۱,گناباد,gonabad,electronic-devices,mobile-tablet
۰۹۳۶۱۸۷۹۷۳۵,گناباد,gonabad,electronic-devices,mobile-tablet
۰۹۳۹۹۸۰۸۰۳۷,گناباد,gonabad,electronic-devices,mobile-tablet
۰۹۱۵۷۴۱۶۰۰۴,گناباد,gonabad,electronic-devices,mobile-tablet
۰۹۳۷۵۳۷۲۵۰۲,گناباد,gonabad,electronic-devices,mobile-tablet
۰۹۳۰۵۴۸۱۵۷۴,گناباد,gonabad,electronic-devices,mobile-tablet
۰۹۳۰۹۱۵۲۷۲۰,گناباد,gonabad,electronic-devices,mobile-tablet
۰۹۳۵۶۱۳۷۰۸۹,گناباد,gonabad,electronic-devices,computers
۰۹۱۵۳۷۷۶۲۱۵,گناباد,gonabad,electronic-devices,computers
۰۹۹۱۸۸۷۲۳۱۶,گناباد,gonabad,electronic-devices,computers
۰۹۳۷۹۴۶۸۶۳۹,گناباد,gonabad,electronic-devices,computers
۰۹۱۵۶۶۶۲۴۴۸,گناباد,gonabad,electronic-devices,computers
(پنهان‌شده؛ چت کنید),گناباد,gonabad,electronic-devices,computers
۰۹۹۲۸۸۲۱۲۹۹,گناباد,gonabad,electronic-devices,game-consoles
۰۹۱۵۰۸۴۰۹۳۵,گناباد,gonabad,electronic-devices,game-consoles
۰۹۱۵۹۳۴۳۴۳۱,گناباد,gonabad,electronic-devices,video-audio-device
۰۹۳۳۷۷۳۲۰۰۲,گناباد,gonabad,electronic-devices,video-audio-device
۰۹۰۳۶۱۳۶۵۰۷,گناباد,gonabad,electronic-devices,video-audio-device
۰۹۱۵۲۲۴۳۳۰۶,گناباد,gonabad,electronic-devices,video-audio-device
۰۹۳۷۱۸۹۶۸۳۷,گناباد,gonabad,electronic-devices,video-audio-device
۰۹۱۵۸۸۰۳۴۵۲,گناباد,gonabad,electronic-devices,video-audio-device
۰۹۱۵۵۳۳۷۷۰۷,گناباد,gonabad,electronic-devices,video-audio-device
۰۹۱۵۶۹۷۸۹۰۸,گناباد,gonabad,electronic-devices,video-audio-device
۰۹۱۵۰۴۸۸۹۱۸,گناباد,gonabad,electronic-devices,video-audio-device
۰۹۱۵۰۴۸۸۹۱۸,گناباد,gonabad,electronic-devices,video-audio-device
۰۹۳۵۰۵۸۲۰۳۵,گناباد,gonabad,electronic-devices,telephone
(پنهان‌شده؛ چت کنید),گناباد,gonabad,electronic-devices,telephone
۰۹۰۳۵۱۴۶۷۵۴,گناباد,gonabad,home-and-kitchen,home-decor-furniture
۰۹۳۸۴۷۶۹۰۸۰,گناباد,gonabad,home-and-kitchen,home-decor-furniture
۰۹۳۸۵۴۰۹۵۲۰,گناباد,gonabad,home-and-kitchen,home-decor-furniture
۰۹۱۵۹۶۱۶۱۹۶,گناباد,gonabad,home-and-kitchen,home-decor-furniture
۰۹۱۵۴۸۵۶۹۷۱,گناباد,gonabad,home-and-kitchen,home-decor-furniture
۰۹۱۵۸۳۶۲۵۷۱,گناباد,gonabad,home-and-kitchen,home-decor-furniture
۰۹۱۵۱۷۷۹۲۴۰,گناباد,gonabad,home-and-kitchen,home-decor-furniture
۰۹۱۵۱۷۷۹۲۴۰,گناباد,gonabad,home-and-kitchen,home-decor-furniture
۰۹۳۷۱۱۵۲۱۳۱,گناباد,gonabad,home-and-kitchen,home-decor-furniture
۰۹۳۸۷۷۶۵۱۱۹,گناباد,gonabad,home-and-kitchen,home-decor-furniture
۰۹۱۵۵۳۳۹۴۶۷,گناباد,gonabad,home-and-kitchen,home-decor-furniture
(پنهان‌شده؛ چت کنید),گناباد,gonabad,home-and-kitchen,home-decor-furniture
۰۹۱۵۹۳۳۵۷۶۱,گناباد,gonabad,home-and-kitchen,home-decor-furniture
۰۹۳۰۵۳۳۰۷۹۰,گناباد,gonabad,home-and-kitchen,home-decor-furniture
۰۹۳۳۴۶۹۲۰۰۹,گناباد,gonabad,home-and-kitchen,home-decor-furniture
۰۹۱۵۶۹۱۸۷۱۴,گناباد,gonabad,home-and-kitchen,home-decor-furniture
۰۹۱۵۵۳۳۹۸۴۵,گناباد,gonabad,home-and-kitchen,home-decor-furniture
(پنهان‌شده؛ چت کنید),گناباد,gonabad,home-and-kitchen,home-decor-furniture
۰۹۳۰۱۷۵۴۴۳۶,گناباد,gonabad,home-and-kitchen,home-decor-furniture
۰۹۳۹۹۹۷۲۰۸۸,گناباد,gonabad,home-and-kitchen,home-decor-furniture
۰۹۳۹۸۵۷۰۱۴۶,گناباد,gonabad,home-and-kitchen,home-decor-furniture
۰۹۱۵۳۷۵۲۹۱۸,گناباد,gonabad,home-and-kitchen,home-decor-furniture
۰۹۳۷۵۷۶۱۳۷۳,گناباد,gonabad,home-and-kitchen,home-decor-furniture
۰۹۱۵۳۳۳۵۵۳۹,گناباد,gonabad,home-and-kitchen,home-decor-furniture
۰۹۰۳۶۸۲۶۰۶۴,گناباد,gonabad,home-and-kitchen,home-decor-furniture
۰۹۳۵۰۵۸۲۰۳۵,گناباد,gonabad,home-and-kitchen,kitchen-appliances
۰۹۳۳۸۰۲۴۲۹۰,گناباد,gonabad,home-and-kitchen,kitchen-appliances
۰۹۳۳۷۴۲۶۹۱۰,گناباد,gonabad,home-and-kitchen,kitchen-appliances
۰۹۱۵۹۱۵۵۹۰۱,گناباد,gonabad,home-and-kitchen,kitchen-appliances
۰۹۳۰۸۱۰۲۵۶۴,گناباد,gonabad,home-and-kitchen,kitchen-appliances
۰۹۳۶۰۲۰۸۶۹۰,گناباد,gonabad,home-and-kitchen,kitchen-appliances
۰۹۱۵۵۳۳۶۶۳۴,گناباد,gonabad,home-and-kitchen,kitchen-appliances
۰۹۱۵۹۳۴۰۸۷۱,گناباد,gonabad,home-and-kitchen,kitchen-appliances
۰۹۱۵۷۱۱۷۲۶۵,گناباد,gonabad,home-and-kitchen,kitchen-appliances
۰۹۱۲۶۳۴۰۹۳۳,گناباد,gonabad,home-and-kitchen,kitchen-appliances
۰۹۱۵۹۳۴۳۵۳۹,گناباد,gonabad,home-and-kitchen,kitchen-appliances
۰۹۱۵۹۳۴۳۵۳۹,گناباد,gonabad,home-and-kitchen,kitchen-appliances
۰۹۳۵۸۴۵۹۰۷۰,گناباد,gonabad,home-and-kitchen,kitchen-appliances
۰۹۳۸۳۸۲۹۶۴۵,گناباد,gonabad,home-and-kitchen,kitchen-appliances
(پنهان‌شده؛ چت کنید),گناباد,gonabad,home-and-kitchen,home-appliances
(پنهان‌شده؛ چت کنید),گناباد,gonabad,home-and-kitchen,home-appliances
۰۹۰۱۶۳۷۴۲۰۰,گناباد,gonabad,home-and-kitchen,home-appliances
۰۹۰۱۶۳۷۴۲۰۰,گناباد,gonabad,home-and-kitchen,home-appliances
۰۹۰۱۶۳۷۴۲۰۰,گناباد,gonabad,home-and-kitchen,home-appliances
۰۹۳۸۵۹۶۸۰۶۷,گناباد,gonabad,home-and-kitchen,building-garden
۰۹۰۵۳۰۰۵۸۱۸,گناباد,gonabad,home-and-kitchen,building-garden
۰۹۱۵۹۳۶۸۶۹۰,گناباد,gonabad,home-and-kitchen,building-garden
۰۹۳۶۷۴۴۴۳۲۶,گناباد,gonabad,home-and-kitchen,building-garden
۰۹۰۳۹۷۹۳۶۰۶,گناباد,gonabad,home-and-kitchen,building-garden
۰۹۱۵۲۶۹۵۸۱۷,گناباد,gonabad,home-and-kitchen,building-garden
۰۹۱۵۴۷۳۸۳۴۱,گناباد,gonabad,home-and-kitchen,building-garden
۰۹۱۵۵۳۳۸۸۳۰,گناباد,gonabad,home-and-kitchen,building-garden
۰۹۱۵۳۷۵۱۰۳۱,گناباد,gonabad,home-and-kitchen,building-garden
۰۹۱۵۳۰۷۰۷۷۶,گناباد,gonabad,home-and-kitchen,building-garden
۰۹۰۲۷۸۷۴۰۹۰,گناباد,gonabad,home-and-kitchen,building-garden
۰۹۱۵۸۸۰۳۲۱۳,گناباد,gonabad,home-and-kitchen,building-garden
۰۹۳۳۵۳۳۲۸۸۳,گناباد,gonabad,home-and-kitchen,building-garden
۰۹۱۵۵۳۳۵۱۰۳,گناباد,gonabad,services,vehicles-services
۰۹۰۱۶۵۴۷۷۱۱,گناباد,gonabad,services,vehicles-services
۰۹۳۸۳۶۸۸۴۲۲,گناباد,gonabad,services,vehicles-services
۰۹۹۲۱۳۴۵۵۶۲,گناباد,gonabad,services,vehicles-services
۰۹۱۵۱۱۷۲۵۳۷,گناباد,gonabad,services,catering-services
۰۹۱۵۵۳۳۲۸۰۰,گناباد,gonabad,services,catering-services
۰۹۰۵۴۳۲۹۸۱۶,گناباد,gonabad,services,technology-services
۰۹۰۵۴۳۲۹۸۱۶,گناباد,gonabad,services,technology-services
۰۹۰۵۴۳۲۹۸۱۷,گناباد,gonabad,services,technology-services
۰۹۱۵۰۷۳۴۵۱۹,گناباد,gonabad,services,technology-services
۰۹۰۵۴۳۲۹۸۱۶,گناباد,gonabad,services,technology-services
۰۹۰۵۴۳۲۹۸۱۷,گناباد,gonabad,services,technology-services
۰۹۰۵۴۳۲۹۸۱۷,گناباد,gonabad,services,technology-services
۰۹۰۵۴۳۲۹۸۱۷,گناباد,gonabad,services,technology-services
۰۹۰۵۴۳۲۹۸۱۶,گناباد,gonabad,services,technology-services
۰۹۰۵۴۳۲۹۸۱۶,گناباد,gonabad,services,technology-services
۰۹۰۵۴۳۲۹۸۱۶,گناباد,gonabad,services,technology-services
۰۹۰۵۴۳۲۹۸۱۶,گناباد,gonabad,services,technology-services
۰۹۳۶۵۳۳۰۴۳۴,گناباد,gonabad,services,technology-services
۰۹۹۲۰۹۰۱۵۵۹,گناباد,gonabad,services,financial-services
۰۹۳۶۶۳۴۰۲۴۹,گناباد,gonabad,services,transport-logistic-services
۰۹۰۲۵۷۰۵۸۶۰,گناباد,gonabad,services,transport-logistic-services
۰۹۱۵۹۲۹۵۲۳۲,گناباد,gonabad,services,transport-logistic-services
۰۹۱۵۵۳۳۵۲۵۰,گناباد,gonabad,services,craft-skill-services
۰۹۱۲۰۴۵۳۱۹۶,گناباد,gonabad,services,craft-skill-services
۰۹۱۵۹۱۵۵۷۳۱,گناباد,gonabad,services,craft-skill-services
۰۹۱۵۵۳۳۲۵۲۹,گناباد,gonabad,services,craft-skill-services
۰۹۳۵۱۱۷۵۹۶۱,گناباد,gonabad,services,craft-skill-services
۰۹۱۵۵۳۳۲۵۲۹,گناباد,gonabad,services,craft-skill-services
۰۹۳۵۸۴۵۹۰۷۰,گناباد,gonabad,services,craft-skill-services
۰۹۳۵۸۴۵۹۰۷۰,گناباد,gonabad,services,craft-skill-services
۰۹۱۵۷۲۷۷۶۴۶,گناباد,gonabad,services,craft-skill-services
۰۹۳۵۷۹۳۱۰۵۷,گناباد,gonabad,services,craft-skill-services
۰۹۱۵۵۳۳۲۸۰۰,گناباد,gonabad,services,craft-skill-services
۰۹۱۹۹۷۸۶۵۸۹,گناباد,gonabad,services,beauty-services
(پنهان‌شده؛ چت کنید),گناباد,gonabad,services,gardening-services
۰۹۰۵۵۲۲۱۷۹۰,گناباد,gonabad,services,gardening-services
۰۹۳۶۳۴۳۴۰۱۶,گناباد,gonabad,services,gardening-services
۰۹۳۹۵۳۵۰۹۴۸,گناباد,gonabad,services,teaching-services
۰۹۳۳۹۵۶۵۳۸۳,گناباد,gonabad,services,teaching-services
۰۹۰۵۶۴۰۳۲۷۳,گناباد,gonabad,services,teaching-services
۰۹۰۳۱۵۱۳۴۹۸,گناباد,gonabad,services,teaching-services
۰۹۰۳۱۵۱۳۴۹۸,گناباد,gonabad,services,teaching-services
۰۹۰۳۱۵۱۳۴۹۸,گناباد,gonabad,services,teaching-services
۰۹۰۳۱۵۱۳۴۹۸,گناباد,gonabad,services,teaching-services
۰۹۳۵۳۲۴۰۵۹۷,گناباد,gonabad,services,teaching-services
۰۹۹۸۱۱۵۱۱۶۸,گناباد,gonabad,services,teaching-services
(پنهان‌شده؛ چت کنید),گناباد,gonabad,personal-goods,apparel
(پنهان‌شده؛ چت کنید),گناباد,gonabad,personal-goods,apparel
(پنهان‌شده؛ چت کنید),گناباد,gonabad,personal-goods,apparel
(پنهان‌شده؛ چت کنید),گناباد,gonabad,personal-goods,apparel
۰۹۰۱۷۸۶۵۲۸۵,گناباد,gonabad,personal-goods,apparel
۰۹۳۹۳۸۸۹۴۱۱,گناباد,gonabad,personal-goods,apparel
۰۹۱۸۴۱۰۲۳۱۷,گناباد,gonabad,personal-goods,apparel
۰۹۳۷۵۷۶۱۳۷۳,گناباد,gonabad,personal-goods,apparel
۰۹۱۹۳۶۳۴۲۰۷,گناباد,gonabad,personal-goods,apparel
۰۹۲۲۹۳۴۳۲۰۷,گناباد,gonabad,personal-goods,apparel
۰۹۰۲۹۰۷۳۴۹۷,گناباد,gonabad,personal-goods,apparel
۰۹۱۹۷۵۵۳۴۱۱,گناباد,gonabad,personal-goods,apparel
۰۹۱۵۹۰۵۷۹۸۹,گناباد,gonabad,personal-goods,accessories
۰۹۱۱۸۰۱۰۷۷۵,گناباد,gonabad,personal-goods,beauty-and-personal-care
۰۹۱۵۷۱۱۷۲۶۵,گناباد,gonabad,personal-goods,child-apparel
۰۹۳۸۴۷۶۹۰۸۰,گناباد,gonabad,personal-goods,child-products
۰۹۱۵۱۳۰۲۳۱۳,گناباد,gonabad,personal-goods,child-products
۰۹۰۱۶۳۷۴۲۰۰,گناباد,gonabad,personal-goods,child-products
۰۹۱۰۵۶۶۵۷۶۴,گناباد,gonabad,personal-goods,stationery
۰۹۱۵۷۱۱۷۲۶۵,گناباد,gonabad,personal-goods,stationery
(پنهان‌شده؛ چت کنید),گناباد,gonabad,personal-goods,stationery
(پنهان‌شده؛ چت کنید),گناباد,gonabad,personal-goods,stationery
(پنهان‌شده؛ چت کنید),گناباد,gonabad,personal-goods,stationery
(پنهان‌شده؛ چت کنید),گناباد,gonabad,personal-goods,stationery
(پنهان‌شده؛ چت کنید),گناباد,gonabad,personal-goods,stationery
(پنهان‌شده؛ چت کنید),گناباد,gonabad,personal-goods,stationery
۰۹۰۳۱۵۱۳۴۹۸,گناباد,gonabad,entertainment,publication
۰۹۱۵۸۳۳۷۰۸۳,گناباد,gonabad,entertainment,publication
(پنهان‌شده؛ چت کنید),گناباد,gonabad,entertainment,publication
۰۹۱۵۶۹۳۵۶۴۳,گناباد,gonabad,entertainment,publication
۰۹۲۱۰۰۳۶۵۴۰,گناباد,gonabad,entertainment,publication
۰۹۲۱۰۰۳۶۵۴۰,گناباد,gonabad,entertainment,publication
۰۹۹۱۰۱۶۹۵۵۴,گناباد,gonabad,entertainment,bike-skate-scooter
۰۹۹۱۰۱۶۹۵۵۴,گناباد,gonabad,entertainment,bike-skate-scooter
۰۹۹۱۰۱۶۹۵۵۴,گناباد,gonabad,entertainment,bike-skate-scooter
۰۹۳۶۰۳۸۸۶۰۸,گناباد,gonabad,entertainment,bike-skate-scooter
۰۹۰۱۰۲۷۸۷۰۴,گناباد,gonabad,entertainment,bike-skate-scooter
۰۹۹۱۰۱۶۹۲۱۹,گناباد,gonabad,entertainment,bike-skate-scooter
۰۹۹۱۰۱۶۹۲۱۹,گناباد,gonabad,entertainment,bike-skate-scooter
۰۹۹۱۰۱۶۹۶۳۷,گناباد,gonabad,entertainment,bike-skate-scooter
۰۹۹۰۰۸۷۲۰۷۲,گناباد,gonabad,entertainment,bike-skate-scooter
(پنهان‌شده؛ چت کنید),گناباد,gonabad,entertainment,pets-animals
(پنهان‌شده؛ چت کنید),گناباد,gonabad,entertainment,pets-animals
۰۹۳۷۳۴۹۳۸۸۷,گناباد,gonabad,entertainment,pets-animals
۰۹۹۲۰۲۰۶۱۲۴,گناباد,gonabad,entertainment,pets-animals
۰۹۳۰۱۳۴۴۵۱۷,گناباد,gonabad,entertainment,pets-animals
۰۹۱۵۴۳۵۰۳۱۳,گناباد,gonabad,entertainment,pets-animals
۰۹۳۳۱۱۵۰۱۷۷,گناباد,gonabad,entertainment,pets-animals
۰۹۱۹۳۱۴۴۶۹۴,گناباد,gonabad,entertainment,pets-animals
۰۹۱۵۹۶۵۴۵۴۲,گناباد,gonabad,entertainment,pets-animals
۰۹۳۷۳۴۹۳۸۸۷,گناباد,gonabad,entertainment,pets-animals
۰۹۳۶۵۰۷۴۰۷۸,گناباد,gonabad,entertainment,pets-animals
۰۹۳۳۳۶۰۹۲۰۳,گناباد,gonabad,entertainment,pets-animals
۰۹۳۸۰۶۱۳۶۴۵,گناباد,gonabad,entertainment,pets-animals
(پنهان‌شده؛ چت کنید),گناباد,gonabad,entertainment,pets-animals
۰۹۰۳۸۱۱۸۸۴۵,گناباد,gonabad,entertainment,pets-animals
۰۹۳۵۷۷۰۰۹۷۸,گناباد,gonabad,entertainment,pets-animals
۰۹۳۶۱۰۵۵۹۵۲,گناباد,gonabad,entertainment,pets-animals
۰۹۰۲۹۰۶۷۰۷۶,گناباد,gonabad,entertainment,pets-animals
۰۹۳۳۸۱۰۹۶۷۴,گناباد,gonabad,entertainment,pets-animals
۰۹۱۵۸۳۳۱۱۲۳,گناباد,gonabad,entertainment,pets-animals
۰۹۳۷۴۲۰۶۳۲۶,گناباد,gonabad,entertainment,pets-animals
۰۹۳۷۱۲۷۱۴۱۹,گناباد,gonabad,entertainment,pets-animals
۰۹۱۵۲۰۹۰۳۱۲,گناباد,gonabad,entertainment,pets-animals
۰۹۱۵۲۰۹۰۳۱۲,گناباد,gonabad,entertainment,pets-animals
۰۹۱۵۹۶۵۴۵۴۲,گناباد,gonabad,entertainment,pets-animals
(پنهان‌شده؛ چت کنید),گناباد,gonabad,entertainment,pets-animals
۰۹۳۷۱۰۲۵۹۵۲,گناباد,gonabad,entertainment,pets-animals
۰۹۳۷۱۰۲۵۹۵۲,گناباد,gonabad,entertainment,pets-animals
۰۹۳۷۱۰۲۵۹۵۲,گناباد,gonabad,entertainment,pets-animals
(پنهان‌شده؛ چت کنید),گناباد,gonabad,entertainment,pets-animals
(پنهان‌شده؛ چت کنید),گناباد,gonabad,entertainment,pets-animals
۰۹۱۵۷۸۸۹۶۰۵,گناباد,gonabad,entertainment,pets-animals
۰۹۱۵۹۱۲۸۵۹۵,گناباد,gonabad,entertainment,pets-animals
۰۹۱۰۱۶۴۵۹۰۶,گناباد,gonabad,entertainment,pets-animals
۰۹۱۵۷۸۸۹۶۰۵,گناباد,gonabad,entertainment,pets-animals
۰۹۱۵۸۳۶۲۹۵۲,گناباد,gonabad,entertainment,pets-animals
۰۹۱۵۸۳۶۲۹۵۲,گناباد,gonabad,entertainment,pets-animals
۰۹۳۷۱۲۷۱۴۱۹,گناباد,gonabad,entertainment,pets-animals
۰۹۳۵۷۶۶۷۳۰۴,گناباد,gonabad,entertainment,pets-animals
۰۹۳۸۵۶۶۱۷۴۲,گناباد,gonabad,entertainment,pets-animals
۰۹۳۷۱۲۷۱۴۱۹,گناباد,gonabad,entertainment,pets-animals
۰۹۰۳۳۲۸۹۸۳۶,گناباد,gonabad,entertainment,pets-animals
۰۹۰۵۹۲۰۰۱۸۴,گناباد,gonabad,entertainment,pets-animals
۰۹۳۵۸۳۳۲۶۴۳,گناباد,gonabad,entertainment,pets-animals
۰۹۳۳۸۱۰۹۶۷۴,گناباد,gonabad,entertainment,pets-animals
۰۹۳۳۱۱۵۰۱۷۷,گناباد,gonabad,entertainment,collecting
۰۹۳۸۷۳۹۸۰۹۸,گناباد,gonabad,entertainment,collecting
۰۹۳۶۳۵۳۴۲۳۴,گناباد,gonabad,entertainment,musical-instruments
۰۹۱۵۱۵۰۴۵۶۵,گناباد,gonabad,entertainment,musical-instruments
۰۹۳۵۹۷۷۳۰۹۹,گناباد,gonabad,entertainment,musical-instruments
۰۹۳۸۸۶۴۹۱۸۱,گناباد,gonabad,entertainment,musical-instruments
۰۹۳۰۰۵۴۳۷۴۲,گناباد,gonabad,entertainment,musical-instruments
۰۹۳۰۱۷۳۲۸۹۸,گناباد,gonabad,entertainment,sport-entertainment
۰۹۱۱۷۶۲۱۲۶۴,گناباد,gonabad,entertainment,sport-entertainment
(پنهان‌شده؛ چت کنید),گناباد,gonabad,entertainment,sport-entertainment
۰۹۰۳۳۴۱۷۰۴۱,گناباد,gonabad,entertainment,sport-entertainment
(پنهان‌شده؛ چت کنید),گناباد,gonabad,social-services,event
۰۹۲۲۵۰۵۲۶۶۳,گناباد,gonabad,social-services,event
۰۹۲۲۵۰۵۲۶۷۴,گناباد,gonabad,social-services,event
۰۹۹۲۷۶۵۸۰۷۸,گناباد,gonabad,social-services,event
۰۹۱۹۵۷۲۷۱۸۰,گناباد,gonabad,social-services,event
(پنهان‌شده؛ چت کنید),گناباد,gonabad,social-services,voluntary
(پنهان‌شده؛ چت کنید),گناباد,gonabad,social-services,voluntary
(پنهان‌شده؛ چت کنید),گناباد,gonabad,social-services,voluntary
۰۹۹۲۰۵۵۹۲۷۵,گناباد,gonabad,social-services,voluntary
۰۹۱۵۳۷۷۱۹۲۱,گناباد,gonabad,social-services,voluntary
۰۹۰۱۸۹۳۰۴۸۵,گناباد,gonabad,social-services,missing
۰۹۳۷۰۶۱۲۸۶۹,گناباد,gonabad,businesses,business-equipment
۰۹۱۵۹۲۶۰۶۷۲,گناباد,gonabad,businesses,business-equipment
۰۹۳۸۸۵۸۲۵۳۷,گناباد,gonabad,businesses,business-equipment
۰۹۱۹۹۷۸۶۵۸۹,گناباد,gonabad,businesses,business-equipment
۰۹۱۵۱۳۸۹۴۰۰,گناباد,gonabad,businesses,business-equipment
۰۹۱۵۱۶۸۹۳۵۳,گناباد,gonabad,businesses,business-equipment
(پنهان‌شده؛ چت کنید),گناباد,gonabad,businesses,business-equipment
۰۹۳۶۶۰۰۲۳۹۹,گناباد,gonabad,businesses,business-equipment
۰۹۳۵۳۳۰۵۱۳۲,گناباد,gonabad,businesses,business-equipment
(پنهان‌شده؛ چت کنید),گناباد,gonabad,businesses,business-equipment
۰۹۳۰۳۲۹۵۱۳۸,گناباد,gonabad,businesses,business-equipment
(پنهان‌شده؛ چت کنید),گناباد,gonabad,businesses,business-equipment
۰۹۱۵۹۳۴۰۸۷۱,گناباد,gonabad,businesses,business-equipment
(پنهان‌شده؛ چت کنید),گناباد,gonabad,businesses,business-equipment
۰۹۳۵۸۳۶۶۴۳۷,گناباد,gonabad,businesses,business-equipment
۰۹۳۰۹۴۹۰۵۰۱,گناباد,gonabad,businesses,business-equipment
۰۹۹۱۵۸۲۹۵۶۳,گناباد,gonabad,businesses,business-equipment
۰۹۰۳۶۷۹۲۶۵۳,گناباد,gonabad,businesses,business-equipment
۰۹۳۸۱۹۰۹۹۷۸,گناباد,gonabad,businesses,business-equipment
۰۹۱۵۵۸۲۸۹۲۴,گناباد,gonabad,businesses,business-equipment
۰۹۰۵۰۶۹۹۷۴۱,گناباد,gonabad,businesses,business-equipment
۰۹۰۲۰۵۵۲۳۱۴,گناباد,gonabad,businesses,business-equipment
۰۹۱۳۶۹۹۶۶۱۷,گناباد,gonabad,businesses,business-equipment
۰۹۳۹۷۳۵۸۹۱۷,گناباد,gonabad,businesses,business-equipment
۰۹۱۵۲۳۰۳۰۷۲,گناباد,gonabad,businesses,business-equipment
۰۹۹۲۴۶۱۰۲۶۴,گناباد,gonabad,businesses,business-equipment
۰۹۹۲۳۷۳۸۲۸۶,گناباد,gonabad,businesses,business-equipment
۰۹۳۸۱۲۱۷۷۵۷,گناباد,gonabad,businesses,business-equipment
۰۹۰۱۲۴۶۱۷۳۳,گناباد,gonabad,businesses,business-equipment
۰۹۳۶۵۶۵۱۱۷۹,گناباد,gonabad,businesses,business-equipment
۰۹۳۹۱۹۳۴۷۳۹,گناباد,gonabad,businesses,business-equipment
۰۹۳۸۷۴۸۵۷۰۶,گناباد,gonabad,businesses,business-equipment
۰۹۳۵۹۹۲۷۵۴۹,گناباد,gonabad,businesses,business-equipment
۰۹۱۵۵۳۳۱۰۱۶,گناباد,gonabad,businesses,business-equipment
۰۹۳۷۳۷۴۵۴۸۰,گناباد,gonabad,businesses,business-equipment
۰۹۹۸۱۴۸۵۷۹۸,گناباد,gonabad,businesses,business-equipment
۰۹۹۲۴۸۶۰۲۹۱,گناباد,gonabad,businesses,business-equipment
۰۹۹۹۱۴۹۰۸۴۳,گناباد,gonabad,businesses,business-equipment
۰۹۹۲۳۴۵۵۸۴۰,گناباد,gonabad,businesses,business-equipment
۰۹۱۵۵۱۵۸۵۵۵,گناباد,gonabad,businesses,business-equipment
۰۹۰۲۰۵۵۲۲۹۷,گناباد,gonabad,businesses,business-equipment
۰۹۳۵۷۹۳۲۴۹۲,گناباد,gonabad,businesses,business-equipment
۰۹۲۲۹۵۶۵۱۶۱,گناباد,gonabad,businesses,business-equipment
۰۹۱۰۵۱۳۰۱۱۸,گناباد,gonabad,businesses,wholesale
۰۹۱۰۵۱۳۰۱۱۸,گناباد,gonabad,businesses,wholesale
۰۹۱۳۵۱۶۳۲۴۲,گناباد,gonabad,businesses,wholesale
۰۹۳۰۵۷۲۱۴۰۷,گناباد,gonabad,businesses,wholesale
۰۹۰۱۳۵۵۵۳۶۰,گناباد,gonabad,businesses,wholesale
۰۹۳۶۵۰۴۸۳۷۱,گناباد,gonabad,businesses,wholesale
۰۹۳۶۸۹۵۹۵۱۹,گناباد,gonabad,businesses,wholesale
۰۹۱۲۴۹۶۶۱۲۱,گناباد,gonabad,businesses,wholesale
۰۹۱۵۳۷۵۱۶۸۴,گناباد,gonabad,businesses,wholesale
۰۹۱۵۳۷۵۱۶۸۴,گناباد,gonabad,businesses,wholesale
۰۹۳۶۸۹۵۹۵۱۹,گناباد,gonabad,businesses,wholesale
۰۹۹۱۵۲۸۴۶۹۱,گناباد,gonabad,businesses,wholesale
۰۹۱۰۵۱۳۰۱۱۸,گناباد,gonabad,businesses,wholesale
۰۹۹۲۷۶۷۸۳۶۵,گناباد,gonabad,businesses,wholesale
۰۹۱۵۴۲۱۰۶۳۹,گناباد,gonabad,businesses,wholesale
۰۹۳۵۲۶۷۳۳۳۹,گناباد,gonabad,businesses,wholesale
۰۹۰۱۹۷۳۰۷۷۶,گناباد,gonabad,businesses,wholesale
۰۹۱۵۶۸۳۶۰۰۸,گناباد,gonabad,businesses,wholesale
۰۹۹۲۷۷۸۴۱۰۳,گناباد,gonabad,businesses,wholesale
۰۹۹۱۵۵۵۲۴۱۹,گناباد,gonabad,businesses,wholesale
۰۹۹۱۵۵۵۲۴۱۹,گناباد,gonabad,businesses,wholesale
۰۹۹۱۵۵۵۲۴۱۹,گناباد,gonabad,businesses,wholesale
۰۹۱۵۸۸۰۳۲۱۳,گناباد,gonabad,businesses,wholesale
۰۹۳۵۷۳۴۱۹۰۶,گناباد,gonabad,businesses,wholesale
۰۹۱۵۷۷۸۲۴۰۸,گناباد,gonabad,businesses,wholesale
۰۹۰۵۴۶۷۸۱۹۰,گناباد,gonabad,businesses,wholesale
۰۹۱۵۴۲۱۰۶۳۹,گناباد,gonabad,businesses,wholesale
۰۹۱۸۹۰۷۸۶۸۹,گناباد,gonabad,businesses,wholesale
۰۹۳۶۶۱۱۵۰۹۳,گناباد,gonabad,businesses,wholesale
۰۹۱۵۹۳۱۷۳۳۸,گناباد,gonabad,businesses,wholesale
۰۹۹۲۸۴۹۵۲۴۴,گناباد,gonabad,businesses,wholesale
۰۹۳۳۰۳۶۳۷۹۸,گناباد,gonabad,businesses,wholesale
۰۹۹۲۳۷۳۹۴۳۴,گناباد,gonabad,businesses,wholesale
۰۹۹۲۱۳۴۵۵۶۲,گناباد,gonabad,businesses,wholesale
