۰۹۳۶۳۷۱۷۴۵۴,کنگاور,kangavar,jobs,service-jobs
۰۹۱۸۴۰۹۹۹۷۹,کنگاور,kangavar,jobs,it-computer-jobs
۰۹۳۰۳۳۳۱۷۸۷,کنگاور,kangavar,real-estate,buy-residential
۰۹۱۸۶۸۶۱۵۱۱,کنگاور,kangavar,real-estate,buy-residential
۰۹۳۶۸۳۷۰۳۶۰,کنگاور,kangavar,real-estate,buy-residential
۰۹۳۶۳۷۱۷۴۵۴,کنگاور,kangavar,real-estate,buy-residential
۰۹۱۸۳۳۸۷۸۱۹,کنگاور,kangavar,real-estate,buy-residential
۰۹۳۳۵۷۱۷۳۳۷,کنگاور,kangavar,real-estate,buy-residential
۰۹۳۹۴۹۸۴۸۹۷,کنگاور,kangavar,real-estate,buy-residential
۰۹۱۸۳۳۷۲۵۵۷,کنگاور,kangavar,real-estate,buy-residential
۰۹۳۶۹۸۷۸۷۲۳,کنگاور,kangavar,real-estate,buy-residential
۰۹۱۸۷۷۶۲۲۶۸,کنگاور,kangavar,real-estate,buy-residential
۰۹۳۰۳۳۳۱۷۸۷,کنگاور,kangavar,real-estate,buy-residential
۰۹۱۸۸۳۷۱۲۸۳,کنگاور,kangavar,real-estate,buy-residential
۰۹۱۸۹۳۸۹۶۸۸,کنگاور,kangavar,real-estate,buy-residential
۰۹۳۹۲۱۲۶۲۹۳,کنگاور,kangavar,real-estate,buy-residential
۰۹۳۶۴۷۲۴۱۷۲,کنگاور,kangavar,real-estate,buy-residential
۰۹۳۳۳۶۴۵۰۱۶,کنگاور,kangavar,real-estate,buy-residential
۰۹۱۸۳۳۸۵۹۶۰,کنگاور,kangavar,real-estate,buy-residential
۰۹۳۷۷۵۰۰۴۴۰,کنگاور,kangavar,real-estate,buy-residential
۰۹۳۷۴۸۹۹۶۴۳,کنگاور,kangavar,real-estate,buy-residential
۰۹۹۱۱۳۷۸۶۸۹,کنگاور,kangavar,real-estate,buy-residential
۰۹۱۲۰۴۷۳۳۱۲,کنگاور,kangavar,real-estate,buy-residential
۰۹۱۸۲۱۴۹۷۱۷,کنگاور,kangavar,real-estate,buy-residential
۰۹۱۸۲۱۴۹۷۱۷,کنگاور,kangavar,real-estate,buy-residential
۰۹۱۸۷۱۶۸۶۷۴,کنگاور,kangavar,real-estate,buy-residential
۰۹۱۸۲۶۴۱۵۱۲,کنگاور,kangavar,real-estate,buy-residential
۰۹۱۸۲۲۰۷۹۱۰,کنگاور,kangavar,real-estate,buy-residential
۰۹۲۱۶۴۸۹۰۲۸,کنگاور,kangavar,real-estate,buy-residential
۰۹۳۹۲۱۲۶۲۹۳,کنگاور,kangavar,real-estate,buy-residential
۰۹۱۸۱۳۸۱۲۸۴,کنگاور,kangavar,real-estate,buy-residential
۰۹۱۸۳۳۷۳۵۰۶,کنگاور,kangavar,real-estate,buy-residential
۰۹۱۸۳۳۷۳۵۰۶,کنگاور,kangavar,real-estate,buy-residential
۰۹۳۸۶۱۰۷۷۳۵,کنگاور,kangavar,real-estate,buy-residential
۰۹۱۸۴۷۶۵۱۸۸,کنگاور,kangavar,real-estate,buy-residential
۰۹۳۶۵۷۸۳۲۵۷,کنگاور,kangavar,real-estate,buy-residential
۰۹۱۸۵۷۱۴۰۸۳,کنگاور,kangavar,real-estate,buy-residential
۰۹۱۲۵۹۶۳۱۹۵,کنگاور,kangavar,real-estate,buy-residential
۰۹۳۹۲۱۲۶۲۹۳,کنگاور,kangavar,real-estate,buy-residential
۰۹۱۸۸۳۷۰۴۴۲,کنگاور,kangavar,real-estate,buy-residential
۰۹۱۸۹۳۹۹۵۸۵,کنگاور,kangavar,real-estate,buy-residential
۰۹۱۸۴۶۲۱۸۷۷,کنگاور,kangavar,real-estate,buy-residential
۰۹۳۳۹۱۵۰۴۱۲,کنگاور,kangavar,real-estate,buy-residential
۰۹۳۳۹۱۵۰۴۱۲,کنگاور,kangavar,real-estate,buy-residential
۰۹۳۳۹۱۵۰۴۱۲,کنگاور,kangavar,real-estate,buy-residential
۰۹۹۱۰۶۴۹۵۰۰,کنگاور,kangavar,real-estate,buy-residential
۰۹۳۶۸۳۷۶۹۱۱,کنگاور,kangavar,real-estate,buy-residential
۰۹۳۷۳۵۰۸۴۸۴,کنگاور,kangavar,real-estate,buy-residential
۰۹۱۸۳۳۷۲۵۵۷,کنگاور,kangavar,real-estate,buy-residential
۰۹۹۲۳۳۵۹۳۱۹,کنگاور,kangavar,real-estate,buy-residential
۰۹۱۰۲۸۲۸۷۷۵,کنگاور,kangavar,real-estate,buy-residential
۰۹۳۰۸۹۹۰۸۸۹,کنگاور,kangavar,real-estate,buy-residential
۰۹۱۸۹۳۹۹۵۸۵,کنگاور,kangavar,real-estate,buy-residential
۰۹۳۶۴۸۲۵۶۶۵,کنگاور,kangavar,real-estate,buy-residential
۰۹۹۱۸۴۵۵۹۲۶,کنگاور,kangavar,real-estate,buy-residential
۰۹۱۲۰۴۷۳۸۱۸,کنگاور,kangavar,real-estate,buy-residential
۰۹۰۱۶۹۷۸۵۹۰,کنگاور,kangavar,real-estate,buy-residential
۰۹۳۸۶۱۰۷۷۳۵,کنگاور,kangavar,real-estate,buy-residential
۰۹۱۸۹۳۹۹۵۸۵,کنگاور,kangavar,real-estate,buy-residential
۰۹۳۳۵۱۹۵۸۹۲,کنگاور,kangavar,real-estate,buy-residential
۰۹۱۸۷۱۷۴۲۴۷,کنگاور,kangavar,real-estate,buy-residential
۰۹۳۸۰۹۹۳۰۵۵,کنگاور,kangavar,real-estate,buy-residential
۰۹۳۷۵۳۹۳۹۳۶,کنگاور,kangavar,real-estate,buy-residential
۰۹۱۸۳۳۷۲۶۶۰,کنگاور,kangavar,real-estate,rent-residential
۰۹۲۲۳۶۸۶۷۳۱,کنگاور,kangavar,real-estate,rent-residential
۰۹۱۸۳۳۷۲۵۵۷,کنگاور,kangavar,real-estate,rent-residential
۰۹۳۰۱۵۲۳۲۳۵,کنگاور,kangavar,real-estate,rent-residential
۰۹۱۸۶۱۹۹۷۵۸,کنگاور,kangavar,real-estate,rent-residential
۰۹۱۸۶۱۹۹۷۵۸,کنگاور,kangavar,real-estate,rent-residential
۰۹۱۸۷۵۴۵۵۲۵,کنگاور,kangavar,real-estate,rent-residential
۰۹۱۸۳۳۷۲۵۵۷,کنگاور,kangavar,real-estate,rent-residential
۰۹۱۸۳۳۷۲۵۵۷,کنگاور,kangavar,real-estate,rent-residential
۰۹۱۰۶۷۳۱۶۰۵,کنگاور,kangavar,real-estate,rent-residential
۰۹۳۶۵۳۴۲۹۹۰,کنگاور,kangavar,real-estate,buy-commercial-property
۰۹۳۶۲۲۹۳۴۴۲,کنگاور,kangavar,real-estate,buy-commercial-property
۰۹۱۲۶۱۵۷۶۴۲,کنگاور,kangavar,real-estate,buy-commercial-property
۰۹۳۸۶۴۴۳۷۳۷,کنگاور,kangavar,real-estate,buy-commercial-property
۰۹۹۰۵۰۱۸۹۱۲,کنگاور,kangavar,real-estate,buy-commercial-property
۰۹۱۸۴۷۹۰۸۰۰,کنگاور,kangavar,real-estate,buy-commercial-property
۰۹۳۰۷۹۸۰۹۱۰,کنگاور,kangavar,real-estate,buy-commercial-property
۰۹۱۲۰۵۱۷۸۳۰,کنگاور,kangavar,real-estate,buy-commercial-property
۰۹۱۲۰۵۱۷۸۳۰,کنگاور,kangavar,real-estate,buy-commercial-property
۰۹۳۹۰۷۸۹۴۲۳,کنگاور,kangavar,real-estate,buy-commercial-property
۰۹۱۹۵۸۳۵۶۰۶,کنگاور,kangavar,real-estate,buy-commercial-property
۰۹۱۹۵۸۳۵۶۰۶,کنگاور,kangavar,real-estate,buy-commercial-property
۰۹۱۸۱۳۳۴۳۵۴,کنگاور,kangavar,real-estate,buy-commercial-property
۰۹۱۸۵۵۲۲۸۹۵,کنگاور,kangavar,real-estate,buy-commercial-property
۰۹۱۱۸۴۷۲۰۲۲,کنگاور,kangavar,real-estate,buy-commercial-property
۰۹۱۸۳۳۷۸۸۷۸,کنگاور,kangavar,real-estate,buy-commercial-property
۰۹۱۸۳۳۸۵۸۳۹,کنگاور,kangavar,real-estate,buy-commercial-property
۰۹۰۱۶۹۷۸۵۹۰,کنگاور,kangavar,real-estate,buy-commercial-property
۰۹۰۱۶۹۷۸۵۹۰,کنگاور,kangavar,real-estate,buy-commercial-property
۰۹۳۰۳۸۸۷۹۰۲,کنگاور,kangavar,real-estate,buy-commercial-property
۰۹۹۱۵۵۰۰۸۷۴,کنگاور,kangavar,real-estate,rent-commercial-property
۰۹۰۲۶۷۶۱۷۶۸,کنگاور,kangavar,real-estate,rent-commercial-property
۰۹۱۸۳۳۶۵۹۳۲,کنگاور,kangavar,real-estate,rent-commercial-property
۰۹۱۸۸۳۷۴۷۳۶,کنگاور,kangavar,real-estate,rent-commercial-property
۰۹۳۹۳۸۱۲۵۷۵,کنگاور,kangavar,real-estate,rent-commercial-property
۰۹۱۸۴۷۱۳۰۹۰,کنگاور,kangavar,real-estate,rent-commercial-property
۰۹۳۰۱۵۵۰۸۰۰,کنگاور,kangavar,real-estate,rent-commercial-property
۰۹۳۵۱۳۰۸۷۶۷,کنگاور,kangavar,real-estate,rent-commercial-property
۰۹۱۰۱۹۵۵۵۷۵,کنگاور,kangavar,real-estate,rent-commercial-property
۰۹۱۸۷۶۹۶۵۳۸,کنگاور,kangavar,real-estate,rent-commercial-property
۰۹۱۸۵۵۲۲۸۹۵,کنگاور,kangavar,real-estate,rent-commercial-property
۰۹۳۶۵۰۷۰۱۶۸,کنگاور,kangavar,real-estate,rent-commercial-property
۰۹۱۸۵۶۵۲۴۹۴,کنگاور,kangavar,real-estate,rent-commercial-property
۰۹۱۸۷۳۹۱۸۳۲,کنگاور,kangavar,real-estate,rent-commercial-property
۰۹۳۵۲۹۹۶۵۸۲,کنگاور,kangavar,real-estate,rent-commercial-property
۰۹۱۸۸۳۷۳۰۱۵,کنگاور,kangavar,real-estate,rent-temporary
۰۹۱۸۱۳۸۰۷۵۲,کنگاور,kangavar,real-estate,real-estate-services
۰۹۱۸۳۳۷۲۵۵۷,کنگاور,kangavar,real-estate,real-estate-services
۰۹۱۸۳۳۷۲۵۵۷,کنگاور,kangavar,real-estate,real-estate-services
۰۹۱۸۴۷۶۵۱۸۸,کنگاور,kangavar,real-estate,real-estate-services
۰۹۱۸۶۲۲۹۹۴۳,کنگاور,kangavar,vehicles,auto
۰۹۱۸۹۳۹۴۰۲۶,کنگاور,kangavar,vehicles,auto
۰۹۱۹۳۶۳۵۴۷۱,کنگاور,kangavar,vehicles,auto
۰۹۹۱۹۷۸۱۳۴۲,کنگاور,kangavar,vehicles,auto
۰۹۱۸۹۳۹۴۷۶۵,کنگاور,kangavar,vehicles,auto
۰۹۱۹۲۶۲۱۲۷۶,کنگاور,kangavar,vehicles,auto
۰۹۹۰۷۱۶۲۴۲۰,کنگاور,kangavar,vehicles,auto
۰۹۱۸۷۲۱۹۳۵۰,کنگاور,kangavar,vehicles,auto
۰۹۱۸۴۷۶۵۱۸۸,کنگاور,kangavar,vehicles,auto
۰۹۱۸۳۲۸۸۵۴۸,کنگاور,kangavar,vehicles,auto
۰۹۳۸۳۱۶۳۴۷۶,کنگاور,kangavar,vehicles,auto
۰۹۰۵۸۳۷۱۰۰۳,کنگاور,kangavar,vehicles,auto
۰۹۱۸۱۳۸۱۳۴۶,کنگاور,kangavar,vehicles,auto
۰۹۳۹۲۱۲۶۲۹۳,کنگاور,kangavar,vehicles,auto
۰۹۱۸۹۳۷۲۸۵۴,کنگاور,kangavar,vehicles,auto
۰۹۱۸۵۵۸۲۹۸۷,کنگاور,kangavar,vehicles,auto
۰۹۱۰۹۹۶۶۹۰۲,کنگاور,kangavar,vehicles,auto
۰۹۱۸۰۵۷۳۲۲۸,کنگاور,kangavar,vehicles,auto
۰۹۳۶۷۱۳۵۴۱۷,کنگاور,kangavar,vehicles,auto
۰۹۱۸۲۶۸۵۴۱۱,کنگاور,kangavar,vehicles,auto
۰۹۰۵۳۰۳۷۰۰۳,کنگاور,kangavar,vehicles,auto
۰۹۱۸۷۵۳۵۴۴۵,کنگاور,kangavar,vehicles,auto
۰۹۳۰۷۴۰۷۵۷۴,کنگاور,kangavar,vehicles,auto
۰۹۱۸۷۳۹۷۱۴۹,کنگاور,kangavar,vehicles,auto
۰۹۱۸۷۳۹۷۱۴۹,کنگاور,kangavar,vehicles,auto
۰۹۱۸۲۷۸۳۴۷۲,کنگاور,kangavar,vehicles,auto
۰۹۳۰۷۴۰۷۵۷۴,کنگاور,kangavar,vehicles,auto
۰۹۳۰۶۴۵۱۸۱۴,کنگاور,kangavar,vehicles,auto
۰۹۱۹۱۶۱۲۲۳۱,کنگاور,kangavar,vehicles,auto
۰۹۹۰۴۵۳۶۱۴۳,کنگاور,kangavar,vehicles,auto
۰۹۱۸۲۰۶۰۴۱۳,کنگاور,kangavar,vehicles,auto
۰۹۹۰۷۷۸۳۳۷۲,کنگاور,kangavar,vehicles,auto
۰۹۹۰۲۸۴۱۲۴۷,کنگاور,kangavar,vehicles,auto
۰۹۱۸۴۷۶۵۱۸۸,کنگاور,kangavar,vehicles,auto
۰۹۱۸۴۲۹۱۲۱۰,کنگاور,kangavar,vehicles,auto
۰۹۱۸۲۷۰۵۳۴۲,کنگاور,kangavar,vehicles,auto
۰۹۱۸۵۵۳۸۷۰۴,کنگاور,kangavar,vehicles,auto
۰۹۱۸۲۶۸۵۴۱۲,کنگاور,kangavar,vehicles,auto
۰۹۱۸۲۶۹۷۷۴۰,کنگاور,kangavar,vehicles,auto
۰۹۱۰۱۶۹۸۸۵۸,کنگاور,kangavar,vehicles,auto
۰۹۱۸۷۳۱۹۹۱۷,کنگاور,kangavar,vehicles,auto
۰۹۱۸۵۷۲۴۵۱۳,کنگاور,kangavar,vehicles,auto
۰۹۱۸۷۱۸۶۲۳۵,کنگاور,kangavar,vehicles,auto
۰۹۱۰۷۷۸۶۱۵۱,کنگاور,kangavar,vehicles,auto
۰۹۱۸۷۰۲۷۸۶۷,کنگاور,kangavar,vehicles,auto
۰۹۳۰۲۳۸۳۶۱۹,کنگاور,kangavar,vehicles,auto
۰۹۱۰۹۹۱۰۷۸۲,کنگاور,kangavar,vehicles,auto
۰۹۱۰۷۳۵۷۲۰۰,کنگاور,kangavar,vehicles,auto
۰۹۱۸۷۳۷۱۵۶۳,کنگاور,kangavar,vehicles,auto
۰۹۱۸۲۹۰۹۵۳۳,کنگاور,kangavar,vehicles,auto
۰۹۱۹۷۷۱۳۱۳۷,کنگاور,kangavar,vehicles,auto
۰۹۱۸۸۳۷۴۸۶۹,کنگاور,kangavar,vehicles,auto
۰۹۳۵۳۶۲۸۸۲۱,کنگاور,kangavar,vehicles,auto
۰۹۱۸۷۳۱۹۰۹۷,کنگاور,kangavar,vehicles,auto
۰۹۱۸۱۳۸۱۳۸۵,کنگاور,kangavar,vehicles,auto
۰۹۱۸۳۳۸۷۲۱۹,کنگاور,kangavar,vehicles,auto
۰۹۳۰۰۹۲۱۶۷۱,کنگاور,kangavar,vehicles,auto
۰۹۲۱۶۵۳۸۲۱۳,کنگاور,kangavar,vehicles,car-accessories
۰۹۳۵۵۰۸۶۰۵۸,کنگاور,kangavar,vehicles,car-accessories
۰۹۹۲۳۳۵۹۳۱۹,کنگاور,kangavar,vehicles,car-accessories
۰۹۱۸۵۷۳۶۴۹۹,کنگاور,kangavar,vehicles,car-accessories
۰۹۳۳۱۵۲۱۰۱۹,کنگاور,kangavar,vehicles,car-accessories
۰۹۳۸۳۱۰۷۳۵۳,کنگاور,kangavar,vehicles,car-accessories
۰۹۱۸۶۲۱۱۹۵۴,کنگاور,kangavar,vehicles,car-accessories
۰۹۱۸۵۷۰۸۶۱۳,کنگاور,kangavar,vehicles,car-accessories
۰۹۱۹۶۵۹۴۶۰۷,کنگاور,kangavar,vehicles,car-accessories
۰۹۱۸۶۲۱۱۹۵۴,کنگاور,kangavar,vehicles,car-accessories
۰۹۱۸۰۵۷۷۲۳۵,کنگاور,kangavar,vehicles,car-accessories
۰۹۰۵۲۳۵۲۰۷۹,کنگاور,kangavar,vehicles,car-accessories
۰۹۰۱۰۱۰۱۷۱۸,کنگاور,kangavar,vehicles,car-accessories
۰۹۱۹۶۵۹۴۶۰۷,کنگاور,kangavar,vehicles,car-accessories
۰۹۳۹۲۳۱۸۴۶۹,کنگاور,kangavar,vehicles,car-accessories
۰۹۳۸۳۱۰۷۳۵۳,کنگاور,kangavar,vehicles,car-accessories
۰۹۱۹۶۵۹۴۶۰۷,کنگاور,kangavar,vehicles,car-accessories
۰۹۱۸۸۳۷۱۰۹۶,کنگاور,kangavar,vehicles,car-accessories
۰۹۹۰۲۸۴۱۲۴۷,کنگاور,kangavar,vehicles,car-accessories
۰۹۱۸۷۱۹۷۹۳۰,کنگاور,kangavar,vehicles,car-accessories
۰۹۹۱۱۹۱۴۹۶۳,کنگاور,kangavar,vehicles,car-accessories
۰۹۳۰۵۷۷۸۹۰۸,کنگاور,kangavar,vehicles,car-accessories
۰۹۱۸۴۶۴۵۱۶۲,کنگاور,kangavar,vehicles,car-accessories
۰۹۳۶۸۱۳۱۳۰۷,کنگاور,kangavar,vehicles,car-accessories
۰۹۱۹۳۶۱۹۸۵۸,کنگاور,kangavar,vehicles,car-accessories
۰۹۱۸۷۳۲۴۹۷۵,کنگاور,kangavar,vehicles,car-accessories
۰۹۳۶۸۸۳۵۴۱۵,کنگاور,kangavar,vehicles,motorcycles
۰۹۰۵۰۶۳۵۷۹۴,کنگاور,kangavar,vehicles,motorcycles
۰۹۱۹۸۳۱۶۹۶۰,کنگاور,kangavar,vehicles,motorcycles
۰۹۹۰۹۵۷۸۸۲۰,کنگاور,kangavar,vehicles,motorcycles
۰۹۱۰۹۳۱۵۶۹۵,کنگاور,kangavar,vehicles,motorcycles
۰۹۳۹۳۸۲۵۳۱۵,کنگاور,kangavar,vehicles,motorcycles
۰۹۹۲۳۳۵۹۳۱۹,کنگاور,kangavar,vehicles,motorcycles
۰۹۱۸۷۲۲۵۹۵۶,کنگاور,kangavar,vehicles,motorcycles
۰۹۱۰۶۷۵۱۶۰۰,کنگاور,kangavar,vehicles,motorcycles
۰۹۱۰۳۸۳۳۳۲۵,کنگاور,kangavar,vehicles,motorcycles
۰۹۳۸۴۷۰۳۱۷۲,کنگاور,kangavar,vehicles,motorcycles
۰۹۱۸۳۳۷۶۸۰۲,کنگاور,kangavar,vehicles,motorcycles
۰۹۱۸۳۳۷۶۸۰۲,کنگاور,kangavar,vehicles,motorcycles
۰۹۱۸۳۲۹۶۴۰۴,کنگاور,kangavar,vehicles,motorcycles
۰۹۱۸۹۱۸۷۴۲۰,کنگاور,kangavar,vehicles,motorcycles
۰۹۹۱۹۷۹۱۰۷۶,کنگاور,kangavar,vehicles,motorcycles
۰۹۹۱۶۰۲۳۰۸۲,کنگاور,kangavar,electronic-devices,mobile-tablet
۰۹۹۰۴۸۷۶۳۱۷,کنگاور,kangavar,electronic-devices,mobile-tablet
(پنهان‌شده؛ چت کنید),کنگاور,kangavar,electronic-devices,mobile-tablet
۰۹۳۶۶۱۵۳۲۲۷,کنگاور,kangavar,electronic-devices,mobile-tablet
(پنهان‌شده؛ چت کنید),کنگاور,kangavar,electronic-devices,mobile-tablet
۰۹۱۸۷۲۸۵۸۷۲,کنگاور,kangavar,electronic-devices,mobile-tablet
۰۹۹۲۷۵۳۶۸۰۴,کنگاور,kangavar,electronic-devices,mobile-tablet
۰۹۱۸۹۹۲۰۷۶۱,کنگاور,kangavar,electronic-devices,mobile-tablet
۰۹۱۸۱۳۷۰۱۴۲,کنگاور,kangavar,electronic-devices,mobile-tablet
۰۹۱۸۴۷۸۴۳۸۲,کنگاور,kangavar,electronic-devices,mobile-tablet
۰۹۳۵۵۸۵۹۱۸۹,کنگاور,kangavar,electronic-devices,mobile-tablet
۰۹۱۸۴۲۵۲۷۴۹,کنگاور,kangavar,electronic-devices,mobile-tablet
۰۹۱۰۴۶۸۶۹۵۷,کنگاور,kangavar,electronic-devices,mobile-tablet
۰۹۱۰۱۷۶۱۹۷۶,کنگاور,kangavar,electronic-devices,mobile-tablet
۰۹۱۸۳۳۷۵۲۹۲,کنگاور,kangavar,electronic-devices,mobile-tablet
۰۹۱۸۹۹۲۰۷۶۱,کنگاور,kangavar,electronic-devices,mobile-tablet
۰۹۱۸۹۳۷۲۸۷۲,کنگاور,kangavar,electronic-devices,mobile-tablet
۰۹۱۰۱۷۵۹۵۳۲,کنگاور,kangavar,electronic-devices,mobile-tablet
۰۹۱۸۷۱۹۷۹۳۰,کنگاور,kangavar,electronic-devices,mobile-tablet
۰۹۳۹۸۳۸۰۲۵۳,کنگاور,kangavar,electronic-devices,mobile-tablet
(پنهان‌شده؛ چت کنید),کنگاور,kangavar,electronic-devices,mobile-tablet
۰۹۹۰۳۵۷۴۷۸۰,کنگاور,kangavar,electronic-devices,mobile-tablet
۰۹۳۵۸۸۳۲۹۱۳,کنگاور,kangavar,electronic-devices,mobile-tablet
۰۹۱۸۶۲۱۱۹۵۴,کنگاور,kangavar,electronic-devices,mobile-tablet
(پنهان‌شده؛ چت کنید),کنگاور,kangavar,electronic-devices,mobile-tablet
۰۹۱۸۱۳۷۰۱۴۲,کنگاور,kangavar,electronic-devices,mobile-tablet
۰۹۳۶۳۵۶۶۴۴۶,کنگاور,kangavar,electronic-devices,mobile-tablet
۰۹۱۸۵۶۳۸۳۷۲,کنگاور,kangavar,electronic-devices,mobile-tablet
۰۹۲۱۴۶۴۳۸۵۹,کنگاور,kangavar,electronic-devices,mobile-tablet
۰۹۳۷۳۸۷۶۸۷۸,کنگاور,kangavar,electronic-devices,mobile-tablet
۰۹۳۸۱۷۳۸۳۰۰,کنگاور,kangavar,electronic-devices,mobile-tablet
۰۹۱۰۰۲۱۲۲۱۴,کنگاور,kangavar,electronic-devices,mobile-tablet
۰۹۱۸۶۲۱۴۰۱۰,کنگاور,kangavar,electronic-devices,mobile-tablet
۰۹۱۸۹۳۷۳۴۱۳,کنگاور,kangavar,electronic-devices,mobile-tablet
۰۹۲۱۴۶۴۳۸۵۹,کنگاور,kangavar,electronic-devices,mobile-tablet
۰۹۳۵۹۸۶۲۶۸۳,کنگاور,kangavar,electronic-devices,mobile-tablet
۰۹۳۹۸۳۸۰۲۵۳,کنگاور,kangavar,electronic-devices,computers
۰۹۳۵۶۷۳۱۶۹۵,کنگاور,kangavar,electronic-devices,computers
۰۹۳۷۵۹۸۳۴۹۷,کنگاور,kangavar,electronic-devices,computers
(پنهان‌شده؛ چت کنید),کنگاور,kangavar,electronic-devices,computers
۰۹۳۶۳۲۸۸۵۸۴,کنگاور,kangavar,electronic-devices,computers
۰۹۱۸۰۶۵۸۳۲۳,کنگاور,kangavar,electronic-devices,game-consoles
۰۹۳۳۷۵۹۶۰۲۳,کنگاور,kangavar,electronic-devices,game-consoles
(پنهان‌شده؛ چت کنید),کنگاور,kangavar,electronic-devices,game-consoles
۰۹۱۸۷۱۰۷۵۶۴,کنگاور,kangavar,electronic-devices,video-audio-device
۰۹۳۸۵۱۶۰۰۱۵,کنگاور,kangavar,electronic-devices,video-audio-device
۰۹۳۸۳۱۰۷۳۵۳,کنگاور,kangavar,electronic-devices,video-audio-device
۰۹۱۸۳۳۷۰۰۸۷,کنگاور,kangavar,electronic-devices,video-audio-device
۰۹۳۵۹۳۰۱۳۹۸,کنگاور,kangavar,electronic-devices,video-audio-device
۰۹۹۰۰۹۸۹۹۲۵,کنگاور,kangavar,electronic-devices,video-audio-device
۰۹۱۸۴۲۲۰۱۸۶,کنگاور,kangavar,electronic-devices,video-audio-device
۰۹۱۸۱۳۷۰۱۴۲,کنگاور,kangavar,electronic-devices,video-audio-device
۰۹۳۹۶۹۲۶۳۶۳,کنگاور,kangavar,electronic-devices,video-audio-device
۰۹۱۸۲۶۲۱۳۸۶,کنگاور,kangavar,electronic-devices,video-audio-device
۰۹۱۸۳۳۸۷۰۳۶,کنگاور,kangavar,electronic-devices,video-audio-device
۰۹۱۸۲۳۳۶۳۱۶,کنگاور,kangavar,electronic-devices,telephone
(پنهان‌شده؛ چت کنید),کنگاور,kangavar,electronic-devices,telephone
۰۹۹۱۸۴۴۸۲۹۲,کنگاور,kangavar,home-and-kitchen,home-decor-furniture
۰۹۰۳۲۳۱۶۷۷۰,کنگاور,kangavar,home-and-kitchen,home-decor-furniture
۰۹۱۸۷۱۰۷۵۶۴,کنگاور,kangavar,home-and-kitchen,home-decor-furniture
۰۹۳۶۵۰۷۰۲۵۸,کنگاور,kangavar,home-and-kitchen,home-decor-furniture
۰۹۱۸۵۵۳۲۱۵۸,کنگاور,kangavar,home-and-kitchen,home-decor-furniture
۰۹۹۲۳۳۵۹۳۱۹,کنگاور,kangavar,home-and-kitchen,home-decor-furniture
۰۹۹۲۳۳۵۹۳۱۹,کنگاور,kangavar,home-and-kitchen,home-decor-furniture
۰۹۳۹۳۹۶۴۸۹۳,کنگاور,kangavar,home-and-kitchen,home-decor-furniture
۰۹۱۸۴۷۷۳۴۷۱,کنگاور,kangavar,home-and-kitchen,home-decor-furniture
۰۹۳۵۹۴۱۸۱۹۶,کنگاور,kangavar,home-and-kitchen,home-decor-furniture
۰۹۱۸۴۶۹۰۸۷۴,کنگاور,kangavar,home-and-kitchen,home-decor-furniture
۰۹۱۸۹۳۹۴۱۹۰,کنگاور,kangavar,home-and-kitchen,home-decor-furniture
۰۹۳۰۳۶۹۶۴۲۳,کنگاور,kangavar,home-and-kitchen,home-decor-furniture
۰۹۳۶۹۵۰۴۸۲۱,کنگاور,kangavar,home-and-kitchen,home-decor-furniture
۰۹۹۱۹۹۵۴۴۲۷,کنگاور,kangavar,home-and-kitchen,home-decor-furniture
۰۹۰۱۹۰۴۳۲۱۰,کنگاور,kangavar,home-and-kitchen,home-decor-furniture
۰۹۳۵۹۲۴۰۰۷۵,کنگاور,kangavar,home-and-kitchen,home-decor-furniture
۰۹۳۰۸۱۷۷۶۶۵,کنگاور,kangavar,home-and-kitchen,home-decor-furniture
۰۹۱۸۷۱۰۷۵۶۴,کنگاور,kangavar,home-and-kitchen,home-decor-furniture
(پنهان‌شده؛ چت کنید),کنگاور,kangavar,home-and-kitchen,home-decor-furniture
(پنهان‌شده؛ چت کنید),کنگاور,kangavar,home-and-kitchen,home-decor-furniture
۰۹۳۳۶۰۶۱۱۱۸,کنگاور,kangavar,home-and-kitchen,home-decor-furniture
۰۹۱۸۵۷۱۱۴۳۰,کنگاور,kangavar,home-and-kitchen,home-decor-furniture
۰۹۳۹۴۹۳۹۲۳۹,کنگاور,kangavar,home-and-kitchen,home-decor-furniture
۰۹۹۴۴۵۳۰۱۴۸,کنگاور,kangavar,home-and-kitchen,home-decor-furniture
۰۹۹۴۴۵۳۰۱۴۸,کنگاور,kangavar,home-and-kitchen,home-decor-furniture
۰۹۱۸۳۳۷۵۶۱۳,کنگاور,kangavar,home-and-kitchen,home-decor-furniture
(پنهان‌شده؛ چت کنید),کنگاور,kangavar,home-and-kitchen,home-decor-furniture
(پنهان‌شده؛ چت کنید),کنگاور,kangavar,home-and-kitchen,home-decor-furniture
۰۹۳۰۳۷۴۰۳۲۰,کنگاور,kangavar,home-and-kitchen,home-decor-furniture
۰۹۱۸۷۲۷۶۳۸۱,کنگاور,kangavar,home-and-kitchen,home-decor-furniture
۰۹۳۵۸۶۲۶۲۶۱,کنگاور,kangavar,home-and-kitchen,home-decor-furniture
۰۹۱۸۲۹۸۲۲۴۵,کنگاور,kangavar,home-and-kitchen,home-decor-furniture
۰۹۳۶۵۷۸۳۲۵۷,کنگاور,kangavar,home-and-kitchen,home-decor-furniture
۰۹۱۳۴۳۳۰۱۵۲,کنگاور,kangavar,home-and-kitchen,home-decor-furniture
۰۹۱۳۴۳۳۰۱۵۲,کنگاور,kangavar,home-and-kitchen,home-decor-furniture
۰۹۱۳۴۳۳۰۱۵۲,کنگاور,kangavar,home-and-kitchen,home-decor-furniture
(پنهان‌شده؛ چت کنید),کنگاور,kangavar,home-and-kitchen,home-decor-furniture
۰۹۹۲۳۳۵۹۳۱۹,کنگاور,kangavar,home-and-kitchen,home-decor-furniture
۰۹۱۸۹۳۷۷۱۲۴,کنگاور,kangavar,home-and-kitchen,home-decor-furniture
۰۹۱۸۹۳۷۳۵۰۰,کنگاور,kangavar,home-and-kitchen,home-decor-furniture
۰۹۱۸۹۳۷۳۵۰۰,کنگاور,kangavar,home-and-kitchen,home-decor-furniture
۰۹۱۸۳۳۷۵۶۱۳,کنگاور,kangavar,home-and-kitchen,home-decor-furniture
۰۹۱۸۶۳۱۵۱۸۱,کنگاور,kangavar,home-and-kitchen,home-decor-furniture
۰۹۱۸۹۳۷۹۴۳۷,کنگاور,kangavar,home-and-kitchen,home-decor-furniture
۰۹۳۶۶۱۸۱۴۱۴,کنگاور,kangavar,home-and-kitchen,home-decor-furniture
۰۹۰۳۲۳۱۶۷۷۰,کنگاور,kangavar,home-and-kitchen,kitchen-appliances
۰۹۳۵۲۹۹۶۵۸۲,کنگاور,kangavar,home-and-kitchen,kitchen-appliances
۰۹۱۸۹۸۴۸۷۹۳,کنگاور,kangavar,home-and-kitchen,kitchen-appliances
۰۹۳۵۲۹۹۶۵۸۲,کنگاور,kangavar,home-and-kitchen,kitchen-appliances
۰۹۳۵۲۹۹۶۵۸۲,کنگاور,kangavar,home-and-kitchen,kitchen-appliances
۰۹۳۵۲۹۹۶۵۸۲,کنگاور,kangavar,home-and-kitchen,kitchen-appliances
۰۹۲۲۴۲۴۸۷۵۱,کنگاور,kangavar,home-and-kitchen,kitchen-appliances
۰۹۹۰۹۵۷۸۸۲۰,کنگاور,kangavar,home-and-kitchen,kitchen-appliances
۰۹۳۵۲۹۹۶۵۸۲,کنگاور,kangavar,home-and-kitchen,kitchen-appliances
۰۹۱۸۴۶۲۷۵۱۲,کنگاور,kangavar,home-and-kitchen,kitchen-appliances
۰۹۱۸۳۳۸۷۷۹۰,کنگاور,kangavar,home-and-kitchen,kitchen-appliances
۰۹۳۳۱۵۲۱۰۱۹,کنگاور,kangavar,home-and-kitchen,kitchen-appliances
۰۹۱۸۷۳۷۷۰۴۹,کنگاور,kangavar,home-and-kitchen,kitchen-appliances
۰۹۱۸۱۳۷۰۱۴۲,کنگاور,kangavar,home-and-kitchen,kitchen-appliances
۰۹۹۴۴۵۳۰۱۴۸,کنگاور,kangavar,home-and-kitchen,kitchen-appliances
۰۹۳۶۵۰۷۰۲۵۸,کنگاور,kangavar,home-and-kitchen,kitchen-appliances
۰۹۹۲۴۸۸۶۸۹۶,کنگاور,kangavar,home-and-kitchen,kitchen-appliances
۰۹۹۰۵۵۰۲۸۸۹,کنگاور,kangavar,home-and-kitchen,kitchen-appliances
۰۹۱۸۴۶۸۵۶۰۳,کنگاور,kangavar,home-and-kitchen,kitchen-appliances
۰۹۱۸۷۷۹۹۳۲۶,کنگاور,kangavar,home-and-kitchen,kitchen-appliances
(پنهان‌شده؛ چت کنید),کنگاور,kangavar,home-and-kitchen,kitchen-appliances
۰۹۳۹۶۹۲۶۳۶۳,کنگاور,kangavar,home-and-kitchen,kitchen-appliances
۰۹۳۹۶۹۲۶۳۶۳,کنگاور,kangavar,home-and-kitchen,kitchen-appliances
۰۹۳۵۸۹۹۰۹۶۹,کنگاور,kangavar,home-and-kitchen,kitchen-appliances
۰۹۱۸۱۳۷۰۱۴۲,کنگاور,kangavar,home-and-kitchen,kitchen-appliances
۰۹۱۸۱۳۷۰۱۴۲,کنگاور,kangavar,home-and-kitchen,kitchen-appliances
۰۹۳۹۶۹۲۶۳۶۳,کنگاور,kangavar,home-and-kitchen,kitchen-appliances
۰۹۱۸۹۳۷۵۷۱۷,کنگاور,kangavar,home-and-kitchen,kitchen-appliances
۰۹۳۸۶۴۴۴۱۴۱,کنگاور,kangavar,home-and-kitchen,kitchen-appliances
۰۹۱۸۳۳۷۳۹۶۳,کنگاور,kangavar,home-and-kitchen,kitchen-appliances
۰۹۹۰۵۵۰۲۸۸۹,کنگاور,kangavar,home-and-kitchen,home-appliances
۰۹۱۸۳۸۶۱۷۶۵,کنگاور,kangavar,home-and-kitchen,home-appliances
۰۹۱۸۹۸۰۱۶۰۸,کنگاور,kangavar,home-and-kitchen,building-garden
۰۹۳۵۱۶۲۶۳۹۳,کنگاور,kangavar,home-and-kitchen,building-garden
۰۹۱۸۱۳۷۰۱۴۲,کنگاور,kangavar,home-and-kitchen,building-garden
۰۹۱۸۹۳۹۳۱۶۸,کنگاور,kangavar,home-and-kitchen,building-garden
۰۹۱۸۹۳۷۵۷۱۷,کنگاور,kangavar,home-and-kitchen,building-garden
۰۹۱۸۹۳۷۵۷۱۷,کنگاور,kangavar,home-and-kitchen,building-garden
۰۹۱۸۹۳۷۵۷۱۷,کنگاور,kangavar,home-and-kitchen,building-garden
۰۹۳۹۶۹۲۶۳۶۳,کنگاور,kangavar,home-and-kitchen,building-garden
۰۹۳۹۴۸۸۲۰۲۹,کنگاور,kangavar,home-and-kitchen,building-garden
۰۹۱۸۹۳۷۵۷۱۷,کنگاور,kangavar,home-and-kitchen,building-garden
۰۹۳۸۶۴۴۴۱۴۱,کنگاور,kangavar,home-and-kitchen,building-garden
۰۹۱۸۲۷۸۳۴۷۲,کنگاور,kangavar,home-and-kitchen,building-garden
۰۹۳۹۹۹۰۴۶۰۰,کنگاور,kangavar,services,vehicles-services
۰۹۳۶۲۰۱۹۳۶۴,کنگاور,kangavar,services,vehicles-services
۰۹۰۳۸۱۷۹۶۲۴,کنگاور,kangavar,services,vehicles-services
۰۹۰۵۴۸۵۳۲۲۵,کنگاور,kangavar,services,catering-services
۰۹۳۷۸۵۸۱۶۰۳,کنگاور,kangavar,services,catering-services
۰۹۰۵۴۳۲۹۸۱۲,کنگاور,kangavar,services,technology-services
۰۹۰۵۴۳۲۹۸۱۳,کنگاور,kangavar,services,technology-services
۰۹۰۵۴۳۲۹۸۱۳,کنگاور,kangavar,services,technology-services
۰۹۰۵۴۳۲۹۸۱۲,کنگاور,kangavar,services,technology-services
۰۹۰۵۴۳۲۹۸۱۳,کنگاور,kangavar,services,technology-services
۰۹۰۵۴۳۲۹۸۱۳,کنگاور,kangavar,services,technology-services
۰۹۰۵۴۳۲۹۸۱۳,کنگاور,kangavar,services,technology-services
۰۹۰۵۴۳۲۹۸۱۳,کنگاور,kangavar,services,technology-services
۰۹۰۵۴۳۲۹۸۱۳,کنگاور,kangavar,services,technology-services
۰۹۰۵۴۳۲۹۸۱۳,کنگاور,kangavar,services,technology-services
۰۹۰۳۶۰۱۲۶۳۲,کنگاور,kangavar,services,financial-services
۰۹۱۸۵۵۳۸۷۰۴,کنگاور,kangavar,services,financial-services
۰۹۰۴۴۴۶۹۵۷۷,کنگاور,kangavar,services,financial-services
۰۹۱۸۳۳۷۸۷۷۳,کنگاور,kangavar,services,transport-logistic-services
۰۹۳۵۶۳۱۹۸۲۷,کنگاور,kangavar,services,transport-logistic-services
۰۹۱۸۳۳۷۲۵۵۷,کنگاور,kangavar,services,transport-logistic-services
۰۹۱۸۹۸۲۸۹۵۳,کنگاور,kangavar,services,craft-skill-services
۰۹۰۳۶۶۸۹۴۲۳,کنگاور,kangavar,services,craft-skill-services
۰۹۰۳۶۶۸۹۴۲۳,کنگاور,kangavar,services,craft-skill-services
۰۹۱۸۴۲۱۵۳۳۹,کنگاور,kangavar,services,craft-skill-services
۰۹۳۶۳۵۴۹۸۱۰,کنگاور,kangavar,services,craft-skill-services
۰۹۱۳۹۳۳۸۹۵۴,کنگاور,kangavar,services,craft-skill-services
۰۹۱۷۵۲۴۶۰۳۰,کنگاور,kangavar,services,craft-skill-services
۰۹۱۸۶۰۸۵۶۷۳,کنگاور,kangavar,services,craft-skill-services
۰۹۱۸۴۴۰۴۲۱۱,کنگاور,kangavar,services,craft-skill-services
۰۹۳۵۷۷۰۵۱۳۸,کنگاور,kangavar,services,craft-skill-services
۰۹۳۷۴۱۷۹۸۳۵,کنگاور,kangavar,services,craft-skill-services
۰۹۳۷۴۱۷۹۸۳۵,کنگاور,kangavar,services,craft-skill-services
۰۹۳۷۴۱۷۹۸۳۵,کنگاور,kangavar,services,craft-skill-services
۰۹۳۷۴۱۷۹۸۳۵,کنگاور,kangavar,services,craft-skill-services
۰۹۳۷۴۱۷۹۸۳۵,کنگاور,kangavar,services,craft-skill-services
۰۹۳۷۴۱۷۹۸۳۵,کنگاور,kangavar,services,craft-skill-services
۰۹۱۸۴۴۰۴۲۱۱,کنگاور,kangavar,services,craft-skill-services
۰۹۱۸۴۴۰۵۶۴۳,کنگاور,kangavar,services,craft-skill-services
۰۹۱۸۷۳۷۳۷۰۰,کنگاور,kangavar,services,craft-skill-services
۰۹۱۲۶۶۳۲۲۶۸,کنگاور,kangavar,services,craft-skill-services
۰۹۱۸۳۳۷۴۱۱۷,کنگاور,kangavar,services,craft-skill-services
۰۹۱۸۳۳۸۸۲۵۵,کنگاور,kangavar,services,craft-skill-services
۰۹۳۵۹۹۶۴۲۷۲,کنگاور,kangavar,services,craft-skill-services
۰۹۱۲۰۷۱۵۶۰۶,کنگاور,kangavar,services,craft-skill-services
۰۹۱۸۹۳۷۳۴۱۳,کنگاور,kangavar,services,craft-skill-services
۰۹۳۷۴۱۷۹۸۳۵,کنگاور,kangavar,services,craft-skill-services
۰۹۳۷۴۱۷۹۸۳۵,کنگاور,kangavar,services,craft-skill-services
۰۹۳۷۴۱۷۹۸۳۵,کنگاور,kangavar,services,craft-skill-services
۰۹۳۷۴۱۷۹۸۳۵,کنگاور,kangavar,services,craft-skill-services
۰۹۳۷۴۱۷۹۸۳۵,کنگاور,kangavar,services,craft-skill-services
۰۹۳۷۴۱۷۹۸۳۵,کنگاور,kangavar,services,craft-skill-services
۰۹۳۰۳۷۴۰۳۲۰,کنگاور,kangavar,services,beauty-services
۰۹۳۹۹۸۹۹۷۵۱,کنگاور,kangavar,services,cleaning-services
۰۹۹۲۴۹۲۷۹۵۸,کنگاور,kangavar,services,gardening-services
۰۹۳۶۴۲۳۸۴۸۷,کنگاور,kangavar,services,gardening-services
۰۹۱۸۶۲۰۶۰۰۵,کنگاور,kangavar,services,gardening-services
(پنهان‌شده؛ چت کنید),کنگاور,kangavar,services,teaching-services
۰۹۱۸۵۸۳۳۲۹۱,کنگاور,kangavar,services,teaching-services
۰۹۹۸۱۱۰۰۸۸۶,کنگاور,kangavar,services,teaching-services
(پنهان‌شده؛ چت کنید),کنگاور,kangavar,personal-goods,apparel
(پنهان‌شده؛ چت کنید),کنگاور,kangavar,personal-goods,apparel
۰۹۱۸۷۵۴۷۸۳۵,کنگاور,kangavar,personal-goods,apparel
۰۹۱۹۶۷۸۲۴۱۰,کنگاور,kangavar,personal-goods,apparel
(پنهان‌شده؛ چت کنید),کنگاور,kangavar,personal-goods,apparel
(پنهان‌شده؛ چت کنید),کنگاور,kangavar,personal-goods,apparel
۰۹۲۲۰۴۷۸۶۲۶,کنگاور,kangavar,personal-goods,apparel
۰۹۱۸۹۹۱۰۱۵۵,کنگاور,kangavar,personal-goods,apparel
(پنهان‌شده؛ چت کنید),کنگاور,kangavar,personal-goods,apparel
(پنهان‌شده؛ چت کنید),کنگاور,kangavar,personal-goods,apparel
(پنهان‌شده؛ چت کنید),کنگاور,kangavar,personal-goods,apparel
۰۹۱۸۴۲۳۳۲۳۰,کنگاور,kangavar,personal-goods,apparel
۰۹۰۲۳۷۸۶۵۶۱,کنگاور,kangavar,personal-goods,apparel
۰۹۳۶۵۰۰۱۳۶۸,کنگاور,kangavar,personal-goods,apparel
۰۹۹۱۵۲۸۴۶۷۹,کنگاور,kangavar,personal-goods,apparel
۰۹۳۹۲۳۲۵۴۶۴,کنگاور,kangavar,personal-goods,apparel
۰۹۰۵۴۸۵۳۲۲۵,کنگاور,kangavar,personal-goods,apparel
(پنهان‌شده؛ چت کنید),کنگاور,kangavar,personal-goods,apparel
(پنهان‌شده؛ چت کنید),کنگاور,kangavar,personal-goods,apparel
۰۹۹۱۸۰۰۸۲۶۲,کنگاور,kangavar,personal-goods,apparel
۰۹۱۸۷۲۲۱۲۰۴,کنگاور,kangavar,personal-goods,apparel
۰۹۱۸۴۱۰۲۳۱۷,کنگاور,kangavar,personal-goods,apparel
۰۹۳۷۱۳۰۰۶۳۰,کنگاور,kangavar,personal-goods,apparel
۰۹۳۷۱۳۰۰۶۳۰,کنگاور,kangavar,personal-goods,apparel
۰۹۳۷۱۳۰۰۶۳۰,کنگاور,kangavar,personal-goods,apparel
۰۹۱۸۴۲۵۲۴۵۴,کنگاور,kangavar,personal-goods,apparel
۰۹۳۳۹۲۴۴۲۳۳,کنگاور,kangavar,personal-goods,apparel
(پنهان‌شده؛ چت کنید),کنگاور,kangavar,personal-goods,apparel
(پنهان‌شده؛ چت کنید),کنگاور,kangavar,personal-goods,accessories
۰۹۳۸۵۴۶۰۵۲۰,کنگاور,kangavar,personal-goods,accessories
(پنهان‌شده؛ چت کنید),کنگاور,kangavar,personal-goods,accessories
۰۹۳۶۴۹۷۷۱۴۹,کنگاور,kangavar,personal-goods,accessories
(پنهان‌شده؛ چت کنید),کنگاور,kangavar,personal-goods,accessories
۰۹۳۵۳۶۲۸۸۲۷,کنگاور,kangavar,personal-goods,accessories
۰۹۰۵۲۳۶۹۲۵۹,کنگاور,kangavar,personal-goods,accessories
(پنهان‌شده؛ چت کنید),کنگاور,kangavar,personal-goods,accessories
۰۹۳۵۳۶۲۸۸۲۷,کنگاور,kangavar,personal-goods,accessories
۰۹۳۵۳۶۲۸۸۲۷,کنگاور,kangavar,personal-goods,accessories
(پنهان‌شده؛ چت کنید),کنگاور,kangavar,personal-goods,accessories
۰۹۲۱۴۶۴۳۸۵۹,کنگاور,kangavar,personal-goods,accessories
۰۹۲۱۴۶۴۳۸۵۹,کنگاور,kangavar,personal-goods,accessories
۰۹۱۸۴۶۹۰۸۷۴,کنگاور,kangavar,personal-goods,accessories
۰۹۰۳۱۰۲۸۷۱۶,کنگاور,kangavar,personal-goods,accessories
۰۹۰۳۱۰۲۸۷۱۶,کنگاور,kangavar,personal-goods,accessories
(پنهان‌شده؛ چت کنید),کنگاور,kangavar,personal-goods,beauty-and-personal-care
۰۹۱۸۶۸۴۹۳۹۹,کنگاور,kangavar,personal-goods,beauty-and-personal-care
۰۹۳۹۳۶۹۰۴۶۵,کنگاور,kangavar,personal-goods,beauty-and-personal-care
۰۹۱۸۹۳۸۶۴۲۳,کنگاور,kangavar,personal-goods,beauty-and-personal-care
(پنهان‌شده؛ چت کنید),کنگاور,kangavar,personal-goods,beauty-and-personal-care
(پنهان‌شده؛ چت کنید),کنگاور,kangavar,personal-goods,child-apparel
۰۹۹۱۸۰۰۸۲۶۲,کنگاور,kangavar,personal-goods,child-products
۰۹۱۸۷۰۷۰۰۷۲,کنگاور,kangavar,personal-goods,child-products
۰۹۹۱۳۳۴۷۹۱۷,کنگاور,kangavar,personal-goods,child-products
۰۹۳۵۹۱۷۱۲۹۹,کنگاور,kangavar,personal-goods,child-products
(پنهان‌شده؛ چت کنید),کنگاور,kangavar,personal-goods,child-products
(پنهان‌شده؛ چت کنید),کنگاور,kangavar,personal-goods,child-products
۰۹۱۸۳۳۸۸۱۵۱,کنگاور,kangavar,personal-goods,child-products
۰۹۱۰۱۶۹۸۸۵۸,کنگاور,kangavar,personal-goods,child-products
۰۹۰۱۵۹۴۸۳۵۵,کنگاور,kangavar,personal-goods,child-products
۰۹۱۸۷۴۰۹۶۹۰,کنگاور,kangavar,personal-goods,child-products
(پنهان‌شده؛ چت کنید),کنگاور,kangavar,personal-goods,stationery
۰۹۱۸۵۷۲۵۴۹۸,کنگاور,kangavar,personal-goods,stationery
۰۹۱۸۷۱۶۳۳۸۵,کنگاور,kangavar,entertainment,publication
۰۹۲۲۰۴۷۸۶۲۶,کنگاور,kangavar,entertainment,publication
۰۹۳۷۹۷۰۰۵۷۹,کنگاور,kangavar,entertainment,publication
۰۹۱۸۵۰۰۸۱۵۱,کنگاور,kangavar,entertainment,publication
۰۹۱۸۵۹۶۸۲۸۵,کنگاور,kangavar,entertainment,publication
۰۹۳۷۳۸۷۶۸۷۸,کنگاور,kangavar,entertainment,publication
(پنهان‌شده؛ چت کنید),کنگاور,kangavar,entertainment,publication
۰۹۱۸۷۵۴۸۴۲۱,کنگاور,kangavar,entertainment,bike-skate-scooter
۰۹۱۸۴۲۹۴۵۲۲,کنگاور,kangavar,entertainment,bike-skate-scooter
۰۹۹۲۷۵۳۶۸۰۴,کنگاور,kangavar,entertainment,bike-skate-scooter
۰۹۳۵۳۶۳۸۳۲۲,کنگاور,kangavar,entertainment,bike-skate-scooter
۰۹۳۶۰۸۲۷۵۴۴,کنگاور,kangavar,entertainment,bike-skate-scooter
۰۹۰۱۰۲۷۸۷۰۴,کنگاور,kangavar,entertainment,bike-skate-scooter
۰۹۰۱۰۲۷۷۴۰۷,کنگاور,kangavar,entertainment,bike-skate-scooter
۰۹۱۰۴۹۲۹۶۸۱,کنگاور,kangavar,entertainment,bike-skate-scooter
۰۹۱۰۴۹۲۹۶۸۱,کنگاور,kangavar,entertainment,bike-skate-scooter
۰۹۱۸۰۶۴۱۴۹۶,کنگاور,kangavar,entertainment,pets-animals
۰۹۱۸۲۷۷۲۳۶۳,کنگاور,kangavar,entertainment,pets-animals
۰۹۱۸۶۲۱۲۰۸۳,کنگاور,kangavar,entertainment,pets-animals
۰۹۱۸۴۲۵۳۴۸۵,کنگاور,kangavar,entertainment,pets-animals
۰۹۳۰۲۹۵۳۵۷۴,کنگاور,kangavar,entertainment,pets-animals
۰۹۳۰۲۹۵۳۵۷۴,کنگاور,kangavar,entertainment,pets-animals
۰۹۱۸۴۷۷۳۴۷۱,کنگاور,kangavar,entertainment,pets-animals
۰۹۱۸۷۵۵۶۷۰۸,کنگاور,kangavar,entertainment,pets-animals
۰۹۳۹۹۵۹۵۷۶۵,کنگاور,kangavar,entertainment,pets-animals
۰۹۳۸۲۲۲۲۸۰۱,کنگاور,kangavar,entertainment,pets-animals
۰۹۱۸۰۸۴۳۶۲۳,کنگاور,kangavar,entertainment,pets-animals
۰۹۱۸۷۹۳۹۲۳۵,کنگاور,kangavar,entertainment,pets-animals
۰۹۱۸۰۶۴۱۴۹۶,کنگاور,kangavar,entertainment,pets-animals
۰۹۹۲۸۹۲۶۵۳۱,کنگاور,kangavar,entertainment,pets-animals
۰۹۳۶۴۲۳۸۴۸۷,کنگاور,kangavar,entertainment,pets-animals
۰۹۳۸۲۹۷۹۷۵۱,کنگاور,kangavar,entertainment,pets-animals
(پنهان‌شده؛ چت کنید),کنگاور,kangavar,entertainment,pets-animals
۰۹۳۹۴۷۸۱۸۲۰,کنگاور,kangavar,entertainment,pets-animals
۰۹۳۰۵۸۲۰۵۰۳,کنگاور,kangavar,entertainment,pets-animals
۰۹۰۱۹۱۸۱۵۱۴,کنگاور,kangavar,entertainment,pets-animals
۰۹۱۸۰۶۴۱۴۹۶,کنگاور,kangavar,entertainment,pets-animals
۰۹۱۸۴۷۱۱۷۰۴,کنگاور,kangavar,entertainment,pets-animals
۰۹۳۸۷۹۷۷۷۱۱,کنگاور,kangavar,entertainment,pets-animals
۰۹۱۰۱۷۵۹۵۳۲,کنگاور,kangavar,entertainment,pets-animals
۰۹۳۰۲۹۵۳۵۷۴,کنگاور,kangavar,entertainment,pets-animals
۰۹۹۰۹۷۰۹۸۷۳,کنگاور,kangavar,entertainment,pets-animals
۰۹۱۸۴۷۱۱۷۰۴,کنگاور,kangavar,entertainment,pets-animals
۰۹۳۰۳۳۳۱۷۸۷,کنگاور,kangavar,entertainment,pets-animals
۰۹۱۸۷۳۹۱۹۷۸,کنگاور,kangavar,entertainment,pets-animals
(پنهان‌شده؛ چت کنید),کنگاور,kangavar,entertainment,pets-animals
۰۹۳۹۸۳۶۹۶۳۴,کنگاور,kangavar,entertainment,pets-animals
۰۹۳۰۲۹۵۳۵۷۴,کنگاور,kangavar,entertainment,pets-animals
۰۹۹۰۸۷۷۸۰۸۳,کنگاور,kangavar,entertainment,pets-animals
۰۹۳۰۴۵۹۰۲۱۲,کنگاور,kangavar,entertainment,pets-animals
۰۹۳۹۰۵۲۷۳۶۷,کنگاور,kangavar,entertainment,pets-animals
۰۹۱۸۴۸۰۴۶۱۰,کنگاور,kangavar,entertainment,pets-animals
۰۹۱۸۴۸۰۴۶۱۰,کنگاور,kangavar,entertainment,pets-animals
۰۹۹۲۳۲۶۰۲۵۱,کنگاور,kangavar,entertainment,pets-animals
۰۹۱۸۴۴۵۵۶۴۲,کنگاور,kangavar,entertainment,pets-animals
۰۹۳۸۱۶۹۶۷۶۲,کنگاور,kangavar,entertainment,pets-animals
۰۹۱۸۸۳۷۶۵۴۶,کنگاور,kangavar,entertainment,pets-animals
۰۹۱۸۳۳۸۹۶۷۴,کنگاور,kangavar,entertainment,pets-animals
(پنهان‌شده؛ چت کنید),کنگاور,kangavar,entertainment,pets-animals
(پنهان‌شده؛ چت کنید),کنگاور,kangavar,entertainment,pets-animals
۰۹۰۳۷۹۹۰۵۰۰,کنگاور,kangavar,entertainment,pets-animals
۰۹۱۸۳۳۸۵۴۷۵,کنگاور,kangavar,entertainment,pets-animals
۰۹۱۸۲۶۲۱۳۸۶,کنگاور,kangavar,entertainment,collecting
۰۹۱۵۲۵۱۹۴۱۶,کنگاور,kangavar,entertainment,collecting
۰۹۳۳۹۰۳۹۷۱۲,کنگاور,kangavar,entertainment,musical-instruments
(پنهان‌شده؛ چت کنید),کنگاور,kangavar,entertainment,musical-instruments
۰۹۱۸۵۷۱۱۸۸۲,کنگاور,kangavar,entertainment,musical-instruments
۰۹۰۱۹۲۳۵۴۴۶,کنگاور,kangavar,entertainment,musical-instruments
۰۹۳۸۹۷۲۷۵۲۸,کنگاور,kangavar,entertainment,sport-entertainment
۰۹۹۰۵۵۰۲۸۸۹,کنگاور,kangavar,entertainment,sport-entertainment
۰۹۱۰۰۸۸۱۸۷۳,کنگاور,kangavar,entertainment,sport-entertainment
۰۹۱۸۵۷۱۱۸۸۲,کنگاور,kangavar,entertainment,sport-entertainment
۰۹۲۲۶۱۷۲۷۳۵,کنگاور,kangavar,entertainment,sport-entertainment
۰۹۳۵۴۶۶۷۰۱۲,کنگاور,kangavar,entertainment,sport-entertainment
۰۹۱۸۳۳۸۷۶۱۷,کنگاور,kangavar,entertainment,game-and-toys
۰۹۲۲۵۰۵۲۶۳۷,کنگاور,kangavar,social-services,event
۰۹۹۲۷۷۰۲۱۱۷,کنگاور,kangavar,social-services,event
۰۹۹۱۷۳۸۰۲۹۱,کنگاور,kangavar,social-services,event
۰۹۱۸۹۰۷۸۶۸۹,کنگاور,kangavar,social-services,event
۰۹۹۲۰۷۳۷۰۵۱,کنگاور,kangavar,social-services,voluntary
۰۹۳۸۲۴۲۰۲۷۲,کنگاور,kangavar,businesses,business-equipment
۰۹۳۶۳۵۴۹۸۱۰,کنگاور,kangavar,businesses,business-equipment
۰۹۳۵۶۰۹۵۸۹۶,کنگاور,kangavar,businesses,business-equipment
۰۹۳۸۲۴۰۳۳۹۳,کنگاور,kangavar,businesses,business-equipment
۰۹۳۸۳۱۰۷۳۵۳,کنگاور,kangavar,businesses,business-equipment
۰۹۳۸۳۱۰۷۳۵۳,کنگاور,kangavar,businesses,business-equipment
۰۹۹۸۱۴۰۱۲۲۶,کنگاور,kangavar,businesses,business-equipment
۰۹۳۸۱۸۴۲۹۰۶,کنگاور,kangavar,businesses,business-equipment
۰۹۹۲۷۸۴۰۶۸۹,کنگاور,kangavar,businesses,business-equipment
۰۹۰۵۵۹۴۲۰۸۹,کنگاور,kangavar,businesses,business-equipment
۰۹۲۲۹۵۶۵۱۴۷,کنگاور,kangavar,businesses,business-equipment
۰۹۱۵۹۲۲۲۴۱۶,کنگاور,kangavar,businesses,business-equipment
۰۹۱۸۷۰۰۲۲۷۵,کنگاور,kangavar,businesses,business-equipment
۰۹۱۸۷۱۹۷۹۳۰,کنگاور,kangavar,businesses,business-equipment
۰۹۳۸۱۷۸۲۲۵۳,کنگاور,kangavar,businesses,business-equipment
۰۹۳۸۱۷۸۲۲۵۳,کنگاور,kangavar,businesses,business-equipment
۰۹۱۸۲۷۸۳۴۷۲,کنگاور,kangavar,businesses,business-equipment
۰۹۹۲۷۹۶۶۵۵۸,کنگاور,kangavar,businesses,business-equipment
۰۹۹۲۷۸۵۶۵۳۲,کنگاور,kangavar,businesses,business-equipment
۰۹۹۲۴۶۱۰۴۴۷,کنگاور,kangavar,businesses,business-equipment
۰۹۱۰۴۹۹۱۷۷۴,کنگاور,kangavar,businesses,business-equipment
۰۹۳۹۶۹۲۶۳۶۳,کنگاور,kangavar,businesses,business-equipment
۰۹۹۲۳۳۸۳۷۶۸,کنگاور,kangavar,businesses,business-equipment
۰۹۱۸۴۲۵۵۶۶۲,کنگاور,kangavar,businesses,business-equipment
۰۹۹۱۸۱۸۳۶۴۸,کنگاور,kangavar,businesses,business-equipment
۰۹۱۸۳۳۷۵۳۶۷,کنگاور,kangavar,businesses,business-equipment
۰۹۳۶۱۵۸۷۰۱۰,کنگاور,kangavar,businesses,business-equipment
۰۹۱۸۶۲۱۳۸۳۶,کنگاور,kangavar,businesses,business-equipment
۰۹۱۸۱۳۸۰۳۳۴,کنگاور,kangavar,businesses,wholesale
۰۹۱۸۵۵۶۹۶۳۲,کنگاور,kangavar,businesses,wholesale
۰۹۱۸۸۳۷۲۹۱۲,کنگاور,kangavar,businesses,wholesale
۰۹۱۸۲۴۳۰۶۹۰,کنگاور,kangavar,businesses,wholesale
۰۹۱۸۱۳۸۱۶۲۵,کنگاور,kangavar,businesses,wholesale
۰۹۱۸۱۳۸۲۰۹۱,کنگاور,kangavar,businesses,wholesale
۰۹۱۸۴۲۵۲۷۴۹,کنگاور,kangavar,businesses,wholesale
۰۹۱۸۷۱۴۱۷۳۵,کنگاور,kangavar,businesses,wholesale
۰۹۱۸۳۳۷۱۴۸۸,کنگاور,kangavar,businesses,wholesale
۰۹۱۱۷۹۲۱۳۸۷,کنگاور,kangavar,businesses,wholesale
۰۹۱۸۹۳۹۳۳۷۵,کنگاور,kangavar,businesses,wholesale
۰۹۱۸۴۷۹۱۹۵۳,کنگاور,kangavar,businesses,wholesale
۰۹۳۹۱۳۲۰۰۱۰,کنگاور,kangavar,businesses,wholesale
۰۹۰۵۶۹۳۰۵۴۰,کنگاور,kangavar,businesses,wholesale
۰۹۱۲۵۸۴۴۵۵۰,کنگاور,kangavar,businesses,wholesale
۰۹۱۸۱۳۸۱۶۲۵,کنگاور,kangavar,businesses,wholesale
۰۹۹۱۰۶۴۹۵۰۰,کنگاور,kangavar,businesses,wholesale
(پنهان‌شده؛ چت کنید),کنگاور,kangavar,businesses,wholesale
(پنهان‌شده؛ چت کنید),کنگاور,kangavar,businesses,wholesale
۰۹۱۸۸۳۷۷۲۹۲,کنگاور,kangavar,businesses,wholesale
(پنهان‌شده؛ چت کنید),کنگاور,kangavar,businesses,wholesale
۰۹۱۸۴۷۱۳۰۹۰,کنگاور,kangavar,businesses,wholesale
۰۹۹۰۲۵۸۶۹۴۹,کنگاور,kangavar,businesses,wholesale
۰۹۱۸۷۲۷۱۵۳۴,کنگاور,kangavar,businesses,wholesale
۰۹۱۸۷۹۱۲۵۹۱,کنگاور,kangavar,businesses,wholesale
۰۹۱۸۱۳۸۱۶۲۵,کنگاور,kangavar,businesses,wholesale
۰۹۱۰۹۳۹۱۱۳۹,کنگاور,kangavar,businesses,wholesale
۰۹۳۷۷۷۰۱۰۰۱,کنگاور,kangavar,businesses,wholesale
۰۹۱۸۱۳۸۱۶۲۵,کنگاور,kangavar,businesses,wholesale
۰۹۹۲۸۷۷۶۷۴۸,کنگاور,kangavar,businesses,wholesale
۰۹۰۲۹۴۳۹۸۹۵,کنگاور,kangavar,businesses,wholesale
۰۹۳۸۰۰۴۶۳۹۵,کنگاور,kangavar,businesses,wholesale
۰۹۱۸۳۳۸۵۸۷۳,کنگاور,kangavar,businesses,wholesale
۰۹۱۸۱۳۸۱۶۲۵,کنگاور,kangavar,businesses,wholesale
۰۹۱۸۲۴۳۰۶۹۰,کنگاور,kangavar,businesses,wholesale
۰۹۹۲۱۴۶۳۴۱۸,کنگاور,kangavar,businesses,wholesale
۰۹۰۵۶۴۸۳۷۲۷,کنگاور,kangavar,businesses,wholesale
۰۹۳۷۵۰۶۴۰۷۸,کنگاور,kangavar,businesses,wholesale
۰۹۰۱۹۷۳۳۵۳۷,کنگاور,kangavar,businesses,wholesale
۰۹۱۸۳۳۷۱۲۴۵,کنگاور,kangavar,businesses,wholesale
۰۹۱۰۰۳۳۳۷۱۲,کنگاور,kangavar,businesses,wholesale
۰۹۱۱۵۷۵۵۳۷۰,کنگاور,kangavar,businesses,wholesale
۰۹۱۲۱۰۷۶۵۵۸,کنگاور,kangavar,businesses,wholesale
۰۹۳۸۶۴۴۴۱۴۱,کنگاور,kangavar,businesses,wholesale
۰۹۰۵۴۱۸۹۰۵۲,کنگاور,kangavar,businesses,wholesale
۰۹۳۰۳۷۴۰۳۲۰,کنگاور,kangavar,businesses,wholesale
۰۹۱۸۲۳۱۷۶۲۳,کنگاور,kangavar,businesses,wholesale
۰۹۱۸۲۳۱۷۶۲۳,کنگاور,kangavar,businesses,wholesale
۰۹۱۸۴۲۹۱۳۹۶,کنگاور,kangavar,businesses,wholesale
۰۹۳۶۹۴۳۲۹۹۷,کنگاور,kangavar,businesses,wholesale
۰۹۱۰۱۶۶۵۱۷۸,کنگاور,kangavar,businesses,wholesale
۰۹۳۳۱۸۷۷۹۲۲,کنگاور,kangavar,businesses,wholesale
۰۹۱۰۸۳۶۱۶۲۳,کنگاور,kangavar,businesses,wholesale
۰۹۱۸۵۴۰۰۰۷۱,کنگاور,kangavar,businesses,wholesale
۰۹۹۲۸۸۶۳۷۹۳,کنگاور,kangavar,businesses,wholesale
۰۹۱۸۷۹۱۲۵۹۱,کنگاور,kangavar,businesses,wholesale
