۰۹۱۶۸۱۲۳۷۴۰,کلاچای,kelachay,real-estate,buy-residential
۰۹۱۱۸۴۴۵۲۱۵,کلاچای,kelachay,real-estate,buy-residential
۰۹۳۳۶۱۸۱۷۸۷,کلاچای,kelachay,real-estate,buy-residential
۰۹۱۲۲۸۱۰۹۹۷,کلاچای,kelachay,real-estate,buy-residential
۰۹۱۰۱۶۹۵۲۸۱,کلاچای,kelachay,real-estate,buy-residential
۰۹۱۲۲۸۱۰۹۹۷,کلاچای,kelachay,real-estate,buy-residential
۰۹۱۲۱۶۹۲۱۲۳,کلاچای,kelachay,real-estate,buy-residential
۰۹۱۰۵۹۴۹۷۴۸,کلاچای,kelachay,real-estate,buy-residential
۰۹۱۱۹۴۶۹۸۴۱,کلاچای,kelachay,real-estate,buy-residential
۰۹۱۱۳۵۵۱۶۹۰,کلاچای,kelachay,real-estate,buy-residential
۰۹۰۱۰۷۳۹۹۹۷,کلاچای,kelachay,real-estate,buy-residential
۰۹۱۰۷۵۲۷۰۶۳,کلاچای,kelachay,real-estate,buy-residential
۰۹۳۳۳۴۹۳۶۷۵,کلاچای,kelachay,real-estate,buy-residential
۰۹۱۰۲۳۴۱۳۷۱,کلاچای,kelachay,real-estate,buy-residential
۰۹۱۱۶۲۰۷۰۴۴,کلاچای,kelachay,real-estate,buy-residential
۰۹۱۱۹۶۷۹۹۴۸,کلاچای,kelachay,real-estate,buy-residential
۰۹۳۳۱۷۹۱۱۸۲,کلاچای,kelachay,real-estate,buy-residential
۰۹۱۵۳۲۵۰۹۵۶,کلاچای,kelachay,real-estate,buy-residential
۰۹۱۷۳۱۲۰۵۵۲,کلاچای,kelachay,real-estate,buy-residential
۰۹۱۱۶۱۵۶۲۸۲,کلاچای,kelachay,real-estate,buy-residential
۰۹۹۰۳۱۷۷۷۳۴,کلاچای,kelachay,real-estate,buy-residential
۰۹۱۹۶۵۷۷۸۱۳,کلاچای,kelachay,real-estate,buy-residential
۰۹۱۱۱۹۵۰۳۰۷,کلاچای,kelachay,real-estate,buy-residential
۰۹۳۳۳۹۳۲۴۹۹,کلاچای,kelachay,real-estate,buy-residential
۰۹۱۰۵۶۰۱۱۶۲,کلاچای,kelachay,real-estate,buy-residential
۰۹۱۱۴۳۰۲۹۵۹,کلاچای,kelachay,real-estate,buy-residential
۰۹۳۷۳۸۳۷۴۸۲,کلاچای,kelachay,real-estate,buy-residential
۰۹۱۱۸۴۲۲۸۰۱,کلاچای,kelachay,real-estate,buy-residential
۰۹۱۹۱۰۵۳۴۷۲,کلاچای,kelachay,real-estate,buy-residential
۰۹۱۱۸۴۴۷۷۹۲,کلاچای,kelachay,real-estate,buy-residential
۰۹۱۱۲۴۳۶۸۱۸,کلاچای,kelachay,real-estate,buy-residential
۰۹۳۹۱۹۸۴۰۲۴,کلاچای,kelachay,real-estate,buy-residential
۰۹۱۷۱۷۰۲۴۳۸,کلاچای,kelachay,real-estate,buy-residential
۰۹۰۳۰۱۹۹۲۵۲,کلاچای,kelachay,real-estate,buy-residential
۰۹۱۱۲۹۲۰۰۸۴,کلاچای,kelachay,real-estate,buy-residential
۰۹۱۱۹۴۴۵۲۷۹,کلاچای,kelachay,real-estate,buy-residential
۰۹۳۳۶۳۳۱۶۱۷,کلاچای,kelachay,real-estate,buy-residential
۰۹۱۱۳۴۲۳۲۶۷,کلاچای,kelachay,real-estate,buy-residential
۰۹۳۵۶۲۸۱۷۷۵,کلاچای,kelachay,real-estate,buy-residential
۰۹۱۷۲۱۱۱۸۴۹,کلاچای,kelachay,real-estate,buy-residential
۰۹۱۷۲۱۱۱۸۴۹,کلاچای,kelachay,real-estate,buy-residential
۰۹۳۷۲۷۲۳۹۱۴,کلاچای,kelachay,real-estate,buy-residential
۰۹۹۰۰۸۷۳۶۸۲,کلاچای,kelachay,real-estate,buy-residential
۰۹۳۷۲۰۸۱۳۷۳,کلاچای,kelachay,real-estate,buy-residential
۰۹۳۶۴۴۸۰۰۱۲,کلاچای,kelachay,real-estate,buy-residential
۰۹۱۱۱۴۴۱۵۳۲,کلاچای,kelachay,real-estate,buy-residential
۰۹۱۱۹۴۳۹۳۵۳,کلاچای,kelachay,real-estate,buy-residential
۰۹۱۰۹۹۱۸۲۴۵,کلاچای,kelachay,real-estate,buy-residential
۰۹۱۲۳۵۴۵۹۹۱,کلاچای,kelachay,real-estate,buy-residential
۰۹۱۰۱۴۰۱۹۰۶,کلاچای,kelachay,real-estate,buy-residential
۰۹۱۹۳۸۵۰۵۱۰,کلاچای,kelachay,real-estate,buy-residential
۰۹۰۳۶۲۰۳۳۱۰,کلاچای,kelachay,real-estate,buy-residential
۰۹۰۳۰۴۱۳۷۳۴,کلاچای,kelachay,real-estate,buy-residential
۰۹۱۱۶۱۱۹۰۰۸,کلاچای,kelachay,real-estate,buy-residential
۰۹۲۲۲۴۶۶۰۸۴,کلاچای,kelachay,real-estate,buy-residential
۰۹۳۰۸۳۲۳۳۸۳,کلاچای,kelachay,real-estate,buy-residential
۰۹۱۱۳۴۴۲۳۶۴,کلاچای,kelachay,real-estate,buy-residential
۰۹۱۱۳۴۴۲۳۶۴,کلاچای,kelachay,real-estate,buy-residential
۰۹۱۱۳۴۴۲۳۶۴,کلاچای,kelachay,real-estate,buy-residential
۰۹۱۱۳۴۴۲۳۶۴,کلاچای,kelachay,real-estate,buy-residential
۰۹۰۲۸۹۴۸۸۵۵,کلاچای,kelachay,real-estate,buy-residential
۰۹۰۳۰۴۱۳۷۳۴,کلاچای,kelachay,real-estate,buy-residential
۰۹۱۱۵۵۲۲۳۲۵,کلاچای,kelachay,real-estate,buy-residential
۰۹۱۱۲۴۳۲۱۵۴,کلاچای,kelachay,real-estate,buy-residential
۰۹۰۳۰۴۱۳۷۳۴,کلاچای,kelachay,real-estate,buy-residential
۰۹۰۳۰۴۱۳۷۳۴,کلاچای,kelachay,real-estate,buy-residential
۰۹۹۰۵۲۷۸۵۴۰,کلاچای,kelachay,real-estate,buy-residential
۰۹۰۳۰۴۱۳۷۳۴,کلاچای,kelachay,real-estate,buy-residential
۰۹۹۰۳۳۳۷۶۲۰,کلاچای,kelachay,real-estate,buy-residential
۰۹۱۱۳۴۵۱۲۰۵,کلاچای,kelachay,real-estate,buy-residential
۰۹۳۹۱۹۸۴۰۲۴,کلاچای,kelachay,real-estate,rent-residential
۰۹۱۱۵۴۵۳۱۴۰,کلاچای,kelachay,real-estate,rent-residential
۰۹۲۱۰۱۴۹۰۹۵,کلاچای,kelachay,real-estate,rent-residential
۰۹۱۱۴۸۰۳۷۱۴,کلاچای,kelachay,real-estate,buy-commercial-property
۰۹۱۱۸۳۲۵۸۴۱,کلاچای,kelachay,real-estate,buy-commercial-property
۰۹۱۱۱۳۸۷۸۴۵,کلاچای,kelachay,real-estate,buy-commercial-property
۰۹۳۸۱۹۵۳۷۲۸,کلاچای,kelachay,real-estate,buy-commercial-property
۰۹۱۱۳۴۱۸۴۹۰,کلاچای,kelachay,real-estate,buy-commercial-property
۰۹۳۵۲۴۳۶۶۲۵,کلاچای,kelachay,real-estate,buy-commercial-property
۰۹۱۲۷۵۰۳۱۶۰,کلاچای,kelachay,real-estate,buy-commercial-property
۰۹۱۱۲۴۳۶۹۲۰,کلاچای,kelachay,real-estate,buy-commercial-property
۰۹۱۱۲۴۳۶۹۲۰,کلاچای,kelachay,real-estate,buy-commercial-property
۰۹۱۱۸۴۶۲۸۱۹,کلاچای,kelachay,real-estate,buy-commercial-property
۰۹۳۹۹۶۱۵۶۳۶,کلاچای,kelachay,real-estate,buy-commercial-property
۰۹۱۱۴۳۳۳۶۰۳,کلاچای,kelachay,real-estate,buy-commercial-property
۰۹۱۲۵۲۲۶۹۵۴,کلاچای,kelachay,real-estate,rent-commercial-property
۰۹۰۳۹۶۱xxxx,کلاچای,kelachay,real-estate,rent-temporary
۰۹۱۲۲۹۴۹۲۱۱,کلاچای,kelachay,real-estate,rent-temporary
۰۹۱۱۹۴۶۹۸۴۱,کلاچای,kelachay,real-estate,real-estate-services
۰۹۳۶۵۵۰۹۷۳۰,کلاچای,kelachay,real-estate,real-estate-services
۰۹۱۱۶۲۸۶۶۱۲,کلاچای,kelachay,real-estate,real-estate-services
۰۹۰۳۷۸۹۷۹۷۳,کلاچای,kelachay,real-estate,real-estate-services
۰۹۳۶۸۳۷۹۱۱۰,کلاچای,kelachay,vehicles,auto
۰۹۲۲۳۴۸۵۳۴۷,کلاچای,kelachay,vehicles,auto
۰۹۱۱۱۴۴۵۶۷۵,کلاچای,kelachay,vehicles,auto
۰۹۱۱۲۴۱۹۸۳۶,کلاچای,kelachay,vehicles,auto
۰۹۱۱۵۶۲۹۲۶۶,کلاچای,kelachay,vehicles,auto
۰۹۰۵۵۷۳۵۱۰۲,کلاچای,kelachay,vehicles,auto
۰۹۱۱۶۴۹۸۰۱۵,کلاچای,kelachay,vehicles,auto
۰۹۱۱۸۷۶۶۶۸۷,کلاچای,kelachay,vehicles,auto
۰۹۰۳۵۳۴۶۹۰۷,کلاچای,kelachay,vehicles,auto
۰۹۳۶۱۲۹۳۰۲۶,کلاچای,kelachay,vehicles,auto
۰۹۰۳۲۹۵۲۱۶۸,کلاچای,kelachay,vehicles,auto
۰۹۱۱۲۴۳۶۹۱۴,کلاچای,kelachay,vehicles,auto
۰۹۲۱۱۵۳۰۰۴۵,کلاچای,kelachay,vehicles,auto
۰۹۳۰۳۶۶۰۵۰۰,کلاچای,kelachay,vehicles,auto
۰۹۱۱۳۴۴۵۰۹۱,کلاچای,kelachay,vehicles,auto
۰۹۱۰۱۰۴۰۷۹۳,کلاچای,kelachay,vehicles,auto
۰۹۳۷۰۹۳۷۱۰۶,کلاچای,kelachay,vehicles,auto
۰۹۱۱۳۴۴۵۰۹۱,کلاچای,kelachay,vehicles,auto
۰۹۳۵۶۲۸۲۸۳۸,کلاچای,kelachay,vehicles,car-accessories
۰۹۱۱۱۴۵۰۹۷۸,کلاچای,kelachay,vehicles,car-accessories
۰۹۳۵۱۲۵۹۷۴۰,کلاچای,kelachay,vehicles,car-accessories
۰۹۱۱۹۴۲۶۲۹۸,کلاچای,kelachay,vehicles,car-accessories
۰۹۱۱۹۴۲۶۲۹۸,کلاچای,kelachay,vehicles,car-accessories
۰۹۱۱۹۴۲۶۲۹۸,کلاچای,kelachay,vehicles,car-accessories
۰۹۱۱۳۴۴۸۷۹۲,کلاچای,kelachay,vehicles,car-accessories
۰۹۳۵۲۴۳۶۶۲۵,کلاچای,kelachay,vehicles,car-accessories
۰۹۰۱۴۶۹۴۳۰۰,کلاچای,kelachay,vehicles,car-accessories
۰۹۳۰۵۵۹۸۵۰۷,کلاچای,kelachay,vehicles,car-accessories
۰۹۳۶۱۱۵۷۶۱۰,کلاچای,kelachay,vehicles,car-accessories
۰۹۱۱۳۴۴۵۰۹۱,کلاچای,kelachay,vehicles,car-accessories
۰۹۱۲۲۴۷۲۴۴۹,کلاچای,kelachay,vehicles,car-accessories
۰۹۱۲۲۴۷۲۴۴۹,کلاچای,kelachay,vehicles,car-accessories
۰۹۳۹۲۰۸۱۴۵۳,کلاچای,kelachay,vehicles,motorcycles
۰۹۳۸۵۲۵۸۴۹۶,کلاچای,kelachay,vehicles,motorcycles
۰۹۱۱۵۰۰۵۸۷۲,کلاچای,kelachay,vehicles,motorcycles
۰۹۱۱۱۴۵۲۷۶۲,کلاچای,kelachay,vehicles,motorcycles
۰۹۱۱۶۹۴۱۰۲۷,کلاچای,kelachay,electronic-devices,mobile-tablet
۰۹۳۵۵۷۷۳۹۵۸,کلاچای,kelachay,electronic-devices,mobile-tablet
۰۹۱۱۸۸۸۳۱۸۷,کلاچای,kelachay,electronic-devices,mobile-tablet
(پنهان‌شده؛ چت کنید),کلاچای,kelachay,electronic-devices,mobile-tablet
۰۹۱۱۱۴۴۸۲۱۷,کلاچای,kelachay,electronic-devices,mobile-tablet
۰۹۳۹۹۶۱۵۶۳۶,کلاچای,kelachay,electronic-devices,mobile-tablet
۰۹۰۵۸۲۲۱۹۴۴,کلاچای,kelachay,electronic-devices,mobile-tablet
۰۹۳۵۱۵۵۷۰۰۵,کلاچای,kelachay,electronic-devices,mobile-tablet
۰۹۳۵۱۵۵۷۰۰۵,کلاچای,kelachay,electronic-devices,mobile-tablet
(پنهان‌شده؛ چت کنید),کلاچای,kelachay,electronic-devices,computers
۰۹۲۲۷۹۹۶۳۹۲,کلاچای,kelachay,electronic-devices,game-consoles
۰۹۱۹۹۲۴۴۹۰۶,کلاچای,kelachay,electronic-devices,video-audio-device
۰۹۱۲۲۴۷۲۴۴۹,کلاچای,kelachay,electronic-devices,video-audio-device
(پنهان‌شده؛ چت کنید),کلاچای,kelachay,electronic-devices,telephone
۰۹۲۱۶۴۶۲۶۱۸,کلاچای,kelachay,home-and-kitchen,home-decor-furniture
۰۹۱۱۱۴۴۷۴۰۲,کلاچای,kelachay,home-and-kitchen,home-decor-furniture
(پنهان‌شده؛ چت کنید),کلاچای,kelachay,home-and-kitchen,home-decor-furniture
۰۹۹۱۰۵۲۴۲۲۹,کلاچای,kelachay,home-and-kitchen,home-decor-furniture
(پنهان‌شده؛ چت کنید),کلاچای,kelachay,home-and-kitchen,home-decor-furniture
۰۹۳۰۴۰۵۱۱۴۷,کلاچای,kelachay,home-and-kitchen,home-decor-furniture
۰۹۱۳۹۶۵۹۱۹۴,کلاچای,kelachay,home-and-kitchen,home-decor-furniture
۰۹۱۱۶۷۱۱۳۲۳,کلاچای,kelachay,home-and-kitchen,home-decor-furniture
۰۹۱۱۱۴۰۳۸۰۳,کلاچای,kelachay,home-and-kitchen,home-decor-furniture
۰۹۱۱۹۴۳۹۲۲۶,کلاچای,kelachay,home-and-kitchen,home-decor-furniture
۰۹۱۱۳۴۳۳۶۷۳,کلاچای,kelachay,home-and-kitchen,home-decor-furniture
۰۹۱۱۴۴۵۸۸۵۰,کلاچای,kelachay,home-and-kitchen,home-decor-furniture
۰۹۳۶۲۰۹۸۴۶۶,کلاچای,kelachay,home-and-kitchen,home-decor-furniture
۰۹۲۱۰۹۰۶۲۶۴,کلاچای,kelachay,home-and-kitchen,home-decor-furniture
۰۹۲۱۰۹۰۶۲۶۴,کلاچای,kelachay,home-and-kitchen,home-decor-furniture
۰۹۱۱۹۴۲xxxx,کلاچای,kelachay,home-and-kitchen,kitchen-appliances
۰۹۱۱۹۴۲۶۲۹۸,کلاچای,kelachay,home-and-kitchen,home-appliances
۰۹۱۸۲۷۱۰۷۰۱,کلاچای,kelachay,home-and-kitchen,building-garden
۰۹۳۷۳۸۳۷۴۸۲,کلاچای,kelachay,home-and-kitchen,building-garden
۰۹۳۰۴۳۷۶۲۳۲,کلاچای,kelachay,home-and-kitchen,building-garden
(پنهان‌شده؛ چت کنید),کلاچای,kelachay,home-and-kitchen,building-garden
۰۹۱۱۲۴۱۲۶۹۷,کلاچای,kelachay,home-and-kitchen,building-garden
۰۹۱۱۹۴۲۶۲۵۲,کلاچای,kelachay,home-and-kitchen,building-garden
۰۹۱۱۸۲۵۵۷۵۲,کلاچای,kelachay,services,vehicles-services
۰۹۳۵۲۶۴۸۷۴۸,کلاچای,kelachay,services,vehicles-services
۰۹۳۰۱۲۷۴۲۵۱,کلاچای,kelachay,services,vehicles-services
۰۹۱۱۳۴۴۵۰۹۱,کلاچای,kelachay,services,catering-services
۰۹۹۰۳۱۳۱۱۵۸,کلاچای,kelachay,services,technology-services
۰۹۳۸۸۴۸۵۰۷۰,کلاچای,kelachay,services,technology-services
۰۹۰۵۴۳۲۹۸۱۵,کلاچای,kelachay,services,technology-services
۰۹۰۵۴۳۲۹۸۱۵,کلاچای,kelachay,services,technology-services
۰۹۹۱۹۰۰۶۶۹۴,کلاچای,kelachay,services,financial-services
۰۹۹۲۷۸۸۱۴۰۹,کلاچای,kelachay,services,financial-services
۰۹۳۷۴۱۸۰۴۹۶,کلاچای,kelachay,services,craft-skill-services
۰۹۳۷۴۱۸۰۴۹۶,کلاچای,kelachay,services,craft-skill-services
۰۹۳۷۴۱۸۰۴۹۶,کلاچای,kelachay,services,craft-skill-services
۰۹۳۷۴۱۸۰۴۹۶,کلاچای,kelachay,services,craft-skill-services
۰۹۳۷۴۱۸۰۴۹۶,کلاچای,kelachay,services,craft-skill-services
۰۹۱۱۶۰۱۳۵۹۱,کلاچای,kelachay,services,craft-skill-services
۰۹۳۹۷۰۵۷۹۹۹,کلاچای,kelachay,services,beauty-services
۰۹۱۱۵۴۶۱۸۲۶,کلاچای,kelachay,services,cleaning-services
۰۹۱۱۱۴۴۵۶۷۵,کلاچای,kelachay,services,gardening-services
۰۹۱۱۸۸۸۳۱۸۷,کلاچای,kelachay,services,gardening-services
۰۹۱۱۸۸۶۱۳۷۴,کلاچای,kelachay,services,gardening-services
۰۹۰۳۷۰۹۷۰۸۱,کلاچای,kelachay,services,gardening-services
۰۹۹۱۱۱۲۰۰۵۲,کلاچای,kelachay,services,teaching-services
۰۹۹۸۱۱۵۱۶۱۲,کلاچای,kelachay,services,teaching-services
۰۹۱۲۱۲۰۵۹۹۹,کلاچای,kelachay,personal-goods,apparel
۰۹۱۲۱۲۰۵۹۹۹,کلاچای,kelachay,personal-goods,apparel
(پنهان‌شده؛ چت کنید),کلاچای,kelachay,personal-goods,apparel
۰۹۱۱۶۱۶۷۹۷۶,کلاچای,kelachay,personal-goods,apparel
۰۹۳۰۷۱۵۸۴۰۶,کلاچای,kelachay,personal-goods,apparel
۰۹۰۲۳۷۸۶۵۶۱,کلاچای,kelachay,personal-goods,apparel
۰۹۳۶۵۰۰۱۳۶۸,کلاچای,kelachay,personal-goods,apparel
۰۹۹۱۷۳۸۰۲۹۱,کلاچای,kelachay,personal-goods,apparel
۰۹۰۱۸۳۷۳۹۰۶,کلاچای,kelachay,personal-goods,apparel
۰۹۰۱۸۳۷۳۹۰۶,کلاچای,kelachay,personal-goods,apparel
۰۹۳۷۸۲۵۲۱۴۷,کلاچای,kelachay,personal-goods,apparel
۰۹۱۸۴۱۰۲۳۱۷,کلاچای,kelachay,personal-goods,apparel
۰۹۰۱۸۳۷۳۹۰۶,کلاچای,kelachay,personal-goods,apparel
۰۹۰۱۸۳۷۳۹۰۶,کلاچای,kelachay,personal-goods,apparel
۰۹۰۱۸۳۷۳۹۰۶,کلاچای,kelachay,personal-goods,apparel
۰۹۰۱۸۳۷۳۹۰۶,کلاچای,kelachay,personal-goods,apparel
۰۹۰۱۸۳۷۳۹۰۶,کلاچای,kelachay,personal-goods,apparel
۰۹۱۱۸۱۹۹۰۵۶,کلاچای,kelachay,personal-goods,apparel
۰۹۰۲۳۱۴۰۳۲۶,کلاچای,kelachay,personal-goods,apparel
۰۹۱۱۳۴۴۵۰۹۱,کلاچای,kelachay,personal-goods,apparel
۰۹۳۵۷۸۳۳۴۴۰,کلاچای,kelachay,personal-goods,apparel
۰۹۹۲۸۳۸۶۲۳۶,کلاچای,kelachay,personal-goods,apparel
۰۹۰۵۰۴۳۵۴۲۱,کلاچای,kelachay,personal-goods,apparel
۰۹۰۵۰۴۳۵۴۲۱,کلاچای,kelachay,personal-goods,apparel
۰۹۰۵۸۵۲۸۱۵۲,کلاچای,kelachay,personal-goods,apparel
۰۹۱۱۶۰۰۳۸۵۴,کلاچای,kelachay,personal-goods,apparel
۰۹۳۸۱۶۴۶۹۰۱,کلاچای,kelachay,personal-goods,accessories
۰۹۲۲۴۹۵۵۹۳۰,کلاچای,kelachay,personal-goods,beauty-and-personal-care
۰۹۱۹۹۲۴۴۹۰۶,کلاچای,kelachay,personal-goods,beauty-and-personal-care
۰۹۱۱۹۴۵۲۳۲۸,کلاچای,kelachay,personal-goods,child-apparel
۰۹۱۱۸۱۹۹۰۵۶,کلاچای,kelachay,personal-goods,child-products
۰۹۳۹۷۰۵۷۹۹۹,کلاچای,kelachay,personal-goods,child-products
۰۹۰۱۰۲۷۸۷۰۴,کلاچای,kelachay,entertainment,bike-skate-scooter
۰۹۱۱۴۳۰۷۷۰۵,کلاچای,kelachay,entertainment,bike-skate-scooter
۰۹۳۰۱۱۰۵۳۲۹,کلاچای,kelachay,entertainment,bike-skate-scooter
۰۹۳۰۱۱۰۵۳۲۹,کلاچای,kelachay,entertainment,bike-skate-scooter
۰۹۳۰۰۵۴۱۶۴۱,کلاچای,kelachay,entertainment,pets-animals
۰۹۱۱۲۴۳۶۲۴۹,کلاچای,kelachay,entertainment,pets-animals
۰۹۱۱۸۰۱۳۰۶۱,کلاچای,kelachay,entertainment,pets-animals
۰۹۰۲۵۸۷۹۷۶۸,کلاچای,kelachay,entertainment,pets-animals
۰۹۱۱۱۴۳۸۲۸۰,کلاچای,kelachay,entertainment,pets-animals
۰۹۱۵۲۵۱۹۴۱۶,کلاچای,kelachay,entertainment,collecting
۰۹۲۲۴۹۵۵۹۳۰,کلاچای,kelachay,entertainment,musical-instruments
۰۹۰۳۹۶۱۷۴۰۶,کلاچای,kelachay,entertainment,musical-instruments
۰۹۰۱۳۹۴۲۵۹۳,کلاچای,kelachay,entertainment,musical-instruments
۰۹۳۰۱۱۰۵۳۲۹,کلاچای,kelachay,entertainment,musical-instruments
۰۹۲۲۵۰۵۲۶۳۷,کلاچای,kelachay,social-services,event
۰۹۹۲۷۷۰۲۱۱۷,کلاچای,kelachay,social-services,event
۰۹۰۲۳۷۸۶۵۶۱,کلاچای,kelachay,social-services,event
۰۹۹۱۷۳۸۰۲۹۱,کلاچای,kelachay,social-services,event
۰۹۱۱۳۴۵۱۱۹۱,کلاچای,kelachay,businesses,business-equipment
(پنهان‌شده؛ چت کنید),کلاچای,kelachay,businesses,business-equipment
(پنهان‌شده؛ چت کنید),کلاچای,kelachay,businesses,business-equipment
۰۹۱۱۵۵۱۱۱۲۴,کلاچای,kelachay,businesses,business-equipment
۰۹۳۵۲۸۷۱۴۳۹,کلاچای,kelachay,businesses,business-equipment
۰۹۳۸۶۱۶۲۲۳۸,کلاچای,kelachay,businesses,business-equipment
۰۹۱۹۷۸۸۸۷۱۹,کلاچای,kelachay,businesses,business-equipment
۰۹۱۱۸۰۶۱۱۹۶,کلاچای,kelachay,businesses,business-equipment
۰۹۱۱۴۶۳۹۷۸۸,کلاچای,kelachay,businesses,business-equipment
۰۹۹۲۷۸۵۶۴۸۴,کلاچای,kelachay,businesses,business-equipment
۰۹۳۸۱۹۰۷۹۱۶,کلاچای,kelachay,businesses,business-equipment
۰۹۱۱۹۴۲۶۲۵۲,کلاچای,kelachay,businesses,business-equipment
۰۹۰۲۰۵۵۲۳۰۷,کلاچای,kelachay,businesses,business-equipment
۰۹۹۲۷۹۲۰۹۸۰,کلاچای,kelachay,businesses,business-equipment
۰۹۱۱۷۰۵۱۹۱۶,کلاچای,kelachay,businesses,business-equipment
۰۹۳۶۳۸۷۲۶۴۳,کلاچای,kelachay,businesses,business-equipment
۰۹۳۶۳۸۷۲۶۴۳,کلاچای,kelachay,businesses,business-equipment
۰۹۳۸۱۹۰۳۹۶۰,کلاچای,kelachay,businesses,business-equipment
۰۹۹۲۴۶۱۰۴۸۰,کلاچای,kelachay,businesses,business-equipment
۰۹۳۶۳۸۷۲۶۴۳,کلاچای,kelachay,businesses,business-equipment
۰۹۱۱۲۴۳۱۵۷۹,کلاچای,kelachay,businesses,wholesale
۰۹۰۵۶۹۳۰۵۴۰,کلاچای,kelachay,businesses,wholesale
۰۹۹۱۷۲۹۳۴۰۱,کلاچای,kelachay,businesses,wholesale
۰۹۱۱۲۴۳۱۵۷۹,کلاچای,kelachay,businesses,wholesale
۰۹۳۰۹۶۳۱۷۷۳,کلاچای,kelachay,businesses,wholesale
۰۹۹۲۸۷۷۶۷۴۸,کلاچای,kelachay,businesses,wholesale
۰۹۳۹۹۸۳۱۴۰۳,کلاچای,kelachay,businesses,wholesale
۰۹۳۷۶۲۴۶۹۵۷,کلاچای,kelachay,businesses,wholesale
۰۹۰۵۶۴۸۳۷۲۷,کلاچای,kelachay,businesses,wholesale
۰۹۱۸۹۵۱۷۸۹۸,کلاچای,kelachay,businesses,wholesale
۰۹۱۱۵۳۵۶۵۱۸,کلاچای,kelachay,businesses,wholesale
۰۹۱۱۳۴۲۸۶۰۷,کلاچای,kelachay,businesses,wholesale
۰۹۰۵۴۱۸۹۰۵۲,کلاچای,kelachay,businesses,wholesale
۰۹۱۱۳۴۴۵۰۹۱,کلاچای,kelachay,businesses,wholesale
۰۹۳۳۱۸۷۷۹۲۲,کلاچای,kelachay,businesses,wholesale
۰۹۱۱۳۴۴۵۰۹۱,کلاچای,kelachay,businesses,wholesale
۰۹۱۱۳۴۴۵۰۹۱,کلاچای,kelachay,businesses,wholesale
۰۹۱۱۸۴۲۲۴۸۴,کلاچای,kelachay,businesses,wholesale
۰۹۳۵۶۰۸۷۶۸۲,کلاچای,kelachay,businesses,wholesale
۰۹۱۸۲۱۰۸۴۳۲,کلاچای,kelachay,businesses,wholesale
۰۹۳۵۹۶۰۱۶۱۹,کلاچای,kelachay,businesses,wholesale
