۰۹۳۶۸۵۷۵۷۱۲,کردکوی,kordkuy,jobs,art-media-jobs
۰۹۱۱۳۸۰۲۷۴۴,کردکوی,kordkuy,real-estate,buy-residential
۰۹۰۱۶۷۹۲۸۷۹,کردکوی,kordkuy,real-estate,buy-residential
۰۹۱۱۳۷۱۵۱۸۱,کردکوی,kordkuy,real-estate,buy-residential
۰۹۱۱۵۱۷۲۸۴۵,کردکوی,kordkuy,real-estate,buy-residential
۰۹۱۱۹۶۲۹۲۰۳,کردکوی,kordkuy,real-estate,buy-residential
۰۹۱۱۷۷۰۷۱۳۴,کردکوی,kordkuy,real-estate,buy-residential
۰۹۱۱۱۷۵۱۵۰۵,کردکوی,kordkuy,real-estate,buy-residential
۰۹۱۱۴۰۸۰۳۵۱,کردکوی,kordkuy,real-estate,buy-residential
۰۹۱۱۵۱۷۲۸۴۵,کردکوی,kordkuy,real-estate,buy-residential
۰۹۱۸۶۵۶۴۱۵۱,کردکوی,kordkuy,real-estate,buy-residential
۰۹۱۹۱۲۳۷۷۴۹,کردکوی,kordkuy,real-estate,buy-residential
۰۹۱۱۱۷۵۱۵۰۵,کردکوی,kordkuy,real-estate,buy-residential
۰۹۱۱۷۹۳۴۸۸۵,کردکوی,kordkuy,real-estate,buy-residential
۰۹۱۰۸۸۳۴۹۲۲,کردکوی,kordkuy,real-estate,buy-residential
۰۹۱۱۱۷۵۱۵۰۵,کردکوی,kordkuy,real-estate,buy-residential
۰۹۱۱۱۷۵۱۵۰۵,کردکوی,kordkuy,real-estate,buy-residential
۰۹۱۱۷۷۰۹۵۸۸,کردکوی,kordkuy,real-estate,buy-residential
۰۹۱۷۴۰۹۶۲۳۷,کردکوی,kordkuy,real-estate,buy-residential
۰۹۱۱۷۷۰۹۵۸۸,کردکوی,kordkuy,real-estate,buy-residential
۰۹۱۱۷۷۰۹۵۸۸,کردکوی,kordkuy,real-estate,buy-residential
۰۹۳۳۷۵۲۳۳۲۲,کردکوی,kordkuy,real-estate,buy-residential
۰۹۳۰۵۰۶۱۶۶۹,کردکوی,kordkuy,real-estate,buy-residential
۰۹۱۱۹۷۰۱۸۸۳,کردکوی,kordkuy,real-estate,buy-residential
۰۹۰۵۶۹۵۱۲۳۷,کردکوی,kordkuy,real-estate,buy-residential
۰۹۱۱۱۷۵۱۵۰۵,کردکوی,kordkuy,real-estate,buy-residential
۰۹۳۶۹۲۵۰۴۳۰,کردکوی,kordkuy,real-estate,buy-residential
۰۹۰۵۵۳۹۴۶۳۵,کردکوی,kordkuy,real-estate,buy-residential
۰۹۳۶۰۱۴۳۲۲۴,کردکوی,kordkuy,real-estate,buy-residential
۰۹۳۷۰۹۷۲۱۵۱,کردکوی,kordkuy,real-estate,buy-residential
۰۹۱۱۷۸۹۰۹۱۱,کردکوی,kordkuy,real-estate,buy-residential
۰۹۱۲۸۹۳۲۷۹۰,کردکوی,kordkuy,real-estate,buy-residential
۰۹۰۱۱۷۳۱۷۹۰,کردکوی,kordkuy,real-estate,buy-residential
۰۹۱۱۲۷۱۳۴۹۸,کردکوی,kordkuy,real-estate,buy-residential
۰۹۹۱۸۸۲۸۵۶۵,کردکوی,kordkuy,real-estate,buy-residential
۰۹۳۰۳۱۲۳۲۱۹,کردکوی,kordkuy,real-estate,buy-residential
۰۹۱۵۳۲۵۰۹۵۶,کردکوی,kordkuy,real-estate,buy-residential
۰۹۱۱۲۷۱۳۴۹۸,کردکوی,kordkuy,real-estate,buy-residential
۰۹۱۱۹۷۵۹۴۶۵,کردکوی,kordkuy,real-estate,buy-residential
۰۹۱۱۱۷۵۱۵۰۵,کردکوی,kordkuy,real-estate,buy-residential
۰۹۳۰۲۸۶۰۳۳۷,کردکوی,kordkuy,real-estate,buy-residential
۰۹۱۱۷۷۰۹۵۸۸,کردکوی,kordkuy,real-estate,buy-residential
۰۹۱۱۷۷۰۹۵۸۸,کردکوی,kordkuy,real-estate,buy-residential
۰۹۱۱۷۷۰۹۵۸۸,کردکوی,kordkuy,real-estate,buy-residential
۰۹۱۱۷۷۰۹۵۸۸,کردکوی,kordkuy,real-estate,buy-residential
۰۹۱۱۷۷۲۳۳۰۹,کردکوی,kordkuy,real-estate,buy-residential
۰۹۳۹۱۲۵۲۷۷۴,کردکوی,kordkuy,real-estate,buy-residential
۰۹۰۵۳۱۷۲۰۱۹,کردکوی,kordkuy,real-estate,buy-residential
۰۹۱۱۱۷۵۱۵۰۵,کردکوی,kordkuy,real-estate,buy-residential
۰۹۱۱۱۷۵۱۵۰۵,کردکوی,kordkuy,real-estate,buy-residential
۰۹۳۶۴۷۹۶۶۲۴,کردکوی,kordkuy,real-estate,buy-residential
۰۹۰۱۱۷۱۲۸۴۰,کردکوی,kordkuy,real-estate,buy-residential
۰۹۳۶۱۹۴۳۷۸۲,کردکوی,kordkuy,real-estate,buy-residential
۰۹۹۰۰۸۵۸۷۹۳,کردکوی,kordkuy,real-estate,buy-residential
۰۹۰۲۷۸۷۱۶۴۹,کردکوی,kordkuy,real-estate,buy-residential
۰۹۱۱۳۷۸۷۹۰۴,کردکوی,kordkuy,real-estate,buy-residential
۰۹۱۱۳۷۷۲۵۵۷,کردکوی,kordkuy,real-estate,buy-residential
۰۹۱۱۱۷۵۱۵۰۵,کردکوی,kordkuy,real-estate,buy-residential
۰۹۱۹۰۲۹۹۶۲۵,کردکوی,kordkuy,real-estate,buy-residential
۰۹۳۸۹۷۰۷۱۲۲,کردکوی,kordkuy,real-estate,buy-residential
۰۹۳۸۹۴۸۶۴۴۶,کردکوی,kordkuy,real-estate,buy-residential
۰۹۱۱۹۴۷۴۷۹۵,کردکوی,kordkuy,real-estate,buy-residential
۰۹۱۱۳۷۳۱۳۳۳,کردکوی,kordkuy,real-estate,buy-residential
۰۹۱۱۳۷۱۶۵۰۶,کردکوی,kordkuy,real-estate,buy-residential
۰۹۱۱۱۷۵۱۵۰۵,کردکوی,kordkuy,real-estate,buy-residential
۰۹۱۱۳۷۳۳۳۵۰,کردکوی,kordkuy,real-estate,buy-residential
۰۹۳۰۲۸۶۷۴۷۴,کردکوی,kordkuy,real-estate,buy-residential
۰۹۹۰۷۱۸۰۹۱۱,کردکوی,kordkuy,real-estate,buy-residential
۰۹۱۱۲۷۳۱۲۱۷,کردکوی,kordkuy,real-estate,buy-residential
۰۹۱۱۱۷۵۱۵۰۵,کردکوی,kordkuy,real-estate,buy-residential
۰۹۱۱۷۲۵۹۰۷۳,کردکوی,kordkuy,real-estate,buy-residential
۰۹۱۱۱۷۵۱۵۰۵,کردکوی,kordkuy,real-estate,rent-residential
۰۹۱۹۰۷۲۱۲۴۶,کردکوی,kordkuy,real-estate,rent-residential
۰۹۱۱۱۷۵۱۵۰۵,کردکوی,kordkuy,real-estate,rent-residential
۰۹۱۱۱۷۵۱۵۰۵,کردکوی,kordkuy,real-estate,rent-residential
۰۹۱۱۷۷۰۹۵۸۸,کردکوی,kordkuy,real-estate,rent-residential
۰۹۱۱۱۷۵۱۵۰۵,کردکوی,kordkuy,real-estate,rent-residential
۰۹۱۱۷۷۰۹۵۸۸,کردکوی,kordkuy,real-estate,rent-residential
۰۹۱۱۳۷۳۳۱۶۷,کردکوی,kordkuy,real-estate,rent-residential
۰۹۱۱۱۷۵۱۵۰۵,کردکوی,kordkuy,real-estate,rent-residential
۰۹۱۱۱۷۵۱۵۰۵,کردکوی,kordkuy,real-estate,rent-residential
۰۹۱۱۱۷۵۱۵۰۵,کردکوی,kordkuy,real-estate,rent-residential
۰۹۱۱۱۷۵۱۵۰۵,کردکوی,kordkuy,real-estate,rent-residential
۰۹۱۱۱۷۵۱۵۰۵,کردکوی,kordkuy,real-estate,rent-residential
۰۹۱۱۱۷۰۸۱۷۲,کردکوی,kordkuy,real-estate,rent-residential
۰۹۱۱۱۷۵۱۵۰۵,کردکوی,kordkuy,real-estate,rent-residential
۰۹۱۱۱۷۵۱۵۰۵,کردکوی,kordkuy,real-estate,rent-residential
۰۹۳۵۸۲۱۴۳۹۷,کردکوی,kordkuy,real-estate,rent-residential
۰۹۱۱۱۷۵۱۵۰۵,کردکوی,kordkuy,real-estate,rent-residential
۰۹۱۱۱۷۵۱۵۰۵,کردکوی,kordkuy,real-estate,rent-residential
۰۹۱۱۱۷۵۱۵۰۵,کردکوی,kordkuy,real-estate,rent-residential
۰۹۳۶۶۹۱۲۱۴۱,کردکوی,kordkuy,real-estate,rent-residential
۰۹۱۱۳۸۰۲۳۸۷,کردکوی,kordkuy,real-estate,rent-residential
۰۹۱۱۱۷۵۱۵۰۵,کردکوی,kordkuy,real-estate,rent-residential
۰۹۳۷۸۹۶۹۰۰۳,کردکوی,kordkuy,real-estate,rent-residential
۰۹۱۱۱۷۵۱۵۰۵,کردکوی,kordkuy,real-estate,rent-residential
۰۹۱۱۱۷۵۱۵۰۵,کردکوی,kordkuy,real-estate,rent-residential
۰۹۱۱۱۷۵۱۵۰۵,کردکوی,kordkuy,real-estate,rent-residential
۰۹۱۱۱۷۷۳۰۶۴,کردکوی,kordkuy,real-estate,rent-residential
۰۹۱۱۱۷۵۱۵۰۵,کردکوی,kordkuy,real-estate,rent-residential
۰۹۱۱۱۷۵۱۵۰۵,کردکوی,kordkuy,real-estate,rent-residential
۰۹۱۱۲۷۱۵۰۹۶,کردکوی,kordkuy,real-estate,rent-residential
۰۹۱۱۱۷۵۱۵۰۵,کردکوی,kordkuy,real-estate,rent-residential
۰۹۱۱۱۷۵۱۵۰۵,کردکوی,kordkuy,real-estate,rent-residential
۰۹۱۱۱۷۰۷۹۱۲,کردکوی,kordkuy,real-estate,buy-commercial-property
۰۹۱۱۲۷۸۱۸۹۳,کردکوی,kordkuy,real-estate,buy-commercial-property
۰۹۱۹۶۴۴۲۰۴۹,کردکوی,kordkuy,real-estate,buy-commercial-property
۰۹۱۱۷۶۹۳۳۸۳,کردکوی,kordkuy,real-estate,buy-commercial-property
۰۹۱۲۰۳۸۱۴۷۴,کردکوی,kordkuy,real-estate,buy-commercial-property
۰۹۱۱۷۶۹۳۳۸۳,کردکوی,kordkuy,real-estate,buy-commercial-property
۰۹۰۵۸۹۲۹۳۴۲,کردکوی,kordkuy,real-estate,buy-commercial-property
۰۹۱۱۱۷۷۵۲۴۳,کردکوی,kordkuy,real-estate,buy-commercial-property
۰۹۱۱۱۷۳۳۱۹۸,کردکوی,kordkuy,real-estate,buy-commercial-property
۰۹۱۱۱۷۵۱۵۰۵,کردکوی,kordkuy,real-estate,buy-commercial-property
۰۹۱۱۱۷۵۱۵۰۵,کردکوی,kordkuy,real-estate,buy-commercial-property
۰۹۱۱۱۷۵۱۵۰۵,کردکوی,kordkuy,real-estate,buy-commercial-property
۰۹۱۱۷۶۹۳۳۸۳,کردکوی,kordkuy,real-estate,buy-commercial-property
۰۹۱۱۱۷۵۱۵۰۵,کردکوی,kordkuy,real-estate,buy-commercial-property
۰۹۱۱۸۷۰۳۲۰۴,کردکوی,kordkuy,real-estate,buy-commercial-property
۰۹۳۶۳۸۸۱۸۶۲,کردکوی,kordkuy,real-estate,rent-commercial-property
۰۹۰۵۱۷۰۴۳۴۲,کردکوی,kordkuy,real-estate,rent-commercial-property
۰۹۱۱۱۷۵۱۵۰۵,کردکوی,kordkuy,real-estate,rent-commercial-property
۰۹۱۱۱۷۵۱۵۰۵,کردکوی,kordkuy,real-estate,rent-commercial-property
۰۹۱۱۱۷۵۱۵۰۵,کردکوی,kordkuy,real-estate,rent-commercial-property
۰۹۱۱۱۷۵۱۵۰۵,کردکوی,kordkuy,real-estate,rent-commercial-property
۰۹۱۱۱۷۵۱۵۰۵,کردکوی,kordkuy,real-estate,rent-commercial-property
۰۹۱۱۱۷۵۱۵۰۵,کردکوی,kordkuy,real-estate,rent-commercial-property
۰۹۱۱۱۷۵۱۵۰۵,کردکوی,kordkuy,real-estate,rent-commercial-property
۰۹۱۱۴۰۷۴۳۴۸,کردکوی,kordkuy,real-estate,rent-commercial-property
۰۹۳۹۱۷۰۲۳۵۹,کردکوی,kordkuy,real-estate,real-estate-services
۰۹۱۱۲۷۵۳۸۴۱,کردکوی,kordkuy,vehicles,auto
۰۹۳۶۵۸۵۴۳۸۲,کردکوی,kordkuy,vehicles,auto
۰۹۱۰۹۸۰۲۵۵۱,کردکوی,kordkuy,vehicles,auto
۰۹۹۰۳۶۶۰۲۹۵,کردکوی,kordkuy,vehicles,auto
۰۹۱۱۲۷۱۷۳۲۹,کردکوی,kordkuy,vehicles,auto
۰۹۳۰۲۸۶۷۶۸۴,کردکوی,kordkuy,vehicles,auto
۰۹۱۱۹۶۹۸۲۳۳,کردکوی,kordkuy,vehicles,auto
۰۹۱۱۳۷۰۱۱۲۳,کردکوی,kordkuy,vehicles,auto
۰۹۱۱۳۷۳۴۹۵۱,کردکوی,kordkuy,vehicles,auto
۰۹۱۵۴۴۶۱۳۲۹,کردکوی,kordkuy,vehicles,auto
۰۹۳۸۰۹۸۳۰۵۳,کردکوی,kordkuy,vehicles,auto
۰۹۳۸۰۹۸۳۰۵۳,کردکوی,kordkuy,vehicles,auto
۰۹۱۰۱۰۶۰۱۹۳,کردکوی,kordkuy,vehicles,auto
۰۹۱۸۳۸۴۸۹۴۹,کردکوی,kordkuy,vehicles,auto
۰۹۱۱۴۱۹۵۶۲۷,کردکوی,kordkuy,vehicles,auto
۰۹۱۰۵۹۶۵۶۹۹,کردکوی,kordkuy,vehicles,auto
۰۹۰۵۸۱۷۵۲۰۳,کردکوی,kordkuy,vehicles,auto
۰۹۱۱۳۷۸۳۱۳۴,کردکوی,kordkuy,vehicles,auto
۰۹۱۱۴۲۳۸۷۹۹,کردکوی,kordkuy,vehicles,auto
۰۹۱۲۰۱۹۶۷۹۸,کردکوی,kordkuy,vehicles,auto
۰۹۱۱۹۴۷۸۶۳۵,کردکوی,kordkuy,vehicles,auto
۰۹۰۵۵۱۸۴۶۰۹,کردکوی,kordkuy,vehicles,auto
۰۹۱۱۳۷۷۵۸۷۳,کردکوی,kordkuy,vehicles,auto
۰۹۳۹۳۷۷۷۱۹۱,کردکوی,kordkuy,vehicles,auto
۰۹۳۵۱۱۸۴۳۱۱,کردکوی,kordkuy,vehicles,auto
۰۹۱۱۹۶۷۴۲۹۸,کردکوی,kordkuy,vehicles,auto
۰۹۱۱۲۷۸۵۴۱۱,کردکوی,kordkuy,vehicles,auto
۰۹۳۸۳۰۵۲۹۱۲,کردکوی,kordkuy,vehicles,auto
۰۹۹۰۲۷۷۸۷۰۸,کردکوی,kordkuy,vehicles,auto
۰۹۱۱۲۶۸۳۴۵۴,کردکوی,kordkuy,vehicles,auto
۰۹۱۱۹۶۸۴۱۱۰,کردکوی,kordkuy,vehicles,auto
۰۹۱۲۴۰۵۳۶۳۱,کردکوی,kordkuy,vehicles,auto
۰۹۱۱۱۷۱۸۷۱۰,کردکوی,kordkuy,vehicles,auto
۰۹۱۱۹۶۵۳۴۹۹,کردکوی,kordkuy,vehicles,auto
۰۹۱۱۷۲۸۲۲۳۷,کردکوی,kordkuy,vehicles,auto
۰۹۳۶۷۴۷۹۱۹۸,کردکوی,kordkuy,vehicles,auto
۰۹۱۱۳۷۳۴۹۳۱,کردکوی,kordkuy,vehicles,auto
۰۹۱۱۳۷۳۴۹۱۱,کردکوی,kordkuy,vehicles,auto
۰۹۳۸۲۷۰۹۲۰۷,کردکوی,kordkuy,vehicles,auto
۰۹۰۵۰۴۸۲۱۴۰,کردکوی,kordkuy,vehicles,auto
۰۹۱۱۷۹۳۵۹۹۶,کردکوی,kordkuy,vehicles,auto
۰۹۱۱۴۱۱۹۱۰۳,کردکوی,kordkuy,vehicles,auto
۰۹۳۹۳۰۰۶۰۵۳,کردکوی,kordkuy,vehicles,car-accessories
۰۹۰۱۴۰۹۱۸۵۵,کردکوی,kordkuy,vehicles,car-accessories
۰۹۳۸۲۹۲۱۹۹۹,کردکوی,kordkuy,vehicles,car-accessories
۰۹۱۱۵۲۳۷۸۱۴,کردکوی,kordkuy,vehicles,car-accessories
۰۹۰۲۰۷۷۰۶۴۱,کردکوی,kordkuy,vehicles,car-accessories
۰۹۰۲۰۰۲۲۷۱۰,کردکوی,kordkuy,vehicles,car-accessories
۰۹۱۱۷۳۱۹۵۵۶,کردکوی,kordkuy,vehicles,car-accessories
۰۹۱۱۵۳۰۷۱۴۱,کردکوی,kordkuy,vehicles,car-accessories
۰۹۱۱۷۳۱۹۵۵۶,کردکوی,kordkuy,vehicles,car-accessories
۰۹۱۱۷۳۱۹۵۵۶,کردکوی,kordkuy,vehicles,car-accessories
۰۹۱۱۷۳۱۹۵۵۶,کردکوی,kordkuy,vehicles,car-accessories
۰۹۰۳۰۲۳۶۸۲۸,کردکوی,kordkuy,vehicles,car-accessories
۰۹۱۹۳۱۸۲۴۰۵,کردکوی,kordkuy,vehicles,car-accessories
۰۹۱۱۳۷۰۸۷۵۷,کردکوی,kordkuy,vehicles,car-accessories
۰۹۱۱۲۷۱۴۵۱۳,کردکوی,kordkuy,vehicles,car-accessories
۰۹۳۶۱۷۱۰۸۰۹,کردکوی,kordkuy,vehicles,car-accessories
۰۹۱۱۴۰۶۴۰۰۲,کردکوی,kordkuy,vehicles,car-accessories
۰۹۱۹۳۱۸۲۴۰۵,کردکوی,kordkuy,vehicles,car-accessories
۰۹۳۹۳۰۰۶۰۵۳,کردکوی,kordkuy,vehicles,car-accessories
۰۹۱۱۸۷۰۳۵۸۹,کردکوی,kordkuy,vehicles,car-accessories
۰۹۳۰۱۷۹۴۱۶۶,کردکوی,kordkuy,vehicles,car-accessories
۰۹۳۹۴۹۲۰۹۴۴,کردکوی,kordkuy,vehicles,car-accessories
۰۹۰۱۲۰۲۸۲۱۳,کردکوی,kordkuy,vehicles,car-accessories
۰۹۱۳۶۱۴۴۱۲۱,کردکوی,kordkuy,vehicles,car-accessories
۰۹۳۷۰۴۴۷۵۵۹,کردکوی,kordkuy,vehicles,car-accessories
۰۹۳۶۶۱۸۴۴۵۵,کردکوی,kordkuy,vehicles,car-accessories
۰۹۰۱۲۹۱۹۹۸۰,کردکوی,kordkuy,vehicles,car-accessories
۰۹۱۱۱۱۸۹۴۲۰,کردکوی,kordkuy,vehicles,car-accessories
۰۹۳۳۳۷۴۳۶۷۱,کردکوی,kordkuy,vehicles,motorcycles
۰۹۳۳۱۴۳۵۰۲۴,کردکوی,kordkuy,vehicles,motorcycles
۰۹۱۱۵۱۵۱۲۰۱,کردکوی,kordkuy,vehicles,motorcycles
۰۹۱۱۹۶۷۰۶۷۱,کردکوی,kordkuy,vehicles,motorcycles
۰۹۳۹۴۳۶۱۳۲۳,کردکوی,kordkuy,vehicles,motorcycles
۰۹۱۱۹۰۰۱۱۳۰,کردکوی,kordkuy,vehicles,motorcycles
۰۹۱۰۴۶۷۹۰۰۷,کردکوی,kordkuy,vehicles,motorcycles
۰۹۳۸۱۷۱۹۱۵۳,کردکوی,kordkuy,vehicles,motorcycles
۰۹۹۱۸۸۴۶۹۷۹,کردکوی,kordkuy,vehicles,motorcycles
۰۹۳۷۷۹۵۳۰۲۷,کردکوی,kordkuy,vehicles,motorcycles
۰۹۱۰۱۷۱۹۳۲۸,کردکوی,kordkuy,vehicles,motorcycles
۰۹۹۰۵۱۳۰۶۸۲,کردکوی,kordkuy,vehicles,motorcycles
۰۹۰۳۲۳۸۱۰۳۹,کردکوی,kordkuy,vehicles,motorcycles
۰۹۱۱۵۲۲۸۰۱۵,کردکوی,kordkuy,electronic-devices,mobile-tablet
۰۹۰۱۱۳۷۲۴۸۳,کردکوی,kordkuy,electronic-devices,mobile-tablet
۰۹۳۹۶۶۶۲۸۲۷,کردکوی,kordkuy,electronic-devices,mobile-tablet
۰۹۹۲۶۸۶۲۴۸۴,کردکوی,kordkuy,electronic-devices,mobile-tablet
۰۹۹۲۶۸۶۲۴۸۴,کردکوی,kordkuy,electronic-devices,mobile-tablet
۰۹۱۳۹۳۱۳۶۲۶,کردکوی,kordkuy,electronic-devices,mobile-tablet
۰۹۳۸۱۷۸۴۱۷۴,کردکوی,kordkuy,electronic-devices,mobile-tablet
۰۹۰۳۷۸۶۴۲۷۸,کردکوی,kordkuy,electronic-devices,mobile-tablet
(پنهان‌شده؛ چت کنید),کردکوی,kordkuy,electronic-devices,mobile-tablet
۰۹۰۲۶۸۰۲۹۶۰,کردکوی,kordkuy,electronic-devices,mobile-tablet
۰۹۳۵۰۶۱۰۸۱۸,کردکوی,kordkuy,electronic-devices,mobile-tablet
۰۹۳۹۳۰۰۶۰۵۳,کردکوی,kordkuy,electronic-devices,mobile-tablet
۰۹۱۰۴۶۷۹۰۰۷,کردکوی,kordkuy,electronic-devices,mobile-tablet
۰۹۱۱۳۷۳۸۷۴۱,کردکوی,kordkuy,electronic-devices,mobile-tablet
۰۹۰۵۵۱۸۴۶۰۹,کردکوی,kordkuy,electronic-devices,mobile-tablet
(پنهان‌شده؛ چت کنید),کردکوی,kordkuy,electronic-devices,mobile-tablet
۰۹۱۱۴۱۸۳۸۷۲,کردکوی,kordkuy,electronic-devices,mobile-tablet
۰۹۳۰۸۵۰۱۷۹۳,کردکوی,kordkuy,electronic-devices,mobile-tablet
۰۹۱۱۵۱۴۳۶۵۲,کردکوی,kordkuy,electronic-devices,mobile-tablet
۰۹۳۷۱۵۳۸۷۹۹,کردکوی,kordkuy,electronic-devices,mobile-tablet
۰۹۱۱۲۵۱۵۳۳۹,کردکوی,kordkuy,electronic-devices,mobile-tablet
۰۹۹۱۱۳۰۹۲۹۴,کردکوی,kordkuy,electronic-devices,mobile-tablet
۰۹۹۱۱۳۰۹۲۹۴,کردکوی,kordkuy,electronic-devices,mobile-tablet
۰۹۹۱۱۳۰۹۲۹۴,کردکوی,kordkuy,electronic-devices,mobile-tablet
۰۹۳۶۶۳۳۶۶۴۹,کردکوی,kordkuy,electronic-devices,mobile-tablet
۰۹۳۰۱۴۴۳۳۷۰,کردکوی,kordkuy,electronic-devices,mobile-tablet
۰۹۱۲۲۳۱۵۲۴۰,کردکوی,kordkuy,electronic-devices,computers
۰۹۰۳۵۲۲۷۵۳۰,کردکوی,kordkuy,electronic-devices,computers
۰۹۳۷۸۱۱۹۹۶۴,کردکوی,kordkuy,electronic-devices,computers
۰۹۰۱۵۲۰۵۲۵۱,کردکوی,kordkuy,electronic-devices,computers
۰۹۱۱۷۲۴۵۱۵۵,کردکوی,kordkuy,electronic-devices,computers
۰۹۳۵۳۶۶۸۸۷۷,کردکوی,kordkuy,electronic-devices,computers
۰۹۳۳۶۵۴۷۶۷۵,کردکوی,kordkuy,electronic-devices,computers
۰۹۳۳۶۵۴۷۶۷۵,کردکوی,kordkuy,electronic-devices,computers
۰۹۳۹۶۶۶۲۸۲۷,کردکوی,kordkuy,electronic-devices,computers
۰۹۳۹۶۶۹۵۸۲۰,کردکوی,kordkuy,electronic-devices,computers
۰۹۹۰۶۵۵۶۳۲۳,کردکوی,kordkuy,electronic-devices,computers
۰۹۱۱۵۱۱۸۴۷۰,کردکوی,kordkuy,electronic-devices,game-consoles
۰۹۰۳۴۲۷۵۴۸۷,کردکوی,kordkuy,electronic-devices,game-consoles
۰۹۳۷۵۴۸۳۵۸۲,کردکوی,kordkuy,electronic-devices,video-audio-device
۰۹۱۱۶۳۴۵۲۸۰,کردکوی,kordkuy,electronic-devices,video-audio-device
۰۹۱۸۲۹۶۰۷۹۲,کردکوی,kordkuy,electronic-devices,video-audio-device
۰۹۳۰۱۱۰۱۶۳۹,کردکوی,kordkuy,electronic-devices,video-audio-device
۰۹۳۰۸۳۱۲۶۲۹,کردکوی,kordkuy,electronic-devices,video-audio-device
۰۹۱۱۹۶۸۴۰۰۱,کردکوی,kordkuy,electronic-devices,video-audio-device
۰۹۰۱۶۲۰۷۶۵۲,کردکوی,kordkuy,home-and-kitchen,home-decor-furniture
۰۹۰۱۶۲۰۷۶۵۲,کردکوی,kordkuy,home-and-kitchen,home-decor-furniture
۰۹۰۱۶۲۰۷۶۵۲,کردکوی,kordkuy,home-and-kitchen,home-decor-furniture
۰۹۱۲۲۳۱۵۲۴۰,کردکوی,kordkuy,home-and-kitchen,home-decor-furniture
(پنهان‌شده؛ چت کنید),کردکوی,kordkuy,home-and-kitchen,home-decor-furniture
۰۹۹۰۶۵۲۴۵۲۳,کردکوی,kordkuy,home-and-kitchen,home-decor-furniture
۰۹۳۰۳۲۹۰۹۴۵,کردکوی,kordkuy,home-and-kitchen,home-decor-furniture
۰۹۱۱۲۷۱۳۴۹۸,کردکوی,kordkuy,home-and-kitchen,home-decor-furniture
۰۹۱۱۲۷۱۳۴۹۸,کردکوی,kordkuy,home-and-kitchen,home-decor-furniture
۰۹۱۱۸۱۵۵۰۶۴,کردکوی,kordkuy,home-and-kitchen,home-decor-furniture
۰۹۱۱۶۳۵۳۱۳۸,کردکوی,kordkuy,home-and-kitchen,home-decor-furniture
۰۹۱۱۶۳۵۳۱۳۸,کردکوی,kordkuy,home-and-kitchen,home-decor-furniture
۰۹۱۱۴۲۱۱۷۲۳,کردکوی,kordkuy,home-and-kitchen,home-decor-furniture
(پنهان‌شده؛ چت کنید),کردکوی,kordkuy,home-and-kitchen,home-decor-furniture
۰۹۱۱۸۷۱۵۰۳۴,کردکوی,kordkuy,home-and-kitchen,home-decor-furniture
۰۹۰۳۳۲۵۰۱۳۸,کردکوی,kordkuy,home-and-kitchen,home-decor-furniture
۰۹۳۶۱۷۱۳۷۳۱,کردکوی,kordkuy,home-and-kitchen,home-decor-furniture
۰۹۱۰۸۱۶۶۳۷۰,کردکوی,kordkuy,home-and-kitchen,home-decor-furniture
۰۹۱۱۷۲۵۷۲۰۸,کردکوی,kordkuy,home-and-kitchen,home-decor-furniture
(پنهان‌شده؛ چت کنید),کردکوی,kordkuy,home-and-kitchen,home-decor-furniture
(پنهان‌شده؛ چت کنید),کردکوی,kordkuy,home-and-kitchen,home-decor-furniture
(پنهان‌شده؛ چت کنید),کردکوی,kordkuy,home-and-kitchen,home-decor-furniture
۰۹۱۱۵۳۵۵۷۴۰,کردکوی,kordkuy,home-and-kitchen,home-decor-furniture
۰۹۹۰۱۴۰۵۹۳۰,کردکوی,kordkuy,home-and-kitchen,home-decor-furniture
۰۹۲۱۹۷۲۴۵۴۱,کردکوی,kordkuy,home-and-kitchen,home-decor-furniture
۰۹۹۱۹۵۶۷۹۱۰,کردکوی,kordkuy,home-and-kitchen,home-decor-furniture
۰۹۳۰۹۴۴۰۹۱۱,کردکوی,kordkuy,home-and-kitchen,home-decor-furniture
۰۹۹۱۴۹۶۲۵۸۹,کردکوی,kordkuy,home-and-kitchen,home-decor-furniture
۰۹۱۱۹۶۴۶۲۲۴,کردکوی,kordkuy,home-and-kitchen,home-decor-furniture
۰۹۱۱۴۴۷۲۳۱۸,کردکوی,kordkuy,home-and-kitchen,home-decor-furniture
۰۹۱۱۹۶۴۶۲۲۴,کردکوی,kordkuy,home-and-kitchen,home-decor-furniture
۰۹۳۶۶۱۸۴۴۵۵,کردکوی,kordkuy,home-and-kitchen,home-decor-furniture
۰۹۹۰۱۴۲۰۷۹۴,کردکوی,kordkuy,home-and-kitchen,home-decor-furniture
۰۹۳۰۳۲۱۶۰۱۰,کردکوی,kordkuy,home-and-kitchen,home-decor-furniture
۰۹۳۳۷۰۴۹۵۵۷,کردکوی,kordkuy,home-and-kitchen,home-decor-furniture
۰۹۳۹۰۸۰۱۱۸۶,کردکوی,kordkuy,home-and-kitchen,home-decor-furniture
۰۹۳۳۷۰۴۹۵۵۷,کردکوی,kordkuy,home-and-kitchen,home-decor-furniture
۰۹۳۶۲۳۳۷۶۷۶,کردکوی,kordkuy,home-and-kitchen,home-decor-furniture
۰۹۳۹۴۵۲۴۰۲۰,کردکوی,kordkuy,home-and-kitchen,kitchen-appliances
۰۹۳۰۰۵۹۸۱۱۸,کردکوی,kordkuy,home-and-kitchen,kitchen-appliances
۰۹۱۱۸۸۰۱۹۰۶,کردکوی,kordkuy,home-and-kitchen,kitchen-appliances
۰۹۲۲۴۲۴۸۷۵۱,کردکوی,kordkuy,home-and-kitchen,kitchen-appliances
(پنهان‌شده؛ چت کنید),کردکوی,kordkuy,home-and-kitchen,kitchen-appliances
۰۹۱۱۹۶۹۸۲۴۸,کردکوی,kordkuy,home-and-kitchen,kitchen-appliances
۰۹۰۲۱۱۹۱۰۹۳,کردکوی,kordkuy,home-and-kitchen,kitchen-appliances
۰۹۱۱۸۶۸۶۸۶۴,کردکوی,kordkuy,home-and-kitchen,kitchen-appliances
۰۹۲۱۹۶۷۰۲۱۳,کردکوی,kordkuy,home-and-kitchen,kitchen-appliances
(پنهان‌شده؛ چت کنید),کردکوی,kordkuy,home-and-kitchen,kitchen-appliances
(پنهان‌شده؛ چت کنید),کردکوی,kordkuy,home-and-kitchen,kitchen-appliances
۰۹۱۹۹۳۷۰۷۸۹,کردکوی,kordkuy,home-and-kitchen,home-appliances
۰۹۱۱۵۱۵۱۲۰۱,کردکوی,kordkuy,home-and-kitchen,building-garden
(پنهان‌شده؛ چت کنید),کردکوی,kordkuy,home-and-kitchen,building-garden
۰۹۳۷۵۴۸۳۵۸۲,کردکوی,kordkuy,home-and-kitchen,building-garden
۰۹۰۳۵۱۱۷۵۳۷,کردکوی,kordkuy,home-and-kitchen,building-garden
۰۹۱۱۹۷۵۵۱۲۶,کردکوی,kordkuy,home-and-kitchen,building-garden
۰۹۱۱۹۶۷۲۵۷۲,کردکوی,kordkuy,home-and-kitchen,building-garden
۰۹۱۱۱۷۷۵۲۴۳,کردکوی,kordkuy,home-and-kitchen,building-garden
۰۹۳۷۲۶۶۳۹۶۴,کردکوی,kordkuy,home-and-kitchen,building-garden
۰۹۱۱۷۶۹۰۴۲۳,کردکوی,kordkuy,home-and-kitchen,building-garden
۰۹۳۰۴۳۴۰۱۵۷,کردکوی,kordkuy,home-and-kitchen,building-garden
۰۹۱۱۲۷۱۳۵۶۴,کردکوی,kordkuy,home-and-kitchen,building-garden
۰۹۱۱۴۴۷۲۳۱۸,کردکوی,kordkuy,home-and-kitchen,building-garden
۰۹۱۱۴۰۵۳۸۲۲,کردکوی,kordkuy,home-and-kitchen,building-garden
۰۹۱۱۴۰۵۳۸۲۲,کردکوی,kordkuy,home-and-kitchen,building-garden
۰۹۱۱۴۰۵۳۸۲۲,کردکوی,kordkuy,home-and-kitchen,building-garden
۰۹۱۱۴۰۵۳۸۲۲,کردکوی,kordkuy,home-and-kitchen,building-garden
۰۹۱۱۵۲۰۹۵۰۰,کردکوی,kordkuy,services,vehicles-services
(پنهان‌شده؛ چت کنید),کردکوی,kordkuy,services,catering-services
۰۹۳۳۶۴۷۳۵۸۵,کردکوی,kordkuy,services,technology-services
۰۹۰۵۴۳۲۹۸۱۸,کردکوی,kordkuy,services,technology-services
۰۹۳۳۶۴۷۳۵۸۵,کردکوی,kordkuy,services,technology-services
۰۹۰۵۴۳۲۹۸۱۹,کردکوی,kordkuy,services,technology-services
۰۹۳۳۶۴۷۳۵۸۵,کردکوی,kordkuy,services,technology-services
۰۹۳۳۶۴۷۳۵۸۵,کردکوی,kordkuy,services,technology-services
۰۹۹۰۵۳۸۶۴۷۵,کردکوی,kordkuy,services,financial-services
۰۹۹۱۹۰۰۶۶۹۴,کردکوی,kordkuy,services,financial-services
۰۹۱۱۷۵۴۳۱۰۹,کردکوی,kordkuy,services,transport-logistic-services
۰۹۳۹۱۶۵۱۹۷۹,کردکوی,kordkuy,services,craft-skill-services
۰۹۳۹۶۶۶۲۸۲۷,کردکوی,kordkuy,services,craft-skill-services
۰۹۱۳۹۱۰۲۱۰۴,کردکوی,kordkuy,services,craft-skill-services
۰۹۳۶۶۸۴۰۲۰۶,کردکوی,kordkuy,services,craft-skill-services
۰۹۳۹۱۶۵۱۹۷۹,کردکوی,kordkuy,services,craft-skill-services
۰۹۱۱۲۷۸۵۸۶۸,کردکوی,kordkuy,services,craft-skill-services
۰۹۱۱۹۷۳۱۵۰۲,کردکوی,kordkuy,services,craft-skill-services
۰۹۳۸۴۶۷۶۲۰۴,کردکوی,kordkuy,services,craft-skill-services
۰۹۱۱۷۳۲۴۷۸۷,کردکوی,kordkuy,services,craft-skill-services
۰۹۳۵۸۲۸۴۲۶۲,کردکوی,kordkuy,services,craft-skill-services
۰۹۳۶۹۹۶۲۶۶۳,کردکوی,kordkuy,services,craft-skill-services
۰۹۱۱۷۰۰۶۱۸۸,کردکوی,kordkuy,services,beauty-services
۰۹۳۹۳۷۷۷۱۹۱,کردکوی,kordkuy,services,beauty-services
۰۹۱۱۴۴۸۵۳۸۲,کردکوی,kordkuy,services,beauty-services
۰۹۳۹۲۴۷۹۹۹۰,کردکوی,kordkuy,services,beauty-services
۰۹۹۲۵۶۳۵۳۲۱,کردکوی,kordkuy,services,beauty-services
۰۹۱۱۲۷۷۱۶۶۲,کردکوی,kordkuy,services,gardening-services
۰۹۳۵۷۶۷۳۳۳۲,کردکوی,kordkuy,services,gardening-services
۰۹۳۹۴۴۲۴۶۵۴,کردکوی,kordkuy,services,gardening-services
۰۹۰۱۷۵۷۶۲۹۸,کردکوی,kordkuy,services,gardening-services
۰۹۳۵۷۶۷۳۳۳۲,کردکوی,kordkuy,services,gardening-services
۰۹۳۵۷۶۷۳۳۳۲,کردکوی,kordkuy,services,gardening-services
۰۹۲۲۹۶۲۹۳۷۸,کردکوی,kordkuy,services,teaching-services
۰۹۱۱۹۶۴۶۸۵۸,کردکوی,kordkuy,personal-goods,apparel
۰۹۳۰۴۳۴۰۱۵۷,کردکوی,kordkuy,personal-goods,apparel
۰۹۳۰۲۸۹۲۴۹۱,کردکوی,kordkuy,personal-goods,apparel
۰۹۱۱۷۶۹۳۳۸۳,کردکوی,kordkuy,personal-goods,apparel
۰۹۹۱۰۴۴۹۸۱۲,کردکوی,kordkuy,personal-goods,apparel
۰۹۰۳۱۸۶۱۲۶۵,کردکوی,kordkuy,personal-goods,apparel
۰۹۳۶۵۰۰۱۳۶۸,کردکوی,kordkuy,personal-goods,apparel
۰۹۲۲۹۳۴۳۲۰۷,کردکوی,kordkuy,personal-goods,apparel
۰۹۱۱۷۵۴۶۱۱۰,کردکوی,kordkuy,personal-goods,apparel
۰۹۳۸۶۸۵۹۲۶۱,کردکوی,kordkuy,personal-goods,apparel
۰۹۱۸۴۱۰۲۳۱۷,کردکوی,kordkuy,personal-goods,apparel
۰۹۳۷۵۱۵۵۳۵۸,کردکوی,kordkuy,personal-goods,apparel
۰۹۰۳۲۳۸۱۰۳۹,کردکوی,kordkuy,personal-goods,apparel
۰۹۳۹۱۷۳۸۱۰۵,کردکوی,kordkuy,personal-goods,apparel
۰۹۳۹۱۷۳۸۱۰۵,کردکوی,kordkuy,personal-goods,apparel
۰۹۳۹۱۷۳۸۱۰۵,کردکوی,kordkuy,personal-goods,apparel
۰۹۳۷۵۴۸۳۵۸۲,کردکوی,kordkuy,personal-goods,accessories
۰۹۳۷۵۴۸۳۵۸۲,کردکوی,kordkuy,personal-goods,accessories
۰۹۳۳۰۷۵۳۶۵۷,کردکوی,kordkuy,personal-goods,beauty-and-personal-care
۰۹۱۱۹۴۷۹۱۷۴,کردکوی,kordkuy,personal-goods,beauty-and-personal-care
۰۹۱۱۱۷۸۸۸۰۴,کردکوی,kordkuy,personal-goods,beauty-and-personal-care
۰۹۳۹۷۳۶۲۹۶۴,کردکوی,kordkuy,personal-goods,beauty-and-personal-care
۰۹۳۹۷۳۶۲۹۶۴,کردکوی,kordkuy,personal-goods,beauty-and-personal-care
۰۹۳۹۰۸۰۱۱۸۶,کردکوی,kordkuy,personal-goods,beauty-and-personal-care
۰۹۱۱۲۵۱۵۳۳۹,کردکوی,kordkuy,personal-goods,beauty-and-personal-care
۰۹۱۱۳۷۳۷۲۷۰,کردکوی,kordkuy,personal-goods,beauty-and-personal-care
۰۹۱۱۲۶۹۲۰۶۵,کردکوی,kordkuy,personal-goods,child-apparel
۰۹۱۱۲۵۱۵۳۳۹,کردکوی,kordkuy,personal-goods,child-apparel
۰۹۰۱۶۲۰۷۶۸۰,کردکوی,kordkuy,personal-goods,child-products
(پنهان‌شده؛ چت کنید),کردکوی,kordkuy,personal-goods,child-products
۰۹۱۱۲۶۸۳۴۶۱,کردکوی,kordkuy,personal-goods,child-products
۰۹۳۹۱۴۲۵۹۰۳,کردکوی,kordkuy,personal-goods,stationery
۰۹۱۱۹۴۹۵۹۸۳,کردکوی,kordkuy,entertainment,bike-skate-scooter
۰۹۹۱۰۰۱۷۳۸۹,کردکوی,kordkuy,entertainment,bike-skate-scooter
۰۹۹۱۰۰۱۷۳۸۹,کردکوی,kordkuy,entertainment,bike-skate-scooter
۰۹۹۱۰۰۱۷۳۸۹,کردکوی,kordkuy,entertainment,bike-skate-scooter
۰۹۹۱۰۰۱۷۳۸۹,کردکوی,kordkuy,entertainment,bike-skate-scooter
۰۹۳۵۸۵۲۳۶۱۸,کردکوی,kordkuy,entertainment,bike-skate-scooter
۰۹۱۱۵۱۰۰۵۸۶,کردکوی,kordkuy,entertainment,bike-skate-scooter
۰۹۱۱۵۳۵۵۷۴۰,کردکوی,kordkuy,entertainment,bike-skate-scooter
۰۹۳۷۴۱۰۸۳۰۱,کردکوی,kordkuy,entertainment,bike-skate-scooter
۰۹۳۶۴۲۲۲۵۴۱,کردکوی,kordkuy,entertainment,pets-animals
۰۹۳۳۳۵۱۰۳۸۲,کردکوی,kordkuy,entertainment,pets-animals
۰۹۱۱۵۳۳۶۲۸۸,کردکوی,kordkuy,entertainment,pets-animals
۰۹۳۳۲۷۱۴۷۱۳,کردکوی,kordkuy,entertainment,pets-animals
۰۹۱۱۸۶۶۷۱۵۹,کردکوی,kordkuy,entertainment,pets-animals
۰۹۱۱۵۱۲۱۸۶۸,کردکوی,kordkuy,entertainment,pets-animals
۰۹۳۷۳۹۷۲۷۲۴,کردکوی,kordkuy,entertainment,pets-animals
۰۹۱۱۴۱۹۵۶۲۷,کردکوی,kordkuy,entertainment,pets-animals
۰۹۲۱۹۶۷۰۲۱۳,کردکوی,kordkuy,entertainment,pets-animals
۰۹۱۱۴۱۷۹۶۰۶,کردکوی,kordkuy,entertainment,pets-animals
۰۹۱۱۵۱۶۹۲۸۰,کردکوی,kordkuy,entertainment,pets-animals
۰۹۳۰۴۳۴۰۱۵۷,کردکوی,kordkuy,entertainment,pets-animals
۰۹۱۱۷۰۰۸۹۴۱,کردکوی,kordkuy,entertainment,pets-animals
۰۹۱۹۳۱۸۲۴۰۵,کردکوی,kordkuy,entertainment,pets-animals
۰۹۱۱۲۷۱۴۷۵۰,کردکوی,kordkuy,entertainment,pets-animals
۰۹۱۱۲۷۱۴۷۵۰,کردکوی,kordkuy,entertainment,pets-animals
۰۹۱۱۹۷۱۷۴۵۳,کردکوی,kordkuy,entertainment,pets-animals
۰۹۰۳۳۸۴۹۱۲۱,کردکوی,kordkuy,entertainment,pets-animals
۰۹۱۱۶۳۶۶۲۸۸,کردکوی,kordkuy,entertainment,pets-animals
۰۹۳۷۳۴۶۳۸۱۵,کردکوی,kordkuy,entertainment,pets-animals
۰۹۳۵۸۰۲۸۱۳۹,کردکوی,kordkuy,entertainment,pets-animals
۰۹۳۸۵۳۸۰۳۷۶,کردکوی,kordkuy,entertainment,pets-animals
۰۹۳۹۲۶۰۲۷۹۰,کردکوی,kordkuy,entertainment,pets-animals
۰۹۳۹۴۳۶۱۳۹۸,کردکوی,kordkuy,entertainment,pets-animals
(پنهان‌شده؛ چت کنید),کردکوی,kordkuy,entertainment,pets-animals
(پنهان‌شده؛ چت کنید),کردکوی,kordkuy,entertainment,pets-animals
(پنهان‌شده؛ چت کنید),کردکوی,kordkuy,entertainment,pets-animals
۰۹۳۹۴۳۶۹۹۲۳,کردکوی,kordkuy,entertainment,pets-animals
۰۹۲۱۶۲۴۴۶۳۹,کردکوی,kordkuy,entertainment,pets-animals
۰۹۱۵۲۵۱۹۴۱۶,کردکوی,kordkuy,entertainment,collecting
۰۹۳۵۳۶۶۸۸۷۷,کردکوی,kordkuy,entertainment,musical-instruments
۰۹۳۵۳۶۶۸۸۷۷,کردکوی,kordkuy,entertainment,musical-instruments
۰۹۳۹۲۱۲۹۹۹۸,کردکوی,kordkuy,entertainment,sport-entertainment
۰۹۰۵۷۸۲۱۹۱۸,کردکوی,kordkuy,entertainment,sport-entertainment
۰۹۰۱۲۳۵۴۵۹۷,کردکوی,kordkuy,entertainment,game-and-toys
۰۹۲۲۵۰۵۲۶۵۸,کردکوی,kordkuy,social-services,event
۰۹۲۲۳۲۹۱۸۱۱,کردکوی,kordkuy,social-services,voluntary
۰۹۱۲۲۳۱۵۲۴۰,کردکوی,kordkuy,businesses,business-equipment
۰۹۳۸۰۶۸۳۱۳۲,کردکوی,kordkuy,businesses,business-equipment
۰۹۱۹۸۲۶۷۲۵۴,کردکوی,kordkuy,businesses,business-equipment
۰۹۱۱۵۱۵۱۲۰۱,کردکوی,kordkuy,businesses,business-equipment
۰۹۱۵۰۷۰۸۲۵۰,کردکوی,kordkuy,businesses,business-equipment
۰۹۱۱۹۴۹۵۹۸۳,کردکوی,kordkuy,businesses,business-equipment
۰۹۱۱۹۶۷۲۳۶۴,کردکوی,kordkuy,businesses,business-equipment
۰۹۳۷۸۵۸۵۹۶۶,کردکوی,kordkuy,businesses,business-equipment
۰۹۳۹۳۷۷۷۱۹۱,کردکوی,kordkuy,businesses,business-equipment
۰۹۳۹۳۷۷۷۱۹۱,کردکوی,kordkuy,businesses,business-equipment
۰۹۱۱۹۰۰۵۱۴۹,کردکوی,kordkuy,businesses,business-equipment
۰۹۰۲۰۵۵۲۲۷۱,کردکوی,kordkuy,businesses,business-equipment
۰۹۱۱۳۸۰۲۳۹۴,کردکوی,kordkuy,businesses,business-equipment
۰۹۰۵۳۲۴۸۳۹۲,کردکوی,kordkuy,businesses,business-equipment
۰۹۳۶۹۶۶۳۲۷۹,کردکوی,kordkuy,businesses,business-equipment
۰۹۰۵۴۵۸۹۲۷۴,کردکوی,kordkuy,businesses,business-equipment
۰۹۹۲۴۹۰۲۷۹۴,کردکوی,kordkuy,businesses,business-equipment
۰۹۳۶۵۷۴۳۷۶۰,کردکوی,kordkuy,businesses,business-equipment
۰۹۰۲۰۹۷۷۴۱۱,کردکوی,kordkuy,businesses,business-equipment
۰۹۱۱۲۷۸۱۳۷۱,کردکوی,kordkuy,businesses,business-equipment
۰۹۱۲۳۳۷۵۲۹۷,کردکوی,kordkuy,businesses,business-equipment
۰۹۰۵۶۱۳۰۶۷۹,کردکوی,kordkuy,businesses,business-equipment
۰۹۲۲۹۵۶۵۱۳۳,کردکوی,kordkuy,businesses,business-equipment
۰۹۰۲۳۹۵۵۵۳۳,کردکوی,kordkuy,businesses,business-equipment
۰۹۹۲۳۷۳۸۲۸۶,کردکوی,kordkuy,businesses,business-equipment
۰۹۲۲۴۹۹۸۳۸۶,کردکوی,kordkuy,businesses,business-equipment
۰۹۳۶۹۵۸۴۲۰۰,کردکوی,kordkuy,businesses,business-equipment
۰۹۱۱۸۷۰۰۳۲۱,کردکوی,kordkuy,businesses,business-equipment
۰۹۱۱۲۸۰۹۱۵۱,کردکوی,kordkuy,businesses,business-equipment
۰۹۳۸۴۳۵۹۰۳۴,کردکوی,kordkuy,businesses,business-equipment
۰۹۹۲۴۹۶۲۴۳۹,کردکوی,kordkuy,businesses,business-equipment
۰۹۱۱۷۲۵۴۰۸۰,کردکوی,kordkuy,businesses,business-equipment
۰۹۱۱۱۷۵۳۲۷۲,کردکوی,kordkuy,businesses,business-equipment
۰۹۳۹۰۸۰۱۱۸۶,کردکوی,kordkuy,businesses,business-equipment
۰۹۳۰۸۳۱۲۶۲۹,کردکوی,kordkuy,businesses,business-equipment
۰۹۳۹۱۰۷۴۶۰۳,کردکوی,kordkuy,businesses,business-equipment
۰۹۱۹۹۳۷۰۷۸۹,کردکوی,kordkuy,businesses,business-equipment
۰۹۰۲۰۵۵۲۳۱۳,کردکوی,kordkuy,businesses,business-equipment
۰۹۱۹۳۱۸۲۴۰۵,کردکوی,kordkuy,businesses,business-equipment
۰۹۱۱۵۱۵۱۲۰۱,کردکوی,kordkuy,businesses,business-equipment
۰۹۳۰۸۳۱۲۶۲۹,کردکوی,kordkuy,businesses,business-equipment
۰۹۱۱۳۷۳۲۴۰۵,کردکوی,kordkuy,businesses,business-equipment
۰۹۹۲۱۸۵۵۲۳۷,کردکوی,kordkuy,businesses,wholesale
۰۹۱۱۳۷۱۵۱۸۱,کردکوی,kordkuy,businesses,wholesale
۰۹۰۳۲۵۱۵۶۸۹,کردکوی,kordkuy,businesses,wholesale
۰۹۱۱۵۳۷۱۵۵۸,کردکوی,kordkuy,businesses,wholesale
۰۹۱۱۵۳۷۱۵۵۸,کردکوی,kordkuy,businesses,wholesale
۰۹۹۰۶۵۱۵۴۴۱,کردکوی,kordkuy,businesses,wholesale
۰۹۱۱۹۷۳۲۰۲۷,کردکوی,kordkuy,businesses,wholesale
۰۹۰۵۶۴۴۵۲۲۰,کردکوی,kordkuy,businesses,wholesale
۰۹۰۱۱۹۷۵۳۸۲,کردکوی,kordkuy,businesses,wholesale
۰۹۳۵۱۹۹۳۲۱۴,کردکوی,kordkuy,businesses,wholesale
۰۹۳۵۱۹۹۳۲۱۴,کردکوی,kordkuy,businesses,wholesale
۰۹۳۶۰۱۶۴۰۲۲,کردکوی,kordkuy,businesses,wholesale
۰۹۱۱۲۷۱۴۷۵۰,کردکوی,kordkuy,businesses,wholesale
۰۹۹۲۷۷۳۳۷۹۴,کردکوی,kordkuy,businesses,wholesale
۰۹۱۳۹۱۰۲۱۰۴,کردکوی,kordkuy,businesses,wholesale
۰۹۳۵۳۰۲۱۹۱۶,کردکوی,kordkuy,businesses,wholesale
۰۹۳۹۳۷۷۷۱۹۱,کردکوی,kordkuy,businesses,wholesale
۰۹۳۰۸۸۳۵۳۷۲,کردکوی,kordkuy,businesses,wholesale
۰۹۳۵۷۸۳۹۸۴۴,کردکوی,kordkuy,businesses,wholesale
۰۹۳۶۲۹۵۵۴۷۸,کردکوی,kordkuy,businesses,wholesale
۰۹۰۱۹۷۳۲۶۵۱,کردکوی,kordkuy,businesses,wholesale
۰۹۳۰۹۶۳۱۷۷۳,کردکوی,kordkuy,businesses,wholesale
۰۹۱۱۴۱۷۲۷۹۲,کردکوی,kordkuy,businesses,wholesale
۰۹۰۵۶۱۳۰۶۷۹,کردکوی,kordkuy,businesses,wholesale
۰۹۱۱۱۷۸۲۲۴۸,کردکوی,kordkuy,businesses,wholesale
۰۹۱۱۷۵۳۶۹۹۵,کردکوی,kordkuy,businesses,wholesale
۰۹۱۱۵۱۷۶۹۲۹,کردکوی,kordkuy,businesses,wholesale
۰۹۹۱۴۵۳۴۴۸۹,کردکوی,kordkuy,businesses,wholesale
۰۹۳۹۱۷۳۸۱۰۵,کردکوی,kordkuy,businesses,wholesale
۰۹۱۸۹۵۱۷۸۹۸,کردکوی,kordkuy,businesses,wholesale
۰۹۱۸۹۵۱۷۸۹۸,کردکوی,kordkuy,businesses,wholesale
۰۹۱۲۱۰۷۶۵۵۸,کردکوی,kordkuy,businesses,wholesale
۰۹۳۹۶۷۸۷۵۶۵,کردکوی,kordkuy,businesses,wholesale
۰۹۱۱۷۶۷۹۵۳۱,کردکوی,kordkuy,businesses,wholesale
۰۹۱۱۹۶۶۶۰۳۳,کردکوی,kordkuy,businesses,wholesale
۰۹۳۵۱۶۴۲۴۴۱,کردکوی,kordkuy,businesses,wholesale
۰۹۱۱۵۳۵۵۳۰۷,کردکوی,kordkuy,businesses,wholesale
۰۹۰۵۴۱۸۹۰۵۲,کردکوی,kordkuy,businesses,wholesale
۰۹۱۲۱۹۶۷۰۵۰,کردکوی,kordkuy,businesses,wholesale
۰۹۱۱۹۶۶۵۳۸۶,کردکوی,kordkuy,businesses,wholesale
۰۹۰۳۷۹۷۰۶۱۸,کردکوی,kordkuy,businesses,wholesale
