۰۹۱۶۶۹۷۹۷۶۶,کوهدشت,kuhdasht,jobs,it-computer-jobs
۰۹۲۱۱۶۱۵۷۵۸,کوهدشت,kuhdasht,jobs,marketing-jobs
۰۹۱۶۹۶۰۷۶۲۷,کوهدشت,kuhdasht,jobs,technical-jobs
۰۹۱۲۰۳۵۸۲۵۴,کوهدشت,kuhdasht,real-estate,buy-residential
۰۹۱۶۷۱۱۸۳۵۹,کوهدشت,kuhdasht,real-estate,buy-residential
۰۹۹۰۹۳۸۲۰۶۲,کوهدشت,kuhdasht,real-estate,buy-residential
۰۹۳۸۰۰۲۲۳۲۷,کوهدشت,kuhdasht,real-estate,buy-residential
۰۹۱۸۸۸۸۸۶۴۶,کوهدشت,kuhdasht,real-estate,buy-residential
۰۹۱۶۶۹۸۰۶۱۹,کوهدشت,kuhdasht,real-estate,buy-residential
۰۹۳۷۵۲۷۵۷۱۸,کوهدشت,kuhdasht,real-estate,buy-residential
۰۹۰۱۸۳۲۲۴۸۶,کوهدشت,kuhdasht,real-estate,buy-residential
۰۹۱۰۶۰۴۱۷۸۵,کوهدشت,kuhdasht,real-estate,buy-residential
۰۹۱۰۶۰۴۱۷۸۵,کوهدشت,kuhdasht,real-estate,buy-residential
۰۹۳۶۸۴۲۰۷۸۸,کوهدشت,kuhdasht,real-estate,buy-residential
۰۹۱۹۰۶۱۹۳۵۲,کوهدشت,kuhdasht,real-estate,buy-residential
۰۹۳۸۰۳۷۲۵۱۰,کوهدشت,kuhdasht,real-estate,buy-residential
۰۹۳۸۰۳۷۲۵۱۰,کوهدشت,kuhdasht,real-estate,buy-residential
۰۹۹۰۳۹۴۰۱۴۷,کوهدشت,kuhdasht,real-estate,buy-residential
۰۹۳۸۰۳۷۲۵۱۰,کوهدشت,kuhdasht,real-estate,buy-residential
۰۹۱۶۸۹۵۹۱۵۱,کوهدشت,kuhdasht,real-estate,buy-residential
۰۹۳۷۳۲۸۸۱۰۲,کوهدشت,kuhdasht,real-estate,buy-residential
۰۹۱۶۳۶۰۸۷۱۴,کوهدشت,kuhdasht,real-estate,buy-residential
۰۹۹۰۶۶۱۴۲۲۷,کوهدشت,kuhdasht,real-estate,buy-residential
۰۹۱۶۷۹۴۶۴۷۸,کوهدشت,kuhdasht,real-estate,buy-residential
۰۹۱۶۴۵۵۳۳۳۹,کوهدشت,kuhdasht,real-estate,buy-residential
۰۹۱۶۴۵۵۳۳۳۹,کوهدشت,kuhdasht,real-estate,buy-residential
۰۹۱۶۹۵۶۳۶۵۱,کوهدشت,kuhdasht,real-estate,buy-residential
۰۹۳۸۰۵۹۹۰۵۶,کوهدشت,kuhdasht,real-estate,buy-residential
۰۹۱۶۷۰۹۲۰۵۵,کوهدشت,kuhdasht,real-estate,buy-residential
۰۹۱۶۹۷۹۱۲۹۲,کوهدشت,kuhdasht,real-estate,buy-residential
۰۹۱۶۶۹۷۷۹۳۱,کوهدشت,kuhdasht,real-estate,buy-residential
۰۹۳۵۳۱۴۴۳۰۶,کوهدشت,kuhdasht,real-estate,buy-residential
۰۹۳۷۵۴۰۱۰۴۸,کوهدشت,kuhdasht,real-estate,buy-residential
۰۹۱۲۴۵۲۹۴۸۹,کوهدشت,kuhdasht,real-estate,buy-residential
۰۹۱۲۴۵۲۹۴۸۹,کوهدشت,kuhdasht,real-estate,buy-residential
۰۹۱۹۰۸۲۸۳۴۴,کوهدشت,kuhdasht,real-estate,buy-residential
۰۹۱۶۶۵۹۵۵۸۵,کوهدشت,kuhdasht,real-estate,buy-residential
۰۹۱۶۱۶۰۲۰۰۹,کوهدشت,kuhdasht,real-estate,buy-residential
۰۹۳۷۱۳۶۱۶۰۵,کوهدشت,kuhdasht,real-estate,buy-residential
۰۹۳۷۵۲۷۵۷۴۸,کوهدشت,kuhdasht,real-estate,buy-residential
۰۹۱۹۹۰۲۱۸۷۷,کوهدشت,kuhdasht,real-estate,buy-residential
۰۹۱۶۹۶۰۱۵۲۱,کوهدشت,kuhdasht,real-estate,buy-residential
۰۹۱۶۷۱۷۷۴۳۸,کوهدشت,kuhdasht,real-estate,buy-residential
۰۹۱۲۴۰۹۸۱۱۲,کوهدشت,kuhdasht,real-estate,buy-residential
۰۹۱۹۵۳۴۶۳۵۴,کوهدشت,kuhdasht,real-estate,buy-residential
۰۹۱۶۵۵۱۶۹۷۰,کوهدشت,kuhdasht,real-estate,buy-residential
۰۹۹۰۷۰۶۹۷۱۱,کوهدشت,kuhdasht,real-estate,buy-residential
۰۹۱۶۹۸۴۸۰۵۰,کوهدشت,kuhdasht,real-estate,buy-residential
۰۹۱۶۹۸۴۸۰۵۰,کوهدشت,kuhdasht,real-estate,buy-residential
۰۹۱۶۵۶۲۶۴۷۵,کوهدشت,kuhdasht,real-estate,buy-residential
۰۹۳۷۵۸۹۱۳۱۳,کوهدشت,kuhdasht,real-estate,buy-residential
۰۹۱۶۹۵۸۱۶۸۴,کوهدشت,kuhdasht,real-estate,buy-residential
۰۹۱۶۹۵۶۹۹۰۹,کوهدشت,kuhdasht,real-estate,buy-residential
۰۹۱۹۹۰۲۱۸۷۷,کوهدشت,kuhdasht,real-estate,buy-residential
۰۹۱۰۶۵۲۵۰۳۹,کوهدشت,kuhdasht,real-estate,buy-residential
۰۹۱۶۶۶۳۰۵۳۲,کوهدشت,kuhdasht,real-estate,buy-residential
۰۹۳۷۱۶۲۱۳۶۴,کوهدشت,kuhdasht,real-estate,buy-residential
۰۹۱۰۶۰۴۱۷۸۵,کوهدشت,kuhdasht,real-estate,buy-residential
۰۹۱۶۷۲۱۸۲۵۰,کوهدشت,kuhdasht,real-estate,buy-residential
۰۹۳۵۵۱۱۱۹۷۵,کوهدشت,kuhdasht,real-estate,buy-residential
۰۹۳۹۱۲۳۵۴۱۴,کوهدشت,kuhdasht,real-estate,buy-residential
۰۹۰۱۹۰۵۱۳۶۲,کوهدشت,kuhdasht,real-estate,buy-residential
۰۹۳۷۷۳۱۷۲۹۲,کوهدشت,kuhdasht,real-estate,buy-residential
۰۹۱۶۵۶۴۱۶۲۸,کوهدشت,kuhdasht,real-estate,buy-residential
۰۹۱۶۳۶۳۷۸۳۹,کوهدشت,kuhdasht,real-estate,buy-residential
۰۹۱۶۶۹۷۷۹۳۱,کوهدشت,kuhdasht,real-estate,buy-residential
۰۹۱۸۰۵۵۲۴۸۵,کوهدشت,kuhdasht,real-estate,buy-residential
۰۹۱۶۳۶۳۰۰۹۰,کوهدشت,kuhdasht,real-estate,buy-residential
۰۹۹۰۱۹۸۲۷۵۸,کوهدشت,kuhdasht,real-estate,rent-residential
۰۹۱۲۲۱۲۰۶۳۱,کوهدشت,kuhdasht,real-estate,rent-residential
۰۹۱۶۷۴۲۳۱۳۵,کوهدشت,kuhdasht,real-estate,rent-residential
۰۹۱۲۴۰۹۸۱۱۲,کوهدشت,kuhdasht,real-estate,rent-residential
۰۹۳۹۷۵۱۵۳۵۷,کوهدشت,kuhdasht,real-estate,rent-residential
۰۹۱۱۴۲۱۲۵۷۰,کوهدشت,kuhdasht,real-estate,rent-residential
۰۹۱۶۹۶۰۸۹۹۷,کوهدشت,kuhdasht,real-estate,rent-residential
۰۹۳۰۵۴۳۲۱۵۵,کوهدشت,kuhdasht,real-estate,rent-residential
۰۹۱۶۳۶۳۷۳۰۳,کوهدشت,kuhdasht,real-estate,rent-residential
۰۹۳۸۶۸۶۵۲۵۸,کوهدشت,kuhdasht,real-estate,rent-residential
۰۹۳۵۴۸۵۸۴۳۱,کوهدشت,kuhdasht,real-estate,rent-residential
۰۹۱۶۵۵۰۰۲۸۵,کوهدشت,kuhdasht,real-estate,rent-residential
۰۹۱۹۴۰۸۴۵۵۸,کوهدشت,kuhdasht,real-estate,rent-residential
۰۹۱۲۱۹۸۴۳۴۹,کوهدشت,kuhdasht,real-estate,rent-residential
۰۹۱۶۹۶۳۷۸۶۲,کوهدشت,kuhdasht,real-estate,rent-residential
۰۹۱۶۹۶۳۷۸۶۲,کوهدشت,kuhdasht,real-estate,rent-residential
۰۹۰۱۹۰۹۰۷۲۹,کوهدشت,kuhdasht,real-estate,rent-residential
۰۹۳۳۷۹۴۶۵۷۲,کوهدشت,kuhdasht,real-estate,rent-residential
۰۹۱۶۶۶۰۰۵۴۲,کوهدشت,kuhdasht,real-estate,rent-residential
۰۹۳۸۸۱۷۴۰۷۰,کوهدشت,kuhdasht,real-estate,rent-residential
۰۹۰۲۷۷۷۷۴۸۹,کوهدشت,kuhdasht,real-estate,rent-residential
۰۹۱۶۶۹۷۶۴۸۰,کوهدشت,kuhdasht,real-estate,rent-residential
۰۹۱۶۹۶۹۳۶۴۲,کوهدشت,kuhdasht,real-estate,rent-residential
۰۹۱۲۴۲۱۲۳۵۹,کوهدشت,kuhdasht,real-estate,rent-residential
۰۹۳۹۳۲۰۸۲۴۵,کوهدشت,kuhdasht,real-estate,rent-residential
۰۹۱۶۹۶۰۰۴۸۳,کوهدشت,kuhdasht,real-estate,rent-residential
۰۹۳۹۰۴۳۰۲۴۱,کوهدشت,kuhdasht,real-estate,buy-commercial-property
۰۹۹۲۱۰۸۰۹۰۱,کوهدشت,kuhdasht,real-estate,buy-commercial-property
۰۹۱۶۳۶۳۷۹۲۷,کوهدشت,kuhdasht,real-estate,buy-commercial-property
۰۹۱۹۳۸۴۸۱۸۳,کوهدشت,kuhdasht,real-estate,buy-commercial-property
۰۹۹۲۱۰۸۰۹۰۱,کوهدشت,kuhdasht,real-estate,buy-commercial-property
۰۹۱۶۳۶۳۹۳۲۵,کوهدشت,kuhdasht,real-estate,buy-commercial-property
۰۹۱۶۱۶۰۲۰۰۹,کوهدشت,kuhdasht,real-estate,buy-commercial-property
۰۹۳۸۶۶۰۲۴۲۸,کوهدشت,kuhdasht,real-estate,buy-commercial-property
۰۹۳۸۳۰۱۷۲۱۰,کوهدشت,kuhdasht,real-estate,buy-commercial-property
۰۹۳۸۶۶۰۲۴۲۸,کوهدشت,kuhdasht,real-estate,buy-commercial-property
۰۹۳۷۲۷۱۷۴۲۵,کوهدشت,kuhdasht,real-estate,buy-commercial-property
۰۹۱۶۵۵۵۷۶۹۱,کوهدشت,kuhdasht,real-estate,buy-commercial-property
۰۹۱۶۸۷۶۶۴۰۴,کوهدشت,kuhdasht,real-estate,buy-commercial-property
۰۹۳۰۲۳۳۲۷۶۰,کوهدشت,kuhdasht,real-estate,buy-commercial-property
۰۹۹۰۱۶۴۰۱۲۵,کوهدشت,kuhdasht,real-estate,buy-commercial-property
۰۹۱۶۱۵۹۴۶۵۰,کوهدشت,kuhdasht,real-estate,buy-commercial-property
۰۹۹۰۷۷۰۳۳۶۱,کوهدشت,kuhdasht,real-estate,buy-commercial-property
۰۹۱۶۶۵۹۳۲۱۹,کوهدشت,kuhdasht,real-estate,rent-commercial-property
۰۹۱۶۳۶۷۳۳۲۶,کوهدشت,kuhdasht,real-estate,rent-commercial-property
۰۹۳۹۳۶۷۳۴۰۸,کوهدشت,kuhdasht,real-estate,rent-commercial-property
۰۹۳۸۶۸۶۵۲۵۸,کوهدشت,kuhdasht,real-estate,rent-commercial-property
۰۹۱۶۳۶۳۸۱۷۳,کوهدشت,kuhdasht,real-estate,rent-commercial-property
۰۹۳۸۰۹۶۱۰۸۰,کوهدشت,kuhdasht,real-estate,rent-commercial-property
۰۹۱۶۳۶۳۰۳۹۶,کوهدشت,kuhdasht,real-estate,rent-commercial-property
۰۹۱۶۳۶۳۰۳۹۶,کوهدشت,kuhdasht,real-estate,rent-commercial-property
۰۹۱۶۸۶۳۱۲۷۰,کوهدشت,kuhdasht,real-estate,rent-commercial-property
۰۹۱۶۷۴۸۸۰۳۰,کوهدشت,kuhdasht,real-estate,rent-commercial-property
۰۹۱۶۶۵۹۳۲۱۹,کوهدشت,kuhdasht,real-estate,rent-commercial-property
۰۹۳۹۵۹۶۳۸۹۸,کوهدشت,kuhdasht,real-estate,rent-commercial-property
۰۹۱۶۸۹۶۲۱۳۶,کوهدشت,kuhdasht,real-estate,rent-commercial-property
۰۹۱۶۹۶۱۳۳۹۵,کوهدشت,kuhdasht,real-estate,rent-commercial-property
۰۹۱۶۹۶۱۳۳۹۵,کوهدشت,kuhdasht,real-estate,rent-commercial-property
۰۹۱۶۶۶۱۳۷۴۱,کوهدشت,kuhdasht,real-estate,rent-commercial-property
۰۹۱۶۳۶۳۰۳۸۲,کوهدشت,kuhdasht,real-estate,rent-commercial-property
۰۹۳۸۷۴۵۸۶۳۸,کوهدشت,kuhdasht,real-estate,rent-commercial-property
۰۹۰۵۷۱۲۵۱۸۸,کوهدشت,kuhdasht,real-estate,real-estate-services
۰۹۳۰۱۳۹۷۵۱۸,کوهدشت,kuhdasht,real-estate,real-estate-services
۰۹۳۳۷۱۲۰۹۴۴,کوهدشت,kuhdasht,real-estate,real-estate-services
۰۹۳۵۰۵۸۳۴۳۴,کوهدشت,kuhdasht,real-estate,real-estate-services
۰۹۱۶۳۶۳۷۱۰۹,کوهدشت,kuhdasht,real-estate,real-estate-services
۰۹۰۱۸۹۶۲۲۹۵,کوهدشت,kuhdasht,real-estate,real-estate-services
۰۹۱۶۳۶۳۷۳۴۶,کوهدشت,kuhdasht,real-estate,real-estate-services
۰۹۳۸۰۵۵۵۰۹۶,کوهدشت,kuhdasht,real-estate,real-estate-services
۰۹۱۰۲۷۶۱۶۷۵,کوهدشت,kuhdasht,real-estate,real-estate-services
۰۹۱۰۸۵۸۲۳۸۶,کوهدشت,kuhdasht,real-estate,real-estate-services
۰۹۱۰۰۰۹۶۴۲۴,کوهدشت,kuhdasht,real-estate,real-estate-services
۰۹۱۶۵۷۳۵۳۵۷,کوهدشت,kuhdasht,real-estate,real-estate-services
۰۹۱۶۴۲۳۹۱۴۱,کوهدشت,kuhdasht,real-estate,real-estate-services
۰۹۱۶۵۶۶۰۴۴۵,کوهدشت,kuhdasht,real-estate,real-estate-services
۰۹۹۰۰۳۳۹۱۸۷,کوهدشت,kuhdasht,real-estate,real-estate-services
۰۹۳۰۸۳۰۴۲۴۸,کوهدشت,kuhdasht,real-estate,real-estate-services
۰۹۰۳۹۴۸۱۲۱۳,کوهدشت,kuhdasht,real-estate,real-estate-services
۰۹۱۶۳۶۰۱۲۵۵,کوهدشت,kuhdasht,vehicles,auto
۰۹۱۶۶۹۷۶۷۴۰,کوهدشت,kuhdasht,vehicles,auto
۰۹۱۰۶۵۸۴۱۰۹,کوهدشت,kuhdasht,vehicles,auto
۰۹۱۶۶۶۰۲۲۳۱,کوهدشت,kuhdasht,vehicles,auto
۰۹۱۶۷۱۹۴۹۹۲,کوهدشت,kuhdasht,vehicles,auto
۰۹۳۶۲۱۶۴۴۷۵,کوهدشت,kuhdasht,vehicles,auto
۰۹۳۹۶۲۳۰۵۰۰,کوهدشت,kuhdasht,vehicles,auto
۰۹۳۷۹۷۵۰۶۷۱,کوهدشت,kuhdasht,vehicles,auto
۰۹۰۳۳۴۴۵۲۴۲,کوهدشت,kuhdasht,vehicles,auto
۰۹۱۸۷۴۱۲۵۳۷,کوهدشت,kuhdasht,vehicles,auto
۰۹۱۸۶۴۶۷۱۵۸,کوهدشت,kuhdasht,vehicles,auto
۰۹۱۶۵۴۵۰۴۷۴,کوهدشت,kuhdasht,vehicles,auto
۰۹۱۶۳۶۰۵۵۶۳,کوهدشت,kuhdasht,vehicles,auto
۰۹۹۱۳۹۰۶۴۱۷,کوهدشت,kuhdasht,vehicles,auto
۰۹۳۶۹۷۴۸۳۶۷,کوهدشت,kuhdasht,vehicles,auto
۰۹۱۶۶۹۷۶۵۶۲,کوهدشت,kuhdasht,vehicles,auto
۰۹۱۶۷۴۶۸۷۶۳,کوهدشت,kuhdasht,vehicles,auto
۰۹۳۰۸۹۸۱۱۷۲,کوهدشت,kuhdasht,vehicles,auto
۰۹۱۶۰۷۹۰۰۴۰,کوهدشت,kuhdasht,vehicles,auto
۰۹۰۵۷۵۰۴۷۳۶,کوهدشت,kuhdasht,vehicles,auto
۰۹۱۶۰۷۹۰۰۴۰,کوهدشت,kuhdasht,vehicles,auto
۰۹۱۶۰۷۹۰۰۴۰,کوهدشت,kuhdasht,vehicles,auto
۰۹۱۰۲۷۶۱۶۷۵,کوهدشت,kuhdasht,vehicles,auto
۰۹۱۶۸۴۶۹۰۴۲,کوهدشت,kuhdasht,vehicles,auto
۰۹۳۸۷۲۶۶۵۶۴,کوهدشت,kuhdasht,vehicles,auto
۰۹۱۶۸۴۶۸۷۵۷,کوهدشت,kuhdasht,vehicles,auto
۰۹۲۲۰۵۹۷۰۹۹,کوهدشت,kuhdasht,vehicles,auto
۰۹۳۸۵۹۴۶۴۳۲,کوهدشت,kuhdasht,vehicles,auto
۰۹۳۶۸۴۲۰۷۸۸,کوهدشت,kuhdasht,vehicles,auto
۰۹۲۱۹۲۲۹۵۲۷,کوهدشت,kuhdasht,vehicles,auto
۰۹۳۹۴۹۳۹۵۳۷,کوهدشت,kuhdasht,vehicles,auto
۰۹۱۶۰۴۹۳۲۲۹,کوهدشت,kuhdasht,vehicles,auto
۰۹۳۶۴۶۸۲۲۴۵,کوهدشت,kuhdasht,vehicles,auto
۰۹۳۶۷۲۲۳۵۸۷,کوهدشت,kuhdasht,vehicles,auto
۰۹۱۶۰۸۶۸۷۹۹,کوهدشت,kuhdasht,vehicles,auto
۰۹۰۵۷۳۸۵۲۸۸,کوهدشت,kuhdasht,vehicles,auto
۰۹۱۶۵۶۱۳۱۲۸,کوهدشت,kuhdasht,vehicles,auto
۰۹۳۹۹۷۲۹۱۳۳,کوهدشت,kuhdasht,vehicles,auto
۰۹۰۱۴۳۵۵۵۱۲,کوهدشت,kuhdasht,vehicles,auto
۰۹۱۶۵۵۷۲۲۱۳,کوهدشت,kuhdasht,vehicles,auto
۰۹۱۶۷۲۱۸۱۳۴,کوهدشت,kuhdasht,vehicles,car-accessories
۰۹۹۱۵۹۶۶۵۵۲,کوهدشت,kuhdasht,vehicles,car-accessories
۰۹۳۸۵۶۹۴۱۷۲,کوهدشت,kuhdasht,vehicles,car-accessories
۰۹۹۱۷۲۲۳۵۱۶,کوهدشت,kuhdasht,vehicles,car-accessories
۰۹۰۲۴۹۵۶۷۳۷,کوهدشت,kuhdasht,vehicles,car-accessories
۰۹۱۶۵۵۸۳۰۳۴,کوهدشت,kuhdasht,vehicles,car-accessories
۰۹۹۰۴۶۱۲۱۲۷,کوهدشت,kuhdasht,vehicles,car-accessories
۰۹۱۶۵۳۲۶۰۲۱,کوهدشت,kuhdasht,vehicles,car-accessories
۰۹۳۰۰۱۶۰۲۲۱,کوهدشت,kuhdasht,vehicles,car-accessories
۰۹۱۶۵۳۲۶۰۲۱,کوهدشت,kuhdasht,vehicles,car-accessories
۰۹۱۶۵۳۲۶۰۲۱,کوهدشت,kuhdasht,vehicles,car-accessories
۰۹۱۹۸۳۶۹۱۴۴,کوهدشت,kuhdasht,vehicles,car-accessories
۰۹۳۸۵۶۹۴۱۷۲,کوهدشت,kuhdasht,vehicles,car-accessories
۰۹۳۹۸۳۰۴۱۳۲,کوهدشت,kuhdasht,vehicles,car-accessories
۰۹۲۲۰۱۰۴۲۰۰,کوهدشت,kuhdasht,vehicles,car-accessories
۰۹۱۶۵۱۹۶۴۴۳,کوهدشت,kuhdasht,vehicles,car-accessories
۰۹۱۶۷۴۶۵۲۱۴,کوهدشت,kuhdasht,vehicles,car-accessories
۰۹۳۸۸۶۸۸۳۰۱,کوهدشت,kuhdasht,vehicles,car-accessories
۰۹۱۶۸۶۳۲۲۷۵,کوهدشت,kuhdasht,vehicles,car-accessories
۰۹۱۶۵۳۲۶۰۲۱,کوهدشت,kuhdasht,vehicles,car-accessories
۰۹۱۶۵۶۱۰۶۲۶,کوهدشت,kuhdasht,vehicles,car-accessories
۰۹۱۶۷۴۷۱۰۲۲,کوهدشت,kuhdasht,vehicles,car-accessories
۰۹۱۶۹۶۱۱۲۱۷,کوهدشت,kuhdasht,vehicles,car-accessories
۰۹۱۶۹۶۵۲۰۰۸,کوهدشت,kuhdasht,vehicles,car-accessories
۰۹۱۶۹۶۰۰۴۸۳,کوهدشت,kuhdasht,vehicles,car-accessories
۰۹۳۵۶۲۴۵۰۸۰,کوهدشت,kuhdasht,vehicles,car-accessories
۰۹۱۶۹۸۵۱۱۰۸,کوهدشت,kuhdasht,vehicles,car-accessories
۰۹۱۲۴۵۲۹۴۸۹,کوهدشت,kuhdasht,vehicles,car-accessories
۰۹۰۳۹۷۶۹۵۹۸,کوهدشت,kuhdasht,vehicles,car-accessories
۰۹۱۶۵۳۲۶۰۲۱,کوهدشت,kuhdasht,vehicles,car-accessories
۰۹۱۶۵۳۲۶۰۲۱,کوهدشت,kuhdasht,vehicles,car-accessories
۰۹۱۶۵۷۴۸۴۲۵,کوهدشت,kuhdasht,vehicles,car-accessories
۰۹۱۶۵۵۸۴۴۷۰,کوهدشت,kuhdasht,vehicles,car-accessories
۰۹۱۲۴۰۹۸۱۱۲,کوهدشت,kuhdasht,vehicles,car-accessories
۰۹۳۶۰۹۷۸۹۹۰,کوهدشت,kuhdasht,vehicles,car-accessories
۰۹۳۵۷۱۸۳۵۴۰,کوهدشت,kuhdasht,vehicles,car-accessories
۰۹۱۶۸۶۳۲۲۷۵,کوهدشت,kuhdasht,vehicles,car-accessories
۰۹۱۶۹۶۳۰۵۵۷,کوهدشت,kuhdasht,vehicles,car-accessories
۰۹۱۶۸۶۳۲۲۷۵,کوهدشت,kuhdasht,vehicles,car-accessories
۰۹۹۰۷۸۲۳۷۶۴,کوهدشت,kuhdasht,vehicles,car-accessories
۰۹۳۵۶۲۴۵۰۸۰,کوهدشت,kuhdasht,vehicles,car-accessories
۰۹۱۶۰۴۶۰۲۳۴,کوهدشت,kuhdasht,vehicles,car-accessories
۰۹۳۵۹۲۰۴۵۴۵,کوهدشت,kuhdasht,vehicles,car-accessories
۰۹۳۸۰۵۵۵۰۹۶,کوهدشت,kuhdasht,vehicles,car-accessories
۰۹۳۹۰۶۷۱۲۱۱,کوهدشت,kuhdasht,vehicles,car-accessories
۰۹۳۸۰۵۵۵۰۹۶,کوهدشت,kuhdasht,vehicles,car-accessories
۰۹۱۶۸۶۳۱۵۷۲,کوهدشت,kuhdasht,vehicles,car-accessories
۰۹۳۰۹۵۱۰۸۰۱,کوهدشت,kuhdasht,vehicles,car-accessories
۰۹۳۰۹۵۱۰۸۰۱,کوهدشت,kuhdasht,vehicles,car-accessories
۰۹۳۷۴۶۷۴۳۷۳,کوهدشت,kuhdasht,vehicles,car-accessories
۰۹۱۶۸۷۶۹۴۵۵,کوهدشت,kuhdasht,vehicles,car-accessories
۰۹۱۶۸۷۶۹۴۵۵,کوهدشت,kuhdasht,vehicles,car-accessories
۰۹۱۶۹۶۳۰۲۳۷,کوهدشت,kuhdasht,vehicles,car-accessories
۰۹۱۶۹۳۳۳۳۵۸,کوهدشت,kuhdasht,vehicles,car-accessories
۰۹۱۶۸۶۸۹۳۸۳,کوهدشت,kuhdasht,vehicles,car-accessories
۰۹۱۹۳۲۲۸۲۱۸,کوهدشت,kuhdasht,vehicles,car-accessories
۰۹۱۶۹۵۶۴۰۴۶,کوهدشت,kuhdasht,vehicles,car-accessories
۰۹۱۶۵۵۶۵۹۲۷,کوهدشت,kuhdasht,vehicles,car-accessories
۰۹۳۹۳۵۷۷۶۵۰,کوهدشت,kuhdasht,vehicles,car-accessories
۰۹۱۶۵۵۶۵۹۲۷,کوهدشت,kuhdasht,vehicles,car-accessories
۰۹۳۵۱۰۳۵۸۴۲,کوهدشت,kuhdasht,vehicles,car-accessories
۰۹۱۶۳۶۳۷۰۷۷,کوهدشت,kuhdasht,vehicles,car-accessories
۰۹۱۹۵۵۵۹۴۶۱,کوهدشت,kuhdasht,vehicles,car-accessories
۰۹۱۶۵۴۵۱۶۳۱,کوهدشت,kuhdasht,vehicles,car-accessories
۰۹۳۸۲۱۹۷۵۱۱,کوهدشت,kuhdasht,vehicles,car-accessories
۰۹۱۶۶۶۰۲۸۱۸,کوهدشت,kuhdasht,vehicles,car-accessories
۰۹۳۹۹۹۴۲۰۷۴,کوهدشت,kuhdasht,vehicles,car-accessories
۰۹۱۶۵۶۹۶۸۶۰,کوهدشت,kuhdasht,vehicles,motorcycles
۰۹۹۱۷۲۲۳۵۱۶,کوهدشت,kuhdasht,vehicles,motorcycles
۰۹۰۳۶۳۳۸۵۴۴,کوهدشت,kuhdasht,vehicles,motorcycles
۰۹۹۰۷۱۰۵۵۸۹,کوهدشت,kuhdasht,vehicles,motorcycles
۰۹۱۶۵۶۵۸۷۳۴,کوهدشت,kuhdasht,vehicles,motorcycles
۰۹۰۲۶۵۷۰۳۴۱,کوهدشت,kuhdasht,vehicles,motorcycles
۰۹۳۸۴۸۳۴۲۴۳,کوهدشت,kuhdasht,vehicles,motorcycles
۰۹۱۶۵۴۴۵۳۹۹,کوهدشت,kuhdasht,vehicles,motorcycles
۰۹۱۲۵۳۷۰۶۳۵,کوهدشت,kuhdasht,vehicles,motorcycles
۰۹۹۲۳۷۶۳۹۴۰,کوهدشت,kuhdasht,vehicles,motorcycles
۰۹۱۰۵۲۴۴۷۱۸,کوهدشت,kuhdasht,vehicles,motorcycles
۰۹۰۵۰۱۹۷۰۸۰,کوهدشت,kuhdasht,vehicles,motorcycles
۰۹۳۵۶۰۹۲۶۶۹,کوهدشت,kuhdasht,vehicles,motorcycles
۰۹۱۶۷۲۲۱۸۱۲,کوهدشت,kuhdasht,vehicles,motorcycles
۰۹۳۶۹۴۹۰۰۶۸,کوهدشت,kuhdasht,vehicles,motorcycles
۰۹۹۰۶۶۳۱۹۱۶,کوهدشت,kuhdasht,vehicles,motorcycles
۰۹۱۶۷۹۴۵۰۸۴,کوهدشت,kuhdasht,vehicles,motorcycles
۰۹۳۰۹۵۵۷۸۷۸,کوهدشت,kuhdasht,vehicles,motorcycles
۰۹۱۶۵۴۴۱۵۹۳,کوهدشت,kuhdasht,vehicles,motorcycles
۰۹۱۲۲۵۸۶۱۷۳,کوهدشت,kuhdasht,vehicles,motorcycles
۰۹۱۶۷۴۸۰۸۵۲,کوهدشت,kuhdasht,vehicles,motorcycles
۰۹۰۲۹۲۶۶۶۳۲,کوهدشت,kuhdasht,vehicles,motorcycles
۰۹۳۹۱۲۳۵۴۱۴,کوهدشت,kuhdasht,vehicles,motorcycles
۰۹۹۰۶۰۶۱۴۱۸,کوهدشت,kuhdasht,vehicles,motorcycles
۰۹۹۰۶۶۰۲۰۴۵,کوهدشت,kuhdasht,vehicles,motorcycles
۰۹۱۶۹۸۵۲۸۷۸,کوهدشت,kuhdasht,vehicles,motorcycles
۰۹۰۳۹۸۲۹۸۵۵,کوهدشت,kuhdasht,vehicles,motorcycles
۰۹۱۶۵۳۱۷۳۰۷,کوهدشت,kuhdasht,vehicles,motorcycles
۰۹۰۳۳۵۶۰۸۰۹,کوهدشت,kuhdasht,vehicles,motorcycles
۰۹۳۸۳۲۲۶۴۰۰,کوهدشت,kuhdasht,vehicles,motorcycles
۰۹۹۴۴۲۶۳۳۲۹,کوهدشت,kuhdasht,vehicles,motorcycles
۰۹۱۶۶۹۸۰۰۷۳,کوهدشت,kuhdasht,electronic-devices,mobile-tablet
۰۹۱۶۵۵۰۴۷۷۶,کوهدشت,kuhdasht,electronic-devices,mobile-tablet
۰۹۱۶۸۹۶۱۹۷۶,کوهدشت,kuhdasht,electronic-devices,mobile-tablet
۰۹۱۹۵۸۷۸۳۷۸,کوهدشت,kuhdasht,electronic-devices,mobile-tablet
۰۹۰۵۹۱۲۸۹۹۳,کوهدشت,kuhdasht,electronic-devices,mobile-tablet
۰۹۱۸۹۳۲۱۸۱۴,کوهدشت,kuhdasht,electronic-devices,mobile-tablet
۰۹۱۰۲۷۰۵۷۱۵,کوهدشت,kuhdasht,electronic-devices,mobile-tablet
۰۹۱۶۷۴۴۰۳۲۰,کوهدشت,kuhdasht,electronic-devices,mobile-tablet
۰۹۱۶۷۴۴۰۳۲۰,کوهدشت,kuhdasht,electronic-devices,mobile-tablet
۰۹۳۹۱۷۹۷۱۸۹,کوهدشت,kuhdasht,electronic-devices,mobile-tablet
۰۹۳۵۷۸۶۲۶۶۳,کوهدشت,kuhdasht,electronic-devices,mobile-tablet
۰۹۱۶۵۶۱۰۶۲۶,کوهدشت,kuhdasht,electronic-devices,mobile-tablet
۰۹۱۶۷۱۰۳۳۴۵,کوهدشت,kuhdasht,electronic-devices,mobile-tablet
۰۹۱۶۸۹۶۴۱۹۴,کوهدشت,kuhdasht,electronic-devices,mobile-tablet
(پنهان‌شده؛ چت کنید),کوهدشت,kuhdasht,electronic-devices,mobile-tablet
۰۹۹۴۴۲۱۹۷۵۴,کوهدشت,kuhdasht,electronic-devices,mobile-tablet
۰۹۳۷۶۶۱۴۲۶۵,کوهدشت,kuhdasht,electronic-devices,mobile-tablet
۰۹۳۹۰۶۷۱۲۱۱,کوهدشت,kuhdasht,electronic-devices,mobile-tablet
(پنهان‌شده؛ چت کنید),کوهدشت,kuhdasht,electronic-devices,mobile-tablet
۰۹۳۹۷۵۱۵۳۵۷,کوهدشت,kuhdasht,electronic-devices,mobile-tablet
۰۹۱۶۹۵۶۸۹۸۶,کوهدشت,kuhdasht,electronic-devices,mobile-tablet
۰۹۱۰۶۶۰۱۲۶۶,کوهدشت,kuhdasht,electronic-devices,mobile-tablet
۰۹۹۰۳۹۵۶۵۴۹,کوهدشت,kuhdasht,electronic-devices,mobile-tablet
۰۹۱۶۷۱۱۹۰۱۱,کوهدشت,kuhdasht,electronic-devices,mobile-tablet
۰۹۱۹۴۷۰۵۷۱۳,کوهدشت,kuhdasht,electronic-devices,mobile-tablet
۰۹۱۶۸۶۸۴۲۷۳,کوهدشت,kuhdasht,electronic-devices,mobile-tablet
(پنهان‌شده؛ چت کنید),کوهدشت,kuhdasht,electronic-devices,mobile-tablet
۰۹۹۲۴۵۸۸۴۰۲,کوهدشت,kuhdasht,electronic-devices,mobile-tablet
۰۹۳۶۴۷۱۰۷۹۵,کوهدشت,kuhdasht,electronic-devices,mobile-tablet
۰۹۱۶۶۹۸۰۸۳۳,کوهدشت,kuhdasht,electronic-devices,mobile-tablet
۰۹۹۲۴۵۸۸۴۰۲,کوهدشت,kuhdasht,electronic-devices,mobile-tablet
۰۹۹۲۴۵۸۸۴۰۲,کوهدشت,kuhdasht,electronic-devices,mobile-tablet
۰۹۱۶۶۹۷۷۸۹۳,کوهدشت,kuhdasht,electronic-devices,mobile-tablet
(پنهان‌شده؛ چت کنید),کوهدشت,kuhdasht,electronic-devices,mobile-tablet
۰۹۰۳۴۹۸۹۵۴۳,کوهدشت,kuhdasht,electronic-devices,mobile-tablet
(پنهان‌شده؛ چت کنید),کوهدشت,kuhdasht,electronic-devices,mobile-tablet
۰۹۰۳۲۱۹۶۵۶۶,کوهدشت,kuhdasht,electronic-devices,mobile-tablet
۰۹۲۲۵۱۹۴۰۴۸,کوهدشت,kuhdasht,electronic-devices,mobile-tablet
۰۹۳۶۹۳۹۴۷۳۶,کوهدشت,kuhdasht,electronic-devices,mobile-tablet
۰۹۳۸۸۵۴۹۱۱۴,کوهدشت,kuhdasht,electronic-devices,mobile-tablet
۰۹۱۶۵۵۷۷۶۱۴,کوهدشت,kuhdasht,electronic-devices,mobile-tablet
۰۹۰۵۰۸۳۱۰۷۴,کوهدشت,kuhdasht,electronic-devices,mobile-tablet
۰۹۳۷۵۵۱۴۷۱۵,کوهدشت,kuhdasht,electronic-devices,mobile-tablet
۰۹۹۲۱۹۱۷۰۹۰,کوهدشت,kuhdasht,electronic-devices,mobile-tablet
۰۹۳۹۳۵۷۷۶۵۰,کوهدشت,kuhdasht,electronic-devices,mobile-tablet
۰۹۱۶۹۲۷۹۱۶۷,کوهدشت,kuhdasht,electronic-devices,mobile-tablet
۰۹۹۲۳۳۷۳۱۰۷,کوهدشت,kuhdasht,electronic-devices,mobile-tablet
(پنهان‌شده؛ چت کنید),کوهدشت,kuhdasht,electronic-devices,mobile-tablet
(پنهان‌شده؛ چت کنید),کوهدشت,kuhdasht,electronic-devices,mobile-tablet
۰۹۱۰۱۶۰۸۱۷۹,کوهدشت,kuhdasht,electronic-devices,computers
۰۹۰۲۷۷۴۶۵۵۷,کوهدشت,kuhdasht,electronic-devices,computers
۰۹۱۰۶۶۰۴۹۴۷,کوهدشت,kuhdasht,electronic-devices,computers
۰۹۹۱۹۷۶۵۷۳۹,کوهدشت,kuhdasht,electronic-devices,computers
۰۹۱۶۷۵۰۱۲۶۱,کوهدشت,kuhdasht,electronic-devices,computers
۰۹۳۵۰۸۵۳۵۷۳,کوهدشت,kuhdasht,electronic-devices,computers
۰۹۰۲۳۳۶۰۵۶۰,کوهدشت,kuhdasht,electronic-devices,computers
۰۹۰۳۸۶۲۴۶۷۱,کوهدشت,kuhdasht,electronic-devices,computers
۰۹۰۱۴۵۵۴۵۳۲,کوهدشت,kuhdasht,electronic-devices,computers
۰۹۱۶۰۸۱۵۴۴۳,کوهدشت,kuhdasht,electronic-devices,computers
۰۹۱۶۸۶۱۷۵۷۱,کوهدشت,kuhdasht,electronic-devices,computers
۰۹۹۲۴۵۸۸۴۰۲,کوهدشت,kuhdasht,electronic-devices,computers
۰۹۱۶۸۹۶۱۸۷۶,کوهدشت,kuhdasht,electronic-devices,computers
۰۹۰۳۲۵۷۳۸۰۹,کوهدشت,kuhdasht,electronic-devices,computers
۰۹۱۶۸۶۱۷۵۷۱,کوهدشت,kuhdasht,electronic-devices,computers
(پنهان‌شده؛ چت کنید),کوهدشت,kuhdasht,electronic-devices,computers
۰۹۱۶۶۶۰۱۵۷۱,کوهدشت,kuhdasht,electronic-devices,computers
۰۹۳۶۰۴۷۹۷۵۵,کوهدشت,kuhdasht,electronic-devices,computers
۰۹۳۰۲۴۵۲۳۴۲,کوهدشت,kuhdasht,electronic-devices,computers
۰۹۱۶۷۹۵۴۹۵۱,کوهدشت,kuhdasht,electronic-devices,computers
۰۹۱۰۲۷۶۴۱۲۰,کوهدشت,kuhdasht,electronic-devices,game-consoles
(پنهان‌شده؛ چت کنید),کوهدشت,kuhdasht,electronic-devices,game-consoles
(پنهان‌شده؛ چت کنید),کوهدشت,kuhdasht,electronic-devices,game-consoles
۰۹۱۶۷۰۹۶۰۷۱,کوهدشت,kuhdasht,electronic-devices,game-consoles
۰۹۱۹۴۳۵۸۴۹۱,کوهدشت,kuhdasht,electronic-devices,game-consoles
۰۹۳۸۹۲۱۰۸۷۳,کوهدشت,kuhdasht,electronic-devices,game-consoles
۰۹۱۶۵۵۷۷۶۱۴,کوهدشت,kuhdasht,electronic-devices,game-consoles
۰۹۱۶۸۴۷۳۴۹۷,کوهدشت,kuhdasht,electronic-devices,game-consoles
۰۹۳۹۹۰۳۸۸۸۶,کوهدشت,kuhdasht,electronic-devices,game-consoles
۰۹۰۱۱۶۲۳۹۹۵,کوهدشت,kuhdasht,electronic-devices,game-consoles
(پنهان‌شده؛ چت کنید),کوهدشت,kuhdasht,electronic-devices,game-consoles
(پنهان‌شده؛ چت کنید),کوهدشت,kuhdasht,electronic-devices,game-consoles
۰۹۳۷۰۹۶۳۹۹۴,کوهدشت,kuhdasht,electronic-devices,game-consoles
۰۹۲۲۵۲۷۱۰۹۲,کوهدشت,kuhdasht,electronic-devices,game-consoles
۰۹۳۳۳۶۸۲۳۱۷,کوهدشت,kuhdasht,electronic-devices,video-audio-device
۰۹۱۶۰۲۰۷۰۶۷,کوهدشت,kuhdasht,electronic-devices,video-audio-device
۰۹۱۹۸۳۶۹۱۴۴,کوهدشت,kuhdasht,electronic-devices,video-audio-device
۰۹۱۷۹۵۴۴۶۳۴,کوهدشت,kuhdasht,electronic-devices,video-audio-device
۰۹۰۳۰۹۸۵۴۲۴,کوهدشت,kuhdasht,electronic-devices,video-audio-device
۰۹۲۱۹۴۰۱۶۲۶,کوهدشت,kuhdasht,electronic-devices,video-audio-device
(پنهان‌شده؛ چت کنید),کوهدشت,kuhdasht,electronic-devices,video-audio-device
۰۹۱۸۸۴۳۰۵۴۵,کوهدشت,kuhdasht,electronic-devices,video-audio-device
۰۹۱۶۵۶۱۰۶۲۶,کوهدشت,kuhdasht,electronic-devices,video-audio-device
۰۹۱۰۱۴۸۴۰۴۹,کوهدشت,kuhdasht,electronic-devices,video-audio-device
۰۹۱۲۰۶۲۰۱۹۷,کوهدشت,kuhdasht,electronic-devices,video-audio-device
۰۹۳۵۶۲۴۵۰۸۰,کوهدشت,kuhdasht,electronic-devices,video-audio-device
۰۹۱۹۷۱۱۴۱۳۶,کوهدشت,kuhdasht,electronic-devices,video-audio-device
۰۹۱۶۹۵۹۰۴۶۶,کوهدشت,kuhdasht,electronic-devices,video-audio-device
۰۹۱۰۷۸۹۳۷۹۶,کوهدشت,kuhdasht,electronic-devices,video-audio-device
۰۹۱۶۷۰۵۱۱۶۸,کوهدشت,kuhdasht,electronic-devices,video-audio-device
۰۹۱۶۹۶۱۲۶۱۹,کوهدشت,kuhdasht,electronic-devices,video-audio-device
۰۹۱۶۹۰۳۱۶۲۰,کوهدشت,kuhdasht,electronic-devices,video-audio-device
۰۹۳۵۰۶۳۳۹۵۵,کوهدشت,kuhdasht,electronic-devices,video-audio-device
۰۹۹۲۴۵۸۸۴۰۲,کوهدشت,kuhdasht,electronic-devices,video-audio-device
۰۹۳۳۷۹۴۶۵۲۸,کوهدشت,kuhdasht,electronic-devices,video-audio-device
۰۹۱۹۵۹۲۰۵۰۱,کوهدشت,kuhdasht,electronic-devices,video-audio-device
۰۹۰۵۷۱۲۵۲۸۲,کوهدشت,kuhdasht,electronic-devices,video-audio-device
۰۹۱۹۵۹۲۰۵۰۱,کوهدشت,kuhdasht,electronic-devices,video-audio-device
۰۹۱۶۷۹۵۶۲۶۵,کوهدشت,kuhdasht,electronic-devices,video-audio-device
۰۹۱۹۷۱۱۴۱۳۶,کوهدشت,kuhdasht,electronic-devices,video-audio-device
۰۹۳۵۹۶۱۰۹۰۹,کوهدشت,kuhdasht,electronic-devices,video-audio-device
(پنهان‌شده؛ چت کنید),کوهدشت,kuhdasht,electronic-devices,video-audio-device
۰۹۹۰۷۷۰۳۳۶۱,کوهدشت,kuhdasht,electronic-devices,video-audio-device
۰۹۳۰۱۵۶۵۲۹۳,کوهدشت,kuhdasht,electronic-devices,telephone
۰۹۲۲۴۴۳۶۹۰۴,کوهدشت,kuhdasht,electronic-devices,telephone
۰۹۹۴۴۴۸۶۵۰۵,کوهدشت,kuhdasht,home-and-kitchen,home-decor-furniture
۰۹۹۴۴۴۸۶۵۰۵,کوهدشت,kuhdasht,home-and-kitchen,home-decor-furniture
۰۹۱۶۸۶۳۰۹۷۰,کوهدشت,kuhdasht,home-and-kitchen,home-decor-furniture
(پنهان‌شده؛ چت کنید),کوهدشت,kuhdasht,home-and-kitchen,home-decor-furniture
۰۹۱۹۵۳۴۶۳۵۴,کوهدشت,kuhdasht,home-and-kitchen,home-decor-furniture
۰۹۱۶۵۵۸۷۵۸۴,کوهدشت,kuhdasht,home-and-kitchen,home-decor-furniture
۰۹۱۹۵۳۴۶۳۵۴,کوهدشت,kuhdasht,home-and-kitchen,home-decor-furniture
۰۹۱۶۸۸۸۱۶۶۹,کوهدشت,kuhdasht,home-and-kitchen,home-decor-furniture
۰۹۱۶۳۹۹۱۰۹۲,کوهدشت,kuhdasht,home-and-kitchen,home-decor-furniture
۰۹۱۶۶۷۰۷۰۵۰,کوهدشت,kuhdasht,home-and-kitchen,home-decor-furniture
۰۹۰۱۷۵۲۰۰۵۱,کوهدشت,kuhdasht,home-and-kitchen,home-decor-furniture
۰۹۳۰۹۹۵۱۳۲۴,کوهدشت,kuhdasht,home-and-kitchen,home-decor-furniture
۰۹۳۰۹۹۵۱۳۲۴,کوهدشت,kuhdasht,home-and-kitchen,home-decor-furniture
۰۹۳۹۶۰۳۴۱۳۲,کوهدشت,kuhdasht,home-and-kitchen,home-decor-furniture
۰۹۳۹۶۵۷۳۸۳۸,کوهدشت,kuhdasht,home-and-kitchen,home-decor-furniture
۰۹۱۶۶۹۷۸۸۶۲,کوهدشت,kuhdasht,home-and-kitchen,home-decor-furniture
(پنهان‌شده؛ چت کنید),کوهدشت,kuhdasht,home-and-kitchen,home-decor-furniture
۰۹۱۶۳۶۳۷۵۹۶,کوهدشت,kuhdasht,home-and-kitchen,home-decor-furniture
۰۹۳۸۱۸۷۷۰۲۷,کوهدشت,kuhdasht,home-and-kitchen,home-decor-furniture
۰۹۱۰۶۱۰۱۰۵۵,کوهدشت,kuhdasht,home-and-kitchen,home-decor-furniture
۰۹۱۶۹۶۰۲۵۹۰,کوهدشت,kuhdasht,home-and-kitchen,home-decor-furniture
۰۹۰۳۶۹۳۳۰۱۳,کوهدشت,kuhdasht,home-and-kitchen,home-decor-furniture
۰۹۱۶۹۶۱۹۹۱۰,کوهدشت,kuhdasht,home-and-kitchen,kitchen-appliances
۰۹۱۰۸۴۰۶۱۵۰,کوهدشت,kuhdasht,home-and-kitchen,kitchen-appliances
۰۹۲۱۹۴۹۶۵۲۱,کوهدشت,kuhdasht,home-and-kitchen,kitchen-appliances
۰۹۳۸۱۵۹۲۸۱۸,کوهدشت,kuhdasht,home-and-kitchen,kitchen-appliances
۰۹۹۱۶۵۶۳۶۴۷,کوهدشت,kuhdasht,home-and-kitchen,kitchen-appliances
۰۹۱۶۳۶۰۸۷۰۶,کوهدشت,kuhdasht,home-and-kitchen,kitchen-appliances
۰۹۰۱۶۰۸۴۴۲۵,کوهدشت,kuhdasht,home-and-kitchen,kitchen-appliances
۰۹۱۹۶۴۰۵۶۹۴,کوهدشت,kuhdasht,home-and-kitchen,kitchen-appliances
۰۹۱۶۵۶۱۹۵۰۱,کوهدشت,kuhdasht,home-and-kitchen,kitchen-appliances
۰۹۱۶۸۶۱۶۹۲۶,کوهدشت,kuhdasht,home-and-kitchen,kitchen-appliances
۰۹۰۱۶۰۸۴۴۲۵,کوهدشت,kuhdasht,home-and-kitchen,kitchen-appliances
۰۹۱۶۶۶۰۰۴۶۵,کوهدشت,kuhdasht,home-and-kitchen,kitchen-appliances
۰۹۱۶۸۴۷۹۲۶۶,کوهدشت,kuhdasht,home-and-kitchen,kitchen-appliances
۰۹۱۶۶۶۷۶۳۹۲,کوهدشت,kuhdasht,home-and-kitchen,kitchen-appliances
۰۹۹۲۴۹۷۹۶۲۳,کوهدشت,kuhdasht,home-and-kitchen,kitchen-appliances
۰۹۱۶۵۶۵۸۱۷۶,کوهدشت,kuhdasht,home-and-kitchen,kitchen-appliances
۰۹۲۱۹۴۰۱۶۲۶,کوهدشت,kuhdasht,home-and-kitchen,kitchen-appliances
۰۹۱۸۷۲۰۸۳۵۴,کوهدشت,kuhdasht,home-and-kitchen,kitchen-appliances
۰۹۳۸۰۳۵۳۹۰۷,کوهدشت,kuhdasht,home-and-kitchen,kitchen-appliances
(پنهان‌شده؛ چت کنید),کوهدشت,kuhdasht,home-and-kitchen,kitchen-appliances
(پنهان‌شده؛ چت کنید),کوهدشت,kuhdasht,home-and-kitchen,kitchen-appliances
۰۹۳۵۹۱۶۲۹۴۰,کوهدشت,kuhdasht,home-and-kitchen,kitchen-appliances
۰۹۳۳۷۴۰۴۷۳۲,کوهدشت,kuhdasht,home-and-kitchen,kitchen-appliances
۰۹۳۰۴۸۹۳۶۵۰,کوهدشت,kuhdasht,home-and-kitchen,kitchen-appliances
(پنهان‌شده؛ چت کنید),کوهدشت,kuhdasht,home-and-kitchen,kitchen-appliances
(پنهان‌شده؛ چت کنید),کوهدشت,kuhdasht,home-and-kitchen,kitchen-appliances
(پنهان‌شده؛ چت کنید),کوهدشت,kuhdasht,home-and-kitchen,kitchen-appliances
(پنهان‌شده؛ چت کنید),کوهدشت,kuhdasht,home-and-kitchen,kitchen-appliances
۰۹۱۶۵۵۵۰۳۶۰,کوهدشت,kuhdasht,home-and-kitchen,kitchen-appliances
۰۹۱۶۸۵۵۵۳۴۷,کوهدشت,kuhdasht,home-and-kitchen,kitchen-appliances
۰۹۱۹۷۷۸۲۵۹۷,کوهدشت,kuhdasht,home-and-kitchen,kitchen-appliances
۰۹۰۱۹۰۵۱۳۶۲,کوهدشت,kuhdasht,home-and-kitchen,kitchen-appliances
۰۹۰۱۷۸۱۵۲۵۴,کوهدشت,kuhdasht,home-and-kitchen,kitchen-appliances
۰۹۱۶۹۸۵۳۶۰۷,کوهدشت,kuhdasht,home-and-kitchen,kitchen-appliances
۰۹۹۰۱۴۲۰۸۷۲,کوهدشت,kuhdasht,home-and-kitchen,kitchen-appliances
۰۹۱۹۳۲۲۶۳۶۸,کوهدشت,kuhdasht,home-and-kitchen,kitchen-appliances
۰۹۹۰۷۷۴۵۴۱۴,کوهدشت,kuhdasht,home-and-kitchen,kitchen-appliances
۰۹۱۶۵۴۴۷۶۳۹,کوهدشت,kuhdasht,home-and-kitchen,kitchen-appliances
۰۹۰۱۶۳۰۲۴۳۰,کوهدشت,kuhdasht,home-and-kitchen,kitchen-appliances
۰۹۱۶۸۵۶۸۵۰۶,کوهدشت,kuhdasht,home-and-kitchen,kitchen-appliances
۰۹۱۶۸۵۶۸۵۰۶,کوهدشت,kuhdasht,home-and-kitchen,kitchen-appliances
۰۹۱۶۸۶۶۸۱۵۹,کوهدشت,kuhdasht,home-and-kitchen,kitchen-appliances
۰۹۱۹۷۱۲۲۰۷۷,کوهدشت,kuhdasht,home-and-kitchen,kitchen-appliances
۰۹۱۶۶۵۹۴۲۵۹,کوهدشت,kuhdasht,home-and-kitchen,kitchen-appliances
۰۹۱۶۹۶۱۹۵۷۳,کوهدشت,kuhdasht,home-and-kitchen,kitchen-appliances
۰۹۱۶۹۶۱۹۵۷۳,کوهدشت,kuhdasht,home-and-kitchen,kitchen-appliances
۰۹۱۰۴۹۲۶۶۲۰,کوهدشت,kuhdasht,home-and-kitchen,kitchen-appliances
(پنهان‌شده؛ چت کنید),کوهدشت,kuhdasht,home-and-kitchen,kitchen-appliances
۰۹۱۶۷۱۲۱۷۱۵,کوهدشت,kuhdasht,home-and-kitchen,kitchen-appliances
۰۹۱۶۷۱۲۱۷۱۵,کوهدشت,kuhdasht,home-and-kitchen,kitchen-appliances
۰۹۹۰۷۲۰۶۸۷۳,کوهدشت,kuhdasht,home-and-kitchen,kitchen-appliances
۰۹۱۶۹۵۷۵۴۸۴,کوهدشت,kuhdasht,home-and-kitchen,kitchen-appliances
۰۹۳۶۱۴۴۶۶۵۷,کوهدشت,kuhdasht,home-and-kitchen,kitchen-appliances
۰۹۳۷۳۵۲۶۷۲۹,کوهدشت,kuhdasht,home-and-kitchen,kitchen-appliances
۰۹۳۵۳۱۱۲۰۷۴,کوهدشت,kuhdasht,home-and-kitchen,kitchen-appliances
۰۹۱۶۳۶۶۲۶۸۷,کوهدشت,kuhdasht,home-and-kitchen,kitchen-appliances
(پنهان‌شده؛ چت کنید),کوهدشت,kuhdasht,home-and-kitchen,kitchen-appliances
۰۹۱۸۲۸۲۱۳۰۸,کوهدشت,kuhdasht,home-and-kitchen,kitchen-appliances
۰۹۱۶۷۴۸۶۶۱۴,کوهدشت,kuhdasht,home-and-kitchen,kitchen-appliances
۰۹۱۶۶۶۰۱۹۷۸,کوهدشت,kuhdasht,home-and-kitchen,kitchen-appliances
۰۹۱۶۶۶۰۱۵۱۳,کوهدشت,kuhdasht,home-and-kitchen,home-appliances
(پنهان‌شده؛ چت کنید),کوهدشت,kuhdasht,home-and-kitchen,home-appliances
۰۹۱۶۸۵۷۰۹۶۳,کوهدشت,kuhdasht,home-and-kitchen,home-appliances
۰۹۲۱۹۴۰۱۶۲۶,کوهدشت,kuhdasht,home-and-kitchen,home-appliances
۰۹۳۶۹۸۸۱۹۳۰,کوهدشت,kuhdasht,home-and-kitchen,home-appliances
۰۹۳۹۶۶۴۰۸۸۴,کوهدشت,kuhdasht,home-and-kitchen,home-appliances
(پنهان‌شده؛ چت کنید),کوهدشت,kuhdasht,home-and-kitchen,home-appliances
۰۹۱۶۵۶۷۱۹۷۰,کوهدشت,kuhdasht,home-and-kitchen,home-appliances
۰۹۱۶۵۶۷۱۹۷۰,کوهدشت,kuhdasht,home-and-kitchen,home-appliances
۰۹۰۱۶۶۱۸۰۳۷,کوهدشت,kuhdasht,home-and-kitchen,home-appliances
۰۹۳۹۷۲۴۷۴۶۳,کوهدشت,kuhdasht,home-and-kitchen,home-appliances
۰۹۳۷۹۸۱۶۹۰۰,کوهدشت,kuhdasht,home-and-kitchen,building-garden
۰۹۳۶۷۳۸۱۴۲۳,کوهدشت,kuhdasht,home-and-kitchen,building-garden
۰۹۱۰۱۶۰۸۱۷۹,کوهدشت,kuhdasht,home-and-kitchen,building-garden
(پنهان‌شده؛ چت کنید),کوهدشت,kuhdasht,home-and-kitchen,building-garden
۰۹۱۶۸۸۸۸۱۷۲,کوهدشت,kuhdasht,home-and-kitchen,building-garden
۰۹۳۸۸۸۴۹۹۸۵,کوهدشت,kuhdasht,home-and-kitchen,building-garden
۰۹۱۶۸۶۳۰۶۱۷,کوهدشت,kuhdasht,home-and-kitchen,building-garden
۰۹۰۱۶۰۸۴۴۲۵,کوهدشت,kuhdasht,home-and-kitchen,building-garden
۰۹۳۰۴۱۶۲۰۰۴,کوهدشت,kuhdasht,home-and-kitchen,building-garden
۰۹۱۶۵۶۱۰۶۲۶,کوهدشت,kuhdasht,home-and-kitchen,building-garden
۰۹۳۷۹۶۱۰۶۷۴,کوهدشت,kuhdasht,home-and-kitchen,building-garden
۰۹۳۵۰۸۱۸۶۶۸,کوهدشت,kuhdasht,home-and-kitchen,building-garden
۰۹۳۸۶۹۹۷۸۹۲,کوهدشت,kuhdasht,home-and-kitchen,building-garden
۰۹۳۸۶۹۹۷۸۹۲,کوهدشت,kuhdasht,home-and-kitchen,building-garden
۰۹۰۱۴۲۹۵۱۵۲,کوهدشت,kuhdasht,home-and-kitchen,building-garden
۰۹۳۸۱۹۷۲۸۸۸,کوهدشت,kuhdasht,home-and-kitchen,building-garden
۰۹۱۶۶۶۰۰۴۱۲,کوهدشت,kuhdasht,home-and-kitchen,building-garden
۰۹۱۹۷۱۲۲۰۷۷,کوهدشت,kuhdasht,home-and-kitchen,building-garden
۰۹۹۰۷۰۹۴۱۰۸,کوهدشت,kuhdasht,home-and-kitchen,building-garden
۰۹۹۲۸۷۵۲۷۳۱,کوهدشت,kuhdasht,home-and-kitchen,building-garden
۰۹۲۲۴۶۶۲۷۳۵,کوهدشت,kuhdasht,home-and-kitchen,building-garden
۰۹۱۶۸۸۸۷۰۰۶,کوهدشت,kuhdasht,home-and-kitchen,building-garden
۰۹۱۶۹۵۸۱۴۷۲,کوهدشت,kuhdasht,home-and-kitchen,building-garden
۰۹۱۸۷۵۳۲۰۴۸,کوهدشت,kuhdasht,home-and-kitchen,building-garden
۰۹۱۶۸۵۶۷۹۵۹,کوهدشت,kuhdasht,home-and-kitchen,building-garden
۰۹۱۸۷۵۳۲۰۴۸,کوهدشت,kuhdasht,home-and-kitchen,building-garden
۰۹۱۶۳۶۳۹۴۴۸,کوهدشت,kuhdasht,home-and-kitchen,building-garden
۰۹۱۶۵۵۰۸۲۸۷,کوهدشت,kuhdasht,home-and-kitchen,building-garden
۰۹۱۶۷۴۴۵۴۹۳,کوهدشت,kuhdasht,home-and-kitchen,building-garden
۰۹۱۶۵۶۵۹۹۸۴,کوهدشت,kuhdasht,home-and-kitchen,building-garden
۰۹۳۹۷۲۴۷۴۶۳,کوهدشت,kuhdasht,home-and-kitchen,building-garden
۰۹۳۹۹۲۰۷۳۷۷,کوهدشت,kuhdasht,home-and-kitchen,building-garden
۰۹۳۵۰۸۱۸۶۶۸,کوهدشت,kuhdasht,home-and-kitchen,building-garden
۰۹۱۹۱۱۲۱۸۷۸,کوهدشت,kuhdasht,home-and-kitchen,building-garden
۰۹۹۰۴۷۱۰۱۹۶,کوهدشت,kuhdasht,home-and-kitchen,building-garden
۰۹۱۶۰۱۸۷۹۴۳,کوهدشت,kuhdasht,services,vehicles-services
۰۹۳۰۱۴۴۷۷۸۴,کوهدشت,kuhdasht,services,vehicles-services
۰۹۱۶۳۶۳۸۳۰۸,کوهدشت,kuhdasht,services,vehicles-services
۰۹۱۶۶۶۰۱۱۵۹,کوهدشت,kuhdasht,services,vehicles-services
۰۹۳۹۷۱۸۰۶۰۸,کوهدشت,kuhdasht,services,vehicles-services
۰۹۱۶۷۱۰۷۴۸۴,کوهدشت,kuhdasht,services,vehicles-services
۰۹۱۶۸۶۳۱۶۸۸,کوهدشت,kuhdasht,services,catering-services
(پنهان‌شده؛ چت کنید),کوهدشت,kuhdasht,services,catering-services
۰۹۱۶۹۶۰۰۰۹۳,کوهدشت,kuhdasht,services,catering-services
(پنهان‌شده؛ چت کنید),کوهدشت,kuhdasht,services,catering-services
۰۹۰۳۲۱۸۸۱۴۳,کوهدشت,kuhdasht,services,catering-services
۰۹۳۸۵۸۴۹۴۱۴,کوهدشت,kuhdasht,services,catering-services
۰۹۰۵۰۸۳۱۰۷۴,کوهدشت,kuhdasht,services,catering-services
۰۹۱۸۹۹۵۱۵۸۲,کوهدشت,kuhdasht,services,catering-services
۰۹۳۷۲۲۹۳۰۱۴,کوهدشت,kuhdasht,services,technology-services
۰۹۱۶۹۶۱۳۶۴۲,کوهدشت,kuhdasht,services,technology-services
۰۹۳۷۲۲۹۳۰۱۴,کوهدشت,kuhdasht,services,technology-services
۰۹۰۵۴۳۲۹۸۰۴,کوهدشت,kuhdasht,services,technology-services
۰۹۳۷۲۲۹۳۰۱۴,کوهدشت,kuhdasht,services,technology-services
۰۹۱۶۷۱۹۳۵۷۵,کوهدشت,kuhdasht,services,technology-services
۰۹۰۵۴۳۲۹۸۰۵,کوهدشت,kuhdasht,services,technology-services
۰۹۳۷۲۲۹۳۰۱۴,کوهدشت,kuhdasht,services,technology-services
۰۹۰۵۴۳۲۹۸۰۴,کوهدشت,kuhdasht,services,technology-services
۰۹۰۵۴۳۲۹۸۰۵,کوهدشت,kuhdasht,services,technology-services
۰۹۰۵۴۳۲۹۸۰۴,کوهدشت,kuhdasht,services,technology-services
۰۹۳۷۲۲۹۳۰۱۴,کوهدشت,kuhdasht,services,technology-services
۰۹۰۵۴۳۲۹۸۰۴,کوهدشت,kuhdasht,services,technology-services
۰۹۳۷۲۲۹۳۰۱۴,کوهدشت,kuhdasht,services,technology-services
۰۹۰۵۴۳۲۹۸۰۴,کوهدشت,kuhdasht,services,technology-services
۰۹۰۵۴۳۲۹۸۰۵,کوهدشت,kuhdasht,services,technology-services
۰۹۰۵۴۳۲۹۸۰۴,کوهدشت,kuhdasht,services,technology-services
۰۹۳۷۲۲۹۳۰۱۴,کوهدشت,kuhdasht,services,technology-services
۰۹۰۵۴۳۲۹۸۰۵,کوهدشت,kuhdasht,services,technology-services
۰۹۰۵۴۳۲۹۸۰۵,کوهدشت,kuhdasht,services,technology-services
۰۹۰۵۴۳۲۹۸۰۵,کوهدشت,kuhdasht,services,technology-services
۰۹۰۵۴۳۲۹۸۰۵,کوهدشت,kuhdasht,services,technology-services
۰۹۱۶۸۶۱۹۶۶۵,کوهدشت,kuhdasht,services,technology-services
۰۹۲۲۱۲۰۳۹۶۳,کوهدشت,kuhdasht,services,technology-services
۰۹۰۵۴۳۲۹۸۰۵,کوهدشت,kuhdasht,services,technology-services
۰۹۰۵۴۳۲۹۸۰۵,کوهدشت,kuhdasht,services,technology-services
۰۹۰۵۴۳۲۹۸۰۵,کوهدشت,kuhdasht,services,technology-services
۰۹۰۵۴۳۲۹۸۰۴,کوهدشت,kuhdasht,services,technology-services
۰۹۱۶۱۶۰۳۰۷۰,کوهدشت,kuhdasht,services,financial-services
۰۹۱۶۳۶۳۷۶۶۸,کوهدشت,kuhdasht,services,financial-services
۰۹۱۶۸۶۱۵۵۰۴,کوهدشت,kuhdasht,services,financial-services
۰۹۹۰۷۰۸۵۱۲۶,کوهدشت,kuhdasht,services,financial-services
۰۹۱۹۱۸۰۰۴۴۱,کوهدشت,kuhdasht,services,financial-services
(پنهان‌شده؛ چت کنید),کوهدشت,kuhdasht,services,financial-services
(پنهان‌شده؛ چت کنید),کوهدشت,kuhdasht,services,financial-services
۰۹۱۶۸۵۰۲۲۴۹,کوهدشت,kuhdasht,services,financial-services
۰۹۹۰۵۳۸۶۴۷۵,کوهدشت,kuhdasht,services,financial-services
۰۹۱۹۷۳۸۹۶۶۳,کوهدشت,kuhdasht,services,financial-services
۰۹۲۱۹۴۹۶۵۲۱,کوهدشت,kuhdasht,services,financial-services
۰۹۱۶۹۶۰۶۱۷۰,کوهدشت,kuhdasht,services,financial-services
۰۹۱۶۷۴۷۱۰۲۲,کوهدشت,kuhdasht,services,financial-services
۰۹۰۱۲۸۸۴۱۲۵,کوهدشت,kuhdasht,services,financial-services
۰۹۰۵۰۸۳۱۰۷۴,کوهدشت,kuhdasht,services,financial-services
۰۹۱۶۸۶۱۵۷۸۴,کوهدشت,kuhdasht,services,financial-services
۰۹۱۶۸۶۱۵۷۸۴,کوهدشت,kuhdasht,services,financial-services
۰۹۱۶۸۶۱۵۷۸۴,کوهدشت,kuhdasht,services,financial-services
۰۹۳۰۸۳۰۴۲۴۸,کوهدشت,kuhdasht,services,financial-services
۰۹۱۶۲۳۹۸۶۱۲,کوهدشت,kuhdasht,services,financial-services
۰۹۳۷۸۷۳۴۰۷۳,کوهدشت,kuhdasht,services,financial-services
۰۹۹۲۱۹۱۷۰۹۰,کوهدشت,kuhdasht,services,financial-services
۰۹۹۰۱۶۴۰۱۳۴,کوهدشت,kuhdasht,services,financial-services
۰۹۰۵۰۸۳۱۰۷۴,کوهدشت,kuhdasht,services,financial-services
۰۹۱۹۴۲۶۲۰۱۵,کوهدشت,kuhdasht,services,transport-logistic-services
۰۹۱۶۷۴۷۱۰۲۲,کوهدشت,kuhdasht,services,transport-logistic-services
۰۹۱۶۰۱۸۷۶۳۸,کوهدشت,kuhdasht,services,transport-logistic-services
۰۹۱۶۰۴۸۰۸۸۵,کوهدشت,kuhdasht,services,transport-logistic-services
۰۹۱۶۹۷۹۳۶۱۰,کوهدشت,kuhdasht,services,transport-logistic-services
۰۹۱۹۱۶۸۹۵۲۸,کوهدشت,kuhdasht,services,transport-logistic-services
۰۹۱۶۹۸۵۰۰۳۶,کوهدشت,kuhdasht,services,transport-logistic-services
۰۹۱۹۸۸۱۲۲۶۸,کوهدشت,kuhdasht,services,transport-logistic-services
۰۹۳۷۲۹۰۷۴۰۹,کوهدشت,kuhdasht,services,transport-logistic-services
۰۹۱۹۴۴۴۳۹۸۰,کوهدشت,kuhdasht,services,transport-logistic-services
۰۹۳۹۷۰۰۱۷۱۸,کوهدشت,kuhdasht,services,transport-logistic-services
۰۹۱۲۶۶۱۳۶۸۹,کوهدشت,kuhdasht,services,transport-logistic-services
۰۹۱۹۷۲۸۸۸۴۱,کوهدشت,kuhdasht,services,craft-skill-services
۰۹۱۶۷۴۴۰۳۲۰,کوهدشت,kuhdasht,services,craft-skill-services
۰۹۱۹۳۷۸۴۷۰۴,کوهدشت,kuhdasht,services,craft-skill-services
۰۹۹۰۷۰۲۴۹۳۸,کوهدشت,kuhdasht,services,craft-skill-services
۰۹۱۹۷۹۷۷۳۸۳,کوهدشت,kuhdasht,services,craft-skill-services
(پنهان‌شده؛ چت کنید),کوهدشت,kuhdasht,services,craft-skill-services
۰۹۳۸۳۹۲۸۳۴۷,کوهدشت,kuhdasht,services,craft-skill-services
۰۹۱۹۸۵۷۱۶۹۶,کوهدشت,kuhdasht,services,craft-skill-services
۰۹۰۱۸۳۲۲۴۸۶,کوهدشت,kuhdasht,services,craft-skill-services
۰۹۱۶۹۶۷۵۵۶۸,کوهدشت,kuhdasht,services,craft-skill-services
۰۹۱۹۳۷۲۷۵۴۹,کوهدشت,kuhdasht,services,craft-skill-services
۰۹۱۹۳۷۲۷۵۴۹,کوهدشت,kuhdasht,services,craft-skill-services
۰۹۰۱۰۹۵۶۰۳۵,کوهدشت,kuhdasht,services,craft-skill-services
(پنهان‌شده؛ چت کنید),کوهدشت,kuhdasht,services,craft-skill-services
(پنهان‌شده؛ چت کنید),کوهدشت,kuhdasht,services,craft-skill-services
۰۹۱۹۳۷۲۷۵۴۹,کوهدشت,kuhdasht,services,craft-skill-services
۰۹۱۶۷۰۹۱۲۴۸,کوهدشت,kuhdasht,services,craft-skill-services
۰۹۱۶۰۷۴۸۸۰۸,کوهدشت,kuhdasht,services,craft-skill-services
۰۹۳۳۴۴۱۱۷۰۹,کوهدشت,kuhdasht,services,craft-skill-services
۰۹۱۶۶۶۰۳۵۴۶,کوهدشت,kuhdasht,services,craft-skill-services
۰۹۱۹۷۶۴۷۳۳۲,کوهدشت,kuhdasht,services,craft-skill-services
۰۹۱۹۳۷۲۷۵۴۹,کوهدشت,kuhdasht,services,craft-skill-services
۰۹۱۶۸۵۷۶۹۷۲,کوهدشت,kuhdasht,services,craft-skill-services
۰۹۱۲۲۷۵۳۵۹۱,کوهدشت,kuhdasht,services,craft-skill-services
۰۹۲۲۴۶۶۲۷۳۵,کوهدشت,kuhdasht,services,craft-skill-services
۰۹۱۲۳۳۵۴۰۶۳,کوهدشت,kuhdasht,services,craft-skill-services
۰۹۱۲۶۸۳۴۵۱۹,کوهدشت,kuhdasht,services,craft-skill-services
۰۹۱۶۹۵۸۲۹۸۱,کوهدشت,kuhdasht,services,craft-skill-services
۰۹۱۶۹۶۳۴۱۴۴,کوهدشت,kuhdasht,services,craft-skill-services
۰۹۱۶۷۰۵۵۸۲۵,کوهدشت,kuhdasht,services,craft-skill-services
۰۹۱۰۱۶۶۲۰۷۱,کوهدشت,kuhdasht,services,craft-skill-services
۰۹۳۶۸۵۷۸۹۷۱,کوهدشت,kuhdasht,services,craft-skill-services
۰۹۱۶۸۷۰۳۶۴۱,کوهدشت,kuhdasht,services,craft-skill-services
۰۹۳۸۹۶۱۶۵۶۰,کوهدشت,kuhdasht,services,craft-skill-services
۰۹۱۹۳۷۲۷۵۴۹,کوهدشت,kuhdasht,services,craft-skill-services
۰۹۱۶۹۶۳۳۳۴۰,کوهدشت,kuhdasht,services,craft-skill-services
۰۹۱۲۵۶۴۳۲۰۱,کوهدشت,kuhdasht,services,craft-skill-services
۰۹۹۲۳۱۳۵۶۳۱,کوهدشت,kuhdasht,services,craft-skill-services
۰۹۱۶۷۲۱۹۵۸۰,کوهدشت,kuhdasht,services,craft-skill-services
۰۹۳۷۸۶۸۵۴۴۰,کوهدشت,kuhdasht,services,craft-skill-services
۰۹۱۲۶۴۵۲۵۳۷,کوهدشت,kuhdasht,services,craft-skill-services
۰۹۱۶۷۴۴۱۶۱۹,کوهدشت,kuhdasht,services,craft-skill-services
۰۹۱۰۴۸۳۱۲۹۷,کوهدشت,kuhdasht,services,craft-skill-services
۰۹۱۶۹۶۳۴۶۱۴,کوهدشت,kuhdasht,services,craft-skill-services
۰۹۳۵۹۹۴۲۶۶۸,کوهدشت,kuhdasht,services,craft-skill-services
۰۹۱۶۹۵۸۲۹۸۱,کوهدشت,kuhdasht,services,craft-skill-services
۰۹۱۹۳۷۲۷۵۴۹,کوهدشت,kuhdasht,services,craft-skill-services
۰۹۹۱۰۲۴۶۹۷۴,کوهدشت,kuhdasht,services,craft-skill-services
۰۹۱۹۳۷۲۷۵۴۹,کوهدشت,kuhdasht,services,craft-skill-services
۰۹۳۷۱۸۸۹۴۸۸,کوهدشت,kuhdasht,services,craft-skill-services
۰۹۱۶۵۶۲۲۶۸۴,کوهدشت,kuhdasht,services,beauty-services
۰۹۳۳۳۲۳۱۱۵۶,کوهدشت,kuhdasht,services,beauty-services
۰۹۹۱۰۶۹۰۷۹۹,کوهدشت,kuhdasht,services,beauty-services
۰۹۳۰۰۹۶۵۰۱۰,کوهدشت,kuhdasht,services,beauty-services
۰۹۱۶۷۴۷۶۸۵۶,کوهدشت,kuhdasht,services,beauty-services
۰۹۰۲۸۵۵۷۹۴۳,کوهدشت,kuhdasht,services,beauty-services
۰۹۳۰۱۴۴۷۷۸۴,کوهدشت,kuhdasht,services,cleaning-services
۰۹۳۵۶۲۴۵۰۸۰,کوهدشت,kuhdasht,services,cleaning-services
(پنهان‌شده؛ چت کنید),کوهدشت,kuhdasht,services,gardening-services
۰۹۳۷۵۴۲۸۶۸۳,کوهدشت,kuhdasht,services,gardening-services
۰۹۱۶۷۰۵۷۶۱۸,کوهدشت,kuhdasht,services,teaching-services
۰۹۳۵۶۵۲۶۰۵۳,کوهدشت,kuhdasht,services,teaching-services
۰۹۳۳۸۱۹۵۵۹۳,کوهدشت,kuhdasht,services,teaching-services
۰۹۱۶۸۷۶۲۹۱۱,کوهدشت,kuhdasht,services,teaching-services
۰۹۳۶۴۵۹۸۳۱۲,کوهدشت,kuhdasht,services,teaching-services
۰۹۹۰۶۶۳۱۰۱۶,کوهدشت,kuhdasht,services,teaching-services
۰۹۱۶۵۶۹۹۱۳۷,کوهدشت,kuhdasht,services,teaching-services
۰۹۳۹۰۶۷۱۲۱۱,کوهدشت,kuhdasht,services,teaching-services
۰۹۳۲۳۱۵۹۵۵۴,کوهدشت,kuhdasht,services,teaching-services
۰۹۱۶۰۱۹۶۸۴۴,کوهدشت,kuhdasht,personal-goods,apparel
۰۹۳۵۷۲۵۴۰۸۳,کوهدشت,kuhdasht,personal-goods,apparel
۰۹۱۹۳۵۷۳۱۴۹,کوهدشت,kuhdasht,personal-goods,apparel
۰۹۱۹۳۵۷۳۱۴۹,کوهدشت,kuhdasht,personal-goods,apparel
۰۹۰۲۵۲۳۵۷۱۳,کوهدشت,kuhdasht,personal-goods,apparel
۰۹۹۰۰۶۱۵۵۸۲,کوهدشت,kuhdasht,personal-goods,apparel
۰۹۱۶۷۴۹۲۷۲۲,کوهدشت,kuhdasht,personal-goods,apparel
۰۹۱۶۷۴۹۲۷۲۲,کوهدشت,kuhdasht,personal-goods,apparel
۰۹۳۳۴۹۱۰۳۷۳,کوهدشت,kuhdasht,personal-goods,apparel
(پنهان‌شده؛ چت کنید),کوهدشت,kuhdasht,personal-goods,apparel
(پنهان‌شده؛ چت کنید),کوهدشت,kuhdasht,personal-goods,apparel
۰۹۱۶۷۱۹۴۹۹۶,کوهدشت,kuhdasht,personal-goods,apparel
۰۹۱۶۷۱۵۳۷۶۳,کوهدشت,kuhdasht,personal-goods,apparel
۰۹۳۵۴۸۵۸۴۳۱,کوهدشت,kuhdasht,personal-goods,apparel
۰۹۳۵۶۲۴۵۰۸۰,کوهدشت,kuhdasht,personal-goods,apparel
۰۹۱۶۷۱۰۳۵۳۲,کوهدشت,kuhdasht,personal-goods,apparel
(پنهان‌شده؛ چت کنید),کوهدشت,kuhdasht,personal-goods,apparel
(پنهان‌شده؛ چت کنید),کوهدشت,kuhdasht,personal-goods,apparel
۰۹۱۶۵۷۳۷۹۸۹,کوهدشت,kuhdasht,personal-goods,apparel
۰۹۳۳۷۴۰۴۷۳۲,کوهدشت,kuhdasht,personal-goods,apparel
۰۹۰۵۱۴۰۱۶۸۶,کوهدشت,kuhdasht,personal-goods,apparel
۰۹۱۹۴۳۵۸۴۹۱,کوهدشت,kuhdasht,personal-goods,apparel
۰۹۱۶۹۸۵۴۱۸۲,کوهدشت,kuhdasht,personal-goods,apparel
(پنهان‌شده؛ چت کنید),کوهدشت,kuhdasht,personal-goods,apparel
(پنهان‌شده؛ چت کنید),کوهدشت,kuhdasht,personal-goods,apparel
۰۹۳۳۵۵۶۰۷۰۹,کوهدشت,kuhdasht,personal-goods,apparel
۰۹۱۶۷۴۷۵۴۹۵,کوهدشت,kuhdasht,personal-goods,apparel
(پنهان‌شده؛ چت کنید),کوهدشت,kuhdasht,personal-goods,apparel
۰۹۰۲۳۷۸۶۵۶۱,کوهدشت,kuhdasht,personal-goods,apparel
۰۹۹۰۲۹۷۲۰۱۴,کوهدشت,kuhdasht,personal-goods,apparel
۰۹۰۳۲۱۸۸۱۴۳,کوهدشت,kuhdasht,personal-goods,apparel
۰۹۱۶۹۸۴۸۶۹۹,کوهدشت,kuhdasht,personal-goods,apparel
۰۹۹۱۶۵۶۳۶۴۷,کوهدشت,kuhdasht,personal-goods,apparel
۰۹۱۶۰۷۷۳۵۹۲,کوهدشت,kuhdasht,personal-goods,apparel
(پنهان‌شده؛ چت کنید),کوهدشت,kuhdasht,personal-goods,apparel
۰۹۳۶۵۰۰۱۳۶۸,کوهدشت,kuhdasht,personal-goods,apparel
۰۹۱۶۹۶۵۸۶۳۵,کوهدشت,kuhdasht,personal-goods,apparel
۰۹۳۵۸۹۱۲۵۷۳,کوهدشت,kuhdasht,personal-goods,apparel
۰۹۳۹۵۹۶۳۸۹۸,کوهدشت,kuhdasht,personal-goods,apparel
۰۹۳۹۵۹۶۳۸۹۸,کوهدشت,kuhdasht,personal-goods,apparel
(پنهان‌شده؛ چت کنید),کوهدشت,kuhdasht,personal-goods,apparel
(پنهان‌شده؛ چت کنید),کوهدشت,kuhdasht,personal-goods,apparel
۰۹۹۰۷۱۷۰۳۵۴,کوهدشت,kuhdasht,personal-goods,apparel
۰۹۱۶۷۱۹۴۹۹۶,کوهدشت,kuhdasht,personal-goods,apparel
۰۹۱۶۷۵۲۸۰۵۲,کوهدشت,kuhdasht,personal-goods,apparel
۰۹۰۳۷۶۵۷۹۲۰,کوهدشت,kuhdasht,personal-goods,apparel
۰۹۱۶۵۵۳۹۸۵۹,کوهدشت,kuhdasht,personal-goods,apparel
۰۹۰۳۱۴۱۷۷۲۱,کوهدشت,kuhdasht,personal-goods,apparel
۰۹۱۸۴۱۰۲۳۱۷,کوهدشت,kuhdasht,personal-goods,apparel
۰۹۲۲۵۱۹۴۰۴۸,کوهدشت,kuhdasht,personal-goods,apparel
۰۹۳۳۶۴۴۲۲۴۱,کوهدشت,kuhdasht,personal-goods,apparel
۰۹۱۶۸۴۷۳۴۹۷,کوهدشت,kuhdasht,personal-goods,apparel
۰۹۱۶۸۴۷۳۴۹۷,کوهدشت,kuhdasht,personal-goods,apparel
(پنهان‌شده؛ چت کنید),کوهدشت,kuhdasht,personal-goods,apparel
(پنهان‌شده؛ چت کنید),کوهدشت,kuhdasht,personal-goods,apparel
(پنهان‌شده؛ چت کنید),کوهدشت,kuhdasht,personal-goods,apparel
۰۹۹۲۳۶۹۵۷۹۴,کوهدشت,kuhdasht,personal-goods,apparel
(پنهان‌شده؛ چت کنید),کوهدشت,kuhdasht,personal-goods,apparel
۰۹۰۱۵۷۴۳۲۲۴,کوهدشت,kuhdasht,personal-goods,apparel
(پنهان‌شده؛ چت کنید),کوهدشت,kuhdasht,personal-goods,apparel
(پنهان‌شده؛ چت کنید),کوهدشت,kuhdasht,personal-goods,apparel
(پنهان‌شده؛ چت کنید),کوهدشت,kuhdasht,personal-goods,apparel
۰۹۰۵۰۲۲۸۳۷۲,کوهدشت,kuhdasht,personal-goods,apparel
(پنهان‌شده؛ چت کنید),کوهدشت,kuhdasht,personal-goods,apparel
۰۹۳۵۳۱۱۲۰۷۴,کوهدشت,kuhdasht,personal-goods,apparel
۰۹۱۶۷۵۰۶۳۶۱,کوهدشت,kuhdasht,personal-goods,apparel
۰۹۱۶۷۵۰۶۳۶۱,کوهدشت,kuhdasht,personal-goods,apparel
۰۹۳۵۹۹۴۲۶۶۸,کوهدشت,kuhdasht,personal-goods,apparel
۰۹۳۵۸۸۶۴۰۸۴,کوهدشت,kuhdasht,personal-goods,apparel
۰۹۳۰۷۶۸۵۵۲۵,کوهدشت,kuhdasht,personal-goods,apparel
(پنهان‌شده؛ چت کنید),کوهدشت,kuhdasht,personal-goods,accessories
۰۹۳۶۲۶۵۶۹۰۶,کوهدشت,kuhdasht,personal-goods,accessories
(پنهان‌شده؛ چت کنید),کوهدشت,kuhdasht,personal-goods,accessories
۰۹۹۰۹۵۷۶۳۸۶,کوهدشت,kuhdasht,personal-goods,accessories
۰۹۱۶۵۵۴۰۱۶۵,کوهدشت,kuhdasht,personal-goods,accessories
۰۹۳۳۴۴۸۴۰۹۸,کوهدشت,kuhdasht,personal-goods,accessories
۰۹۳۵۶۲۴۵۰۸۰,کوهدشت,kuhdasht,personal-goods,accessories
۰۹۱۶۷۴۷۶۵۴۷,کوهدشت,kuhdasht,personal-goods,accessories
۰۹۰۳۷۶۵۷۹۲۰,کوهدشت,kuhdasht,personal-goods,accessories
۰۹۳۳۷۹۴۶۵۲۸,کوهدشت,kuhdasht,personal-goods,accessories
۰۹۱۶۷۴۷۶۵۴۷,کوهدشت,kuhdasht,personal-goods,accessories
۰۹۳۵۱۰۰۳۱۷۰,کوهدشت,kuhdasht,personal-goods,accessories
۰۹۱۶۹۵۶۹۹۰۹,کوهدشت,kuhdasht,personal-goods,accessories
۰۹۱۶۹۰۳۱۶۲۰,کوهدشت,kuhdasht,personal-goods,accessories
۰۹۱۶۹۰۳۱۶۲۰,کوهدشت,kuhdasht,personal-goods,accessories
۰۹۳۹۲۵۵۴۰۵۸,کوهدشت,kuhdasht,personal-goods,accessories
۰۹۱۶۰۴۶۰۲۳۴,کوهدشت,kuhdasht,personal-goods,accessories
۰۹۱۶۷۱۰۸۲۷۱,کوهدشت,kuhdasht,personal-goods,accessories
۰۹۹۰۷۰۶۱۴۵۰,کوهدشت,kuhdasht,personal-goods,accessories
۰۹۳۵۶۲۴۵۰۸۰,کوهدشت,kuhdasht,personal-goods,accessories
۰۹۱۶۷۰۸۶۳۱۰,کوهدشت,kuhdasht,personal-goods,accessories
۰۹۰۵۸۰۸۱۳۸۲,کوهدشت,kuhdasht,personal-goods,accessories
۰۹۰۳۱۸۰۸۵۲۰,کوهدشت,kuhdasht,personal-goods,accessories
۰۹۰۱۳۰۴۱۲۲۴,کوهدشت,kuhdasht,personal-goods,accessories
۰۹۱۶۷۰۸۶۳۱۰,کوهدشت,kuhdasht,personal-goods,accessories
۰۹۱۹۴۶۹۵۷۸۱,کوهدشت,kuhdasht,personal-goods,accessories
(پنهان‌شده؛ چت کنید),کوهدشت,kuhdasht,personal-goods,accessories
۰۹۱۲۹۶۲۴۸۸۶,کوهدشت,kuhdasht,personal-goods,accessories
۰۹۱۶۹۸۵۲۶۹۹,کوهدشت,kuhdasht,personal-goods,beauty-and-personal-care
۰۹۱۶۹۸۵۲۶۹۹,کوهدشت,kuhdasht,personal-goods,beauty-and-personal-care
۰۹۲۱۹۴۰۱۶۲۶,کوهدشت,kuhdasht,personal-goods,beauty-and-personal-care
۰۹۳۶۸۱۰۳۱۹۵,کوهدشت,kuhdasht,personal-goods,beauty-and-personal-care
۰۹۰۵۶۲۰۱۹۶۹,کوهدشت,kuhdasht,personal-goods,beauty-and-personal-care
۰۹۱۶۹۶۴۲۲۱۲,کوهدشت,kuhdasht,personal-goods,beauty-and-personal-care
۰۹۳۸۳۸۹۷۷۴۸,کوهدشت,kuhdasht,personal-goods,beauty-and-personal-care
۰۹۱۶۹۷۴۴۳۷۶,کوهدشت,kuhdasht,personal-goods,beauty-and-personal-care
۰۹۳۹۶۱۶۴۷۴۶,کوهدشت,kuhdasht,personal-goods,beauty-and-personal-care
(پنهان‌شده؛ چت کنید),کوهدشت,kuhdasht,personal-goods,beauty-and-personal-care
(پنهان‌شده؛ چت کنید),کوهدشت,kuhdasht,personal-goods,beauty-and-personal-care
۰۹۳۹۳۵۷۷۶۵۰,کوهدشت,kuhdasht,personal-goods,beauty-and-personal-care
(پنهان‌شده؛ چت کنید),کوهدشت,kuhdasht,personal-goods,beauty-and-personal-care
۰۹۱۶۹۸۵۳۸۶۲,کوهدشت,kuhdasht,personal-goods,beauty-and-personal-care
۰۹۳۸۴۶۷۸۳۰۷,کوهدشت,kuhdasht,personal-goods,beauty-and-personal-care
۰۹۳۳۷۴۰۴۷۳۲,کوهدشت,kuhdasht,personal-goods,child-apparel
۰۹۳۷۵۰۶۶۷۴۲,کوهدشت,kuhdasht,personal-goods,child-apparel
۰۹۳۶۷۴۱۳۳۸۹,کوهدشت,kuhdasht,personal-goods,child-apparel
۰۹۱۶۰۲۵۹۴۱۹,کوهدشت,kuhdasht,personal-goods,child-apparel
(پنهان‌شده؛ چت کنید),کوهدشت,kuhdasht,personal-goods,child-apparel
۰۹۹۱۶۵۶۳۶۴۷,کوهدشت,kuhdasht,personal-goods,child-apparel
۰۹۳۷۷۹۲۵۹۹۶,کوهدشت,kuhdasht,personal-goods,child-apparel
۰۹۱۶۳۶۳۹۲۵۰,کوهدشت,kuhdasht,personal-goods,child-products
۰۹۱۰۶۵۹۱۱۵۲,کوهدشت,kuhdasht,personal-goods,child-products
۰۹۱۶۹۶۳۰۰۳۱,کوهدشت,kuhdasht,personal-goods,child-products
۰۹۳۵۵۳۱۹۱۵۸,کوهدشت,kuhdasht,personal-goods,child-products
(پنهان‌شده؛ چت کنید),کوهدشت,kuhdasht,personal-goods,child-products
۰۹۱۶۹۶۱۹۵۷۳,کوهدشت,kuhdasht,personal-goods,child-products
(پنهان‌شده؛ چت کنید),کوهدشت,kuhdasht,personal-goods,child-products
۰۹۹۱۳۴۸۳۱۳۹,کوهدشت,kuhdasht,personal-goods,child-products
۰۹۱۶۵۶۱۰۶۲۶,کوهدشت,kuhdasht,personal-goods,child-products
۰۹۱۶۹۶۱۲۸۶۵,کوهدشت,kuhdasht,personal-goods,child-products
۰۹۱۶۷۴۷۵۳۵۰,کوهدشت,kuhdasht,personal-goods,child-products
۰۹۰۳۲۶۷۰۱۶۵,کوهدشت,kuhdasht,personal-goods,child-products
۰۹۳۹۵۹۶۳۸۹۸,کوهدشت,kuhdasht,personal-goods,child-products
(پنهان‌شده؛ چت کنید),کوهدشت,kuhdasht,personal-goods,child-products
(پنهان‌شده؛ چت کنید),کوهدشت,kuhdasht,personal-goods,stationery
۰۹۱۶۸۶۳۴۹۷۵,کوهدشت,kuhdasht,personal-goods,stationery
۰۹۱۶۸۶۳۴۹۷۵,کوهدشت,kuhdasht,personal-goods,stationery
۰۹۱۶۸۴۹۴۷۸۸,کوهدشت,kuhdasht,personal-goods,stationery
(پنهان‌شده؛ چت کنید),کوهدشت,kuhdasht,personal-goods,stationery
۰۹۱۶۰۴۶۲۷۲۳,کوهدشت,kuhdasht,personal-goods,stationery
۰۹۱۶۰۴۶۲۷۲۳,کوهدشت,kuhdasht,personal-goods,stationery
(پنهان‌شده؛ چت کنید),کوهدشت,kuhdasht,personal-goods,stationery
(پنهان‌شده؛ چت کنید),کوهدشت,kuhdasht,personal-goods,stationery
۰۹۳۷۰۹۶۳۹۹۴,کوهدشت,kuhdasht,personal-goods,stationery
۰۹۱۶۸۴۹۳۶۸۴,کوهدشت,kuhdasht,personal-goods,stationery
(پنهان‌شده؛ چت کنید),کوهدشت,kuhdasht,personal-goods,stationery
۰۹۱۰۶۵۴۵۷۱۷,کوهدشت,kuhdasht,entertainment,publication
۰۹۳۸۶۲۸۵۰۹۱,کوهدشت,kuhdasht,entertainment,publication
۰۹۱۶۷۱۲۵۴۸۴,کوهدشت,kuhdasht,entertainment,publication
۰۹۱۶۸۶۳۴۹۷۵,کوهدشت,kuhdasht,entertainment,publication
۰۹۱۶۸۶۳۴۹۷۵,کوهدشت,kuhdasht,entertainment,publication
۰۹۰۱۸۴۲۳۴۶۴,کوهدشت,kuhdasht,entertainment,publication
۰۹۱۶۸۶۳۴۹۷۵,کوهدشت,kuhdasht,entertainment,publication
۰۹۰۱۸۴۲۳۴۶۴,کوهدشت,kuhdasht,entertainment,publication
۰۹۰۱۸۴۲۳۴۶۴,کوهدشت,kuhdasht,entertainment,publication
۰۹۰۱۸۴۲۳۴۶۴,کوهدشت,kuhdasht,entertainment,publication
۰۹۰۱۸۴۲۳۴۶۴,کوهدشت,kuhdasht,entertainment,publication
۰۹۰۱۸۴۲۳۴۶۴,کوهدشت,kuhdasht,entertainment,publication
۰۹۱۶۹۵۹۹۴۲۵,کوهدشت,kuhdasht,entertainment,publication
۰۹۱۶۷۳۲۰۷۰۱,کوهدشت,kuhdasht,entertainment,publication
۰۹۳۷۲۷۲۲۴۳۷,کوهدشت,kuhdasht,entertainment,publication
۰۹۱۶۵۶۳۳۸۴۰,کوهدشت,kuhdasht,entertainment,publication
(پنهان‌شده؛ چت کنید),کوهدشت,kuhdasht,entertainment,publication
۰۹۳۷۲۷۲۲۴۳۷,کوهدشت,kuhdasht,entertainment,publication
۰۹۹۰۷۱۷۰۳۵۴,کوهدشت,kuhdasht,entertainment,publication
۰۹۳۹۸۱۱۶۳۱۷,کوهدشت,kuhdasht,entertainment,publication
۰۹۳۹۵۱۲۷۳۷۰,کوهدشت,kuhdasht,entertainment,publication
۰۹۳۸۳۱۲۶۲۰۳,کوهدشت,kuhdasht,entertainment,publication
۰۹۱۹۲۳۲۱۱۳۴,کوهدشت,kuhdasht,entertainment,publication
۰۹۱۶۸۹۶۲۱۳۶,کوهدشت,kuhdasht,entertainment,publication
۰۹۱۶۱۵۹۵۹۳۹,کوهدشت,kuhdasht,entertainment,publication
۰۹۹۲۵۸۲۵۲۳۱,کوهدشت,kuhdasht,entertainment,publication
۰۹۱۶۰۵۳۷۴۰۰,کوهدشت,kuhdasht,entertainment,publication
۰۹۳۸۱۷۳۳۴۳۵,کوهدشت,kuhdasht,entertainment,publication
۰۹۳۸۸۶۸۵۴۸۸,کوهدشت,kuhdasht,entertainment,publication
۰۹۳۹۹۶۸۵۶۸۳,کوهدشت,kuhdasht,entertainment,publication
۰۹۱۰۶۵۴۵۷۱۷,کوهدشت,kuhdasht,entertainment,publication
۰۹۱۶۷۳۲۰۷۰۱,کوهدشت,kuhdasht,entertainment,publication
۰۹۱۶۸۶۱۴۱۴۴,کوهدشت,kuhdasht,entertainment,bike-skate-scooter
۰۹۳۶۵۸۷۳۹۵۰,کوهدشت,kuhdasht,entertainment,bike-skate-scooter
۰۹۱۶۵۶۱۰۶۲۶,کوهدشت,kuhdasht,entertainment,bike-skate-scooter
۰۹۱۶۹۶۰۷۲۹۳,کوهدشت,kuhdasht,entertainment,bike-skate-scooter
۰۹۹۰۳۹۳۰۶۲۶,کوهدشت,kuhdasht,entertainment,bike-skate-scooter
۰۹۱۶۸۹۶۴۱۹۴,کوهدشت,kuhdasht,entertainment,bike-skate-scooter
۰۹۱۶۸۹۶۴۱۹۴,کوهدشت,kuhdasht,entertainment,bike-skate-scooter
۰۹۱۶۸۹۶۱۹۷۶,کوهدشت,kuhdasht,entertainment,bike-skate-scooter
۰۹۰۱۰۲۷۸۷۰۴,کوهدشت,kuhdasht,entertainment,bike-skate-scooter
۰۹۱۶۵۷۳۵۹۸۳,کوهدشت,kuhdasht,entertainment,bike-skate-scooter
۰۹۱۶۳۶۷۴۵۴۰,کوهدشت,kuhdasht,entertainment,bike-skate-scooter
۰۹۱۳۰۱۲۰۲۴۰,کوهدشت,kuhdasht,entertainment,bike-skate-scooter
۰۹۳۹۵۲۰۷۲۷۲,کوهدشت,kuhdasht,entertainment,bike-skate-scooter
۰۹۱۶۹۵۹۳۵۹۹,کوهدشت,kuhdasht,entertainment,bike-skate-scooter
۰۹۳۸۵۶۹۴۱۷۲,کوهدشت,kuhdasht,entertainment,pets-animals
۰۹۱۶۷۱۶۳۰۱۲,کوهدشت,kuhdasht,entertainment,pets-animals
(پنهان‌شده؛ چت کنید),کوهدشت,kuhdasht,entertainment,pets-animals
۰۹۰۳۶۵۸۸۵۱۹,کوهدشت,kuhdasht,entertainment,pets-animals
۰۹۲۲۴۵۰۹۳۳۷,کوهدشت,kuhdasht,entertainment,pets-animals
۰۹۹۲۳۸۵۹۲۱۷,کوهدشت,kuhdasht,entertainment,pets-animals
۰۹۱۶۷۰۶۸۷۵۹,کوهدشت,kuhdasht,entertainment,pets-animals
۰۹۱۶۹۴۸۱۵۷۹,کوهدشت,kuhdasht,entertainment,pets-animals
۰۹۱۶۹۵۵۲۱۰۶,کوهدشت,kuhdasht,entertainment,pets-animals
۰۹۱۶۹۴۸۱۵۷۹,کوهدشت,kuhdasht,entertainment,pets-animals
۰۹۱۸۷۷۹۴۴۲۱,کوهدشت,kuhdasht,entertainment,pets-animals
۰۹۱۸۷۷۹۴۴۲۱,کوهدشت,kuhdasht,entertainment,pets-animals
۰۹۱۶۷۰۹۵۷۹۷,کوهدشت,kuhdasht,entertainment,pets-animals
۰۹۲۱۶۳۳۲۰۹۷,کوهدشت,kuhdasht,entertainment,pets-animals
۰۹۰۲۶۵۷۰۳۴۱,کوهدشت,kuhdasht,entertainment,pets-animals
(پنهان‌شده؛ چت کنید),کوهدشت,kuhdasht,entertainment,pets-animals
۰۹۱۶۷۴۲۶۴۵۷,کوهدشت,kuhdasht,entertainment,pets-animals
(پنهان‌شده؛ چت کنید),کوهدشت,kuhdasht,entertainment,pets-animals
۰۹۱۶۵۵۹۴۸۵۳,کوهدشت,kuhdasht,entertainment,pets-animals
(پنهان‌شده؛ چت کنید),کوهدشت,kuhdasht,entertainment,pets-animals
۰۹۱۶۵۶۷۱۹۷۰,کوهدشت,kuhdasht,entertainment,pets-animals
۰۹۰۱۲۴۸۲۰۹۱,کوهدشت,kuhdasht,entertainment,pets-animals
۰۹۰۱۲۴۸۲۰۹۱,کوهدشت,kuhdasht,entertainment,pets-animals
۰۹۱۶۸۹۶۴۱۹۴,کوهدشت,kuhdasht,entertainment,pets-animals
۰۹۱۶۰۱۸۶۸۸۹,کوهدشت,kuhdasht,entertainment,pets-animals
۰۹۱۶۵۶۰۵۹۶۷,کوهدشت,kuhdasht,entertainment,pets-animals
۰۹۱۶۸۸۹۴۸۳۸,کوهدشت,kuhdasht,entertainment,pets-animals
۰۹۳۵۹۱۹۷۶۶۰,کوهدشت,kuhdasht,entertainment,pets-animals
۰۹۱۸۶۲۵۰۰۴۰,کوهدشت,kuhdasht,entertainment,pets-animals
۰۹۰۲۶۵۷۰۳۴۱,کوهدشت,kuhdasht,entertainment,pets-animals
۰۹۱۶۷۰۵۰۸۲۵,کوهدشت,kuhdasht,entertainment,pets-animals
۰۹۳۸۹۹۸۳۳۲۰,کوهدشت,kuhdasht,entertainment,pets-animals
۰۹۱۶۵۵۹۴۸۵۳,کوهدشت,kuhdasht,entertainment,pets-animals
۰۹۱۲۸۳۴۳۸۱۳,کوهدشت,kuhdasht,entertainment,pets-animals
۰۹۳۹۵۴۷۰۹۱۵,کوهدشت,kuhdasht,entertainment,pets-animals
۰۹۱۶۸۶۱۸۲۳۶,کوهدشت,kuhdasht,entertainment,pets-animals
۰۹۱۶۷۵۲۹۸۴۳,کوهدشت,kuhdasht,entertainment,pets-animals
۰۹۳۶۵۸۷۳۹۵۰,کوهدشت,kuhdasht,entertainment,pets-animals
۰۹۳۸۴۱۵۱۷۱۰,کوهدشت,kuhdasht,entertainment,pets-animals
۰۹۱۸۷۷۹۴۴۲۱,کوهدشت,kuhdasht,entertainment,pets-animals
۰۹۱۶۹۶۱۳۱۲۳,کوهدشت,kuhdasht,entertainment,pets-animals
(پنهان‌شده؛ چت کنید),کوهدشت,kuhdasht,entertainment,pets-animals
۰۹۳۹۴۱۸۰۲۸۸,کوهدشت,kuhdasht,entertainment,pets-animals
۰۹۳۹۵۴۷۰۹۱۵,کوهدشت,kuhdasht,entertainment,pets-animals
۰۹۱۵۲۵۱۹۴۱۶,کوهدشت,kuhdasht,entertainment,collecting
(پنهان‌شده؛ چت کنید),کوهدشت,kuhdasht,entertainment,musical-instruments
۰۹۱۹۶۴۰۶۳۷۱,کوهدشت,kuhdasht,entertainment,musical-instruments
۰۹۱۶۵۵۵۲۴۲۷,کوهدشت,kuhdasht,entertainment,musical-instruments
۰۹۳۸۱۹۰۸۹۴۹,کوهدشت,kuhdasht,entertainment,musical-instruments
۰۹۱۰۶۵۶۱۷۸۶,کوهدشت,kuhdasht,entertainment,musical-instruments
۰۹۳۷۶۳۹۹۹۷۸,کوهدشت,kuhdasht,entertainment,musical-instruments
۰۹۳۳۹۲۴۹۲۶۸,کوهدشت,kuhdasht,entertainment,musical-instruments
۰۹۳۳۵۴۲۳۴۸۹,کوهدشت,kuhdasht,entertainment,musical-instruments
۰۹۱۶۷۰۶۲۹۸۹,کوهدشت,kuhdasht,entertainment,musical-instruments
(پنهان‌شده؛ چت کنید),کوهدشت,kuhdasht,entertainment,musical-instruments
۰۹۱۶۵۵۱۱۹۷۳,کوهدشت,kuhdasht,entertainment,musical-instruments
۰۹۳۳۳۶۸۲۳۱۷,کوهدشت,kuhdasht,entertainment,sport-entertainment
۰۹۳۳۳۶۸۲۳۱۷,کوهدشت,kuhdasht,entertainment,sport-entertainment
(پنهان‌شده؛ چت کنید),کوهدشت,kuhdasht,entertainment,sport-entertainment
۰۹۱۶۹۶۰۷۰۲۷,کوهدشت,kuhdasht,entertainment,sport-entertainment
۰۹۳۵۶۷۶۹۸۵۴,کوهدشت,kuhdasht,entertainment,sport-entertainment
۰۹۱۶۳۶۳۸۷۶۱,کوهدشت,kuhdasht,entertainment,sport-entertainment
۰۹۰۳۵۴۰۹۷۴۹,کوهدشت,kuhdasht,entertainment,sport-entertainment
۰۹۱۰۶۵۴۵۶۸۳,کوهدشت,kuhdasht,entertainment,sport-entertainment
۰۹۱۹۹۱۷۶۸۶۳,کوهدشت,kuhdasht,entertainment,sport-entertainment
۰۹۱۲۰۵۱۶۸۴۵,کوهدشت,kuhdasht,entertainment,sport-entertainment
۰۹۱۶۳۶۳۸۷۶۱,کوهدشت,kuhdasht,entertainment,sport-entertainment
۰۹۱۲۴۲۴۸۱۸۷,کوهدشت,kuhdasht,entertainment,sport-entertainment
۰۹۱۶۷۴۷۶۵۴۷,کوهدشت,kuhdasht,entertainment,sport-entertainment
۰۹۱۶۶۶۳۹۳۷۵,کوهدشت,kuhdasht,entertainment,sport-entertainment
۰۹۹۱۴۵۳۰۲۳۱,کوهدشت,kuhdasht,entertainment,sport-entertainment
۰۹۳۹۷۰۰۱۷۱۸,کوهدشت,kuhdasht,entertainment,sport-entertainment
۰۹۱۶۵۳۱۹۹۴۰,کوهدشت,kuhdasht,entertainment,sport-entertainment
۰۹۰۱۳۶۵۱۴۴۱,کوهدشت,kuhdasht,entertainment,sport-entertainment
۰۹۹۰۶۸۵۷۴۳۱,کوهدشت,kuhdasht,entertainment,sport-entertainment
۰۹۳۵۹۱۶۲۹۴۰,کوهدشت,kuhdasht,entertainment,sport-entertainment
۰۹۳۳۳۹۷۰۶۸۸,کوهدشت,kuhdasht,entertainment,sport-entertainment
۰۹۱۶۵۶۷۳۱۵۶,کوهدشت,kuhdasht,entertainment,sport-entertainment
۰۹۹۰۶۸۴۷۴۵۵,کوهدشت,kuhdasht,entertainment,sport-entertainment
۰۹۱۴۹۳۱۴۹۷۰,کوهدشت,kuhdasht,entertainment,sport-entertainment
۰۹۱۶۶۶۰۲۲۳۷,کوهدشت,kuhdasht,entertainment,sport-entertainment
۰۹۳۸۳۲۲۶۴۳۷,کوهدشت,kuhdasht,entertainment,sport-entertainment
۰۹۱۶۶۷۰۷۰۵۰,کوهدشت,kuhdasht,entertainment,sport-entertainment
۰۹۳۷۷۹۲۵۹۹۶,کوهدشت,kuhdasht,entertainment,sport-entertainment
۰۹۳۵۹۱۶۲۹۴۰,کوهدشت,kuhdasht,entertainment,sport-entertainment
۰۹۹۲۴۵۸۸۴۰۲,کوهدشت,kuhdasht,entertainment,game-and-toys
۰۹۲۲۵۰۵۲۶۳۷,کوهدشت,kuhdasht,social-services,event
۰۹۹۲۷۷۰۲۱۱۷,کوهدشت,kuhdasht,social-services,event
۰۹۰۲۳۷۸۶۵۶۱,کوهدشت,kuhdasht,social-services,event
۰۹۹۱۷۳۸۰۲۹۱,کوهدشت,kuhdasht,social-services,event
۰۹۱۶۵۶۶۵۸۸۰,کوهدشت,kuhdasht,social-services,voluntary
۰۹۳۰۸۶۰۴۵۲۸,کوهدشت,kuhdasht,social-services,missing
۰۹۱۶۹۸۵۳۵۵۴,کوهدشت,kuhdasht,social-services,missing
۰۹۹۰۷۱۵۰۷۵۱,کوهدشت,kuhdasht,social-services,missing
۰۹۱۶۵۶۹۶۸۶۰,کوهدشت,kuhdasht,businesses,business-equipment
۰۹۱۶۵۶۹۶۸۶۰,کوهدشت,kuhdasht,businesses,business-equipment
۰۹۱۶۵۶۹۶۸۶۰,کوهدشت,kuhdasht,businesses,business-equipment
۰۹۱۶۵۵۷۰۴۱۸,کوهدشت,kuhdasht,businesses,business-equipment
۰۹۱۶۵۷۳۷۸۵۳,کوهدشت,kuhdasht,businesses,business-equipment
۰۹۱۶۰۱۹۶۸۷۷,کوهدشت,kuhdasht,businesses,business-equipment
۰۹۱۶۰۱۹۶۸۷۷,کوهدشت,kuhdasht,businesses,business-equipment
۰۹۱۶۰۱۹۶۸۷۷,کوهدشت,kuhdasht,businesses,business-equipment
۰۹۱۰۰۵۳۶۱۴۳,کوهدشت,kuhdasht,businesses,business-equipment
۰۹۱۲۰۹۱۰۴۹۲,کوهدشت,kuhdasht,businesses,business-equipment
۰۹۲۲۴۵۰۹۳۳۷,کوهدشت,kuhdasht,businesses,business-equipment
۰۹۱۶۹۶۱۳۰۳۴,کوهدشت,kuhdasht,businesses,business-equipment
۰۹۱۶۸۸۸۸۱۷۲,کوهدشت,kuhdasht,businesses,business-equipment
۰۹۹۲۳۱۴۳۸۵۰,کوهدشت,kuhdasht,businesses,business-equipment
۰۹۲۱۲۵۵۰۱۴۵,کوهدشت,kuhdasht,businesses,business-equipment
(پنهان‌شده؛ چت کنید),کوهدشت,kuhdasht,businesses,business-equipment
۰۹۱۶۶۹۷۸۴۴۹,کوهدشت,kuhdasht,businesses,business-equipment
۰۹۳۸۳۷۴۲۷۲۷,کوهدشت,kuhdasht,businesses,business-equipment
۰۹۱۶۳۶۶۲۶۸۷,کوهدشت,kuhdasht,businesses,business-equipment
۰۹۱۶۹۵۸۲۱۴۲,کوهدشت,kuhdasht,businesses,business-equipment
۰۹۱۶۶۶۰۲۸۱۸,کوهدشت,kuhdasht,businesses,business-equipment
۰۹۱۶۳۶۳۸۴۷۱,کوهدشت,kuhdasht,businesses,business-equipment
۰۹۳۵۰۵۶۲۱۳۳,کوهدشت,kuhdasht,businesses,business-equipment
۰۹۱۰۶۵۶۰۷۳۷,کوهدشت,kuhdasht,businesses,business-equipment
۰۹۱۶۹۶۳۷۵۴۳,کوهدشت,kuhdasht,businesses,business-equipment
۰۹۱۶۷۵۱۱۷۵۰,کوهدشت,kuhdasht,businesses,business-equipment
۰۹۱۶۰۱۸۴۹۵۳,کوهدشت,kuhdasht,businesses,business-equipment
۰۹۱۶۱۵۹۲۱۵۱,کوهدشت,kuhdasht,businesses,business-equipment
۰۹۹۲۷۸۵۶۴۸۴,کوهدشت,kuhdasht,businesses,business-equipment
۰۹۱۶۶۵۹۵۱۰۰,کوهدشت,kuhdasht,businesses,business-equipment
۰۹۱۶۸۶۱۹۱۷۷,کوهدشت,kuhdasht,businesses,business-equipment
۰۹۹۲۴۹۸۶۹۵۴,کوهدشت,kuhdasht,businesses,business-equipment
۰۹۰۱۶۶۳۲۹۹۸,کوهدشت,kuhdasht,businesses,business-equipment
۰۹۹۰۹۷۷۸۶۹۲,کوهدشت,kuhdasht,businesses,business-equipment
۰۹۲۲۹۵۶۵۱۲۷,کوهدشت,kuhdasht,businesses,business-equipment
۰۹۳۶۸۸۱۹۲۰۰,کوهدشت,kuhdasht,businesses,business-equipment
۰۹۱۲۵۲۵۷۳۶۷,کوهدشت,kuhdasht,businesses,business-equipment
۰۹۱۰۴۸۳۱۲۹۷,کوهدشت,kuhdasht,businesses,business-equipment
۰۹۱۲۸۹۶۰۸۲۶,کوهدشت,kuhdasht,businesses,business-equipment
۰۹۳۳۵۹۱۷۸۰۲,کوهدشت,kuhdasht,businesses,business-equipment
۰۹۱۶۹۶۳۸۴۲۱,کوهدشت,kuhdasht,businesses,business-equipment
۰۹۱۶۸۴۹۸۴۵۴,کوهدشت,kuhdasht,businesses,business-equipment
۰۹۳۸۳۲۱۰۷۱۵,کوهدشت,kuhdasht,businesses,business-equipment
۰۹۳۵۰۸۱۸۷۲۱,کوهدشت,kuhdasht,businesses,business-equipment
۰۹۳۶۰۹۷۸۹۹۰,کوهدشت,kuhdasht,businesses,business-equipment
۰۹۹۰۷۹۴۵۲۵۰,کوهدشت,kuhdasht,businesses,business-equipment
۰۹۱۰۴۸۳۱۲۹۷,کوهدشت,kuhdasht,businesses,business-equipment
۰۹۱۶۰۱۸۹۵۴۹,کوهدشت,kuhdasht,businesses,business-equipment
۰۹۱۶۵۶۹۴۹۲۹,کوهدشت,kuhdasht,businesses,business-equipment
۰۹۱۶۸۹۵۹۱۵۱,کوهدشت,kuhdasht,businesses,business-equipment
۰۹۱۶۹۵۷۳۵۰۸,کوهدشت,kuhdasht,businesses,business-equipment
۰۹۱۲۳۵۹۱۷۹۱,کوهدشت,kuhdasht,businesses,business-equipment
۰۹۱۶۳۶۳۷۲۰۰,کوهدشت,kuhdasht,businesses,business-equipment
۰۹۹۲۴۹۷۵۸۴۰,کوهدشت,kuhdasht,businesses,business-equipment
۰۹۹۲۳۱۹۲۰۳۳,کوهدشت,kuhdasht,businesses,business-equipment
۰۹۱۶۵۷۴۵۸۵۰,کوهدشت,kuhdasht,businesses,business-equipment
۰۹۹۲۴۹۶۶۷۷۴,کوهدشت,kuhdasht,businesses,business-equipment
۰۹۱۶۶۶۰۳۵۴۸,کوهدشت,kuhdasht,businesses,business-equipment
۰۹۳۹۶۰۲۳۷۳۰,کوهدشت,kuhdasht,businesses,business-equipment
۰۹۳۸۴۶۷۸۳۰۷,کوهدشت,kuhdasht,businesses,business-equipment
۰۹۱۶۸۵۸۷۷۰۵,کوهدشت,kuhdasht,businesses,business-equipment
۰۹۳۸۴۶۷۸۳۰۷,کوهدشت,kuhdasht,businesses,business-equipment
۰۹۰۲۰۵۵۲۲۵۸,کوهدشت,kuhdasht,businesses,business-equipment
۰۹۹۲۴۹۵۸۷۱۲,کوهدشت,kuhdasht,businesses,business-equipment
۰۹۳۸۱۹۰۳۹۶۰,کوهدشت,kuhdasht,businesses,business-equipment
۰۹۱۶۹۸۴۸۱۴۰,کوهدشت,kuhdasht,businesses,business-equipment
۰۹۳۸۵۲۵۰۴۸۰,کوهدشت,kuhdasht,businesses,business-equipment
۰۹۹۹۱۴۹۰۸۴۳,کوهدشت,kuhdasht,businesses,business-equipment
۰۹۱۶۷۰۸۲۴۳۹,کوهدشت,kuhdasht,businesses,business-equipment
۰۹۱۶۹۶۶۲۱۸۴,کوهدشت,kuhdasht,businesses,wholesale
۰۹۰۵۵۵۸۶۰۳۱,کوهدشت,kuhdasht,businesses,wholesale
۰۹۳۹۵۸۰۰۸۹۳,کوهدشت,kuhdasht,businesses,wholesale
۰۹۱۹۵۱۷۴۲۲۱,کوهدشت,kuhdasht,businesses,wholesale
۰۹۱۹۵۱۷۴۲۲۱,کوهدشت,kuhdasht,businesses,wholesale
۰۹۱۶۹۶۸۵۵۴۸,کوهدشت,kuhdasht,businesses,wholesale
(پنهان‌شده؛ چت کنید),کوهدشت,kuhdasht,businesses,wholesale
۰۹۳۵۹۹۴۷۰۸۸,کوهدشت,kuhdasht,businesses,wholesale
۰۹۹۰۱۹۸۲۷۵۸,کوهدشت,kuhdasht,businesses,wholesale
۰۹۱۶۷۹۵۹۹۲۰,کوهدشت,kuhdasht,businesses,wholesale
۰۹۱۱۴۸۳۲۶۸۸,کوهدشت,kuhdasht,businesses,wholesale
۰۹۱۲۵۷۷۶۸۲۹,کوهدشت,kuhdasht,businesses,wholesale
۰۹۹۲۸۹۵۷۲۵۷,کوهدشت,kuhdasht,businesses,wholesale
۰۹۱۶۳۶۳۹۴۲۲,کوهدشت,kuhdasht,businesses,wholesale
(پنهان‌شده؛ چت کنید),کوهدشت,kuhdasht,businesses,wholesale
۰۹۱۶۹۵۶۴۷۹۴,کوهدشت,kuhdasht,businesses,wholesale
۰۹۰۳۴۶۰۱۴۱۶,کوهدشت,kuhdasht,businesses,wholesale
۰۹۱۹۵۱۵۲۴۶۰,کوهدشت,kuhdasht,businesses,wholesale
۰۹۱۸۷۱۸۷۳۱۳,کوهدشت,kuhdasht,businesses,wholesale
۰۹۳۵۶۷۶۹۸۵۴,کوهدشت,kuhdasht,businesses,wholesale
۰۹۱۶۷۰۵۴۴۱۵,کوهدشت,kuhdasht,businesses,wholesale
۰۹۱۶۷۴۴۳۷۵۹,کوهدشت,kuhdasht,businesses,wholesale
۰۹۱۶۰۵۳۸۳۴۴,کوهدشت,kuhdasht,businesses,wholesale
۰۹۱۶۱۶۰۱۱۰۶,کوهدشت,kuhdasht,businesses,wholesale
۰۹۰۵۶۴۷۳۷۰۳,کوهدشت,kuhdasht,businesses,wholesale
۰۹۱۶۷۱۱۱۵۵۹,کوهدشت,kuhdasht,businesses,wholesale
۰۹۲۲۱۴۶۶۴۷۰,کوهدشت,kuhdasht,businesses,wholesale
۰۹۲۲۳۹۷۴۳۳۱,کوهدشت,kuhdasht,businesses,wholesale
۰۹۰۵۰۳۷۸۶۲۰,کوهدشت,kuhdasht,businesses,wholesale
۰۹۱۹۹۷۶۳۰۳۱,کوهدشت,kuhdasht,businesses,wholesale
۰۹۱۹۰۴۹۶۱۴۲,کوهدشت,kuhdasht,businesses,wholesale
(پنهان‌شده؛ چت کنید),کوهدشت,kuhdasht,businesses,wholesale
۰۹۱۶۹۶۱۰۴۹۳,کوهدشت,kuhdasht,businesses,wholesale
۰۹۱۶۰۴۵۸۸۶۱,کوهدشت,kuhdasht,businesses,wholesale
۰۹۱۶۰۸۷۰۲۳۶,کوهدشت,kuhdasht,businesses,wholesale
۰۹۱۸۴۲۲۲۳۵۴,کوهدشت,kuhdasht,businesses,wholesale
۰۹۰۵۶۹۳۰۵۴۰,کوهدشت,kuhdasht,businesses,wholesale
۰۹۰۳۲۱۷۰۵۵۵,کوهدشت,kuhdasht,businesses,wholesale
۰۹۱۶۵۵۰۱۹۷۳,کوهدشت,kuhdasht,businesses,wholesale
۰۹۱۰۶۵۹۱۲۴۶,کوهدشت,kuhdasht,businesses,wholesale
۰۹۱۶۷۴۴۲۰۰۷,کوهدشت,kuhdasht,businesses,wholesale
۰۹۳۶۰۵۳۲۲۸۸,کوهدشت,kuhdasht,businesses,wholesale
۰۹۱۹۶۰۵۱۷۴۰,کوهدشت,kuhdasht,businesses,wholesale
۰۹۱۶۶۶۰۱۸۲۶,کوهدشت,kuhdasht,businesses,wholesale
۰۹۱۶۷۰۸۴۲۸۵,کوهدشت,kuhdasht,businesses,wholesale
۰۹۹۰۶۶۳۱۹۱۶,کوهدشت,kuhdasht,businesses,wholesale
۰۹۱۶۸۵۶۸۸۷۹,کوهدشت,kuhdasht,businesses,wholesale
۰۹۳۶۸۵۱۶۸۳۴,کوهدشت,kuhdasht,businesses,wholesale
۰۹۱۶۷۱۶۴۲۹۱,کوهدشت,kuhdasht,businesses,wholesale
۰۹۱۶۵۵۰۸۲۸۷,کوهدشت,kuhdasht,businesses,wholesale
۰۹۳۳۹۲۲۱۹۷۶,کوهدشت,kuhdasht,businesses,wholesale
۰۹۳۰۹۶۳۱۷۷۳,کوهدشت,kuhdasht,businesses,wholesale
۰۹۱۷۶۶۲۷۳۰۸,کوهدشت,kuhdasht,businesses,wholesale
۰۹۳۰۱۹۸۱۸۷۷,کوهدشت,kuhdasht,businesses,wholesale
۰۹۱۶۰۴۸۱۰۹۳,کوهدشت,kuhdasht,businesses,wholesale
۰۹۱۶۷۰۹۱۲۴۸,کوهدشت,kuhdasht,businesses,wholesale
۰۹۹۲۸۷۷۶۷۴۸,کوهدشت,kuhdasht,businesses,wholesale
۰۹۱۶۰۱۸۶۱۴۷,کوهدشت,kuhdasht,businesses,wholesale
۰۹۱۸۷۹۲۲۲۱۹,کوهدشت,kuhdasht,businesses,wholesale
۰۹۱۶۵۱۲۷۷۹۷,کوهدشت,kuhdasht,businesses,wholesale
۰۹۱۶۹۳۸۶۸۶۳,کوهدشت,kuhdasht,businesses,wholesale
۰۹۳۶۱۴۴۶۶۵۷,کوهدشت,kuhdasht,businesses,wholesale
۰۹۱۶۵۴۴۷۶۳۹,کوهدشت,kuhdasht,businesses,wholesale
۰۹۰۵۶۴۸۳۷۲۷,کوهدشت,kuhdasht,businesses,wholesale
۰۹۳۸۶۱۱۷۸۸۷,کوهدشت,kuhdasht,businesses,wholesale
۰۹۱۶۹۸۵۱۱۰۸,کوهدشت,kuhdasht,businesses,wholesale
۰۹۱۳۶۲۶۵۱۳۷,کوهدشت,kuhdasht,businesses,wholesale
۰۹۱۶۵۵۳۷۵۳۰,کوهدشت,kuhdasht,businesses,wholesale
