۰۹۱۱۶۰۲۲۶۷۵,لنگرود,langarud,jobs,janitorial-jobs
۰۹۱۱۷۶۱۱۸۰۱,لنگرود,langarud,jobs,architect-jobs
(پنهان‌شده؛ چت کنید),لنگرود,langarud,jobs,service-jobs
۰۹۱۱۶۲۳۸۵۷۴,لنگرود,langarud,jobs,service-jobs
۰۹۳۵۱۴۵۴۵۴۳,لنگرود,langarud,jobs,service-jobs
۰۹۳۰۱۵۴۴۸۲۵,لنگرود,langarud,jobs,marketing-jobs
۰۹۱۱۴۵۴۶۰۴۰,لنگرود,langarud,jobs,marketing-jobs
۰۹۱۲۳۶۵۶۱۴۵,لنگرود,langarud,jobs,marketing-jobs
۰۹۱۱۲۴۸۴۶۶۸,لنگرود,langarud,jobs,transport-delivery-jobs
۰۹۱۱۱۴۰۵۶۳۸,لنگرود,langarud,real-estate,buy-residential
۰۹۱۲۵۱۷۴۹۰۳,لنگرود,langarud,real-estate,buy-residential
۰۹۱۲۵۱۷۴۹۰۳,لنگرود,langarud,real-estate,buy-residential
۰۹۱۲۵۱۷۴۹۰۳,لنگرود,langarud,real-estate,buy-residential
۰۹۳۷۱۳۵۳۰۲۰,لنگرود,langarud,real-estate,buy-residential
۰۹۳۸۰۰۵۲۸۳۸,لنگرود,langarud,real-estate,buy-residential
۰۹۱۳۲۱۴۱۳۴۰,لنگرود,langarud,real-estate,buy-residential
۰۹۱۲۳۴۵۸۵۰۱,لنگرود,langarud,real-estate,buy-residential
۰۹۱۹۰۷۵۸۹۴۹,لنگرود,langarud,real-estate,buy-residential
۰۹۱۱۸۴۶۹۹۷۲,لنگرود,langarud,real-estate,buy-residential
۰۹۱۲۵۳۹۳۸۶۷,لنگرود,langarud,real-estate,buy-residential
۰۹۳۷۳۶۰۲۱۲۹,لنگرود,langarud,real-estate,buy-residential
۰۹۳۳۷۹۹۵۹۰۱,لنگرود,langarud,real-estate,buy-residential
۰۹۱۱۸۴۲۸۰۸۵,لنگرود,langarud,real-estate,buy-residential
۰۹۱۱۸۴۲۸۰۸۵,لنگرود,langarud,real-estate,buy-residential
۰۹۱۱۸۳۰۰۹۱۱,لنگرود,langarud,real-estate,buy-residential
۰۹۱۹۵۸۵۵۴۷۵,لنگرود,langarud,real-estate,buy-residential
۰۹۳۷۷۸۶۸۴۵۵,لنگرود,langarud,real-estate,buy-residential
۰۹۱۱۶۷۱۴۹۲۹,لنگرود,langarud,real-estate,buy-residential
۰۹۰۱۱۸۲۸۳۶۵,لنگرود,langarud,real-estate,buy-residential
۰۹۱۱۸۸۸۳۹۵۴,لنگرود,langarud,real-estate,buy-residential
۰۹۳۳۴۲۲۴۹۲۵,لنگرود,langarud,real-estate,buy-residential
۰۹۱۱۴۵۴۴۱۶۲,لنگرود,langarud,real-estate,buy-residential
۰۹۲۲۷۰۸۶۹۱۲,لنگرود,langarud,real-estate,buy-residential
۰۹۱۱۲۴۷۶۶۱۸,لنگرود,langarud,real-estate,buy-residential
۰۹۱۱۸۱۵۴۳۲۳,لنگرود,langarud,real-estate,buy-residential
۰۹۱۱۲۴۷۶۶۱۸,لنگرود,langarud,real-estate,buy-residential
۰۹۱۱۲۴۷۶۶۱۸,لنگرود,langarud,real-estate,buy-residential
۰۹۱۱۲۴۷۶۶۱۸,لنگرود,langarud,real-estate,buy-residential
۰۹۱۱۲۴۷۶۶۱۸,لنگرود,langarud,real-estate,buy-residential
۰۹۱۱۳۴۲۹۵۲۱,لنگرود,langarud,real-estate,buy-residential
۰۹۱۱۷۵۷۶۵۱۲,لنگرود,langarud,real-estate,buy-residential
۰۹۱۱۳۴۲۹۵۲۱,لنگرود,langarud,real-estate,buy-residential
۰۹۱۲۹۲۷۴۸۷۷,لنگرود,langarud,real-estate,buy-residential
۰۹۱۹۰۷۵۸۹۴۹,لنگرود,langarud,real-estate,buy-residential
۰۹۱۱۹۴۶۰۶۳۸,لنگرود,langarud,real-estate,buy-residential
۰۹۳۰۵۸۹۴۳۲۲,لنگرود,langarud,real-estate,buy-residential
۰۹۱۱۸۴۳۹۰۳۳,لنگرود,langarud,real-estate,buy-residential
۰۹۱۱۶۱۴۳۴۵۴,لنگرود,langarud,real-estate,buy-residential
۰۹۱۱۳۴۱۵۸۷۵,لنگرود,langarud,real-estate,buy-residential
۰۹۱۹۲۵۸۶۰۵۶,لنگرود,langarud,real-estate,buy-residential
۰۹۱۱۶۱۴۳۴۵۴,لنگرود,langarud,real-estate,buy-residential
۰۹۱۱۶۱۴۳۴۵۴,لنگرود,langarud,real-estate,buy-residential
۰۹۱۱۶۰۲۸۷۱۹,لنگرود,langarud,real-estate,buy-residential
۰۹۱۱۳۳۰۸۴۷۲,لنگرود,langarud,real-estate,buy-residential
۰۹۱۱۵۰۷۳۳۵۹,لنگرود,langarud,real-estate,buy-residential
۰۹۲۱۱۷۵۲۸۲۹,لنگرود,langarud,real-estate,buy-residential
۰۹۳۸۴۷۳۱۰۸۶,لنگرود,langarud,real-estate,buy-residential
۰۹۳۵۳۴۷۴۲۱۶,لنگرود,langarud,real-estate,buy-residential
۰۹۱۱۵۰۷۳۳۵۹,لنگرود,langarud,real-estate,buy-residential
۰۹۳۸۱۸۴۳۳۸۸,لنگرود,langarud,real-estate,buy-residential
۰۹۱۱۵۰۷۳۳۵۹,لنگرود,langarud,real-estate,buy-residential
۰۹۰۳۹۴۰۹۴۴۰,لنگرود,langarud,real-estate,buy-residential
۰۹۱۲۵۴۴۳۸۱۹,لنگرود,langarud,real-estate,buy-residential
۰۹۳۷۷۳۷۲۷۱۲,لنگرود,langarud,real-estate,buy-residential
۰۹۱۱۸۴۲۸۰۸۵,لنگرود,langarud,real-estate,buy-residential
۰۹۱۲۹۲۷۴۸۷۷,لنگرود,langarud,real-estate,buy-residential
۰۹۱۲۹۲۷۴۸۷۷,لنگرود,langarud,real-estate,buy-residential
۰۹۱۱۵۶۴۳۳۸۲,لنگرود,langarud,real-estate,buy-residential
۰۹۱۰۹۷۸۴۹۳۹,لنگرود,langarud,real-estate,buy-residential
۰۹۳۷۳۴۸۱۴۷۵,لنگرود,langarud,real-estate,buy-residential
۰۹۱۱۱۴۵۲۴۶۲,لنگرود,langarud,real-estate,buy-residential
۰۹۳۳۶۰۷۲۲۴۲,لنگرود,langarud,real-estate,buy-residential
۰۹۱۱۳۴۲۰۵۴۰,لنگرود,langarud,real-estate,buy-residential
۰۹۱۱۵۲۲۲۲۱۸,لنگرود,langarud,real-estate,buy-residential
۰۹۱۱۱۴۵۱۴۵۴,لنگرود,langarud,real-estate,buy-residential
۰۹۱۱۳۴۲۹۵۲۱,لنگرود,langarud,real-estate,buy-residential
۰۹۱۱۱۴۵۹۶۰۲,لنگرود,langarud,real-estate,rent-residential
۰۹۳۹۱۰۳۵۹۶۲,لنگرود,langarud,real-estate,rent-residential
۰۹۱۹۶۸۸۰۵۳۶,لنگرود,langarud,real-estate,rent-residential
۰۹۱۱۳۴۲۰۴۲۳,لنگرود,langarud,real-estate,rent-residential
۰۹۳۵۵۱۰۹۱۸۴,لنگرود,langarud,real-estate,rent-residential
۰۹۱۱۱۴۴۶۰۷۶,لنگرود,langarud,real-estate,rent-residential
۰۹۲۱۰۱۵۱۱۴۱,لنگرود,langarud,real-estate,rent-residential
۰۹۱۲۷۸۴۰۵۵۲,لنگرود,langarud,real-estate,rent-residential
۰۹۰۱۲۵۰۱۲۰۱,لنگرود,langarud,real-estate,rent-residential
۰۹۱۱۸۳۱۹۱۳۴,لنگرود,langarud,real-estate,rent-residential
۰۹۱۱۲۴۱۵۷۴۷,لنگرود,langarud,real-estate,rent-residential
۰۹۱۱۳۴۲۰۴۲۳,لنگرود,langarud,real-estate,rent-residential
۰۹۳۸۵۷۸۷۰۰۵,لنگرود,langarud,real-estate,rent-residential
۰۹۱۱۹۴۱۹۷۵۵,لنگرود,langarud,real-estate,rent-residential
۰۹۱۱۱۴۲۵۱۴۳,لنگرود,langarud,real-estate,rent-residential
۰۹۱۱۳۴۲۴۸۷۶,لنگرود,langarud,real-estate,rent-residential
۰۹۳۶۲۴۳۲۷۰۳,لنگرود,langarud,real-estate,rent-residential
۰۹۲۲۶۸۵۲۳۶۰,لنگرود,langarud,real-estate,rent-residential
۰۹۱۲۵۱۴۲۱۴۰,لنگرود,langarud,real-estate,rent-residential
۰۹۱۱۸۴۵۹۶۶۲,لنگرود,langarud,real-estate,rent-residential
۰۹۱۱۳۴۱۸۸۷۰,لنگرود,langarud,real-estate,rent-residential
۰۹۱۲۷۹۲۶۹۹۱,لنگرود,langarud,real-estate,rent-residential
۰۹۲۲۷۲۹۵۹۴۸,لنگرود,langarud,real-estate,rent-residential
۰۹۱۱۲۴۵۲۸۵۳,لنگرود,langarud,real-estate,rent-residential
۰۹۱۱۳۴۱۷۲۴۰,لنگرود,langarud,real-estate,rent-residential
۰۹۱۱۶۹۳۸۵۸۸,لنگرود,langarud,real-estate,rent-residential
۰۹۱۳۳۲۰۴۱۳۴,لنگرود,langarud,real-estate,rent-residential
۰۹۱۱۶۹۳۸۵۸۸,لنگرود,langarud,real-estate,rent-residential
۰۹۳۹۵۱۳۶۷۷۳,لنگرود,langarud,real-estate,rent-residential
۰۹۱۱۳۴۲۵۸۸۱,لنگرود,langarud,real-estate,rent-residential
۰۹۳۰۰۷۵۴۸۲۸,لنگرود,langarud,real-estate,rent-residential
۰۹۳۵۲۹۸۱۲۱۵,لنگرود,langarud,real-estate,rent-residential
۰۹۳۶۹۶۷۹۸۵۱,لنگرود,langarud,real-estate,rent-residential
۰۹۳۳۲۴۴۳۰۹۱,لنگرود,langarud,real-estate,rent-residential
۰۹۳۷۹۵۳۳۸۷۶,لنگرود,langarud,real-estate,rent-residential
۰۹۱۱۶۱۷۳۷۳۱,لنگرود,langarud,real-estate,rent-residential
۰۹۱۲۴۹۴۰۱۷۹,لنگرود,langarud,real-estate,rent-residential
۰۹۰۱۵۷۰۴۵۲۱,لنگرود,langarud,real-estate,rent-residential
۰۹۱۱۶۱۷۳۷۳۱,لنگرود,langarud,real-estate,rent-residential
۰۹۱۱۶۱۷۳۷۳۱,لنگرود,langarud,real-estate,rent-residential
۰۹۳۶۵۱۵۶۹۳۱,لنگرود,langarud,real-estate,rent-residential
۰۹۱۲۳۱۰۷۶۵۱,لنگرود,langarud,real-estate,rent-residential
۰۹۱۱۱۴۰۵۵۸۳,لنگرود,langarud,real-estate,rent-residential
۰۹۳۷۴۹۰۰۳۲۳,لنگرود,langarud,real-estate,buy-commercial-property
۰۹۱۲۹۲۷۴۸۷۷,لنگرود,langarud,real-estate,buy-commercial-property
۰۹۳۰۹۶۸۳۸۱۶,لنگرود,langarud,real-estate,buy-commercial-property
۰۹۱۹۱۷۱۷۱۷۵,لنگرود,langarud,real-estate,buy-commercial-property
۰۹۱۲۶۴۰۱۱۴۵,لنگرود,langarud,real-estate,buy-commercial-property
۰۹۳۸۲۵۴۴۱۲۲,لنگرود,langarud,real-estate,buy-commercial-property
۰۹۱۹۵۰۲۰۳۷۱,لنگرود,langarud,real-estate,buy-commercial-property
۰۹۱۱۶۹۳۸۵۸۸,لنگرود,langarud,real-estate,buy-commercial-property
۰۹۱۱۱۴۲۵۴۵۶,لنگرود,langarud,real-estate,buy-commercial-property
۰۹۱۱۲۴۴۸۳۲۶,لنگرود,langarud,real-estate,buy-commercial-property
۰۹۳۶۸۹۷۴۰۷۹,لنگرود,langarud,real-estate,buy-commercial-property
۰۹۱۵۳۲۴۶۷۷۹,لنگرود,langarud,real-estate,buy-commercial-property
۰۹۱۱۶۹۹۶۷۳۰,لنگرود,langarud,real-estate,buy-commercial-property
۰۹۱۱۱۴۱۸۳۰۲,لنگرود,langarud,real-estate,buy-commercial-property
۰۹۹۰۶۲۵۴۳۶۴,لنگرود,langarud,real-estate,buy-commercial-property
۰۹۱۲۳۶۴۴۲۱۳,لنگرود,langarud,real-estate,buy-commercial-property
۰۹۱۲۹۲۷۴۸۷۷,لنگرود,langarud,real-estate,buy-commercial-property
۰۹۰۳۹۵۰۹۲۲۲,لنگرود,langarud,real-estate,buy-commercial-property
۰۹۱۹۲۶۷۸۲۸۹,لنگرود,langarud,real-estate,buy-commercial-property
۰۹۳۸۸۴۴۰۳۱۱,لنگرود,langarud,real-estate,buy-commercial-property
۰۹۱۱۳۴۵۵۲۵۴,لنگرود,langarud,real-estate,buy-commercial-property
۰۹۹۰۰۴۸۰۸۰۰,لنگرود,langarud,real-estate,buy-commercial-property
۰۹۱۲۵۷۶۷۱۸۸,لنگرود,langarud,real-estate,buy-commercial-property
۰۹۲۲۶۷۴۸۱۹۱,لنگرود,langarud,real-estate,buy-commercial-property
۰۹۱۱۱۴۳۳۸۱۸,لنگرود,langarud,real-estate,buy-commercial-property
۰۹۱۱۲۳۷۵۹۸۴,لنگرود,langarud,real-estate,buy-commercial-property
۰۹۱۱۹۴۳۱۱۴۱,لنگرود,langarud,real-estate,buy-commercial-property
۰۹۱۱۵۶۴۳۲۱۲,لنگرود,langarud,real-estate,buy-commercial-property
۰۹۱۱۱۴۲۵۴۲۸,لنگرود,langarud,real-estate,buy-commercial-property
۰۹۱۱۹۴۳۱۲۵۶,لنگرود,langarud,real-estate,buy-commercial-property
۰۹۱۱۷۳۹۳۷۰۸,لنگرود,langarud,real-estate,buy-commercial-property
۰۹۲۰۶۹۱۸۶۰۶,لنگرود,langarud,real-estate,buy-commercial-property
۰۹۱۱۲۴۱۵۱۷۳,لنگرود,langarud,real-estate,buy-commercial-property
۰۹۱۹۲۳۷۵۰۰۶,لنگرود,langarud,real-estate,buy-commercial-property
۰۹۰۱۹۸۶۰۶۶۷,لنگرود,langarud,real-estate,buy-commercial-property
۰۹۰۲۵۹۰۰۱۹۰,لنگرود,langarud,real-estate,buy-commercial-property
۰۹۱۹۵۷۶۵۳۰۳,لنگرود,langarud,real-estate,buy-commercial-property
۰۹۱۱۶۴۷۶۲۲۴,لنگرود,langarud,real-estate,buy-commercial-property
۰۹۱۱۲۴۹۰۴۲۵,لنگرود,langarud,real-estate,buy-commercial-property
۰۹۱۱۱۳۸۷۸۴۵,لنگرود,langarud,real-estate,buy-commercial-property
۰۹۰۳۲۸۵۹۵۰۷,لنگرود,langarud,real-estate,buy-commercial-property
۰۹۳۵۴۵۷۰۴۹۸,لنگرود,langarud,real-estate,buy-commercial-property
۰۹۱۱۲۴۳۰۸۴۵,لنگرود,langarud,real-estate,buy-commercial-property
۰۹۱۱۳۴۱۶۲۸۲,لنگرود,langarud,real-estate,buy-commercial-property
۰۹۲۱۷۵۶۱۱۶۱,لنگرود,langarud,real-estate,buy-commercial-property
۰۹۱۲۷۹۹۸۹۸۷,لنگرود,langarud,real-estate,buy-commercial-property
۰۹۱۹۷۰۳۲۲۹۵,لنگرود,langarud,real-estate,buy-commercial-property
۰۹۱۱۶۱۱۸۴۴۳,لنگرود,langarud,real-estate,buy-commercial-property
۰۹۱۱۳۴۲۹۴۳۲,لنگرود,langarud,real-estate,rent-commercial-property
۰۹۱۱۹۴۳۵۱۶۸,لنگرود,langarud,real-estate,rent-commercial-property
۰۹۱۱۹۴۳۵۱۶۸,لنگرود,langarud,real-estate,rent-commercial-property
۰۹۳۹۰۶۳۱۸۳۲,لنگرود,langarud,real-estate,rent-commercial-property
۰۹۱۱۴۲۷۴۱۸۱,لنگرود,langarud,real-estate,rent-commercial-property
۰۹۱۱۲۴۱۵۷۴۷,لنگرود,langarud,real-estate,rent-commercial-property
۰۹۱۲۸۵۴۸۰۴۴,لنگرود,langarud,real-estate,rent-commercial-property
۰۹۱۱۸۴۸۰۰۴۹,لنگرود,langarud,real-estate,rent-commercial-property
۰۹۲۱۴۱۷۵۹۵۴,لنگرود,langarud,real-estate,rent-commercial-property
۰۹۱۱۲۴۱۵۱۷۳,لنگرود,langarud,real-estate,rent-commercial-property
۰۹۰۳۹۸۲۱۰۶۷,لنگرود,langarud,real-estate,rent-commercial-property
۰۹۱۹۲۰۹۵۱۹۰,لنگرود,langarud,real-estate,rent-commercial-property
۰۹۱۱۸۱۷۵۶۸۲,لنگرود,langarud,real-estate,rent-commercial-property
۰۹۳۷۴۰۵۶۶۸۸,لنگرود,langarud,real-estate,rent-commercial-property
۰۹۱۲۶۶۱۵۶۹۵,لنگرود,langarud,real-estate,rent-commercial-property
۰۹۱۱۴۸۵۲۱۱۶,لنگرود,langarud,real-estate,rent-commercial-property
۰۹۱۱۳۴۱۶۲۸۲,لنگرود,langarud,real-estate,rent-commercial-property
۰۹۱۲۷۰۸۷۹۱۲,لنگرود,langarud,real-estate,rent-commercial-property
۰۹۱۱۲۴۰۹۰۹۸,لنگرود,langarud,real-estate,rent-commercial-property
۰۹۱۰۳۴۸۶۵۲۵,لنگرود,langarud,real-estate,rent-commercial-property
۰۹۳۷۴۰۵۶۶۸۸,لنگرود,langarud,real-estate,rent-commercial-property
۰۹۱۱۶۱۷۳۷۳۱,لنگرود,langarud,real-estate,rent-commercial-property
۰۹۱۱۶۱۷۳۷۳۱,لنگرود,langarud,real-estate,rent-commercial-property
۰۹۱۲۲۲۰۸۸۶۱,لنگرود,langarud,real-estate,rent-commercial-property
۰۹۱۲۳۱۰۷۶۵۱,لنگرود,langarud,real-estate,rent-commercial-property
۰۹۱۱۳۴۱۶۲۸۲,لنگرود,langarud,real-estate,rent-commercial-property
۰۹۳۸۷۵۷۰۵۸۵,لنگرود,langarud,real-estate,rent-commercial-property
۰۹۰۳۰۹۲۷۹۱۸,لنگرود,langarud,real-estate,rent-temporary
۰۹۱۲۷۵۸۱۰۰۷,لنگرود,langarud,real-estate,rent-temporary
۰۹۱۱۱۴۰۵۶۳۸,لنگرود,langarud,real-estate,rent-temporary
۰۹۲۲۸۵۱۵۶۴۱,لنگرود,langarud,real-estate,rent-temporary
۰۹۳۶۲۲۰۰۲۵۰,لنگرود,langarud,real-estate,rent-temporary
۰۹۳۹۲۴۱۴۸۶۸,لنگرود,langarud,real-estate,rent-temporary
۰۹۱۱۱۴۳۳۴۱۹,لنگرود,langarud,real-estate,rent-temporary
۰۹۱۱۱۴۳۳۴۱۹,لنگرود,langarud,real-estate,rent-temporary
۰۹۱۵۳۸۵۴۰۵۸,لنگرود,langarud,real-estate,rent-temporary
۰۹۱۱۲۴۱۵۷۴۷,لنگرود,langarud,real-estate,rent-temporary
۰۹۳۸۵۶۲۸۰۵۷,لنگرود,langarud,real-estate,rent-temporary
۰۹۱۲۴۹۴۰۱۷۹,لنگرود,langarud,real-estate,rent-temporary
۰۹۱۰۳۴۸۶۵۲۵,لنگرود,langarud,real-estate,rent-temporary
۰۹۱۱۵۴۷۲۳۸۳,لنگرود,langarud,real-estate,rent-temporary
۰۹۱۹۸۷۸۷۴۶۱,لنگرود,langarud,real-estate,rent-temporary
۰۹۹۰۹۸۹۴۵۱۰,لنگرود,langarud,real-estate,rent-temporary
۰۹۱۱۱۴۱۸۲۵۹,لنگرود,langarud,real-estate,rent-temporary
۰۹۲۱۷۸۳۵۹۵۸,لنگرود,langarud,real-estate,rent-temporary
۰۹۰۲۰۴۶۴۳۲۶,لنگرود,langarud,real-estate,rent-temporary
۰۹۳۵۷۱۲۸۸۷۵,لنگرود,langarud,real-estate,rent-temporary
۰۹۲۱۵۵۷۲۱۸۱,لنگرود,langarud,real-estate,rent-temporary
۰۹۱۱۳۴۲۶۷۴۲,لنگرود,langarud,real-estate,real-estate-services
۰۹۱۱۶۹۳۸۵۸۸,لنگرود,langarud,real-estate,real-estate-services
۰۹۱۲۹۲۷۴۸۷۷,لنگرود,langarud,real-estate,real-estate-services
۰۹۱۱۳۴۳۲۷۱۶,لنگرود,langarud,real-estate,real-estate-services
۰۹۱۱۱۴۲۵۳۲۷,لنگرود,langarud,real-estate,real-estate-services
۰۹۱۱۸۴۱۸۲۱۹,لنگرود,langarud,real-estate,real-estate-services
۰۹۱۲۵۰۴۰۸۱۰,لنگرود,langarud,real-estate,real-estate-services
۰۹۱۲۹۲۷۴۸۷۷,لنگرود,langarud,real-estate,real-estate-services
۰۹۳۶۶۷۳۱۱۳۵,لنگرود,langarud,real-estate,real-estate-services
۰۹۱۹۵۰۷۲۴۰۸,لنگرود,langarud,real-estate,real-estate-services
۰۹۱۱۲۴۱۵۱۷۳,لنگرود,langarud,real-estate,real-estate-services
۰۹۱۱۳۴۲۷۹۱۴,لنگرود,langarud,real-estate,real-estate-services
۰۹۹۰۵۶۱۱۶۰۲,لنگرود,langarud,real-estate,real-estate-services
۰۹۱۱۳۴۵۵۱۵۴,لنگرود,langarud,real-estate,real-estate-services
۰۹۳۷۷۷۱۴۵۴۵,لنگرود,langarud,vehicles,auto
۰۹۱۱۹۴۴۷۵۰۷,لنگرود,langarud,vehicles,auto
۰۹۱۱۳۴۲۶۷۴۲,لنگرود,langarud,vehicles,auto
۰۹۳۷۷۸۶۸۴۵۵,لنگرود,langarud,vehicles,auto
۰۹۱۱۱۴۱۵۱۴۸,لنگرود,langarud,vehicles,auto
۰۹۱۱۹۴۲۰۱۰۸,لنگرود,langarud,vehicles,auto
۰۹۳۸۵۶۱۰۱۰۹,لنگرود,langarud,vehicles,auto
۰۹۱۲۲۷۱۶۲۸۲,لنگرود,langarud,vehicles,auto
۰۹۱۲۲۷۱۶۲۸۲,لنگرود,langarud,vehicles,auto
۰۹۱۲۲۷۱۶۲۸۲,لنگرود,langarud,vehicles,auto
۰۹۲۲۷۴۸۱۵۴۵,لنگرود,langarud,vehicles,auto
۰۹۲۲۲۸۴۹۲۵۱,لنگرود,langarud,vehicles,auto
۰۹۳۹۹۴۴۲۴۱۶,لنگرود,langarud,vehicles,auto
۰۹۱۱۶۴۹۹۳۹۶,لنگرود,langarud,vehicles,auto
۰۹۹۰۰۱۳۱۷۷۰,لنگرود,langarud,vehicles,auto
۰۹۱۱۲۴۱۰۸۴۰,لنگرود,langarud,vehicles,auto
۰۹۳۸۹۶۴۹۸۵۰,لنگرود,langarud,vehicles,auto
۰۹۲۱۶۹۳۶۰۴۶,لنگرود,langarud,vehicles,auto
۰۹۱۱۴۳۳۰۵۳۳,لنگرود,langarud,vehicles,auto
۰۹۱۱۹۴۵۲۹۳۰,لنگرود,langarud,vehicles,auto
۰۹۱۱۳۴۴۴۸۵۰,لنگرود,langarud,vehicles,auto
۰۹۱۱۶۹۶۹۳۰۵,لنگرود,langarud,vehicles,auto
۰۹۱۱۱۴۴۳۶۲۵,لنگرود,langarud,vehicles,auto
۰۹۱۱۱۴۱۸۳۰۲,لنگرود,langarud,vehicles,auto
۰۹۳۸۰۵۵۲۷۱۶,لنگرود,langarud,vehicles,auto
۰۹۳۹۵۴۸۰۶۳۲,لنگرود,langarud,vehicles,auto
۰۹۱۱۹۴۵۲۸۶۱,لنگرود,langarud,vehicles,auto
۰۹۳۵۳۷۸۸۹۸۴,لنگرود,langarud,vehicles,auto
۰۹۱۱۲۴۵۴۹۹۰,لنگرود,langarud,vehicles,auto
۰۹۱۰۹۹۰۶۳۶۷,لنگرود,langarud,vehicles,auto
۰۹۳۹۷۳۵۱۲۷۹,لنگرود,langarud,vehicles,auto
۰۹۱۱۸۴۶۳۵۳۸,لنگرود,langarud,vehicles,auto
۰۹۱۱۲۴۵۹۹۶۴,لنگرود,langarud,vehicles,auto
۰۹۱۱۳۴۴۸۳۱۹,لنگرود,langarud,vehicles,auto
۰۹۱۱۸۴۱۸۴۷۹,لنگرود,langarud,vehicles,auto
۰۹۱۱۹۴۵۳۵۰۰,لنگرود,langarud,vehicles,auto
۰۹۱۲۳۶۷۱۲۴۹,لنگرود,langarud,vehicles,auto
۰۹۲۱۱۵۱۱۰۱۵,لنگرود,langarud,vehicles,auto
۰۹۳۳۳۶۷۵۹۹۰,لنگرود,langarud,vehicles,auto
۰۹۱۱۷۱۹۵۹۹۸,لنگرود,langarud,vehicles,auto
۰۹۰۱۰۲۴۲۶۲۳,لنگرود,langarud,vehicles,auto
۰۹۳۷۵۴۹۶۴۰۱,لنگرود,langarud,vehicles,auto
۰۹۱۱۴۶۲۹۴۲۳,لنگرود,langarud,vehicles,auto
۰۹۱۱۹۴۵۲۸۶۰,لنگرود,langarud,vehicles,auto
۰۹۳۸۴۱۰۵۷۶۹,لنگرود,langarud,vehicles,auto
۰۹۱۱۹۴۴۴۴۷۶,لنگرود,langarud,vehicles,auto
۰۹۱۱۹۴۴۴۴۷۶,لنگرود,langarud,vehicles,auto
۰۹۱۱۸۸۸۸۱۲۴,لنگرود,langarud,vehicles,auto
۰۹۱۱۷۲۰۰۷۵۵,لنگرود,langarud,vehicles,auto
۰۹۱۱۲۴۵۲۹۳۷,لنگرود,langarud,vehicles,auto
۰۹۱۱۴۳۵۹۳۱۷,لنگرود,langarud,vehicles,auto
۰۹۳۷۵۱۷۸۱۱۷,لنگرود,langarud,vehicles,auto
۰۹۱۱۶۴۰۰۸۸۲,لنگرود,langarud,vehicles,auto
۰۹۲۱۶۴۶۳۶۱۱,لنگرود,langarud,vehicles,auto
۰۹۱۱۱۴۳۳۴۱۹,لنگرود,langarud,vehicles,auto
۰۹۱۱۲۴۲۵۸۳۲,لنگرود,langarud,vehicles,auto
۰۹۳۵۸۰۷۴۹۳۱,لنگرود,langarud,vehicles,auto
۰۹۰۱۳۰۲۶۶۶۸,لنگرود,langarud,vehicles,auto
۰۹۰۲۶۶۳۱۵۸۸,لنگرود,langarud,vehicles,auto
۰۹۳۶۵۶۰۵۸۹۵,لنگرود,langarud,vehicles,auto
۰۹۳۳۶۲۸۶۰۶۱,لنگرود,langarud,vehicles,auto
۰۹۱۱۱۴۳۹۳۷۲,لنگرود,langarud,vehicles,auto
۰۹۱۶۲۳۲۶۱۳۴,لنگرود,langarud,vehicles,auto
۰۹۱۱۱۴۰۲۰۱۲,لنگرود,langarud,vehicles,car-accessories
۰۹۳۳۰۴۳۹۰۵۳,لنگرود,langarud,vehicles,car-accessories
۰۹۳۹۶۸۳۳۶۹۹,لنگرود,langarud,vehicles,car-accessories
۰۹۳۷۴۷۲۷۹۸۲,لنگرود,langarud,vehicles,car-accessories
۰۹۳۷۴۷۲۷۹۸۲,لنگرود,langarud,vehicles,car-accessories
۰۹۱۱۵۵۹۶۷۳۳,لنگرود,langarud,vehicles,car-accessories
۰۹۳۵۷۲۷۱۸۵۹,لنگرود,langarud,vehicles,car-accessories
۰۹۲۱۵۵۳۶۲۸۶,لنگرود,langarud,vehicles,car-accessories
۰۹۳۵۳۵۴۰۰۱۰,لنگرود,langarud,vehicles,car-accessories
۰۹۱۱۳۴۳۲۷۳۵,لنگرود,langarud,vehicles,car-accessories
۰۹۱۱۴۶۹۸۶۹۵,لنگرود,langarud,vehicles,car-accessories
۰۹۳۹۶۸۳۳۶۹۹,لنگرود,langarud,vehicles,car-accessories
۰۹۳۷۹۸۳۷۹۹۳,لنگرود,langarud,vehicles,car-accessories
۰۹۳۷۹۸۳۷۹۹۳,لنگرود,langarud,vehicles,car-accessories
۰۹۱۱۱۴۵۱۴۵۸,لنگرود,langarud,vehicles,car-accessories
۰۹۱۱۱۴۵۱۴۵۸,لنگرود,langarud,vehicles,car-accessories
۰۹۱۱۱۴۵۹۵۴۰,لنگرود,langarud,vehicles,car-accessories
۰۹۰۱۰۲۳۴۴۴۱,لنگرود,langarud,vehicles,car-accessories
۰۹۳۵۱۵۷۹۷۳۷,لنگرود,langarud,vehicles,car-accessories
۰۹۳۰۹۴۱۱۱۲۲,لنگرود,langarud,vehicles,car-accessories
۰۹۳۹۰۲۷۸۹۱۲,لنگرود,langarud,vehicles,car-accessories
۰۹۳۵۱۵۷۹۷۳۷,لنگرود,langarud,vehicles,car-accessories
۰۹۳۵۱۵۷۹۷۳۷,لنگرود,langarud,vehicles,car-accessories
۰۹۱۱۶۳۷۰۵۷۰,لنگرود,langarud,vehicles,car-accessories
۰۹۱۱۱۴۱۴۶۵۰,لنگرود,langarud,vehicles,car-accessories
۰۹۱۱۱۴۱۴۶۵۰,لنگرود,langarud,vehicles,car-accessories
۰۹۱۱۸۴۵۷۱۰۸,لنگرود,langarud,vehicles,car-accessories
۰۹۱۱۶۱۳۷۸۱۶,لنگرود,langarud,vehicles,car-accessories
۰۹۱۱۸۴۱۶۶۳۰,لنگرود,langarud,vehicles,car-accessories
۰۹۳۷۸۵۵۸۹۷۱,لنگرود,langarud,vehicles,car-accessories
۰۹۱۱۴۳۱۶۳۰۰,لنگرود,langarud,vehicles,car-accessories
۰۹۱۱۶۰۱۰۷۲۸,لنگرود,langarud,vehicles,car-accessories
۰۹۱۱۱۴۴۴۳۱۴,لنگرود,langarud,vehicles,car-accessories
۰۹۱۱۳۴۳۹۲۵۴,لنگرود,langarud,vehicles,car-accessories
۰۹۱۱۳۴۳۹۲۵۴,لنگرود,langarud,vehicles,car-accessories
۰۹۱۱۷۴۸۸۷۶۹,لنگرود,langarud,vehicles,car-accessories
۰۹۰۳۰۲۲۶۳۸۳,لنگرود,langarud,vehicles,car-accessories
۰۹۳۶۷۱۶۴۹۲۸,لنگرود,langarud,vehicles,car-accessories
۰۹۲۱۱۴۹۹۸۰۶,لنگرود,langarud,vehicles,car-accessories
۰۹۱۱۳۴۳۹۲۵۴,لنگرود,langarud,vehicles,car-accessories
۰۹۱۱۳۴۳۹۲۵۴,لنگرود,langarud,vehicles,car-accessories
۰۹۱۱۳۴۳۹۲۵۴,لنگرود,langarud,vehicles,car-accessories
۰۹۱۱۳۴۳۹۲۵۴,لنگرود,langarud,vehicles,car-accessories
۰۹۳۵۴۱۰۸۴۳۶,لنگرود,langarud,vehicles,car-accessories
۰۹۱۱۹۴۵۶۰۸۲,لنگرود,langarud,vehicles,car-accessories
۰۹۱۱۹۴۵۶۰۸۲,لنگرود,langarud,vehicles,car-accessories
۰۹۹۱۰۳۸۱۴۲۵,لنگرود,langarud,vehicles,car-accessories
۰۹۰۱۳۷۶۹۲۳۳,لنگرود,langarud,vehicles,car-accessories
۰۹۱۲۹۶۴۵۰۰۳,لنگرود,langarud,vehicles,car-accessories
۰۹۳۹۲۶۰۱۹۶۹,لنگرود,langarud,vehicles,car-accessories
۰۹۲۱۱۲۲۴۳۹۲,لنگرود,langarud,vehicles,car-accessories
۰۹۱۱۸۴۳۵۰۴۴,لنگرود,langarud,vehicles,car-accessories
۰۹۱۱۸۸۶۰۷۵۷,لنگرود,langarud,vehicles,car-accessories
۰۹۳۷۶۹۰۶۴۷۳,لنگرود,langarud,vehicles,car-accessories
۰۹۰۳۷۶۹۱۴۱۹,لنگرود,langarud,vehicles,car-accessories
۰۹۳۵۱۶۶۳۳۵۱,لنگرود,langarud,vehicles,car-accessories
۰۹۱۱۳۴۴۸۳۱۹,لنگرود,langarud,vehicles,car-accessories
۰۹۱۰۵۴۲۹۶۸۶,لنگرود,langarud,vehicles,car-accessories
۰۹۳۸۸۸۲۷۳۷۰,لنگرود,langarud,vehicles,car-accessories
۰۹۰۳۰۲۲۶۳۸۳,لنگرود,langarud,vehicles,car-accessories
۰۹۳۹۴۲۶۱۰۹۱,لنگرود,langarud,vehicles,car-accessories
۰۹۳۵۵۴۹۴۳۵۲,لنگرود,langarud,vehicles,car-accessories
۰۹۳۶۱۴۹۷۸۵۳,لنگرود,langarud,vehicles,car-accessories
۰۹۳۷۱۵۸۶۰۸۸,لنگرود,langarud,vehicles,car-accessories
۰۹۳۷۷۵۴۶۶۸۸,لنگرود,langarud,vehicles,car-accessories
۰۹۲۱۲۵۰۰۴۷۵,لنگرود,langarud,vehicles,car-accessories
۰۹۳۰۵۰۳۵۹۴۸,لنگرود,langarud,vehicles,motorcycles
۰۹۱۱۱۴۰۲۰۱۲,لنگرود,langarud,vehicles,motorcycles
۰۹۱۱۲۴۲۹۶۷۴,لنگرود,langarud,vehicles,motorcycles
۰۹۱۱۳۴۳۲۷۳۵,لنگرود,langarud,vehicles,motorcycles
۰۹۳۶۰۹۰۹۹۶۰,لنگرود,langarud,vehicles,motorcycles
۰۹۱۱۸۲۰۹۵۴۲,لنگرود,langarud,vehicles,motorcycles
۰۹۲۱۱۶۶۷۳۸۵,لنگرود,langarud,vehicles,motorcycles
۰۹۱۰۵۹۱۹۴۶۱,لنگرود,langarud,vehicles,motorcycles
۰۹۳۹۰۲۷۸۹۱۲,لنگرود,langarud,vehicles,motorcycles
۰۹۳۹۷۷۲۶۰۴۶,لنگرود,langarud,vehicles,motorcycles
۰۹۳۹۴۳۶۴۴۶۹,لنگرود,langarud,vehicles,motorcycles
۰۹۱۱۳۴۲۶۲۹۹,لنگرود,langarud,vehicles,motorcycles
۰۹۳۹۶۹۲۵۸۸۸,لنگرود,langarud,vehicles,motorcycles
۰۹۱۱۲۴۲۶۹۴۵,لنگرود,langarud,vehicles,motorcycles
۰۹۱۱۵۴۴۵۳۵۶,لنگرود,langarud,vehicles,motorcycles
۰۹۱۱۲۴۴۸۶۶۳,لنگرود,langarud,vehicles,motorcycles
۰۹۲۲۱۵۳۹۵۶۹,لنگرود,langarud,vehicles,motorcycles
۰۹۱۱۸۴۵۶۷۴۴,لنگرود,langarud,vehicles,motorcycles
۰۹۱۱۳۸۴۵۰۲۰,لنگرود,langarud,vehicles,motorcycles
۰۹۲۱۱۷۴۵۳۷۵,لنگرود,langarud,vehicles,motorcycles
۰۹۳۸۸۱۱۲۲۳۸,لنگرود,langarud,vehicles,motorcycles
۰۹۱۹۳۲۲۳۹۳۶,لنگرود,langarud,vehicles,motorcycles
۰۹۱۹۳۲۲۳۹۳۶,لنگرود,langarud,vehicles,motorcycles
۰۹۱۱۱۴۲۵۲۱۸,لنگرود,langarud,vehicles,motorcycles
۰۹۲۲۴۹۶۸۲۱۳,لنگرود,langarud,vehicles,motorcycles
۰۹۳۰۲۶۳۴۰۹۷,لنگرود,langarud,vehicles,motorcycles
۰۹۳۵۸۱۲۸۲۱۲,لنگرود,langarud,vehicles,motorcycles
۰۹۱۱۷۴۹۴۳۱۶,لنگرود,langarud,vehicles,motorcycles
۰۹۱۱۴۶۲۳۸۷۹,لنگرود,langarud,vehicles,motorcycles
۰۹۳۵۹۷۶۸۰۰۱,لنگرود,langarud,vehicles,motorcycles
۰۹۲۲۹۵۳۸۰۹۵,لنگرود,langarud,vehicles,motorcycles
۰۹۳۰۲۵۰۰۲۷۹,لنگرود,langarud,vehicles,motorcycles
۰۹۱۱۱۴۳۷۲۷۸,لنگرود,langarud,vehicles,motorcycles
۰۹۱۹۶۱۶۵۷۴۹,لنگرود,langarud,vehicles,motorcycles
۰۹۱۱۶۱۲۴۹۴۳,لنگرود,langarud,vehicles,motorcycles
۰۹۰۱۹۰۸۵۲۹۵,لنگرود,langarud,vehicles,motorcycles
۰۹۱۱۴۵۶۲۹۳۵,لنگرود,langarud,vehicles,motorcycles
۰۹۱۱۲۴۵۲۹۳۵,لنگرود,langarud,vehicles,motorcycles
۰۹۳۵۵۷۸۴۹۷۹,لنگرود,langarud,vehicles,motorcycles
۰۹۰۱۳۱۷۱۰۰۱,لنگرود,langarud,vehicles,motorcycles
۰۹۱۱۷۱۶۴۵۲۹,لنگرود,langarud,vehicles,motorcycles
۰۹۲۲۱۵۳۹۵۶۹,لنگرود,langarud,vehicles,motorcycles
۰۹۰۲۷۰۲۷۱۰۱,لنگرود,langarud,vehicles,motorcycles
۰۹۳۰۷۹۵۱۴۶۲,لنگرود,langarud,vehicles,motorcycles
۰۹۳۵۹۰۴۶۳۶۶,لنگرود,langarud,vehicles,motorcycles
۰۹۳۶۰۹۰۹۹۶۰,لنگرود,langarud,vehicles,motorcycles
۰۹۳۶۰۹۰۹۹۶۰,لنگرود,langarud,vehicles,motorcycles
۰۹۱۱۷۰۹۵۴۹۸,لنگرود,langarud,vehicles,motorcycles
۰۹۰۱۰۳۴۴۰۴۹,لنگرود,langarud,vehicles,motorcycles
۰۹۳۹۶۹۶۳۰۱۲,لنگرود,langarud,vehicles,motorcycles
۰۹۱۰۳۴۸۶۵۲۵,لنگرود,langarud,vehicles,motorcycles
۰۹۲۱۶۲۰۱۱۲۶,لنگرود,langarud,vehicles,motorcycles
۰۹۳۳۵۱۶۸۰۱۱,لنگرود,langarud,vehicles,motorcycles
۰۹۱۱۳۴۳۹۲۵۴,لنگرود,langarud,vehicles,boat
۰۹۱۱۷۶۶۱۱۷۰,لنگرود,langarud,electronic-devices,mobile-tablet
۰۹۲۱۵۹۱۵۵۱۶,لنگرود,langarud,electronic-devices,mobile-tablet
۰۹۱۱۸۰۰۳۱۱۸,لنگرود,langarud,electronic-devices,mobile-tablet
۰۹۱۱۸۰۰۳۱۱۸,لنگرود,langarud,electronic-devices,mobile-tablet
۰۹۱۱۸۰۰۳۱۱۸,لنگرود,langarud,electronic-devices,mobile-tablet
۰۹۳۰۰۷۰۰۱۷۹,لنگرود,langarud,electronic-devices,mobile-tablet
۰۹۰۲۶۳۶۷۶۰۸,لنگرود,langarud,electronic-devices,mobile-tablet
۰۹۳۸۸۸۷۷۶۲۹,لنگرود,langarud,electronic-devices,mobile-tablet
۰۹۱۱۶۴۹۳۷۳۱,لنگرود,langarud,electronic-devices,mobile-tablet
۰۹۳۰۲۰۸۷۵۵۶,لنگرود,langarud,electronic-devices,mobile-tablet
۰۹۰۳۷۱۴۷۲۹۹,لنگرود,langarud,electronic-devices,mobile-tablet
۰۹۱۱۲۴۳۰۲۴۸,لنگرود,langarud,electronic-devices,mobile-tablet
۰۹۹۰۵۱۸۷۷۸۴,لنگرود,langarud,electronic-devices,mobile-tablet
۰۹۳۸۸۴۶۶۲۰۳,لنگرود,langarud,electronic-devices,mobile-tablet
۰۹۳۷۱۴۳۲۳۲۸,لنگرود,langarud,electronic-devices,mobile-tablet
۰۹۱۱۹۴۵۲۸۶۰,لنگرود,langarud,electronic-devices,mobile-tablet
۰۹۰۱۰۹۹۵۴۶۷,لنگرود,langarud,electronic-devices,mobile-tablet
۰۹۱۱۵۶۰۰۶۳۷,لنگرود,langarud,electronic-devices,mobile-tablet
۰۹۱۱۳۴۲۶۱۲۵,لنگرود,langarud,electronic-devices,mobile-tablet
۰۹۳۸۹۰۱۳۸۹۴,لنگرود,langarud,electronic-devices,mobile-tablet
۰۹۱۱۳۴۲۰۴۲۳,لنگرود,langarud,electronic-devices,mobile-tablet
۰۹۱۱۹۳۸۱۹۵۱,لنگرود,langarud,electronic-devices,mobile-tablet
۰۹۱۱۱۴۰۹۰۶۰,لنگرود,langarud,electronic-devices,mobile-tablet
۰۹۱۱۸۸۷۸۵۹۸,لنگرود,langarud,electronic-devices,mobile-tablet
۰۹۳۰۰۲۷۰۱۳۳,لنگرود,langarud,electronic-devices,mobile-tablet
۰۹۳۸۰۶۰۳۸۴۸,لنگرود,langarud,electronic-devices,mobile-tablet
۰۹۳۹۵۸۵۱۴۴۳,لنگرود,langarud,electronic-devices,mobile-tablet
۰۹۳۰۲۰۰۷۱۸۷,لنگرود,langarud,electronic-devices,mobile-tablet
۰۹۳۰۲۰۰۷۱۸۷,لنگرود,langarud,electronic-devices,mobile-tablet
۰۹۳۶۸۵۲۶۵۰۸,لنگرود,langarud,electronic-devices,mobile-tablet
۰۹۱۱۳۴۴۵۶۶۳,لنگرود,langarud,electronic-devices,mobile-tablet
۰۹۰۱۵۹۲۴۱۵۲,لنگرود,langarud,electronic-devices,mobile-tablet
(پنهان‌شده؛ چت کنید),لنگرود,langarud,electronic-devices,mobile-tablet
۰۹۳۶۳۷۹۶۷۳۳,لنگرود,langarud,electronic-devices,mobile-tablet
۰۹۱۱۲۴۵۱۰۷۵,لنگرود,langarud,electronic-devices,mobile-tablet
۰۹۱۱۲۴۵۱۰۷۵,لنگرود,langarud,electronic-devices,mobile-tablet
۰۹۱۱۲۴۲۹۴۶۳,لنگرود,langarud,electronic-devices,mobile-tablet
۰۹۳۶۰۲۸۷۹۳۴,لنگرود,langarud,electronic-devices,mobile-tablet
(پنهان‌شده؛ چت کنید),لنگرود,langarud,electronic-devices,mobile-tablet
۰۹۰۲۵۵۲۵۶۵۶,لنگرود,langarud,electronic-devices,mobile-tablet
۰۹۳۷۴۹۰۰۳۲۳,لنگرود,langarud,electronic-devices,mobile-tablet
۰۹۰۱۹۴۳۰۱۱۳,لنگرود,langarud,electronic-devices,mobile-tablet
۰۹۱۱۸۸۵۲۳۶۳,لنگرود,langarud,electronic-devices,mobile-tablet
۰۹۰۲۹۲۷۶۸۲۹,لنگرود,langarud,electronic-devices,mobile-tablet
۰۹۳۶۶۷۸۴۷۵۴,لنگرود,langarud,electronic-devices,mobile-tablet
۰۹۳۵۱۷۳۷۶۸۲,لنگرود,langarud,electronic-devices,mobile-tablet
۰۹۳۷۳۸۴۶۱۶۲,لنگرود,langarud,electronic-devices,mobile-tablet
۰۹۱۱۳۴۲۰۴۶۶,لنگرود,langarud,electronic-devices,mobile-tablet
۰۹۰۱۱۰۳۴۲۶۴,لنگرود,langarud,electronic-devices,mobile-tablet
۰۹۳۹۴۳۶۴۴۶۹,لنگرود,langarud,electronic-devices,mobile-tablet
۰۹۱۱۹۴۶۰۳۷۸,لنگرود,langarud,electronic-devices,mobile-tablet
۰۹۱۱۹۴۶۰۳۷۸,لنگرود,langarud,electronic-devices,mobile-tablet
۰۹۱۱۳۴۴۵۶۶۳,لنگرود,langarud,electronic-devices,mobile-tablet
۰۹۹۰۸۴۸۵۵۲۳,لنگرود,langarud,electronic-devices,mobile-tablet
۰۹۰۳۸۴۹۱۰۰۲,لنگرود,langarud,electronic-devices,mobile-tablet
۰۹۲۲۶۰۵۱۲۰۲,لنگرود,langarud,electronic-devices,mobile-tablet
۰۹۰۲۵۲۱۹۲۹۰,لنگرود,langarud,electronic-devices,mobile-tablet
۰۹۱۱۸۴۱۴۱۶۱,لنگرود,langarud,electronic-devices,mobile-tablet
۰۹۳۰۰۸۰۹۰۰۵,لنگرود,langarud,electronic-devices,mobile-tablet
۰۹۳۳۴۹۲۴۳۴۹,لنگرود,langarud,electronic-devices,mobile-tablet
۰۹۳۸۹۸۹۰۴۲۷,لنگرود,langarud,electronic-devices,mobile-tablet
۰۹۳۸۷۵۷۰۵۸۵,لنگرود,langarud,electronic-devices,mobile-tablet
۰۹۱۱۶۲۲۴۰۱۰,لنگرود,langarud,electronic-devices,mobile-tablet
۰۹۱۰۱۰۴۱۵۴۰,لنگرود,langarud,electronic-devices,mobile-tablet
(پنهان‌شده؛ چت کنید),لنگرود,langarud,electronic-devices,mobile-tablet
۰۹۳۷۸۰۶۴۵۷۶,لنگرود,langarud,electronic-devices,computers
۰۹۱۱۷۲۱۷۴۱۴,لنگرود,langarud,electronic-devices,computers
۰۹۱۱۷۲۱۷۴۱۴,لنگرود,langarud,electronic-devices,computers
۰۹۳۸۸۷۹۹۳۵۱,لنگرود,langarud,electronic-devices,computers
۰۹۱۱۲۴۵۲۲۵۲,لنگرود,langarud,electronic-devices,computers
۰۹۳۸۸۷۹۹۳۵۱,لنگرود,langarud,electronic-devices,computers
۰۹۹۰۴۳۷۴۲۴۰,لنگرود,langarud,electronic-devices,computers
۰۹۱۲۹۲۷۴۸۷۷,لنگرود,langarud,electronic-devices,computers
۰۹۱۱۲۴۵۲۹۳۸,لنگرود,langarud,electronic-devices,computers
۰۹۳۶۴۴۴۳۱۱۵,لنگرود,langarud,electronic-devices,computers
۰۹۳۶۹۹۷۰۵۹۰,لنگرود,langarud,electronic-devices,computers
۰۹۱۱۸۴۸۴۱۱۵,لنگرود,langarud,electronic-devices,computers
۰۹۳۰۸۱۲۹۵۱۵,لنگرود,langarud,electronic-devices,computers
۰۹۱۱۴۳۰۸۹۰۹,لنگرود,langarud,electronic-devices,computers
۰۹۹۰۸۴۸۵۵۲۳,لنگرود,langarud,electronic-devices,computers
۰۹۲۱۰۸۹۵۲۷۲,لنگرود,langarud,electronic-devices,computers
۰۹۰۲۱۳۷۰۸۱۶,لنگرود,langarud,electronic-devices,computers
۰۹۰۵۴۶۰۶۶۹۶,لنگرود,langarud,electronic-devices,computers
۰۹۳۶۹۲۸۸۰۸۵,لنگرود,langarud,electronic-devices,computers
(پنهان‌شده؛ چت کنید),لنگرود,langarud,electronic-devices,game-consoles
(پنهان‌شده؛ چت کنید),لنگرود,langarud,electronic-devices,game-consoles
۰۹۳۶۶۷۸۴۷۵۴,لنگرود,langarud,electronic-devices,game-consoles
۰۹۳۸۷۵۷۰۵۸۵,لنگرود,langarud,electronic-devices,game-consoles
۰۹۱۱۷۹۹۳۵۳۳,لنگرود,langarud,electronic-devices,game-consoles
۰۹۳۹۰۲۷۸۹۱۲,لنگرود,langarud,electronic-devices,game-consoles
۰۹۱۱۱۴۴۳۹۴۰,لنگرود,langarud,electronic-devices,game-consoles
۰۹۳۹۳۰۱۷۳۳۷,لنگرود,langarud,electronic-devices,game-consoles
۰۹۳۸۷۵۷۰۵۸۵,لنگرود,langarud,electronic-devices,game-consoles
۰۹۳۰۳۶۸۴۹۵۵,لنگرود,langarud,electronic-devices,game-consoles
(پنهان‌شده؛ چت کنید),لنگرود,langarud,electronic-devices,game-consoles
(پنهان‌شده؛ چت کنید),لنگرود,langarud,electronic-devices,game-consoles
۰۹۱۱۸۴۲۱۰۲۵,لنگرود,langarud,electronic-devices,video-audio-device
۰۹۱۱۹۴۶۰۶۳۸,لنگرود,langarud,electronic-devices,video-audio-device
۰۹۱۱۳۴۴۷۲۵۷,لنگرود,langarud,electronic-devices,video-audio-device
۰۹۳۷۹۸۳۷۹۹۳,لنگرود,langarud,electronic-devices,video-audio-device
(پنهان‌شده؛ چت کنید),لنگرود,langarud,electronic-devices,video-audio-device
۰۹۳۶۴۵۸۴۴۴۸,لنگرود,langarud,electronic-devices,video-audio-device
۰۹۳۹۰۲۷۸۹۱۲,لنگرود,langarud,electronic-devices,video-audio-device
۰۹۱۱۸۴۱۴۱۶۱,لنگرود,langarud,electronic-devices,video-audio-device
۰۹۳۵۴۵۶۸۸۵۳,لنگرود,langarud,electronic-devices,video-audio-device
۰۹۱۱۸۸۵۷۴۳۱,لنگرود,langarud,electronic-devices,video-audio-device
۰۹۱۱۳۴۳۲۷۳۵,لنگرود,langarud,electronic-devices,video-audio-device
۰۹۱۱۸۴۵۷۱۰۸,لنگرود,langarud,electronic-devices,video-audio-device
۰۹۳۰۲۰۰۷۱۸۷,لنگرود,langarud,electronic-devices,video-audio-device
۰۹۳۶۸۸۲۴۱۸۸,لنگرود,langarud,electronic-devices,video-audio-device
۰۹۰۱۶۳۶۶۰۲۴,لنگرود,langarud,electronic-devices,video-audio-device
۰۹۳۹۹۴۴۶۱۹۶,لنگرود,langarud,electronic-devices,video-audio-device
۰۹۱۱۳۴۲۶۱۶۷,لنگرود,langarud,electronic-devices,video-audio-device
۰۹۱۱۷۰۹۵۶۹۶,لنگرود,langarud,electronic-devices,video-audio-device
۰۹۲۱۱۵۱۱۰۱۵,لنگرود,langarud,electronic-devices,video-audio-device
۰۹۱۱۷۹۹۳۵۳۳,لنگرود,langarud,electronic-devices,video-audio-device
۰۹۳۰۲۰۰۷۱۸۷,لنگرود,langarud,electronic-devices,video-audio-device
۰۹۳۰۲۰۰۷۱۸۷,لنگرود,langarud,electronic-devices,video-audio-device
۰۹۳۰۲۰۰۷۱۸۷,لنگرود,langarud,electronic-devices,video-audio-device
۰۹۳۶۱۶۰۳۵۴۲,لنگرود,langarud,electronic-devices,video-audio-device
۰۹۳۵۶۴۵۵۴۱۴,لنگرود,langarud,electronic-devices,video-audio-device
۰۹۳۵۲۸۸۹۰۸۴,لنگرود,langarud,electronic-devices,video-audio-device
۰۹۳۹۰۲۷۸۹۱۲,لنگرود,langarud,electronic-devices,video-audio-device
۰۹۱۱۱۴۴۳۹۴۰,لنگرود,langarud,electronic-devices,video-audio-device
۰۹۱۹۷۲۹۸۴۴۶,لنگرود,langarud,electronic-devices,video-audio-device
۰۹۳۳۷۴۵۸۴۵۴,لنگرود,langarud,electronic-devices,video-audio-device
۰۹۱۰۹۷۱۳۰۴۴,لنگرود,langarud,electronic-devices,video-audio-device
۰۹۰۲۸۷۰۴۰۶۶,لنگرود,langarud,electronic-devices,video-audio-device
۰۹۱۱۸۴۸۵۸۶۴,لنگرود,langarud,electronic-devices,video-audio-device
۰۹۰۲۸۷۰۴۰۶۶,لنگرود,langarud,electronic-devices,video-audio-device
۰۹۹۱۷۹۸۵۹۹۳,لنگرود,langarud,electronic-devices,video-audio-device
۰۹۰۲۰۴۶۴۳۲۶,لنگرود,langarud,electronic-devices,video-audio-device
۰۹۰۳۴۱۷۳۰۴۳,لنگرود,langarud,electronic-devices,telephone
۰۹۱۱۳۴۶۳۹۰۶,لنگرود,langarud,electronic-devices,telephone
۰۹۳۶۸۴۳۷۳۴۷,لنگرود,langarud,electronic-devices,telephone
۰۹۲۲۰۶۴۹۲۴۳,لنگرود,langarud,home-and-kitchen,home-decor-furniture
۰۹۱۱۹۴۳۴۹۷۶,لنگرود,langarud,home-and-kitchen,home-decor-furniture
۰۹۳۶۵۳۶۹۴۹۱,لنگرود,langarud,home-and-kitchen,home-decor-furniture
(پنهان‌شده؛ چت کنید),لنگرود,langarud,home-and-kitchen,home-decor-furniture
۰۹۱۱۴۸۰۱۵۸۲,لنگرود,langarud,home-and-kitchen,home-decor-furniture
۰۹۳۰۰۶۷۹۷۶۸,لنگرود,langarud,home-and-kitchen,home-decor-furniture
(پنهان‌شده؛ چت کنید),لنگرود,langarud,home-and-kitchen,home-decor-furniture
(پنهان‌شده؛ چت کنید),لنگرود,langarud,home-and-kitchen,home-decor-furniture
۰۹۱۱۴۸۰۱۵۸۲,لنگرود,langarud,home-and-kitchen,home-decor-furniture
۰۹۱۱۹۴۶۰۶۳۸,لنگرود,langarud,home-and-kitchen,home-decor-furniture
۰۹۱۱۵۴۳۰۹۵۶,لنگرود,langarud,home-and-kitchen,home-decor-furniture
۰۹۱۲۶۸۶۸۱۳۴,لنگرود,langarud,home-and-kitchen,home-decor-furniture
۰۹۱۱۷۶۶۱۱۷۰,لنگرود,langarud,home-and-kitchen,home-decor-furniture
۰۹۱۱۸۱۵۳۲۴۲,لنگرود,langarud,home-and-kitchen,home-decor-furniture
۰۹۱۰۹۹۰۶۳۶۷,لنگرود,langarud,home-and-kitchen,home-decor-furniture
۰۹۱۰۹۹۰۶۳۶۷,لنگرود,langarud,home-and-kitchen,home-decor-furniture
۰۹۳۰۶۸۳۲۷۱۰,لنگرود,langarud,home-and-kitchen,home-decor-furniture
۰۹۱۱۴۸۰۱۵۸۲,لنگرود,langarud,home-and-kitchen,home-decor-furniture
۰۹۳۵۴۰۶۰۰۷۱,لنگرود,langarud,home-and-kitchen,home-decor-furniture
۰۹۳۹۵۱۳۴۷۲۶,لنگرود,langarud,home-and-kitchen,home-decor-furniture
۰۹۳۷۳۳۰۳۵۷۵,لنگرود,langarud,home-and-kitchen,home-decor-furniture
۰۹۳۷۳۳۰۳۵۷۵,لنگرود,langarud,home-and-kitchen,home-decor-furniture
۰۹۱۱۷۱۵۴۱۱۹,لنگرود,langarud,home-and-kitchen,home-decor-furniture
۰۹۹۱۱۲۹۳۲۱۵,لنگرود,langarud,home-and-kitchen,home-decor-furniture
۰۹۱۲۵۴۰۳۷۴۲,لنگرود,langarud,home-and-kitchen,home-decor-furniture
۰۹۲۱۱۳۷۸۶۱۲,لنگرود,langarud,home-and-kitchen,home-decor-furniture
۰۹۱۲۵۴۰۳۷۴۲,لنگرود,langarud,home-and-kitchen,home-decor-furniture
۰۹۱۱۶۷۱۳۰۴۱,لنگرود,langarud,home-and-kitchen,home-decor-furniture
۰۹۱۱۶۷۱۳۰۴۱,لنگرود,langarud,home-and-kitchen,home-decor-furniture
۰۹۱۱۱۴۳۳۴۱۹,لنگرود,langarud,home-and-kitchen,home-decor-furniture
(پنهان‌شده؛ چت کنید),لنگرود,langarud,home-and-kitchen,home-decor-furniture
۰۹۱۱۹۳۸۶۲۲۸,لنگرود,langarud,home-and-kitchen,home-decor-furniture
۰۹۱۱۳۴۵۵۳۲۷,لنگرود,langarud,home-and-kitchen,home-decor-furniture
۰۹۱۱۷۱۹۵۹۸۲,لنگرود,langarud,home-and-kitchen,home-decor-furniture
۰۹۱۱۳۴۴۷۲۵۷,لنگرود,langarud,home-and-kitchen,home-decor-furniture
۰۹۱۱۸۱۵۳۲۴۲,لنگرود,langarud,home-and-kitchen,home-decor-furniture
۰۹۱۱۴۳۳۰۵۷۰,لنگرود,langarud,home-and-kitchen,home-decor-furniture
(پنهان‌شده؛ چت کنید),لنگرود,langarud,home-and-kitchen,home-decor-furniture
۰۹۱۱۸۱۵۳۲۴۲,لنگرود,langarud,home-and-kitchen,home-decor-furniture
۰۹۳۶۲۲۶۸۸۸۱,لنگرود,langarud,home-and-kitchen,home-decor-furniture
۰۹۳۷۴۸۵۰۳۷۹,لنگرود,langarud,home-and-kitchen,home-decor-furniture
۰۹۳۶۰۱۰۵۳۴۴,لنگرود,langarud,home-and-kitchen,home-decor-furniture
۰۹۳۶۰۱۰۵۳۴۴,لنگرود,langarud,home-and-kitchen,home-decor-furniture
۰۹۳۵۶۷۰۳۴۳۸,لنگرود,langarud,home-and-kitchen,home-decor-furniture
۰۹۱۱۸۰۷۷۸۶۱,لنگرود,langarud,home-and-kitchen,home-decor-furniture
(پنهان‌شده؛ چت کنید),لنگرود,langarud,home-and-kitchen,home-decor-furniture
۰۹۰۳۴۹۴۸۸۷۸,لنگرود,langarud,home-and-kitchen,kitchen-appliances
۰۹۳۰۳۰۶۵۵۲۳,لنگرود,langarud,home-and-kitchen,kitchen-appliances
۰۹۳۳۳۶۷۵۹۹۰,لنگرود,langarud,home-and-kitchen,kitchen-appliances
۰۹۱۲۴۲۳۴۴۱۲,لنگرود,langarud,home-and-kitchen,kitchen-appliances
۰۹۱۱۲۴۲۶۱۷۲,لنگرود,langarud,home-and-kitchen,kitchen-appliances
۰۹۲۱۰۴۱۵۵۷۱,لنگرود,langarud,home-and-kitchen,kitchen-appliances
۰۹۳۵۱۳۶۱۳۹۶,لنگرود,langarud,home-and-kitchen,kitchen-appliances
(پنهان‌شده؛ چت کنید),لنگرود,langarud,home-and-kitchen,kitchen-appliances
۰۹۱۱۶۲۱۲۴۰۰,لنگرود,langarud,home-and-kitchen,kitchen-appliances
۰۹۲۲۷۲۹۶۰۳۷,لنگرود,langarud,home-and-kitchen,kitchen-appliances
۰۹۰۲۱۰۸۲۵۴۲,لنگرود,langarud,home-and-kitchen,kitchen-appliances
۰۹۳۵۴۵۶۰۳۹۴,لنگرود,langarud,home-and-kitchen,kitchen-appliances
۰۹۱۱۱۴۲۵۴۵۶,لنگرود,langarud,home-and-kitchen,kitchen-appliances
۰۹۱۱۶۹۹۶۷۳۰,لنگرود,langarud,home-and-kitchen,kitchen-appliances
۰۹۱۱۳۴۲۶۱۶۷,لنگرود,langarud,home-and-kitchen,kitchen-appliances
۰۹۰۳۵۷۲۶۴۲۲,لنگرود,langarud,home-and-kitchen,kitchen-appliances
۰۹۰۳۳۶۲۶۰۴۳,لنگرود,langarud,home-and-kitchen,kitchen-appliances
۰۹۱۱۶۱۳۸۸۴۷,لنگرود,langarud,home-and-kitchen,kitchen-appliances
۰۹۹۰۵۱۷۳۹۰۲,لنگرود,langarud,home-and-kitchen,kitchen-appliances
۰۹۱۱۶۹۸۶۰۴۳,لنگرود,langarud,home-and-kitchen,kitchen-appliances
۰۹۱۲۲۰۷۱۴۲۷,لنگرود,langarud,home-and-kitchen,kitchen-appliances
۰۹۱۲۲۰۷۱۴۲۷,لنگرود,langarud,home-and-kitchen,kitchen-appliances
۰۹۲۲۶۳۲۱۴۸۸,لنگرود,langarud,home-and-kitchen,kitchen-appliances
۰۹۳۵۷۸۳۳۴۶۸,لنگرود,langarud,home-and-kitchen,kitchen-appliances
۰۹۹۰۴۲۲۸۹۲۹,لنگرود,langarud,home-and-kitchen,kitchen-appliances
۰۹۳۸۷۵۸۷۲۴۳,لنگرود,langarud,home-and-kitchen,kitchen-appliances
۰۹۳۳۱۴۰۶۳۴۷,لنگرود,langarud,home-and-kitchen,kitchen-appliances
۰۹۳۳۱۴۰۶۳۴۷,لنگرود,langarud,home-and-kitchen,kitchen-appliances
۰۹۳۵۸۰۸۵۳۳۱,لنگرود,langarud,home-and-kitchen,kitchen-appliances
۰۹۲۲۱۹۵۸۵۰۲,لنگرود,langarud,home-and-kitchen,kitchen-appliances
۰۹۳۸۹۷۷۰۰۶۷,لنگرود,langarud,home-and-kitchen,kitchen-appliances
۰۹۱۵۳۱۱۸۴۳۲,لنگرود,langarud,home-and-kitchen,kitchen-appliances
۰۹۱۱۷۶۴۸۸۵۲,لنگرود,langarud,home-and-kitchen,kitchen-appliances
۰۹۳۹۲۶۰۱۹۶۹,لنگرود,langarud,home-and-kitchen,kitchen-appliances
۰۹۳۵۳۶۶۸۲۲۷,لنگرود,langarud,home-and-kitchen,kitchen-appliances
۰۹۱۱۸۴۴۵۸۹۳,لنگرود,langarud,home-and-kitchen,kitchen-appliances
۰۹۳۹۴۲۷۹۲۸۲,لنگرود,langarud,home-and-kitchen,kitchen-appliances
۰۹۰۱۵۱۹۵۷۳۵,لنگرود,langarud,home-and-kitchen,kitchen-appliances
۰۹۱۱۱۴۰۶۵۰۹,لنگرود,langarud,home-and-kitchen,kitchen-appliances
۰۹۱۱۶۹۸۶۰۴۳,لنگرود,langarud,home-and-kitchen,kitchen-appliances
۰۹۳۸۸۹۰۷۲۶۲,لنگرود,langarud,home-and-kitchen,kitchen-appliances
۰۹۳۶۶۶۹۹۶۲۴,لنگرود,langarud,home-and-kitchen,kitchen-appliances
۰۹۳۵۴۰۹۸۹۵۱,لنگرود,langarud,home-and-kitchen,kitchen-appliances
۰۹۰۳۰۳۳۷۶۶۰,لنگرود,langarud,home-and-kitchen,kitchen-appliances
۰۹۰۱۴۰۹۱۶۴۶,لنگرود,langarud,home-and-kitchen,kitchen-appliances
۰۹۱۱۵۵۷۳۷۴۲,لنگرود,langarud,home-and-kitchen,kitchen-appliances
۰۹۱۱۴۶۹۴۳۹۰,لنگرود,langarud,home-and-kitchen,kitchen-appliances
۰۹۳۵۲۸۸۹۰۸۴,لنگرود,langarud,home-and-kitchen,kitchen-appliances
۰۹۲۱۷۸۳۵۹۵۸,لنگرود,langarud,home-and-kitchen,kitchen-appliances
۰۹۱۱۱۴۴۳۹۴۰,لنگرود,langarud,home-and-kitchen,kitchen-appliances
۰۹۱۱۷۱۶۴۴۶۷,لنگرود,langarud,home-and-kitchen,kitchen-appliances
۰۹۱۲۴۲۳۴۴۱۲,لنگرود,langarud,home-and-kitchen,kitchen-appliances
۰۹۲۱۳۸۹۵۷۸۹,لنگرود,langarud,home-and-kitchen,kitchen-appliances
۰۹۳۹۷۳۰۳۷۵۶,لنگرود,langarud,home-and-kitchen,kitchen-appliances
۰۹۳۵۹۳۱۵۸۸۱,لنگرود,langarud,home-and-kitchen,kitchen-appliances
۰۹۳۵۹۳۱۵۸۸۱,لنگرود,langarud,home-and-kitchen,kitchen-appliances
۰۹۱۱۷۶۱۹۱۶۱,لنگرود,langarud,home-and-kitchen,kitchen-appliances
۰۹۱۱۷۶۱۹۱۶۱,لنگرود,langarud,home-and-kitchen,kitchen-appliances
۰۹۱۱۷۶۱۹۱۶۱,لنگرود,langarud,home-and-kitchen,kitchen-appliances
۰۹۱۱۷۶۵۶۲۰۲,لنگرود,langarud,home-and-kitchen,kitchen-appliances
۰۹۱۱۷۱۰۰۸۳۲,لنگرود,langarud,home-and-kitchen,kitchen-appliances
۰۹۱۱۸۴۸۳۹۰۰,لنگرود,langarud,home-and-kitchen,kitchen-appliances
۰۹۱۱۸۴۶۹۴۶۶,لنگرود,langarud,home-and-kitchen,kitchen-appliances
۰۹۱۱۸۴۵۳۴۶۸,لنگرود,langarud,home-and-kitchen,kitchen-appliances
۰۹۳۶۷۶۳۷۹۷۸,لنگرود,langarud,home-and-kitchen,kitchen-appliances
۰۹۰۳۶۰۸۹۷۱۸,لنگرود,langarud,home-and-kitchen,kitchen-appliances
۰۹۰۳۶۰۸۹۷۱۸,لنگرود,langarud,home-and-kitchen,kitchen-appliances
۰۹۰۳۶۰۸۹۷۱۸,لنگرود,langarud,home-and-kitchen,kitchen-appliances
۰۹۹۰۳۱۹۵۳۶۸,لنگرود,langarud,home-and-kitchen,kitchen-appliances
۰۹۱۱۶۱۴۵۷۴۱,لنگرود,langarud,home-and-kitchen,kitchen-appliances
۰۹۳۶۳۰۵۱۴۹۹,لنگرود,langarud,home-and-kitchen,kitchen-appliances
۰۹۱۱۵۵۱۹۸۵۵,لنگرود,langarud,home-and-kitchen,home-appliances
۰۹۲۲۷۵۱۳۸۹۹,لنگرود,langarud,home-and-kitchen,home-appliances
۰۹۱۱۷۰۸۸۷۵۹,لنگرود,langarud,home-and-kitchen,home-appliances
۰۹۳۳۳۴۳۴۰۰۸,لنگرود,langarud,home-and-kitchen,home-appliances
۰۹۱۱۸۴۸۴۱۱۵,لنگرود,langarud,home-and-kitchen,home-appliances
۰۹۱۱۷۶۱۱۱۴۰,لنگرود,langarud,home-and-kitchen,home-appliances
۰۹۰۳۶۸۵۵۳۸۷,لنگرود,langarud,home-and-kitchen,home-appliances
۰۹۱۹۰۳۷۵۴۴۵,لنگرود,langarud,home-and-kitchen,home-appliances
۰۹۰۳۰۵۸۰۲۱۵,لنگرود,langarud,home-and-kitchen,home-appliances
۰۹۳۷۱۶۰۲۰۷۷,لنگرود,langarud,home-and-kitchen,home-appliances
۰۹۳۹۹۷۲۶۷۴۵,لنگرود,langarud,home-and-kitchen,building-garden
۰۹۱۰۱۰۴۱۶۲۲,لنگرود,langarud,home-and-kitchen,building-garden
۰۹۳۹۹۷۲۶۷۴۵,لنگرود,langarud,home-and-kitchen,building-garden
۰۹۱۱۴۳۰۶۰۱۱,لنگرود,langarud,home-and-kitchen,building-garden
۰۹۱۱۸۴۵۴۴۹۰,لنگرود,langarud,home-and-kitchen,building-garden
۰۹۳۵۲۱۵۲۵۴۴,لنگرود,langarud,home-and-kitchen,building-garden
۰۹۱۱۱۴۵۱۴۵۴,لنگرود,langarud,home-and-kitchen,building-garden
۰۹۱۱۲۴۴۸۳۲۶,لنگرود,langarud,home-and-kitchen,building-garden
۰۹۱۲۸۰۱۳۷۸۱,لنگرود,langarud,home-and-kitchen,building-garden
۰۹۱۱۸۴۵۷۱۰۸,لنگرود,langarud,home-and-kitchen,building-garden
۰۹۱۱۳۴۲۷۸۰۰,لنگرود,langarud,home-and-kitchen,building-garden
(پنهان‌شده؛ چت کنید),لنگرود,langarud,home-and-kitchen,building-garden
۰۹۱۱۳۴۲۶۱۶۷,لنگرود,langarud,home-and-kitchen,building-garden
۰۹۱۱۸۴۳۵۰۴۴,لنگرود,langarud,home-and-kitchen,building-garden
۰۹۳۸۳۳۰۳۶۰۹,لنگرود,langarud,home-and-kitchen,building-garden
۰۹۳۷۸۷۵۸۱۵۸,لنگرود,langarud,home-and-kitchen,building-garden
(پنهان‌شده؛ چت کنید),لنگرود,langarud,home-and-kitchen,building-garden
۰۹۳۵۳۶۶۸۲۲۷,لنگرود,langarud,home-and-kitchen,building-garden
۰۹۱۲۰۸۷۶۸۸۱,لنگرود,langarud,home-and-kitchen,building-garden
۰۹۰۳۰۷۴۰۳۳۱,لنگرود,langarud,home-and-kitchen,building-garden
۰۹۱۱۷۶۴۸۸۵۲,لنگرود,langarud,home-and-kitchen,building-garden
۰۹۲۱۱۳۶۵۴۹۴,لنگرود,langarud,home-and-kitchen,building-garden
۰۹۱۱۱۴۳۷۶۰۸,لنگرود,langarud,home-and-kitchen,building-garden
۰۹۱۱۳۴۲۶۱۶۷,لنگرود,langarud,home-and-kitchen,building-garden
۰۹۳۹۷۳۰۳۷۵۶,لنگرود,langarud,home-and-kitchen,building-garden
۰۹۱۹۰۴۲۸۲۳۰,لنگرود,langarud,home-and-kitchen,building-garden
۰۹۱۱۳۴۲۷۸۰۰,لنگرود,langarud,home-and-kitchen,building-garden
۰۹۱۱۴۷۹۷۸۷۳,لنگرود,langarud,home-and-kitchen,building-garden
۰۹۱۱۹۴۳۴۹۷۶,لنگرود,langarud,home-and-kitchen,building-garden
۰۹۳۵۶۲۷۱۰۳۵,لنگرود,langarud,home-and-kitchen,building-garden
۰۹۱۱۱۴۳۳۸۱۸,لنگرود,langarud,home-and-kitchen,building-garden
۰۹۳۶۲۸۴۲۴۹۲,لنگرود,langarud,home-and-kitchen,building-garden
(پنهان‌شده؛ چت کنید),لنگرود,langarud,home-and-kitchen,building-garden
۰۹۱۱۱۴۵۵۰۲۴,لنگرود,langarud,home-and-kitchen,building-garden
۰۹۱۱۱۴۴۴۰۹۱,لنگرود,langarud,home-and-kitchen,building-garden
۰۹۱۱۱۴۴۷۱۰۵,لنگرود,langarud,home-and-kitchen,building-garden
۰۹۱۱۸۸۶۶۶۰۸,لنگرود,langarud,home-and-kitchen,building-garden
(پنهان‌شده؛ چت کنید),لنگرود,langarud,home-and-kitchen,building-garden
۰۹۱۱۱۴۲۶۱۲۳,لنگرود,langarud,home-and-kitchen,building-garden
۰۹۱۱۴۶۹۴۳۹۰,لنگرود,langarud,home-and-kitchen,building-garden
۰۹۳۶۲۸۴۲۴۹۲,لنگرود,langarud,home-and-kitchen,building-garden
۰۹۳۶۲۸۴۲۴۹۲,لنگرود,langarud,home-and-kitchen,building-garden
۰۹۳۶۲۸۴۲۴۹۲,لنگرود,langarud,home-and-kitchen,building-garden
۰۹۳۰۷۱۳۷۸۳۸,لنگرود,langarud,home-and-kitchen,building-garden
۰۹۱۹۰۹۰۵۲۱۷,لنگرود,langarud,home-and-kitchen,building-garden
۰۹۹۱۸۲۳۶۷۷۲,لنگرود,langarud,home-and-kitchen,building-garden
۰۹۳۶۶۸۹۸۷۵۷,لنگرود,langarud,home-and-kitchen,building-garden
۰۹۱۱۸۰۷۶۳۶۰,لنگرود,langarud,home-and-kitchen,building-garden
۰۹۱۱۹۱۶۶۴۱۰,لنگرود,langarud,home-and-kitchen,building-garden
۰۹۳۶۰۱۸۹۷۳۶,لنگرود,langarud,home-and-kitchen,building-garden
۰۹۳۷۰۷۸۷۳۷۸,لنگرود,langarud,home-and-kitchen,building-garden
۰۹۱۱۱۴۲۵۲۱۵,لنگرود,langarud,home-and-kitchen,building-garden
(پنهان‌شده؛ چت کنید),لنگرود,langarud,home-and-kitchen,building-garden
۰۹۱۱۲۴۵۴۰۷۰,لنگرود,langarud,home-and-kitchen,building-garden
۰۹۱۹۷۲۹۸۴۴۶,لنگرود,langarud,services,vehicles-services
(پنهان‌شده؛ چت کنید),لنگرود,langarud,services,catering-services
۰۹۳۷۳۲۵۲۲۸۹,لنگرود,langarud,services,catering-services
۰۹۱۱۱۴۳۳۴۱۹,لنگرود,langarud,services,catering-services
۰۹۱۱۱۴۳۳۴۱۹,لنگرود,langarud,services,catering-services
۰۹۳۷۳۲۵۲۲۸۹,لنگرود,langarud,services,catering-services
۰۹۲۱۱۶۶۰۳۹۶,لنگرود,langarud,services,catering-services
۰۹۱۱۵۰۰۲۲۸۲,لنگرود,langarud,services,catering-services
۰۹۱۰۰۸۰۰۸۹۱,لنگرود,langarud,services,catering-services
۰۹۳۸۵۳۲۵۷۵۱,لنگرود,langarud,services,catering-services
۰۹۰۵۰۴۵۲۳۸۸,لنگرود,langarud,services,catering-services
۰۹۳۸۸۷۹۹۳۵۱,لنگرود,langarud,services,technology-services
۰۹۰۵۴۳۲۹۸۱۵,لنگرود,langarud,services,technology-services
۰۹۳۸۹۸۹۰۴۲۷,لنگرود,langarud,services,technology-services
۰۹۳۸۹۸۹۰۴۲۷,لنگرود,langarud,services,technology-services
۰۹۳۸۹۸۹۰۴۲۷,لنگرود,langarud,services,technology-services
۰۹۳۸۹۸۹۰۴۲۷,لنگرود,langarud,services,technology-services
۰۹۲۱۱۷۲۱۳۰۶,لنگرود,langarud,services,financial-services
۰۹۲۱۱۷۲۱۳۰۶,لنگرود,langarud,services,financial-services
۰۹۲۱۱۷۲۱۳۰۶,لنگرود,langarud,services,financial-services
۰۹۳۷۹۲۰۵۹۹۱,لنگرود,langarud,services,financial-services
۰۹۳۳۲۲۸۸۵۷۶,لنگرود,langarud,services,financial-services
۰۹۳۰۱۳۹۳۰۰۳,لنگرود,langarud,services,transport-logistic-services
۰۹۱۱۸۴۳۴۸۲۴,لنگرود,langarud,services,transport-logistic-services
۰۹۰۱۰۴۴۳۹۴۸,لنگرود,langarud,services,transport-logistic-services
۰۹۱۱۴۸۱۲۹۳۸,لنگرود,langarud,services,transport-logistic-services
۰۹۱۱۳۸۴۵۰۹۳,لنگرود,langarud,services,transport-logistic-services
۰۹۱۱۸۴۳۷۷۶۵,لنگرود,langarud,services,transport-logistic-services
۰۹۳۶۶۵۴۶۸۲۷,لنگرود,langarud,services,transport-logistic-services
۰۹۱۱۲۴۵۴۰۴۳,لنگرود,langarud,services,transport-logistic-services
۰۹۱۱۸۴۳۸۵۹۰,لنگرود,langarud,services,transport-logistic-services
۰۹۳۷۸۰۶۴۵۷۶,لنگرود,langarud,services,craft-skill-services
۰۹۳۶۲۳۷۷۰۰۶,لنگرود,langarud,services,craft-skill-services
۰۹۳۵۲۳۴۶۵۰۳,لنگرود,langarud,services,craft-skill-services
۰۹۳۵۱۶۰۸۸۴۷,لنگرود,langarud,services,craft-skill-services
۰۹۱۱۹۴۳۴۷۵۴,لنگرود,langarud,services,craft-skill-services
(پنهان‌شده؛ چت کنید),لنگرود,langarud,services,craft-skill-services
۰۹۱۰۲۹۸۲۶۶۰,لنگرود,langarud,services,craft-skill-services
۰۹۳۷۹۲۹۰۱۸۳,لنگرود,langarud,services,craft-skill-services
۰۹۱۱۹۴۳۷۱۵۲,لنگرود,langarud,services,craft-skill-services
۰۹۳۶۸۲۱۹۳۶۳,لنگرود,langarud,services,craft-skill-services
۰۹۱۱۳۸۴۵۰۲۰,لنگرود,langarud,services,craft-skill-services
۰۹۱۹۸۵۷۳۲۶۷,لنگرود,langarud,services,craft-skill-services
۰۹۳۷۸۳۸۲۰۱۹,لنگرود,langarud,services,craft-skill-services
۰۹۳۳۳۲۸۶۲۱۹,لنگرود,langarud,services,craft-skill-services
۰۹۳۰۷۸۰۱۶۴۰,لنگرود,langarud,services,craft-skill-services
۰۹۳۵۴۸۶۶۳۱۴,لنگرود,langarud,services,craft-skill-services
۰۹۳۷۸۳۸۲۰۱۹,لنگرود,langarud,services,craft-skill-services
۰۹۱۱۵۴۴۲۴۳۴,لنگرود,langarud,services,craft-skill-services
۰۹۱۱۸۰۸۹۹۵۳,لنگرود,langarud,services,craft-skill-services
۰۹۳۸۵۶۱۰۱۰۹,لنگرود,langarud,services,craft-skill-services
۰۹۳۰۲۶۱۷۲۰۴,لنگرود,langarud,services,craft-skill-services
۰۹۳۰۲۶۱۷۲۰۴,لنگرود,langarud,services,craft-skill-services
۰۹۳۰۲۶۱۷۲۰۴,لنگرود,langarud,services,craft-skill-services
۰۹۳۰۲۶۱۷۲۰۴,لنگرود,langarud,services,craft-skill-services
۰۹۳۰۲۶۱۷۲۰۴,لنگرود,langarud,services,craft-skill-services
۰۹۰۳۷۴۲۲۰۳۵,لنگرود,langarud,services,craft-skill-services
۰۹۰۳۷۴۲۲۰۳۵,لنگرود,langarud,services,craft-skill-services
۰۹۳۵۲۸۸۹۰۸۴,لنگرود,langarud,services,craft-skill-services
۰۹۱۱۹۴۳۲۴۹۴,لنگرود,langarud,services,craft-skill-services
۰۹۰۳۷۴۲۲۰۳۵,لنگرود,langarud,services,craft-skill-services
۰۹۰۳۷۴۲۲۰۳۵,لنگرود,langarud,services,craft-skill-services
۰۹۰۳۷۴۲۲۰۳۵,لنگرود,langarud,services,craft-skill-services
۰۹۳۰۴۰۹۰۸۶۱,لنگرود,langarud,services,craft-skill-services
۰۹۱۱۸۴۳۵۱۲۱,لنگرود,langarud,services,craft-skill-services
۰۹۱۱۷۵۶۹۸۷۴,لنگرود,langarud,services,craft-skill-services
۰۹۰۱۷۳۸۰۹۶۸,لنگرود,langarud,services,craft-skill-services
۰۹۳۰۳۰۶۵۵۲۳,لنگرود,langarud,services,craft-skill-services
۰۹۱۱۶۱۹۵۴۸۵,لنگرود,langarud,services,craft-skill-services
۰۹۳۰۲۶۱۷۲۰۴,لنگرود,langarud,services,craft-skill-services
۰۹۳۰۲۶۱۷۲۰۴,لنگرود,langarud,services,craft-skill-services
۰۹۳۰۲۶۱۷۲۰۴,لنگرود,langarud,services,craft-skill-services
۰۹۳۰۲۶۱۷۲۰۴,لنگرود,langarud,services,craft-skill-services
۰۹۳۵۹۸۹۶۹۷۵,لنگرود,langarud,services,craft-skill-services
۰۹۳۹۷۷۶۲۱۲۹,لنگرود,langarud,services,craft-skill-services
۰۹۳۹۴۴۴۲۹۷۸,لنگرود,langarud,services,beauty-services
(پنهان‌شده؛ چت کنید),لنگرود,langarud,services,beauty-services
۰۹۲۲۷۵۱۳۸۹۹,لنگرود,langarud,services,beauty-services
۰۹۱۱۸۸۵۸۸۶۹,لنگرود,langarud,services,beauty-services
۰۹۱۲۵۵۸۵۴۸۹,لنگرود,langarud,services,beauty-services
۰۹۳۸۳۳۵۷۱۵۱,لنگرود,langarud,services,beauty-services
۰۹۳۸۵۹۰۴۷۴۱,لنگرود,langarud,services,beauty-services
(پنهان‌شده؛ چت کنید),لنگرود,langarud,services,beauty-services
۰۹۱۱۶۴۸۵۹۱۴,لنگرود,langarud,services,beauty-services
۰۹۳۸۳۳۵۷۱۵۱,لنگرود,langarud,services,beauty-services
۰۹۱۱۷۶۵۰۵۸۱,لنگرود,langarud,services,beauty-services
۰۹۳۰۹۷۵۵۲۶۳,لنگرود,langarud,services,beauty-services
۰۹۰۵۴۲۰۷۸۶۸,لنگرود,langarud,services,beauty-services
۰۹۱۱۲۴۶۱۱۷۶,لنگرود,langarud,services,beauty-services
۰۹۰۲۷۳۱۲۰۴۷,لنگرود,langarud,services,entertaining-services
۰۹۱۱۷۱۰۶۹۷۱,لنگرود,langarud,services,cleaning-services
۰۹۱۱۳۴۴۷۲۱۰,لنگرود,langarud,services,gardening-services
۰۹۱۱۴۲۸۳۱۷۰,لنگرود,langarud,services,gardening-services
۰۹۱۱۵۴۷۱۱۳۸,لنگرود,langarud,services,gardening-services
۰۹۳۵۲۸۸۹۰۸۴,لنگرود,langarud,services,gardening-services
۰۹۳۹۷۲۲۹۶۶۲,لنگرود,langarud,services,gardening-services
۰۹۳۷۴۹۰۰۳۲۳,لنگرود,langarud,services,gardening-services
۰۹۳۷۵۶۷۳۵۹۷,لنگرود,langarud,services,gardening-services
۰۹۳۵۷۴۶۲۴۱۸,لنگرود,langarud,services,gardening-services
۰۹۳۶۰۱۸۹۷۳۶,لنگرود,langarud,services,gardening-services
۰۹۳۶۰۱۸۹۷۳۶,لنگرود,langarud,services,gardening-services
۰۹۱۲۱۵۳۸۵۱۰,لنگرود,langarud,services,teaching-services
(پنهان‌شده؛ چت کنید),لنگرود,langarud,services,teaching-services
۰۹۱۱۸۴۶۸۰۲۸,لنگرود,langarud,services,teaching-services
۰۹۱۱۸۴۵۸۰۵۷,لنگرود,langarud,services,teaching-services
۰۹۳۸۹۲۰۷۳۴۳,لنگرود,langarud,services,teaching-services
۰۹۳۸۹۲۰۷۳۴۳,لنگرود,langarud,services,teaching-services
۰۹۳۸۹۲۰۷۳۴۳,لنگرود,langarud,services,teaching-services
۰۹۹۸۱۱۳۶۱۶۶,لنگرود,langarud,services,teaching-services
۰۹۹۰۷۸۱۸۲۷۹,لنگرود,langarud,personal-goods,apparel
۰۹۳۰۰۶۷۹۷۶۸,لنگرود,langarud,personal-goods,apparel
۰۹۳۰۰۶۷۹۷۶۸,لنگرود,langarud,personal-goods,apparel
۰۹۳۰۰۶۷۹۷۶۸,لنگرود,langarud,personal-goods,apparel
۰۹۳۰۰۶۷۹۷۶۸,لنگرود,langarud,personal-goods,apparel
(پنهان‌شده؛ چت کنید),لنگرود,langarud,personal-goods,apparel
۰۹۱۱۵۵۱۹۸۵۵,لنگرود,langarud,personal-goods,apparel
۰۹۹۰۰۶۴۴۷۴۲,لنگرود,langarud,personal-goods,apparel
۰۹۱۱۴۸۰۳۲۲۰,لنگرود,langarud,personal-goods,apparel
۰۹۰۲۱۰۸۲۵۴۲,لنگرود,langarud,personal-goods,apparel
۰۹۰۲۱۰۸۲۵۴۲,لنگرود,langarud,personal-goods,apparel
۰۹۰۲۱۰۸۲۵۴۲,لنگرود,langarud,personal-goods,apparel
۰۹۱۹۸۳۳۲۲۶۱,لنگرود,langarud,personal-goods,apparel
۰۹۳۷۱۶۲۹۲۰۷,لنگرود,langarud,personal-goods,apparel
۰۹۳۷۱۶۲۹۲۰۷,لنگرود,langarud,personal-goods,apparel
۰۹۳۶۰۰۵۸۲۲۷,لنگرود,langarud,personal-goods,apparel
۰۹۳۸۸۷۳۰۱۲۱,لنگرود,langarud,personal-goods,apparel
۰۹۰۱۲۸۶۸۳۳۴,لنگرود,langarud,personal-goods,apparel
۰۹۳۶۸۳۰۲۸۸۷,لنگرود,langarud,personal-goods,apparel
۰۹۱۱۶۰۱۹۴۴۰,لنگرود,langarud,personal-goods,apparel
۰۹۳۹۰۲۷۸۹۱۲,لنگرود,langarud,personal-goods,apparel
۰۹۳۹۰۲۷۸۹۱۲,لنگرود,langarud,personal-goods,apparel
۰۹۳۹۰۲۷۸۹۱۲,لنگرود,langarud,personal-goods,apparel
۰۹۱۹۹۱۸۴۲۴۹,لنگرود,langarud,personal-goods,apparel
(پنهان‌شده؛ چت کنید),لنگرود,langarud,personal-goods,apparel
۰۹۱۱۵۴۲۲۰۷۴,لنگرود,langarud,personal-goods,apparel
۰۹۰۳۷۰۱۱۸۷۸,لنگرود,langarud,personal-goods,apparel
۰۹۱۱۳۴۳۸۸۶۸,لنگرود,langarud,personal-goods,apparel
۰۹۳۸۸۷۳۰۱۲۱,لنگرود,langarud,personal-goods,apparel
۰۹۹۱۵۲۸۴۶۸۱,لنگرود,langarud,personal-goods,apparel
۰۹۳۹۲۸۹۰۴۲۳,لنگرود,langarud,personal-goods,apparel
۰۹۹۲۸۷۸۰۳۳۷,لنگرود,langarud,personal-goods,apparel
۰۹۳۶۸۴۳۷۲۱۴,لنگرود,langarud,personal-goods,apparel
۰۹۳۵۵۴۵۷۴۱۶,لنگرود,langarud,personal-goods,apparel
۰۹۳۶۴۳۵۶۳۶۸,لنگرود,langarud,personal-goods,apparel
۰۹۳۶۴۳۵۶۳۶۸,لنگرود,langarud,personal-goods,apparel
۰۹۱۱۵۴۴۱۹۲۱,لنگرود,langarud,personal-goods,apparel
(پنهان‌شده؛ چت کنید),لنگرود,langarud,personal-goods,apparel
۰۹۰۳۸۳۰۳۲۷۷,لنگرود,langarud,personal-goods,apparel
۰۹۰۳۸۳۰۳۲۷۷,لنگرود,langarud,personal-goods,apparel
۰۹۱۸۴۱۰۲۳۱۷,لنگرود,langarud,personal-goods,apparel
۰۹۱۱۳۴۴۴۳۶۷,لنگرود,langarud,personal-goods,apparel
۰۹۱۱۱۴۳۳۶۱۰,لنگرود,langarud,personal-goods,apparel
۰۹۱۱۷۱۶۱۶۲۹,لنگرود,langarud,personal-goods,apparel
۰۹۱۳۴۲۰۳۷۳۵,لنگرود,langarud,personal-goods,apparel
۰۹۱۱۲۴۵۳۲۸۴,لنگرود,langarud,personal-goods,apparel
۰۹۱۱۸۴۶۸۰۲۸,لنگرود,langarud,personal-goods,apparel
۰۹۱۱۸۴۶۸۰۲۸,لنگرود,langarud,personal-goods,apparel
۰۹۳۷۴۹۰۰۳۲۳,لنگرود,langarud,personal-goods,apparel
(پنهان‌شده؛ چت کنید),لنگرود,langarud,personal-goods,apparel
۰۹۱۱۱۴۳۳۸۷۵,لنگرود,langarud,personal-goods,apparel
۰۹۰۱۹۸۳۹۱۸۶,لنگرود,langarud,personal-goods,apparel
۰۹۱۱۸۴۳۸۴۱۶,لنگرود,langarud,personal-goods,apparel
۰۹۰۵۸۲۰۲۵۵۴,لنگرود,langarud,personal-goods,apparel
۰۹۲۱۷۸۳۵۹۵۸,لنگرود,langarud,personal-goods,apparel
۰۹۲۱۷۸۳۵۹۵۸,لنگرود,langarud,personal-goods,apparel
۰۹۲۲۰۳۲۷۰۴۲,لنگرود,langarud,personal-goods,apparel
۰۹۳۵۲۸۸۹۰۸۴,لنگرود,langarud,personal-goods,apparel
۰۹۲۱۶۹۵۳۶۵۰,لنگرود,langarud,personal-goods,apparel
۰۹۰۳۰۳۳۷۶۶۰,لنگرود,langarud,personal-goods,apparel
۰۹۰۳۰۳۳۷۶۶۰,لنگرود,langarud,personal-goods,apparel
۰۹۹۲۸۴۰۹۳۴۹,لنگرود,langarud,personal-goods,apparel
۰۹۳۷۴۹۰۰۳۲۳,لنگرود,langarud,personal-goods,apparel
۰۹۳۵۷۸۵۴۳۲۴,لنگرود,langarud,personal-goods,apparel
۰۹۱۱۸۴۵۳۴۶۸,لنگرود,langarud,personal-goods,apparel
۰۹۳۳۰۶۸۸۴۶۴,لنگرود,langarud,personal-goods,apparel
(پنهان‌شده؛ چت کنید),لنگرود,langarud,personal-goods,accessories
(پنهان‌شده؛ چت کنید),لنگرود,langarud,personal-goods,accessories
۰۹۱۱۳۴۳۸۸۶۸,لنگرود,langarud,personal-goods,accessories
۰۹۳۶۱۶۰۳۵۴۲,لنگرود,langarud,personal-goods,accessories
۰۹۱۱۶۱۲۹۳۱۶,لنگرود,langarud,personal-goods,accessories
۰۹۳۹۰۲۷۸۹۱۲,لنگرود,langarud,personal-goods,accessories
۰۹۱۱۹۴۶۰۳۶۰,لنگرود,langarud,personal-goods,accessories
۰۹۰۲۵۱۷۹۹۱۹,لنگرود,langarud,personal-goods,accessories
۰۹۳۵۵۷۸۳۴۲۴,لنگرود,langarud,personal-goods,accessories
۰۹۹۰۲۷۶۷۱۷۶,لنگرود,langarud,personal-goods,accessories
۰۹۱۱۱۴۲۵۳۰۰,لنگرود,langarud,personal-goods,accessories
۰۹۳۰۲۰۰۷۱۸۷,لنگرود,langarud,personal-goods,beauty-and-personal-care
۰۹۰۳۳۶۷۳۰۵۹,لنگرود,langarud,personal-goods,beauty-and-personal-care
(پنهان‌شده؛ چت کنید),لنگرود,langarud,personal-goods,beauty-and-personal-care
(پنهان‌شده؛ چت کنید),لنگرود,langarud,personal-goods,beauty-and-personal-care
۰۹۳۷۱۹۴۲۶۹۸,لنگرود,langarud,personal-goods,beauty-and-personal-care
۰۹۳۸۰۶۰۳۸۴۸,لنگرود,langarud,personal-goods,beauty-and-personal-care
۰۹۳۰۲۰۰۷۱۸۷,لنگرود,langarud,personal-goods,beauty-and-personal-care
۰۹۳۷۴۹۰۰۳۲۳,لنگرود,langarud,personal-goods,beauty-and-personal-care
۰۹۳۰۲۰۰۷۱۸۷,لنگرود,langarud,personal-goods,beauty-and-personal-care
۰۹۳۷۴۶۷۶۵۰۰,لنگرود,langarud,personal-goods,beauty-and-personal-care
۰۹۳۳۸۵۷۴۴۴۳,لنگرود,langarud,personal-goods,beauty-and-personal-care
۰۹۱۱۲۴۰۹۰۴۰,لنگرود,langarud,personal-goods,beauty-and-personal-care
(پنهان‌شده؛ چت کنید),لنگرود,langarud,personal-goods,beauty-and-personal-care
(پنهان‌شده؛ چت کنید),لنگرود,langarud,personal-goods,beauty-and-personal-care
۰۹۳۵۳۶۸۹۱۸۶,لنگرود,langarud,personal-goods,child-apparel
۰۹۳۵۳۶۸۹۱۸۶,لنگرود,langarud,personal-goods,child-apparel
۰۹۱۱۵۵۱۹۸۵۵,لنگرود,langarud,personal-goods,child-apparel
۰۹۱۱۹۴۶۰۳۷۸,لنگرود,langarud,personal-goods,child-apparel
(پنهان‌شده؛ چت کنید),لنگرود,langarud,personal-goods,child-apparel
(پنهان‌شده؛ چت کنید),لنگرود,langarud,personal-goods,child-apparel
۰۹۳۶۸۸۲۴۱۸۸,لنگرود,langarud,personal-goods,child-apparel
۰۹۳۶۲۷۴۸۰۰۱,لنگرود,langarud,personal-goods,child-apparel
۰۹۳۷۰۷۵۱۳۵۴,لنگرود,langarud,personal-goods,child-apparel
۰۹۱۱۶۱۳۸۸۴۷,لنگرود,langarud,personal-goods,child-apparel
۰۹۱۱۶۱۳۸۸۴۷,لنگرود,langarud,personal-goods,child-apparel
۰۹۰۵۹۴۶۷۵۹۴,لنگرود,langarud,personal-goods,child-apparel
۰۹۰۵۹۴۶۷۵۹۴,لنگرود,langarud,personal-goods,child-apparel
۰۹۳۳۰۲۷۹۶۸۸,لنگرود,langarud,personal-goods,child-products
(پنهان‌شده؛ چت کنید),لنگرود,langarud,personal-goods,child-products
(پنهان‌شده؛ چت کنید),لنگرود,langarud,personal-goods,child-products
(پنهان‌شده؛ چت کنید),لنگرود,langarud,personal-goods,child-products
(پنهان‌شده؛ چت کنید),لنگرود,langarud,personal-goods,child-products
۰۹۳۵۵۹۱۳۱۹۶,لنگرود,langarud,personal-goods,child-products
۰۹۳۵۶۶۵۷۹۰۹,لنگرود,langarud,personal-goods,child-products
۰۹۹۰۸۱۹۴۰۲۲,لنگرود,langarud,personal-goods,child-products
۰۹۳۶۸۸۲۴۱۸۸,لنگرود,langarud,personal-goods,child-products
(پنهان‌شده؛ چت کنید),لنگرود,langarud,personal-goods,child-products
۰۹۳۹۰۲۷۸۹۱۲,لنگرود,langarud,personal-goods,child-products
۰۹۳۵۸۵۰۲۵۳۶,لنگرود,langarud,personal-goods,child-products
۰۹۱۱۸۴۹۹۲۱۶,لنگرود,langarud,personal-goods,child-products
۰۹۳۰۱۴۲۷۵۵۷,لنگرود,langarud,personal-goods,child-products
(پنهان‌شده؛ چت کنید),لنگرود,langarud,personal-goods,child-products
۰۹۱۳۴۲۰۳۷۳۵,لنگرود,langarud,personal-goods,child-products
۰۹۳۶۸۸۲۴۱۸۸,لنگرود,langarud,personal-goods,child-products
۰۹۳۳۱۶۹۱۶۰۰,لنگرود,langarud,personal-goods,child-products
۰۹۱۱۷۶۱۴۷۲۳,لنگرود,langarud,personal-goods,child-products
۰۹۱۱۱۴۳۷۶۰۸,لنگرود,langarud,personal-goods,child-products
۰۹۳۳۱۴۲۵۱۳۴,لنگرود,langarud,personal-goods,child-products
۰۹۳۷۴۶۸۷۷۷۱,لنگرود,langarud,personal-goods,child-products
۰۹۱۱۸۱۶۶۵۲۳,لنگرود,langarud,personal-goods,child-products
۰۹۳۶۷۶۷۴۴۵۰,لنگرود,langarud,personal-goods,child-products
۰۹۳۶۷۶۷۴۴۵۰,لنگرود,langarud,personal-goods,child-products
۰۹۱۱۳۸۷۴۰۷۸,لنگرود,langarud,personal-goods,child-products
(پنهان‌شده؛ چت کنید),لنگرود,langarud,personal-goods,stationery
۰۹۲۱۴۱۷۵۹۸۶,لنگرود,langarud,personal-goods,stationery
۰۹۳۶۶۶۹۹۶۲۴,لنگرود,langarud,personal-goods,stationery
۰۹۳۶۶۶۹۹۶۲۴,لنگرود,langarud,personal-goods,stationery
۰۹۳۶۶۶۹۹۶۲۴,لنگرود,langarud,personal-goods,stationery
۰۹۳۸۹۲۰۷۲۷۱,لنگرود,langarud,personal-goods,stationery
۰۹۳۳۳۷۹۶۷۷۲,لنگرود,langarud,personal-goods,stationery
۰۹۱۱۷۱۰۳۰۴۵,لنگرود,langarud,personal-goods,stationery
۰۹۳۵۷۴۷۵۹۸۸,لنگرود,langarud,entertainment,tours
۰۹۳۰۳۰۹۰۲۷۵,لنگرود,langarud,entertainment,publication
۰۹۰۵۷۳۵۱۸۵۳,لنگرود,langarud,entertainment,publication
۰۹۱۱۷۲۱۷۴۱۴,لنگرود,langarud,entertainment,publication
۰۹۳۰۳۰۹۰۲۷۵,لنگرود,langarud,entertainment,publication
۰۹۳۰۳۰۹۰۲۷۵,لنگرود,langarud,entertainment,publication
(پنهان‌شده؛ چت کنید),لنگرود,langarud,entertainment,publication
۰۹۱۱۳۴۱۲۵۷۳,لنگرود,langarud,entertainment,publication
۰۹۰۳۸۰۴۴۷۰۳,لنگرود,langarud,entertainment,publication
۰۹۱۱۵۴۶۴۲۴۹,لنگرود,langarud,entertainment,publication
۰۹۱۱۶۱۹۱۲۰۰,لنگرود,langarud,entertainment,publication
۰۹۰۱۴۵۰۸۳۰۸,لنگرود,langarud,entertainment,publication
۰۹۰۲۶۵۳۱۹۴۸,لنگرود,langarud,entertainment,publication
۰۹۰۲۶۵۳۱۹۴۸,لنگرود,langarud,entertainment,publication
۰۹۰۲۶۵۳۱۹۴۸,لنگرود,langarud,entertainment,publication
۰۹۰۲۶۵۳۱۹۴۸,لنگرود,langarud,entertainment,publication
۰۹۰۲۶۵۳۱۹۴۸,لنگرود,langarud,entertainment,publication
(پنهان‌شده؛ چت کنید),لنگرود,langarud,entertainment,publication
۰۹۱۱۵۰۱۱۷۵۰,لنگرود,langarud,entertainment,bike-skate-scooter
۰۹۳۸۵۸۳۳۰۳۸,لنگرود,langarud,entertainment,bike-skate-scooter
۰۹۰۱۰۲۷۷۹۹۵,لنگرود,langarud,entertainment,bike-skate-scooter
۰۹۰۱۰۲۷۷۸۴۲,لنگرود,langarud,entertainment,bike-skate-scooter
۰۹۰۱۰۲۷۷۸۴۲,لنگرود,langarud,entertainment,bike-skate-scooter
۰۹۲۲۷۲۹۶۰۳۷,لنگرود,langarud,entertainment,bike-skate-scooter
۰۹۳۵۶۶۵۷۹۰۹,لنگرود,langarud,entertainment,bike-skate-scooter
۰۹۳۳۷۶۲۱۶۵۴,لنگرود,langarud,entertainment,bike-skate-scooter
۰۹۰۱۰۲۷۷۵۳۴,لنگرود,langarud,entertainment,bike-skate-scooter
۰۹۰۵۶۴۱۳۹۰۷,لنگرود,langarud,entertainment,bike-skate-scooter
۰۹۱۱۸۲۶۹۸۸۱,لنگرود,langarud,entertainment,bike-skate-scooter
۰۹۱۱۱۴۵۹۸۲۷,لنگرود,langarud,entertainment,bike-skate-scooter
۰۹۱۱۱۴۳۷۰۳۲,لنگرود,langarud,entertainment,bike-skate-scooter
۰۹۰۱۰۲۷۷۹۹۵,لنگرود,langarud,entertainment,bike-skate-scooter
۰۹۰۱۰۲۷۷۹۹۵,لنگرود,langarud,entertainment,bike-skate-scooter
۰۹۰۱۰۲۷۷۹۹۵,لنگرود,langarud,entertainment,bike-skate-scooter
۰۹۳۸۹۷۷۰۰۶۷,لنگرود,langarud,entertainment,bike-skate-scooter
۰۹۳۰۶۸۰۶۹۶۸,لنگرود,langarud,entertainment,bike-skate-scooter
۰۹۳۶۸۸۲۴۱۸۸,لنگرود,langarud,entertainment,bike-skate-scooter
۰۹۱۱۴۵۴۴۱۶۲,لنگرود,langarud,entertainment,bike-skate-scooter
۰۹۰۳۷۱۲۳۹۲۲,لنگرود,langarud,entertainment,bike-skate-scooter
۰۹۰۱۰۲۷۷۸۴۲,لنگرود,langarud,entertainment,bike-skate-scooter
۰۹۰۱۰۲۷۷۸۴۲,لنگرود,langarud,entertainment,bike-skate-scooter
۰۹۰۱۰۲۷۷۸۴۲,لنگرود,langarud,entertainment,bike-skate-scooter
۰۹۹۱۱۶۰۵۰۲۸,لنگرود,langarud,entertainment,bike-skate-scooter
۰۹۲۱۵۹۴۵۰۰۷,لنگرود,langarud,entertainment,bike-skate-scooter
۰۹۳۹۶۰۲۸۸۳۱,لنگرود,langarud,entertainment,pets-animals
۰۹۱۱۵۴۷۱۱۳۸,لنگرود,langarud,entertainment,pets-animals
۰۹۳۹۷۰۵۱۷۵۷,لنگرود,langarud,entertainment,pets-animals
۰۹۳۵۶۵۰۱۴۳۷,لنگرود,langarud,entertainment,pets-animals
۰۹۳۶۳۶۴۱۷۴۷,لنگرود,langarud,entertainment,pets-animals
۰۹۰۳۰۱۱۸۷۶۶,لنگرود,langarud,entertainment,pets-animals
۰۹۱۲۷۵۸۱۰۰۷,لنگرود,langarud,entertainment,pets-animals
۰۹۱۱۸۴۰۹۹۱۲,لنگرود,langarud,entertainment,pets-animals
۰۹۱۱۸۰۷۲۲۷۳,لنگرود,langarud,entertainment,pets-animals
۰۹۳۷۱۰۳۳۱۷۵,لنگرود,langarud,entertainment,pets-animals
۰۹۱۱۸۴۷۹۱۱۲,لنگرود,langarud,entertainment,pets-animals
۰۹۰۱۷۰۵۲۴۳۶,لنگرود,langarud,entertainment,pets-animals
(پنهان‌شده؛ چت کنید),لنگرود,langarud,entertainment,pets-animals
۰۹۱۱۸۰۶۴۹۲۷,لنگرود,langarud,entertainment,pets-animals
۰۹۳۷۲۱۸۶۲۷۲,لنگرود,langarud,entertainment,pets-animals
۰۹۰۵۸۹۳۱۶۰۷,لنگرود,langarud,entertainment,pets-animals
۰۹۱۱۴۳۱۶۲۲۸,لنگرود,langarud,entertainment,pets-animals
۰۹۱۹۲۱۹۶۲۵۶,لنگرود,langarud,entertainment,pets-animals
۰۹۱۹۲۱۹۶۲۵۶,لنگرود,langarud,entertainment,pets-animals
۰۹۱۹۲۱۹۶۲۵۶,لنگرود,langarud,entertainment,pets-animals
۰۹۰۱۱۰۷۳۵۰۸,لنگرود,langarud,entertainment,pets-animals
۰۹۱۱۶۵۹۶۰۶۶,لنگرود,langarud,entertainment,pets-animals
۰۹۱۰۹۹۰۶۳۶۷,لنگرود,langarud,entertainment,pets-animals
۰۹۰۲۵۶۱۱۷۹۲,لنگرود,langarud,entertainment,pets-animals
۰۹۱۱۳۴۳۳۸۵۶,لنگرود,langarud,entertainment,pets-animals
۰۹۱۱۸۰۶۴۹۲۷,لنگرود,langarud,entertainment,pets-animals
۰۹۱۱۷۹۹۸۶۰۰,لنگرود,langarud,entertainment,pets-animals
(پنهان‌شده؛ چت کنید),لنگرود,langarud,entertainment,pets-animals
۰۹۱۴۹۳۱۳۴۲۸,لنگرود,langarud,entertainment,pets-animals
۰۹۰۵۲۳۷۸۰۹۳,لنگرود,langarud,entertainment,pets-animals
۰۹۳۰۴۳۷۰۸۵۹,لنگرود,langarud,entertainment,pets-animals
۰۹۱۱۳۸۴۵۰۲۰,لنگرود,langarud,entertainment,pets-animals
۰۹۰۱۱۰۷۳۵۰۸,لنگرود,langarud,entertainment,pets-animals
۰۹۲۱۱۷۶۲۶۴۲,لنگرود,langarud,entertainment,pets-animals
۰۹۱۲۱۸۱۱۳۰۹,لنگرود,langarud,entertainment,pets-animals
۰۹۳۹۶۸۳۳۶۹۹,لنگرود,langarud,entertainment,pets-animals
۰۹۱۱۸۴۸۱۰۳۴,لنگرود,langarud,entertainment,pets-animals
۰۹۱۹۴۰۹۷۷۰۵,لنگرود,langarud,entertainment,pets-animals
۰۹۰۵۸۱۹۴۴۵۴,لنگرود,langarud,entertainment,pets-animals
۰۹۱۱۵۴۷۱۱۳۸,لنگرود,langarud,entertainment,pets-animals
۰۹۳۹۷۲۵۹۷۶۴,لنگرود,langarud,entertainment,pets-animals
۰۹۳۹۷۶۵۴۳۹۵,لنگرود,langarud,entertainment,pets-animals
۰۹۱۱۶۱۱۶۳۸۹,لنگرود,langarud,entertainment,pets-animals
۰۹۳۰۸۶۲۱۹۵۳,لنگرود,langarud,entertainment,pets-animals
۰۹۱۱۵۵۶۹۶۰۹,لنگرود,langarud,entertainment,pets-animals
۰۹۰۱۱۰۷۳۵۰۸,لنگرود,langarud,entertainment,collecting
۰۹۳۹۰۲۷۸۹۱۲,لنگرود,langarud,entertainment,collecting
۰۹۳۹۰۲۷۸۹۱۲,لنگرود,langarud,entertainment,collecting
۰۹۳۹۰۲۷۸۹۱۲,لنگرود,langarud,entertainment,collecting
۰۹۳۸۷۳۹۸۱۷۹,لنگرود,langarud,entertainment,collecting
۰۹۳۳۳۰۲۲۳۵۷,لنگرود,langarud,entertainment,musical-instruments
۰۹۳۹۹۶۸۵۲۸۸,لنگرود,langarud,entertainment,musical-instruments
۰۹۱۱۹۳۴۳۸۱۵,لنگرود,langarud,entertainment,musical-instruments
۰۹۱۱۳۸۴۵۰۲۰,لنگرود,langarud,entertainment,sport-entertainment
۰۹۱۱۸۴۵۵۹۶۵,لنگرود,langarud,entertainment,sport-entertainment
۰۹۱۰۷۷۹۱۲۶۸,لنگرود,langarud,entertainment,sport-entertainment
(پنهان‌شده؛ چت کنید),لنگرود,langarud,entertainment,sport-entertainment
۰۹۳۷۶۷۹۰۹۷۱,لنگرود,langarud,entertainment,sport-entertainment
۰۹۱۱۸۹۵۶۰۷۹,لنگرود,langarud,entertainment,sport-entertainment
۰۹۳۹۰۲۷۸۹۱۲,لنگرود,langarud,entertainment,sport-entertainment
۰۹۰۱۲۸۶۸۳۳۴,لنگرود,langarud,entertainment,sport-entertainment
۰۹۱۱۷۰۷۶۹۰۰,لنگرود,langarud,entertainment,sport-entertainment
۰۹۹۱۵۲۸۴۶۹۵,لنگرود,langarud,social-services,event
۰۹۹۲۷۷۸۴۱۰۳,لنگرود,langarud,social-services,event
۰۹۰۱۳۶۹۰۸۴۰,لنگرود,langarud,social-services,event
۰۹۱۸۹۰۷۸۶۸۹,لنگرود,langarud,social-services,event
۰۹۳۷۲۶۷۹۰۹۹,لنگرود,langarud,social-services,event
۰۹۲۲۹۳۴۳۲۵۵,لنگرود,langarud,social-services,event
۰۹۳۸۵۱۶۵۹۸۴,لنگرود,langarud,social-services,voluntary
۰۹۰۱۶۴۲۰۲۳۲,لنگرود,langarud,social-services,missing
(پنهان‌شده؛ چت کنید),لنگرود,langarud,social-services,missing
۰۹۱۱۳۴۶۳۷۵۶,لنگرود,langarud,social-services,missing
۰۹۰۳۷۱۲۳۹۲۲,لنگرود,langarud,social-services,missing
۰۹۱۱۷۰۸۵۶۰۶,لنگرود,langarud,social-services,missing
۰۹۳۳۱۰۲۷۸۱۲,لنگرود,langarud,social-services,missing
(پنهان‌شده؛ چت کنید),لنگرود,langarud,businesses,business-equipment
۰۹۳۰۸۹۸۰۸۲۸,لنگرود,langarud,businesses,business-equipment
۰۹۱۱۸۴۳۸۶۲۸,لنگرود,langarud,businesses,business-equipment
۰۹۳۵۳۶۳۷۸۶۲,لنگرود,langarud,businesses,business-equipment
۰۹۳۷۱۸۴۵۴۹۸,لنگرود,langarud,businesses,business-equipment
(پنهان‌شده؛ چت کنید),لنگرود,langarud,businesses,business-equipment
۰۹۱۱۴۵۵۳۲۵۰,لنگرود,langarud,businesses,business-equipment
۰۹۱۱۳۴۱۲۰۶۹,لنگرود,langarud,businesses,business-equipment
۰۹۳۷۴۸۵۰۳۷۹,لنگرود,langarud,businesses,business-equipment
۰۹۳۷۴۸۵۰۳۷۹,لنگرود,langarud,businesses,business-equipment
۰۹۱۱۶۹۵۷۰۷۵,لنگرود,langarud,businesses,business-equipment
۰۹۱۱۸۴۵۷۱۰۸,لنگرود,langarud,businesses,business-equipment
۰۹۱۱۶۰۲۲۶۷۵,لنگرود,langarud,businesses,business-equipment
۰۹۳۷۵۴۰۵۱۸۱,لنگرود,langarud,businesses,business-equipment
۰۹۳۵۶۰۴۵۵۹۳,لنگرود,langarud,businesses,business-equipment
۰۹۰۳۳۶۷۳۰۵۹,لنگرود,langarud,businesses,business-equipment
۰۹۱۱۵۵۶۸۴۶۴,لنگرود,langarud,businesses,business-equipment
۰۹۱۱۷۴۹۱۳۲۱,لنگرود,langarud,businesses,business-equipment
۰۹۱۱۶۵۷۵۵۹۷,لنگرود,langarud,businesses,business-equipment
۰۹۱۱۶۹۹۶۷۳۰,لنگرود,langarud,businesses,business-equipment
۰۹۱۱۶۹۹۶۷۳۰,لنگرود,langarud,businesses,business-equipment
۰۹۱۱۶۹۹۶۷۳۰,لنگرود,langarud,businesses,business-equipment
۰۹۱۱۸۰۶۲۱۳۰,لنگرود,langarud,businesses,business-equipment
۰۹۱۱۱۴۳۸۵۰۹,لنگرود,langarud,businesses,business-equipment
۰۹۱۱۴۲۷۴۱۸۱,لنگرود,langarud,businesses,business-equipment
۰۹۱۰۳۹۳۹۶۱۶,لنگرود,langarud,businesses,business-equipment
۰۹۱۱۳۴۳۱۴۶۴,لنگرود,langarud,businesses,business-equipment
۰۹۱۱۸۴۵۷۱۰۸,لنگرود,langarud,businesses,business-equipment
۰۹۱۱۲۴۵۰۷۴۳,لنگرود,langarud,businesses,business-equipment
۰۹۱۱۶۵۱۹۷۲۵,لنگرود,langarud,businesses,business-equipment
۰۹۱۱۳۴۵۱۸۴۸,لنگرود,langarud,businesses,business-equipment
۰۹۹۰۳۶۰۱۸۰۰,لنگرود,langarud,businesses,business-equipment
۰۹۱۱۶۰۴۳۸۸۱,لنگرود,langarud,businesses,business-equipment
۰۹۱۱۲۴۴۹۴۴۰,لنگرود,langarud,businesses,business-equipment
۰۹۳۶۸۴۳۷۲۱۴,لنگرود,langarud,businesses,business-equipment
(پنهان‌شده؛ چت کنید),لنگرود,langarud,businesses,business-equipment
۰۹۱۱۳۴۲۱۸۴۷,لنگرود,langarud,businesses,business-equipment
۰۹۱۹۱۰۷۴۱۲۲,لنگرود,langarud,businesses,business-equipment
۰۹۳۵۱۹۷۵۰۸۸,لنگرود,langarud,businesses,business-equipment
۰۹۰۵۶۰۷۲۸۸۷,لنگرود,langarud,businesses,business-equipment
۰۹۱۲۱۹۹۱۶۰۸,لنگرود,langarud,businesses,business-equipment
۰۹۳۶۳۸۴۳۹۳۸,لنگرود,langarud,businesses,business-equipment
۰۹۳۵۱۰۹۵۵۰۲,لنگرود,langarud,businesses,business-equipment
۰۹۱۱۵۰۰۲۲۷۲,لنگرود,langarud,businesses,business-equipment
۰۹۱۱۲۴۱۱۴۵۹,لنگرود,langarud,businesses,business-equipment
۰۹۳۶۹۶۴۶۷۲۵,لنگرود,langarud,businesses,business-equipment
۰۹۱۱۲۳۵۶۷۷۹,لنگرود,langarud,businesses,business-equipment
۰۹۱۱۹۴۲۱۵۷۸,لنگرود,langarud,businesses,business-equipment
۰۹۳۶۳۱۸۳۳۶۷,لنگرود,langarud,businesses,business-equipment
۰۹۱۹۰۴۲۸۲۳۰,لنگرود,langarud,businesses,business-equipment
۰۹۰۱۰۳۴۴۰۴۹,لنگرود,langarud,businesses,business-equipment
۰۹۳۹۰۲۷۸۹۱۲,لنگرود,langarud,businesses,business-equipment
۰۹۱۱۸۲۵۴۷۱۱,لنگرود,langarud,businesses,business-equipment
۰۹۲۱۶۳۴۰۴۹۳,لنگرود,langarud,businesses,business-equipment
۰۹۳۵۶۷۴۹۵۵۲,لنگرود,langarud,businesses,business-equipment
۰۹۱۱۷۳۹۳۷۰۸,لنگرود,langarud,businesses,business-equipment
۰۹۳۶۸۲۰۴۲۹۰,لنگرود,langarud,businesses,business-equipment
۰۹۱۱۳۴۱۲۰۶۹,لنگرود,langarud,businesses,business-equipment
۰۹۹۲۷۹۱۱۵۴۲,لنگرود,langarud,businesses,business-equipment
۰۹۰۵۵۴۶۶۲۷۰,لنگرود,langarud,businesses,business-equipment
۰۹۲۲۹۵۶۵۱۳۲,لنگرود,langarud,businesses,business-equipment
۰۹۱۲۸۴۰۹۵۹۹,لنگرود,langarud,businesses,business-equipment
۰۹۰۱۲۴۶۱۷۲۴,لنگرود,langarud,businesses,business-equipment
۰۹۱۱۷۶۵۴۷۳۲,لنگرود,langarud,businesses,business-equipment
۰۹۱۱۷۲۰۷۸۸۴,لنگرود,langarud,businesses,business-equipment
۰۹۱۱۶۰۹۹۴۶۰,لنگرود,langarud,businesses,business-equipment
۰۹۱۱۳۴۵۴۶۲۸,لنگرود,langarud,businesses,business-equipment
۰۹۱۲۸۴۰۹۵۹۹,لنگرود,langarud,businesses,business-equipment
۰۹۱۲۸۴۰۹۵۹۹,لنگرود,langarud,businesses,business-equipment
۰۹۳۶۷۴۹۸۰۸۷,لنگرود,langarud,businesses,business-equipment
۰۹۳۷۱۷۸۴۱۵۲,لنگرود,langarud,businesses,wholesale
۰۹۳۶۴۳۵۶۳۶۸,لنگرود,langarud,businesses,wholesale
۰۹۳۶۴۳۵۶۳۶۸,لنگرود,langarud,businesses,wholesale
(پنهان‌شده؛ چت کنید),لنگرود,langarud,businesses,wholesale
۰۹۳۶۴۳۵۶۳۶۸,لنگرود,langarud,businesses,wholesale
۰۹۰۲۲۴۲۲۵۰۰,لنگرود,langarud,businesses,wholesale
۰۹۱۱۳۴۰۶۹۱۷,لنگرود,langarud,businesses,wholesale
۰۹۳۷۴۹۰۰۳۲۳,لنگرود,langarud,businesses,wholesale
۰۹۱۷۷۷۷۰۸۵۹,لنگرود,langarud,businesses,wholesale
۰۹۳۸۴۸۲۰۷۴۰,لنگرود,langarud,businesses,wholesale
۰۹۰۳۳۶۲۲۴۶۲,لنگرود,langarud,businesses,wholesale
۰۹۳۰۱۲۲۱۸۱۹,لنگرود,langarud,businesses,wholesale
۰۹۱۱۸۴۸۰۰۴۹,لنگرود,langarud,businesses,wholesale
۰۹۳۷۴۹۰۰۳۲۳,لنگرود,langarud,businesses,wholesale
۰۹۹۲۷۶۴۳۱۶۳,لنگرود,langarud,businesses,wholesale
۰۹۹۲۷۶۴۳۱۶۳,لنگرود,langarud,businesses,wholesale
۰۹۱۱۷۲۰۳۵۱۹,لنگرود,langarud,businesses,wholesale
۰۹۱۲۸۳۶۵۵۳۵,لنگرود,langarud,businesses,wholesale
۰۹۰۳۰۳۹۴۴۱۲,لنگرود,langarud,businesses,wholesale
۰۹۰۳۰۳۹۴۴۱۲,لنگرود,langarud,businesses,wholesale
۰۹۳۶۲۸۴۲۴۹۲,لنگرود,langarud,businesses,wholesale
۰۹۳۵۶۷۷۹۰۸۸,لنگرود,langarud,businesses,wholesale
۰۹۱۷۳۶۸۸۷۷۱,لنگرود,langarud,businesses,wholesale
۰۹۹۲۸۶۷۹۲۶۳,لنگرود,langarud,businesses,wholesale
۰۹۱۰۸۷۰۲۵۶۴,لنگرود,langarud,businesses,wholesale
۰۹۲۲۷۲۹۵۹۰۲,لنگرود,langarud,businesses,wholesale
۰۹۳۶۸۲۰۴۲۶۲,لنگرود,langarud,businesses,wholesale
۰۹۳۰۰۷۵۴۸۲۸,لنگرود,langarud,businesses,wholesale
۰۹۱۱۵۴۹۸۸۵۳,لنگرود,langarud,businesses,wholesale
۰۹۳۶۱۸۰۱۰۶۱,لنگرود,langarud,businesses,wholesale
۰۹۱۱۲۴۱۰۷۹۲,لنگرود,langarud,businesses,wholesale
۰۹۱۱۸۰۸۵۰۸۰,لنگرود,langarud,businesses,wholesale
۰۹۳۳۶۰۸۲۰۵۵,لنگرود,langarud,businesses,wholesale
۰۹۳۸۰۷۷۲۵۳۶,لنگرود,langarud,businesses,wholesale
۰۹۱۱۱۴۵۴۴۹۳,لنگرود,langarud,businesses,wholesale
۰۹۱۱۱۴۲۵۱۵۵,لنگرود,langarud,businesses,wholesale
۰۹۱۱۸۷۶۶۰۲۲,لنگرود,langarud,businesses,wholesale
۰۹۱۹۷۱۷۳۹۰۷,لنگرود,langarud,businesses,wholesale
۰۹۱۱۳۴۳۳۸۵۶,لنگرود,langarud,businesses,wholesale
۰۹۳۶۴۹۹۸۸۷۴,لنگرود,langarud,businesses,wholesale
۰۹۱۱۱۴۴۴۱۰۹,لنگرود,langarud,businesses,wholesale
۰۹۱۱۱۴۱۱۳۵۱,لنگرود,langarud,businesses,wholesale
۰۹۹۱۴۵۳۴۴۸۹,لنگرود,langarud,businesses,wholesale
۰۹۳۶۲۸۴۲۴۹۲,لنگرود,langarud,businesses,wholesale
۰۹۱۱۸۸۶۶۶۰۸,لنگرود,langarud,businesses,wholesale
۰۹۱۱۵۴۷۹۸۳۰,لنگرود,langarud,businesses,wholesale
۰۹۳۷۱۷۳۸۹۲۹,لنگرود,langarud,businesses,wholesale
۰۹۹۸۱۴۰۱۳۴۸,لنگرود,langarud,businesses,wholesale
۰۹۱۱۴۳۰۸۹۰۹,لنگرود,langarud,businesses,wholesale
۰۹۳۷۴۹۰۰۳۲۳,لنگرود,langarud,businesses,wholesale
۰۹۲۱۷۱۹۲۰۸۷,لنگرود,langarud,businesses,wholesale
۰۹۱۱۹۴۱۵۷۱۳,لنگرود,langarud,businesses,wholesale
۰۹۱۱۲۴۰۳۹۱۰,لنگرود,langarud,businesses,wholesale
۰۹۳۶۲۲۰۷۲۶۴,لنگرود,langarud,businesses,wholesale
۰۹۹۰۵۳۵۳۳۴۹,لنگرود,langarud,businesses,wholesale
۰۹۳۶۲۲۰۷۲۶۴,لنگرود,langarud,businesses,wholesale
۰۹۳۷۲۳۲۷۸۳۸,لنگرود,langarud,businesses,wholesale
۰۹۳۶۲۲۰۷۲۶۴,لنگرود,langarud,businesses,wholesale
۰۹۳۶۲۲۰۷۲۶۴,لنگرود,langarud,businesses,wholesale
۰۹۲۲۷۴۸۱۲۱۴,لنگرود,langarud,businesses,wholesale
۰۹۱۱۸۴۵۳۴۶۸,لنگرود,langarud,businesses,wholesale
۰۹۳۶۹۶۸۵۶۵۵,لنگرود,langarud,businesses,wholesale
۰۹۳۸۵۰۴۸۸۷۷,لنگرود,langarud,businesses,wholesale
۰۹۳۵۷۴۷۵۹۸۸,لنگرود,langarud,businesses,wholesale
۰۹۱۱۳۴۲۶۲۹۹,لنگرود,langarud,businesses,wholesale
۰۹۱۱۸۸۶۶۶۰۸,لنگرود,langarud,businesses,wholesale
۰۹۱۱۸۸۶۶۶۰۸,لنگرود,langarud,businesses,wholesale
۰۹۲۱۳۴۹۵۳۹۰,لنگرود,langarud,businesses,wholesale
۰۹۲۱۶۹۵۳۶۵۰,لنگرود,langarud,businesses,wholesale
