۰۹۱۷۳۷۶۷۰۰۲,لردگان,lordegan,jobs,transport-delivery-jobs
۰۹۱۳۹۸۰۸۳۲۴,لردگان,lordegan,real-estate,buy-residential
۰۹۱۵۳۲۵۰۹۵۶,لردگان,lordegan,real-estate,buy-residential
۰۹۹۲۷۸۶۹۳۸۱,لردگان,lordegan,real-estate,buy-residential
۰۹۱۳۸۲۹۸۳۱۰,لردگان,lordegan,real-estate,buy-residential
۰۹۳۸۳۷۲۶۶۶۵,لردگان,lordegan,real-estate,buy-residential
۰۹۱۳۵۱۱۳۳۸۷,لردگان,lordegan,real-estate,buy-residential
۰۹۱۳۴۸۰۷۰۱۴,لردگان,lordegan,real-estate,buy-residential
۰۹۱۰۳۸۷۱۹۹۲,لردگان,lordegan,real-estate,buy-residential
۰۹۱۳۹۸۸۱۳۱۶,لردگان,lordegan,real-estate,buy-residential
۰۹۱۳۵۹۳۰۵۸۲,لردگان,lordegan,real-estate,buy-residential
۰۹۱۳۵۰۹۱۹۶۱,لردگان,lordegan,real-estate,buy-residential
۰۹۱۴۰۸۳۶۸۹۹,لردگان,lordegan,real-estate,buy-residential
۰۹۹۰۱۶۴۵۸۷۷,لردگان,lordegan,real-estate,buy-residential
۰۹۱۳۵۱۷۹۰۸۸,لردگان,lordegan,real-estate,buy-residential
۰۹۱۶۹۴۳۹۵۴۱,لردگان,lordegan,real-estate,buy-residential
۰۹۱۹۲۵۸۹۷۹۰,لردگان,lordegan,real-estate,buy-residential
۰۹۱۳۹۸۲۵۱۷۹,لردگان,lordegan,real-estate,buy-residential
۰۹۱۶۲۲۶۴۹۶۸,لردگان,lordegan,real-estate,buy-residential
۰۹۱۵۳۲۵۰۹۵۶,لردگان,lordegan,real-estate,buy-residential
۰۹۹۲۴۹۴۷۲۰۸,لردگان,lordegan,real-estate,buy-residential
۰۹۱۳۸۸۵۵۸۲۷,لردگان,lordegan,real-estate,buy-residential
۰۹۱۳۶۰۵۰۲۶۵,لردگان,lordegan,real-estate,buy-residential
۰۹۱۴۰۸۳۶۳۹۶,لردگان,lordegan,real-estate,buy-residential
۰۹۳۷۱۲۱۷۷۷۱,لردگان,lordegan,real-estate,buy-residential
۰۹۱۳۹۸۴۷۱۹۷,لردگان,lordegan,real-estate,buy-residential
۰۹۱۳۶۷۴۷۶۰۰,لردگان,lordegan,real-estate,buy-residential
۰۹۱۳۵۰۹۰۹۰۴,لردگان,lordegan,real-estate,buy-residential
۰۹۱۶۷۴۶۶۲۹۷,لردگان,lordegan,real-estate,rent-residential
۰۹۱۳۹۱۵۲۴۹۵,لردگان,lordegan,real-estate,rent-residential
۰۹۱۶۲۸۱۹۱۰۹,لردگان,lordegan,real-estate,rent-residential
۰۹۳۷۷۵۸۳۸۸۶,لردگان,lordegan,real-estate,buy-commercial-property
۰۹۱۳۳۸۴۵۹۴۲,لردگان,lordegan,real-estate,buy-commercial-property
۰۹۱۳۹۸۵۷۳۳۰,لردگان,lordegan,real-estate,buy-commercial-property
۰۹۹۴۴۰۸۶۰۰۸,لردگان,lordegan,real-estate,buy-commercial-property
۰۹۱۳۸۱۵۰۶۳۰,لردگان,lordegan,real-estate,buy-commercial-property
۰۹۱۳۳۸۵۵۱۹۷,لردگان,lordegan,real-estate,buy-commercial-property
۰۹۹۲۵۵۴۷۱۱۰,لردگان,lordegan,real-estate,rent-commercial-property
۰۹۱۳۸۸۶۵۰۴۵,لردگان,lordegan,real-estate,real-estate-services
۰۹۱۳۹۸۳۸۷۹۳,لردگان,lordegan,vehicles,auto
۰۹۳۷۴۷۷۴۷۳۰,لردگان,lordegan,vehicles,auto
۰۹۱۳۹۸۵۰۸۴۳,لردگان,lordegan,vehicles,auto
۰۹۱۳۰۰۶۳۰۶۳,لردگان,lordegan,vehicles,auto
۰۹۱۶۲۲۶۳۷۹۷,لردگان,lordegan,vehicles,auto
۰۹۱۳۳۰۸۹۹۰۴,لردگان,lordegan,vehicles,auto
۰۹۱۳۶۰۶۸۸۱۰,لردگان,lordegan,vehicles,auto
۰۹۱۳۶۰۶۸۹۴۵,لردگان,lordegan,vehicles,auto
۰۹۱۳۲۲۵۵۸۸۳,لردگان,lordegan,vehicles,auto
۰۹۱۳۷۰۴۱۶۸۵,لردگان,lordegan,vehicles,auto
۰۹۱۳۶۲۷۲۹۸۳,لردگان,lordegan,vehicles,auto
۰۹۱۰۳۱۲۲۲۱۲,لردگان,lordegan,vehicles,auto
۰۹۱۳۹۸۸۱۳۵۶,لردگان,lordegan,vehicles,auto
۰۹۱۳۲۸۲۳۴۳۲,لردگان,lordegan,vehicles,auto
۰۹۱۳۲۸۴۴۰۲۵,لردگان,lordegan,vehicles,auto
۰۹۱۳۲۸۱۷۸۳۲,لردگان,lordegan,vehicles,auto
۰۹۹۲۰۶۳۲۹۱۱,لردگان,lordegan,vehicles,auto
۰۹۱۳۷۷۲۰۱۱۲,لردگان,lordegan,vehicles,auto
۰۹۱۳۴۸۴۱۷۶۳,لردگان,lordegan,vehicles,auto
۰۹۱۴۸۸۴۴۳۹۵,لردگان,lordegan,vehicles,auto
۰۹۱۳۱۶۵۵۰۹۸,لردگان,lordegan,vehicles,auto
۰۹۱۶۲۲۷۴۴۷۰,لردگان,lordegan,vehicles,auto
۰۹۱۴۰۸۷۸۷۲۰,لردگان,lordegan,vehicles,auto
۰۹۱۳۷۰۲۰۸۵۴,لردگان,lordegan,vehicles,auto
۰۹۱۳۲۸۱۱۸۱۳,لردگان,lordegan,vehicles,auto
۰۹۱۳۳۸۲۶۸۲۵,لردگان,lordegan,vehicles,auto
۰۹۹۲۱۷۵۷۹۳۸,لردگان,lordegan,vehicles,auto
۰۹۹۰۲۴۰۶۹۸۹,لردگان,lordegan,vehicles,auto
۰۹۱۳۶۷۷۶۰۳۲,لردگان,lordegan,vehicles,auto
۰۹۱۳۹۸۸۷۴۹۷,لردگان,lordegan,vehicles,auto
۰۹۱۳۹۸۴۷۲۷۶,لردگان,lordegan,vehicles,auto
۰۹۱۳۰۰۷۴۵۴۲,لردگان,lordegan,vehicles,auto
۰۹۱۳۳۸۵۸۳۴۵,لردگان,lordegan,vehicles,auto
۰۹۱۳۹۸۸۳۸۳۶,لردگان,lordegan,vehicles,auto
۰۹۱۳۳۸۲۶۸۲۵,لردگان,lordegan,vehicles,auto
۰۹۳۶۴۷۱۶۰۲۳,لردگان,lordegan,vehicles,auto
۰۹۱۳۹۸۰۷۲۰۶,لردگان,lordegan,vehicles,auto
۰۹۱۶۵۱۹۱۹۳۶,لردگان,lordegan,vehicles,auto
۰۹۱۳۹۸۰۲۹۳۸,لردگان,lordegan,vehicles,auto
۰۹۱۳۹۸۴۷۶۹۷,لردگان,lordegan,vehicles,auto
۰۹۱۳۳۸۵۵۳۲۴,لردگان,lordegan,vehicles,auto
۰۹۱۳۶۲۰۶۶۷۹,لردگان,lordegan,vehicles,auto
۰۹۱۳۲۸۴۰۹۶۵,لردگان,lordegan,vehicles,auto
۰۹۱۳۵۱۰۴۵۱۶,لردگان,lordegan,vehicles,auto
۰۹۱۳۱۰۴۳۶۷۸,لردگان,lordegan,vehicles,auto
۰۹۱۷۹۴۳۶۴۲۴,لردگان,lordegan,vehicles,auto
۰۹۱۳۶۰۶۸۸۱۰,لردگان,lordegan,vehicles,auto
۰۹۰۵۳۸۱۰۱۳۷,لردگان,lordegan,vehicles,auto
۰۹۱۳۲۸۷۱۴۶۵,لردگان,lordegan,vehicles,auto
۰۹۱۴۰۲۰۵۳۸۱,لردگان,lordegan,vehicles,auto
۰۹۱۳۴۸۲۵۹۵۲,لردگان,lordegan,vehicles,auto
۰۹۱۳۹۸۸۴۵۴۰,لردگان,lordegan,vehicles,auto
۰۹۱۰۳۸۸۳۵۶۶,لردگان,lordegan,vehicles,auto
۰۹۹۲۱۴۲۹۶۳۵,لردگان,lordegan,vehicles,auto
۰۹۱۸۴۰۷۴۲۸۶,لردگان,lordegan,vehicles,auto
۰۹۱۳۷۷۲۰۰۲۷,لردگان,lordegan,vehicles,auto
۰۹۱۳۹۸۴۶۶۲۱,لردگان,lordegan,vehicles,auto
۰۹۱۴۰۲۳۴۵۹۵,لردگان,lordegan,vehicles,auto
۰۹۱۶۹۲۲۴۵۷۰,لردگان,lordegan,vehicles,auto
۰۹۱۳۸۸۳۷۱۵۵,لردگان,lordegan,vehicles,auto
۰۹۱۳۸۱۲۷۶۷۸,لردگان,lordegan,vehicles,auto
۰۹۲۱۵۶۱۳۱۶۷,لردگان,lordegan,vehicles,auto
۰۹۱۳۹۸۱۶۹۲۷,لردگان,lordegan,vehicles,auto
۰۹۱۳۹۸۳۷۹۱۹,لردگان,lordegan,vehicles,auto
۰۹۱۳۲۸۴۰۹۶۵,لردگان,lordegan,vehicles,auto
۰۹۱۳۹۸۸۴۵۴۰,لردگان,lordegan,vehicles,car-accessories
۰۹۱۶۲۲۵۸۳۲۵,لردگان,lordegan,vehicles,car-accessories
۰۹۱۶۴۲۹۵۰۷۷,لردگان,lordegan,vehicles,car-accessories
۰۹۱۳۰۰۷۴۵۴۲,لردگان,lordegan,vehicles,car-accessories
۰۹۱۳۰۹۳۶۷۲۶,لردگان,lordegan,vehicles,car-accessories
۰۹۱۶۲۸۲۵۷۶۶,لردگان,lordegan,vehicles,car-accessories
۰۹۱۳۵۱۰۴۲۶۶,لردگان,lordegan,vehicles,car-accessories
۰۹۱۳۰۵۸۲۹۱۰,لردگان,lordegan,vehicles,car-accessories
۰۹۱۳۸۱۴۴۹۸۱,لردگان,lordegan,vehicles,car-accessories
۰۹۱۳۴۸۳۵۴۷۸,لردگان,lordegan,vehicles,car-accessories
۰۹۳۷۶۹۴۰۸۹۱,لردگان,lordegan,vehicles,car-accessories
۰۹۱۳۹۸۶۷۳۳۸,لردگان,lordegan,vehicles,car-accessories
۰۹۹۰۸۳۱۹۰۳۱,لردگان,lordegan,vehicles,car-accessories
۰۹۱۳۳۸۵۸۸۳۱,لردگان,lordegan,vehicles,car-accessories
۰۹۱۷۰۲۴۶۷۱۲,لردگان,lordegan,vehicles,car-accessories
۰۹۱۳۳۶۸۸۴۲۴,لردگان,lordegan,vehicles,car-accessories
۰۹۰۱۹۸۵۷۲۱۷,لردگان,lordegan,vehicles,car-accessories
۰۹۱۳۹۸۸۴۲۱۷,لردگان,lordegan,vehicles,car-accessories
۰۹۱۳۵۱۱۵۰۵۴,لردگان,lordegan,vehicles,car-accessories
۰۹۹۰۴۰۲۱۹۰۸,لردگان,lordegan,vehicles,motorcycles
۰۹۱۳۸۸۷۰۰۳۶,لردگان,lordegan,vehicles,motorcycles
۰۹۱۳۹۸۰۸۳۲۴,لردگان,lordegan,vehicles,motorcycles
۰۹۱۳۶۰۶۹۰۸۱,لردگان,lordegan,vehicles,motorcycles
۰۹۳۶۳۱۱۸۵۲۵,لردگان,lordegan,vehicles,motorcycles
۰۹۱۱۵۶۳۶۶۴۵,لردگان,lordegan,vehicles,motorcycles
۰۹۱۳۸۸۵۷۹۶۷,لردگان,lordegan,vehicles,motorcycles
۰۹۱۰۳۹۶۳۶۱۵,لردگان,lordegan,vehicles,motorcycles
۰۹۱۳۶۰۵۱۴۴۸,لردگان,lordegan,vehicles,motorcycles
۰۹۱۳۵۲۶۹۸۵۱,لردگان,lordegan,vehicles,motorcycles
۰۹۹۰۵۲۳۵۹۱۱,لردگان,lordegan,vehicles,motorcycles
۰۹۱۴۰۷۶۳۷۹۵,لردگان,lordegan,vehicles,motorcycles
۰۹۱۳۷۰۱۱۵۱۷,لردگان,lordegan,vehicles,motorcycles
۰۹۱۳۹۱۰۸۴۲۰,لردگان,lordegan,vehicles,motorcycles
۰۹۱۳۷۰۴۵۲۹۰,لردگان,lordegan,vehicles,motorcycles
۰۹۹۱۳۱۴۸۶۳۳,لردگان,lordegan,vehicles,motorcycles
۰۹۱۳۵۹۳۷۵۸۷,لردگان,lordegan,vehicles,motorcycles
۰۹۳۵۷۱۴۷۲۲۰,لردگان,lordegan,vehicles,motorcycles
۰۹۹۰۶۳۱۷۴۵۶,لردگان,lordegan,vehicles,motorcycles
۰۹۱۳۸۰۴۶۰۱۴,لردگان,lordegan,vehicles,motorcycles
۰۹۱۳۹۸۸۱۵۹۳,لردگان,lordegan,vehicles,motorcycles
۰۹۹۲۱۷۸۹۲۷۷,لردگان,lordegan,vehicles,motorcycles
۰۹۱۶۲۲۶۰۲۹۴,لردگان,lordegan,vehicles,motorcycles
۰۹۱۴۰۸۰۰۰۵۳,لردگان,lordegan,vehicles,motorcycles
۰۹۱۳۵۶۰۵۵۳۱,لردگان,lordegan,vehicles,motorcycles
۰۹۱۶۲۸۱۵۰۰۶,لردگان,lordegan,vehicles,motorcycles
۰۹۱۳۸۷۵۵۸۶۵,لردگان,lordegan,vehicles,motorcycles
۰۹۰۳۵۴۳۸۶۸۳,لردگان,lordegan,electronic-devices,mobile-tablet
۰۹۱۷۹۷۱۶۱۹۷,لردگان,lordegan,electronic-devices,mobile-tablet
۰۹۱۳۹۶۶۸۱۷۰,لردگان,lordegan,electronic-devices,mobile-tablet
۰۹۱۳۴۸۲۵۹۵۲,لردگان,lordegan,electronic-devices,mobile-tablet
۰۹۱۶۸۱۷۸۶۶۱,لردگان,lordegan,electronic-devices,mobile-tablet
۰۹۱۳۰۰۷۴۵۴۲,لردگان,lordegan,electronic-devices,mobile-tablet
۰۹۱۴۰۱۹۶۸۵۱,لردگان,lordegan,electronic-devices,mobile-tablet
۰۹۱۶۲۲۵۳۸۳۵,لردگان,lordegan,electronic-devices,mobile-tablet
۰۹۱۳۵۰۸۵۷۲۳,لردگان,lordegan,electronic-devices,mobile-tablet
۰۹۱۳۴۸۲۵۹۵۲,لردگان,lordegan,electronic-devices,mobile-tablet
۰۹۱۴۰۸۳۷۴۶۶,لردگان,lordegan,electronic-devices,mobile-tablet
۰۹۰۱۷۱۸۶۳۴۹,لردگان,lordegan,electronic-devices,mobile-tablet
۰۹۱۳۰۰۶۸۵۹۸,لردگان,lordegan,electronic-devices,mobile-tablet
۰۹۱۶۲۲۶۳۸۰۶,لردگان,lordegan,electronic-devices,mobile-tablet
۰۹۱۴۰۸۱۶۷۱۳,لردگان,lordegan,electronic-devices,mobile-tablet
(پنهان‌شده؛ چت کنید),لردگان,lordegan,electronic-devices,mobile-tablet
۰۹۱۳۶۷۷۱۳۰۵,لردگان,lordegan,electronic-devices,mobile-tablet
۰۹۹۱۰۳۰۶۵۲۶,لردگان,lordegan,electronic-devices,mobile-tablet
۰۹۱۰۳۹۳۲۲۱۲,لردگان,lordegan,electronic-devices,mobile-tablet
۰۹۳۷۴۸۵۴۲۱۲,لردگان,lordegan,electronic-devices,mobile-tablet
۰۹۱۳۰۹۲۳۰۲۲,لردگان,lordegan,electronic-devices,mobile-tablet
۰۹۱۳۵۹۳۶۶۹۴,لردگان,lordegan,electronic-devices,mobile-tablet
۰۹۱۰۳۹۲۹۷۳۰,لردگان,lordegan,electronic-devices,mobile-tablet
۰۹۱۳۰۲۹۶۹۴۲,لردگان,lordegan,electronic-devices,mobile-tablet
۰۹۱۳۸۸۶۹۵۱۴,لردگان,lordegan,electronic-devices,mobile-tablet
۰۹۱۳۹۸۸۰۴۲۹,لردگان,lordegan,electronic-devices,mobile-tablet
۰۹۱۳۸۲۹۲۸۷۱,لردگان,lordegan,electronic-devices,mobile-tablet
۰۹۱۳۵۰۸۸۷۵۵,لردگان,lordegan,electronic-devices,mobile-tablet
۰۹۰۲۳۵۵۱۴۸۷,لردگان,lordegan,electronic-devices,mobile-tablet
۰۹۱۰۹۱۶۰۵۰۰,لردگان,lordegan,electronic-devices,mobile-tablet
۰۹۳۶۰۵۳۸۰۴۰,لردگان,lordegan,electronic-devices,mobile-tablet
۰۹۱۳۶۰۶۳۵۶۹,لردگان,lordegan,electronic-devices,mobile-tablet
۰۹۱۰۶۸۷۰۰۶۳,لردگان,lordegan,electronic-devices,mobile-tablet
۰۹۲۱۵۴۷۷۳۹۶,لردگان,lordegan,electronic-devices,mobile-tablet
۰۹۲۱۰۸۸۷۲۸۵,لردگان,lordegan,electronic-devices,mobile-tablet
۰۹۱۳۳۱۱۱۷۸۶,لردگان,lordegan,electronic-devices,mobile-tablet
۰۹۱۳۹۸۶۸۳۶۹,لردگان,lordegan,electronic-devices,mobile-tablet
(پنهان‌شده؛ چت کنید),لردگان,lordegan,electronic-devices,mobile-tablet
(پنهان‌شده؛ چت کنید),لردگان,lordegan,electronic-devices,mobile-tablet
۰۹۱۳۹۷۳۰۸۹۱,لردگان,lordegan,electronic-devices,mobile-tablet
۰۹۱۳۷۲۱۰۹۲۱,لردگان,lordegan,electronic-devices,mobile-tablet
۰۹۱۶۰۲۹۳۸۳۳,لردگان,lordegan,electronic-devices,mobile-tablet
۰۹۱۱۵۴۶۳۴۵۱,لردگان,lordegan,electronic-devices,mobile-tablet
۰۹۹۱۹۶۳۷۱۳۵,لردگان,lordegan,electronic-devices,mobile-tablet
۰۹۱۴۰۷۶۹۰۰۶,لردگان,lordegan,electronic-devices,mobile-tablet
۰۹۹۰۸۳۰۸۰۱۲,لردگان,lordegan,electronic-devices,mobile-tablet
۰۹۱۳۸۷۹۷۷۵۷,لردگان,lordegan,electronic-devices,mobile-tablet
۰۹۱۶۲۸۱۵۰۰۶,لردگان,lordegan,electronic-devices,mobile-tablet
۰۹۱۶۵۷۷۶۷۲۸,لردگان,lordegan,electronic-devices,mobile-tablet
۰۹۱۴۰۲۴۹۹۷۲,لردگان,lordegan,electronic-devices,mobile-tablet
۰۹۱۴۰۲۴۹۹۷۲,لردگان,lordegan,electronic-devices,mobile-tablet
۰۹۱۴۰۲۴۹۹۷۲,لردگان,lordegan,electronic-devices,mobile-tablet
۰۹۹۲۴۹۲۸۲۰۱,لردگان,lordegan,electronic-devices,mobile-tablet
۰۹۱۳۵۰۹۱۴۱۹,لردگان,lordegan,electronic-devices,mobile-tablet
۰۹۱۳۰۹۲۳۰۲۲,لردگان,lordegan,electronic-devices,mobile-tablet
۰۹۱۴۰۸۳۰۱۲۷,لردگان,lordegan,electronic-devices,mobile-tablet
۰۹۱۳۵۶۱۲۳۴۴,لردگان,lordegan,electronic-devices,computers
۰۹۱۳۹۸۸۰۴۲۹,لردگان,lordegan,electronic-devices,computers
۰۹۱۳۷۰۴۲۳۶۵,لردگان,lordegan,electronic-devices,computers
۰۹۳۸۵۷۳۵۳۴۰,لردگان,lordegan,electronic-devices,computers
۰۹۱۳۷۰۳۶۲۶۳,لردگان,lordegan,electronic-devices,game-consoles
۰۹۳۷۶۴۴۳۱۶۱,لردگان,lordegan,electronic-devices,video-audio-device
۰۹۱۳۰۰۵۷۳۶۴,لردگان,lordegan,electronic-devices,video-audio-device
۰۹۱۳۰۰۵۷۳۶۴,لردگان,lordegan,electronic-devices,video-audio-device
۰۹۱۶۷۱۳۲۸۲۶,لردگان,lordegan,electronic-devices,video-audio-device
۰۹۱۶۷۱۳۲۸۲۶,لردگان,lordegan,electronic-devices,video-audio-device
۰۹۱۳۹۸۶۷۰۴۵,لردگان,lordegan,electronic-devices,video-audio-device
۰۹۰۳۳۰۴۱۱۴۷,لردگان,lordegan,electronic-devices,video-audio-device
(پنهان‌شده؛ چت کنید),لردگان,lordegan,home-and-kitchen,home-decor-furniture
۰۹۱۳۹۲۸۲۷۷۰,لردگان,lordegan,home-and-kitchen,home-decor-furniture
۰۹۱۶۲۰۰۳۰۴۸,لردگان,lordegan,home-and-kitchen,home-decor-furniture
۰۹۱۳۹۸۳۵۶۲۱,لردگان,lordegan,home-and-kitchen,home-decor-furniture
(پنهان‌شده؛ چت کنید),لردگان,lordegan,home-and-kitchen,home-decor-furniture
۰۹۹۲۸۰۳۵۷۹۸,لردگان,lordegan,home-and-kitchen,home-decor-furniture
۰۹۹۰۳۲۰۰۳۷۰,لردگان,lordegan,home-and-kitchen,home-decor-furniture
۰۹۹۰۳۲۰۰۳۷۰,لردگان,lordegan,home-and-kitchen,home-decor-furniture
۰۹۱۶۵۵۹۰۲۲۷,لردگان,lordegan,home-and-kitchen,home-decor-furniture
۰۹۱۳۹۸۱۶۰۰۵,لردگان,lordegan,home-and-kitchen,home-decor-furniture
۰۹۱۴۰۷۷۰۶۴۹,لردگان,lordegan,home-and-kitchen,home-decor-furniture
۰۹۹۰۳۲۰۰۳۷۰,لردگان,lordegan,home-and-kitchen,home-decor-furniture
۰۹۹۰۳۲۰۰۳۷۰,لردگان,lordegan,home-and-kitchen,home-decor-furniture
۰۹۳۵۷۱۴۷۲۲۰,لردگان,lordegan,home-and-kitchen,home-decor-furniture
(پنهان‌شده؛ چت کنید),لردگان,lordegan,home-and-kitchen,home-decor-furniture
۰۹۱۷۵۰۵۸۰۷۳,لردگان,lordegan,home-and-kitchen,home-decor-furniture
(پنهان‌شده؛ چت کنید),لردگان,lordegan,home-and-kitchen,home-decor-furniture
۰۹۱۳۳۸۳۸۵۰۷,لردگان,lordegan,home-and-kitchen,home-decor-furniture
۰۹۱۳۹۸۴۲۸۵۵,لردگان,lordegan,home-and-kitchen,kitchen-appliances
۰۹۱۶۷۷۵۱۲۷۶,لردگان,lordegan,home-and-kitchen,kitchen-appliances
۰۹۱۳۹۸۰۸۴۹۲,لردگان,lordegan,home-and-kitchen,kitchen-appliances
۰۹۱۳۹۰۲۸۶۹۲,لردگان,lordegan,home-and-kitchen,kitchen-appliances
۰۹۱۳۵۲۶۳۱۲۶,لردگان,lordegan,home-and-kitchen,kitchen-appliances
۰۹۹۱۳۷۳۸۶۶۵,لردگان,lordegan,home-and-kitchen,kitchen-appliances
۰۹۱۳۸۸۷۱۴۵۴,لردگان,lordegan,home-and-kitchen,kitchen-appliances
(پنهان‌شده؛ چت کنید),لردگان,lordegan,home-and-kitchen,kitchen-appliances
۰۹۲۱۳۱۹۰۴۱۷,لردگان,lordegan,home-and-kitchen,kitchen-appliances
۰۹۱۳۵۴۹۷۶۷۹,لردگان,lordegan,home-and-kitchen,kitchen-appliances
۰۹۱۳۸۷۵۵۸۶۵,لردگان,lordegan,home-and-kitchen,kitchen-appliances
۰۹۲۲۹۷۳۱۱۳۲,لردگان,lordegan,home-and-kitchen,home-appliances
۰۹۱۳۲۸۳۷۶۵۰,لردگان,lordegan,home-and-kitchen,home-appliances
۰۹۱۶۲۲۵۶۳۹۵,لردگان,lordegan,home-and-kitchen,home-appliances
۰۹۱۳۹۸۳۵۶۲۱,لردگان,lordegan,home-and-kitchen,building-garden
(پنهان‌شده؛ چت کنید),لردگان,lordegan,home-and-kitchen,building-garden
۰۹۱۳۸۸۷۰۵۳۰,لردگان,lordegan,home-and-kitchen,building-garden
۰۹۱۳۸۸۷۰۵۳۰,لردگان,lordegan,home-and-kitchen,building-garden
۰۹۱۶۲۲۵۸۳۲۵,لردگان,lordegan,services,vehicles-services
۰۹۱۳۳۸۵۳۳۴۵,لردگان,lordegan,services,catering-services
۰۹۱۰۳۸۹۹۲۱۴,لردگان,lordegan,services,catering-services
۰۹۰۵۴۳۲۹۸۰۵,لردگان,lordegan,services,technology-services
۰۹۰۵۴۳۲۹۸۰۴,لردگان,lordegan,services,technology-services
۰۹۳۷۲۲۹۳۰۱۴,لردگان,lordegan,services,technology-services
۰۹۰۵۴۳۲۹۸۰۴,لردگان,lordegan,services,technology-services
۰۹۳۷۲۲۹۳۰۱۴,لردگان,lordegan,services,technology-services
۰۹۰۵۴۳۲۹۸۰۵,لردگان,lordegan,services,technology-services
۰۹۰۵۴۳۲۹۸۰۵,لردگان,lordegan,services,technology-services
۰۹۰۵۴۳۲۹۸۰۴,لردگان,lordegan,services,technology-services
۰۹۰۵۴۳۲۹۸۰۵,لردگان,lordegan,services,technology-services
۰۹۱۳۵۰۸۸۷۵۵,لردگان,lordegan,services,technology-services
۰۹۰۵۴۳۲۹۸۰۵,لردگان,lordegan,services,technology-services
۰۹۰۵۴۳۲۹۸۰۵,لردگان,lordegan,services,technology-services
۰۹۳۷۲۲۹۳۰۱۴,لردگان,lordegan,services,technology-services
۰۹۰۵۴۳۲۹۸۰۵,لردگان,lordegan,services,technology-services
۰۹۳۷۲۲۹۳۰۱۴,لردگان,lordegan,services,technology-services
۰۹۰۵۴۳۲۹۸۰۵,لردگان,lordegan,services,technology-services
۰۹۳۷۲۲۹۳۰۱۴,لردگان,lordegan,services,technology-services
۰۹۳۷۲۲۹۳۰۱۴,لردگان,lordegan,services,technology-services
۰۹۳۷۲۲۹۳۰۱۴,لردگان,lordegan,services,technology-services
۰۹۳۷۲۲۹۳۰۱۴,لردگان,lordegan,services,technology-services
۰۹۳۷۲۲۹۳۰۱۴,لردگان,lordegan,services,technology-services
۰۹۳۷۲۲۹۳۰۱۴,لردگان,lordegan,services,technology-services
۰۹۰۵۴۳۲۹۸۰۵,لردگان,lordegan,services,technology-services
۰۹۳۷۲۲۹۳۰۱۴,لردگان,lordegan,services,technology-services
۰۹۰۵۴۳۲۹۸۰۵,لردگان,lordegan,services,technology-services
۰۹۹۰۵۳۸۶۴۷۵,لردگان,lordegan,services,financial-services
۰۹۱۰۳۸۷۰۱۹۵,لردگان,lordegan,services,financial-services
۰۹۹۰۵۳۸۶۴۷۵,لردگان,lordegan,services,financial-services
۰۹۱۳۰۰۴۹۶۰۱,لردگان,lordegan,services,financial-services
۰۹۹۰۶۹۴۷۵۴۴,لردگان,lordegan,services,transport-logistic-services
۰۹۱۳۰۰۴۸۵۶۳,لردگان,lordegan,services,transport-logistic-services
۰۹۱۳۰۳۴۰۸۲۰,لردگان,lordegan,services,transport-logistic-services
۰۹۹۲۰۸۵۱۰۲۳,لردگان,lordegan,services,craft-skill-services
۰۹۱۳۰۲۲۵۳۲۸,لردگان,lordegan,services,craft-skill-services
۰۹۱۳۹۸۲۳۳۰۲,لردگان,lordegan,services,craft-skill-services
۰۹۹۱۵۲۴۶۵۲۹,لردگان,lordegan,services,craft-skill-services
۰۹۹۱۵۲۴۶۵۲۹,لردگان,lordegan,services,craft-skill-services
۰۹۹۱۵۲۴۶۵۲۹,لردگان,lordegan,services,craft-skill-services
۰۹۹۱۵۲۴۶۵۲۹,لردگان,lordegan,services,craft-skill-services
۰۹۱۳۹۲۸۲۷۷۰,لردگان,lordegan,services,craft-skill-services
۰۹۹۱۵۲۴۶۵۲۹,لردگان,lordegan,services,craft-skill-services
۰۹۹۱۵۲۴۶۵۲۹,لردگان,lordegan,services,craft-skill-services
۰۹۹۱۵۲۴۶۵۲۹,لردگان,lordegan,services,craft-skill-services
۰۹۹۱۵۲۴۶۵۲۹,لردگان,lordegan,services,craft-skill-services
۰۹۱۳۹۲۸۲۷۷۰,لردگان,lordegan,services,craft-skill-services
۰۹۹۱۵۲۴۶۵۲۹,لردگان,lordegan,services,craft-skill-services
۰۹۱۳۹۰۵۲۶۹۶,لردگان,lordegan,services,craft-skill-services
۰۹۳۳۷۲۲۴۲۳۳,لردگان,lordegan,services,craft-skill-services
۰۹۱۶۲۲۴۱۵۴۱,لردگان,lordegan,services,craft-skill-services
۰۹۱۳۸۸۸۴۰۷۲,لردگان,lordegan,services,craft-skill-services
۰۹۱۳۷۰۰۶۶۵۷,لردگان,lordegan,services,craft-skill-services
۰۹۱۶۴۲۵۶۶۲۴,لردگان,lordegan,services,craft-skill-services
۰۹۳۸۰۰۷۴۲۰۷,لردگان,lordegan,services,craft-skill-services
۰۹۹۰۳۶۱۵۴۹۱,لردگان,lordegan,services,craft-skill-services
۰۹۹۱۵۲۴۶۵۲۹,لردگان,lordegan,services,craft-skill-services
۰۹۹۱۵۲۴۶۵۲۹,لردگان,lordegan,services,craft-skill-services
۰۹۹۱۵۲۴۶۵۲۹,لردگان,lordegan,services,craft-skill-services
۰۹۹۱۵۲۴۶۵۲۹,لردگان,lordegan,services,craft-skill-services
۰۹۹۱۵۲۴۶۵۲۹,لردگان,lordegan,services,craft-skill-services
۰۹۹۱۵۲۴۶۵۲۹,لردگان,lordegan,services,craft-skill-services
۰۹۱۶۲۲۳۰۴۰۷,لردگان,lordegan,services,beauty-services
۰۹۱۳۹۸۰۸۵۹۵,لردگان,lordegan,services,beauty-services
۰۹۹۱۰۳۲۸۶۷۱,لردگان,lordegan,services,beauty-services
۰۹۱۰۴۶۳۳۵۵۱,لردگان,lordegan,services,cleaning-services
۰۹۱۳۷۷۱۲۵۴۱,لردگان,lordegan,services,gardening-services
۰۹۱۳۰۰۴۹۴۵۳,لردگان,lordegan,services,gardening-services
۰۹۱۳۳۸۰۰۶۶۹,لردگان,lordegan,services,gardening-services
۰۹۱۰۳۹۷۹۲۲۶,لردگان,lordegan,services,teaching-services
۰۹۱۶۲۲۷۴۱۹۸,لردگان,lordegan,services,teaching-services
۰۹۳۸۱۳۷۴۵۹۹,لردگان,lordegan,services,teaching-services
۰۹۹۸۱۲۸۴۳۹۴,لردگان,lordegan,services,teaching-services
۰۹۱۳۹۸۸۰۸۰۰,لردگان,lordegan,personal-goods,apparel
(پنهان‌شده؛ چت کنید),لردگان,lordegan,personal-goods,apparel
۰۹۲۲۹۹۵۶۹۲۱,لردگان,lordegan,personal-goods,apparel
۰۹۱۷۵۷۰۲۵۹۱,لردگان,lordegan,personal-goods,apparel
۰۹۱۳۶۷۷۹۸۴۴,لردگان,lordegan,personal-goods,apparel
۰۹۹۱۶۳۲۵۷۴۵,لردگان,lordegan,personal-goods,apparel
۰۹۱۴۰۸۰۵۰۴۴,لردگان,lordegan,personal-goods,apparel
(پنهان‌شده؛ چت کنید),لردگان,lordegan,personal-goods,apparel
۰۹۱۳۵۹۲۷۶۲۳,لردگان,lordegan,personal-goods,apparel
(پنهان‌شده؛ چت کنید),لردگان,lordegan,personal-goods,apparel
(پنهان‌شده؛ چت کنید),لردگان,lordegan,personal-goods,apparel
۰۹۳۷۴۳۹۰۵۲۴,لردگان,lordegan,personal-goods,apparel
۰۹۱۶۲۸۲۵۷۰۵,لردگان,lordegan,personal-goods,apparel
۰۹۱۸۴۱۰۲۳۱۷,لردگان,lordegan,personal-goods,apparel
۰۹۱۹۳۶۳۴۲۰۷,لردگان,lordegan,personal-goods,apparel
۰۹۱۴۰۷۶۳۱۸۱,لردگان,lordegan,personal-goods,apparel
۰۹۱۴۰۷۶۳۱۸۱,لردگان,lordegan,personal-goods,apparel
۰۹۱۶۲۸۲۵۷۰۵,لردگان,lordegan,personal-goods,apparel
۰۹۱۴۰۷۹۲۸۰۸,لردگان,lordegan,personal-goods,apparel
۰۹۹۲۱۴۹۶۶۰۲,لردگان,lordegan,personal-goods,apparel
۰۹۹۲۱۴۹۸۱۲۷,لردگان,lordegan,personal-goods,accessories
۰۹۱۳۴۸۲۵۹۵۰,لردگان,lordegan,personal-goods,accessories
۰۹۱۳۹۸۸۰۷۸۸,لردگان,lordegan,personal-goods,accessories
۰۹۱۳۵۱۱۷۱۰۸,لردگان,lordegan,personal-goods,accessories
۰۹۱۶۹۲۲۴۵۷۰,لردگان,lordegan,personal-goods,accessories
۰۹۱۳۵۱۱۳۱۷۶,لردگان,lordegan,personal-goods,accessories
۰۹۳۶۰۴۳۷۰۹۵,لردگان,lordegan,personal-goods,accessories
۰۹۱۳۲۸۷۸۳۳۱,لردگان,lordegan,personal-goods,accessories
۰۹۱۳۵۱۱۳۱۷۶,لردگان,lordegan,personal-goods,beauty-and-personal-care
۰۹۳۰۴۶۶۱۲۱۴,لردگان,lordegan,personal-goods,beauty-and-personal-care
۰۹۱۳۶۷۷۹۸۴۴,لردگان,lordegan,personal-goods,beauty-and-personal-care
(پنهان‌شده؛ چت کنید),لردگان,lordegan,personal-goods,child-products
(پنهان‌شده؛ چت کنید),لردگان,lordegan,personal-goods,child-products
۰۹۱۳۶۷۳۰۸۳۳,لردگان,lordegan,personal-goods,child-products
۰۹۹۰۶۹۴۷۵۴۴,لردگان,lordegan,personal-goods,stationery
۰۹۱۴۰۸۴۴۵۹۷,لردگان,lordegan,entertainment,publication
۰۹۱۳۱۸۵۶۹۳۱,لردگان,lordegan,entertainment,publication
(پنهان‌شده؛ چت کنید),لردگان,lordegan,entertainment,bike-skate-scooter
۰۹۱۳۹۸۶۷۰۴۵,لردگان,lordegan,entertainment,bike-skate-scooter
(پنهان‌شده؛ چت کنید),لردگان,lordegan,entertainment,bike-skate-scooter
۰۹۳۸۰۳۱۲۹۵۶,لردگان,lordegan,entertainment,bike-skate-scooter
۰۹۰۱۰۲۷۸۹۰۶,لردگان,lordegan,entertainment,bike-skate-scooter
۰۹۰۱۰۲۷۸۹۰۶,لردگان,lordegan,entertainment,bike-skate-scooter
۰۹۰۱۰۲۷۸۹۰۶,لردگان,lordegan,entertainment,bike-skate-scooter
(پنهان‌شده؛ چت کنید),لردگان,lordegan,entertainment,pets-animals
۰۹۱۳۹۲۹۹۹۲۸,لردگان,lordegan,entertainment,pets-animals
۰۹۰۳۶۰۵۶۹۹۷,لردگان,lordegan,entertainment,pets-animals
۰۹۱۶۲۸۵۵۳۶۲,لردگان,lordegan,entertainment,pets-animals
۰۹۱۳۹۸۴۱۱۶۲,لردگان,lordegan,entertainment,pets-animals
(پنهان‌شده؛ چت کنید),لردگان,lordegan,entertainment,pets-animals
(پنهان‌شده؛ چت کنید),لردگان,lordegan,entertainment,pets-animals
۰۹۱۷۶۶۲۸۵۳۱,لردگان,lordegan,entertainment,pets-animals
۰۹۰۳۳۸۶۵۲۰۵,لردگان,lordegan,entertainment,pets-animals
۰۹۱۳۸۸۸۸۰۲۶,لردگان,lordegan,entertainment,pets-animals
۰۹۱۳۰۰۵۹۰۹۵,لردگان,lordegan,entertainment,pets-animals
۰۹۱۳۶۷۴۲۸۷۳,لردگان,lordegan,entertainment,pets-animals
۰۹۱۳۵۰۸۹۵۳۳,لردگان,lordegan,entertainment,pets-animals
۰۹۱۳۶۰۵۸۵۵۷,لردگان,lordegan,entertainment,pets-animals
(پنهان‌شده؛ چت کنید),لردگان,lordegan,entertainment,pets-animals
۰۹۰۳۴۷۱۶۹۲۸,لردگان,lordegan,entertainment,pets-animals
۰۹۱۳۴۸۲۷۱۷۹,لردگان,lordegan,entertainment,pets-animals
۰۹۱۹۴۰۵۳۱۴۱,لردگان,lordegan,entertainment,pets-animals
۰۹۱۶۲۲۷۵۶۶۸,لردگان,lordegan,entertainment,pets-animals
۰۹۱۶۲۳۴۸۰۰۹,لردگان,lordegan,entertainment,pets-animals
(پنهان‌شده؛ چت کنید),لردگان,lordegan,entertainment,pets-animals
۰۹۱۶۲۳۴۸۰۰۹,لردگان,lordegan,entertainment,pets-animals
۰۹۱۶۲۳۴۸۰۰۹,لردگان,lordegan,entertainment,pets-animals
۰۹۱۶۲۹۳۳۸۷۳,لردگان,lordegan,entertainment,pets-animals
۰۹۳۷۲۳۷۷۰۶۵,لردگان,lordegan,entertainment,pets-animals
۰۹۱۷۵۹۷۸۹۷۲,لردگان,lordegan,entertainment,pets-animals
۰۹۱۴۰۸۲۸۲۵۵,لردگان,lordegan,entertainment,pets-animals
۰۹۹۲۱۶۶۴۴۱۹,لردگان,lordegan,entertainment,pets-animals
۰۹۱۳۵۱۱۳۳۸۷,لردگان,lordegan,entertainment,pets-animals
۰۹۱۳۹۸۸۴۰۹۷,لردگان,lordegan,entertainment,pets-animals
۰۹۱۳۸۷۹۶۶۷۶,لردگان,lordegan,entertainment,pets-animals
۰۹۱۳۷۷۳۵۲۸۸,لردگان,lordegan,entertainment,pets-animals
۰۹۱۰۳۹۶۵۰۶۹,لردگان,lordegan,entertainment,sport-entertainment
۰۹۱۳۶۱۶۱۹۹۹,لردگان,lordegan,entertainment,sport-entertainment
۰۹۱۳۱۸۴۷۱۶۳,لردگان,lordegan,entertainment,sport-entertainment
۰۹۱۳۸۸۷۰۰۳۶,لردگان,lordegan,entertainment,sport-entertainment
۰۹۱۳۷۳۲۳۸۷۹,لردگان,lordegan,entertainment,sport-entertainment
(پنهان‌شده؛ چت کنید),لردگان,lordegan,entertainment,sport-entertainment
۰۹۱۳۹۸۸۴۷۲۵,لردگان,lordegan,entertainment,sport-entertainment
۰۹۲۲۵۰۵۲۶۶۳,لردگان,lordegan,social-services,event
۰۹۹۲۷۶۵۸۰۷۸,لردگان,lordegan,social-services,event
۰۹۰۱۳۶۹۰۸۵۷,لردگان,lordegan,social-services,event
۰۹۹۲۷۷۸۴۱۰۳,لردگان,lordegan,social-services,event
۰۹۰۱۳۶۹۰۸۴۰,لردگان,lordegan,social-services,event
۰۹۱۸۹۰۷۸۶۸۹,لردگان,lordegan,social-services,event
۰۹۳۷۲۶۷۹۰۹۹,لردگان,lordegan,social-services,event
۰۹۲۲۹۳۴۳۲۵۵,لردگان,lordegan,social-services,event
۰۹۱۳۶۵۷۳۸۱۷,لردگان,lordegan,social-services,missing
(پنهان‌شده؛ چت کنید),لردگان,lordegan,social-services,missing
۰۹۹۲۴۷۴۷۷۹۰,لردگان,lordegan,businesses,business-equipment
(پنهان‌شده؛ چت کنید),لردگان,lordegan,businesses,business-equipment
۰۹۱۳۰۰۵۷۳۶۴,لردگان,lordegan,businesses,business-equipment
۰۹۲۲۹۴۶۷۷۱۶,لردگان,lordegan,businesses,business-equipment
۰۹۲۲۹۴۶۷۷۱۶,لردگان,lordegan,businesses,business-equipment
۰۹۲۲۹۴۶۷۷۱۶,لردگان,lordegan,businesses,business-equipment
۰۹۲۲۹۴۶۷۷۱۶,لردگان,lordegan,businesses,business-equipment
۰۹۲۲۹۴۶۷۷۱۶,لردگان,lordegan,businesses,business-equipment
۰۹۲۲۹۴۶۷۷۱۶,لردگان,lordegan,businesses,business-equipment
۰۹۱۶۷۷۵۱۲۷۶,لردگان,lordegan,businesses,business-equipment
۰۹۱۳۵۹۳۲۵۱۷,لردگان,lordegan,businesses,business-equipment
۰۹۱۳۴۸۲۴۲۹۹,لردگان,lordegan,businesses,business-equipment
۰۹۲۲۹۴۶۷۷۱۶,لردگان,lordegan,businesses,business-equipment
۰۹۲۲۹۴۶۷۷۱۶,لردگان,lordegan,businesses,business-equipment
۰۹۲۲۹۴۶۷۷۱۶,لردگان,lordegan,businesses,business-equipment
۰۹۲۲۹۴۶۷۷۱۶,لردگان,lordegan,businesses,business-equipment
۰۹۱۳۹۸۰۸۴۹۲,لردگان,lordegan,businesses,business-equipment
۰۹۱۳۹۸۸۳۷۸۶,لردگان,lordegan,businesses,business-equipment
۰۹۹۰۴۹۴۵۵۹۲,لردگان,lordegan,businesses,business-equipment
۰۹۱۳۹۸۶۷۴۸۸,لردگان,lordegan,businesses,business-equipment
۰۹۱۷۴۹۵۶۶۹۱,لردگان,lordegan,businesses,business-equipment
۰۹۱۴۰۲۵۶۵۱۱,لردگان,lordegan,businesses,business-equipment
۰۹۱۳۵۴۹۷۶۷۹,لردگان,lordegan,businesses,business-equipment
۰۹۲۲۹۵۶۵۱۲۱,لردگان,lordegan,businesses,business-equipment
۰۹۹۲۴۸۸۴۲۷۷,لردگان,lordegan,businesses,business-equipment
۰۹۱۶۸۱۷۸۶۶۱,لردگان,lordegan,businesses,business-equipment
۰۹۲۲۹۵۶۵۱۴۱,لردگان,lordegan,businesses,business-equipment
۰۹۱۳۹۸۶۷۴۸۸,لردگان,lordegan,businesses,business-equipment
۰۹۱۶۲۸۲۵۷۰۵,لردگان,lordegan,businesses,business-equipment
۰۹۳۶۸۸۱۹۲۰۰,لردگان,lordegan,businesses,business-equipment
۰۹۹۲۴۹۰۹۳۵۶,لردگان,lordegan,businesses,business-equipment
۰۹۹۱۵۹۴۳۹۹۰,لردگان,lordegan,businesses,business-equipment
۰۹۹۲۴۹۰۹۷۴۳,لردگان,lordegan,businesses,business-equipment
۰۹۰۲۰۵۵۲۲۹۵,لردگان,lordegan,businesses,business-equipment
۰۹۱۳۱۱۵۳۰۵۳,لردگان,lordegan,businesses,business-equipment
۰۹۱۳۵۴۹۹۳۳۸,لردگان,lordegan,businesses,business-equipment
۰۹۱۳۲۸۴۶۱۴۱,لردگان,lordegan,businesses,business-equipment
۰۹۱۳۴۲۰۷۶۲۸,لردگان,lordegan,businesses,business-equipment
۰۹۱۷۴۹۵۶۶۹۱,لردگان,lordegan,businesses,business-equipment
۰۹۱۳۹۷۷۶۵۰۳,لردگان,lordegan,businesses,business-equipment
۰۹۳۵۴۶۶۶۳۴۹,لردگان,lordegan,businesses,business-equipment
۰۹۱۳۲۸۳۷۸۵۵,لردگان,lordegan,businesses,wholesale
۰۹۱۳۶۰۵۲۲۶۹,لردگان,lordegan,businesses,wholesale
۰۹۱۳۸۸۸۲۲۰۲,لردگان,lordegan,businesses,wholesale
۰۹۱۳۷۸۶۸۸۶۱,لردگان,lordegan,businesses,wholesale
۰۹۱۶۷۷۵۱۲۷۶,لردگان,lordegan,businesses,wholesale
۰۹۱۳۰۳۴۰۸۳۰,لردگان,lordegan,businesses,wholesale
۰۹۱۳۷۱۲۷۵۶۰,لردگان,lordegan,businesses,wholesale
۰۹۱۳۰۰۷۹۳۲۷,لردگان,lordegan,businesses,wholesale
۰۹۱۳۳۸۵۴۴۸۲,لردگان,lordegan,businesses,wholesale
۰۹۱۳۹۶۵۵۳۳۱,لردگان,lordegan,businesses,wholesale
۰۹۱۶۴۷۰۲۷۴۹,لردگان,lordegan,businesses,wholesale
۰۹۹۱۰۱۶۴۸۱۵,لردگان,lordegan,businesses,wholesale
۰۹۱۳۷۹۸۲۱۴۸,لردگان,lordegan,businesses,wholesale
۰۹۱۳۰۵۸۹۵۹۳,لردگان,lordegan,businesses,wholesale
۰۹۱۳۰۶۶۲۱۰۲,لردگان,lordegan,businesses,wholesale
۰۹۱۷۶۲۶۲۷۸۶,لردگان,lordegan,businesses,wholesale
۰۹۱۶۲۱۹۲۰۷۷,لردگان,lordegan,businesses,wholesale
۰۹۱۶۵۱۹۱۹۳۶,لردگان,lordegan,businesses,wholesale
۰۹۰۱۹۷۳۰۷۷۶,لردگان,lordegan,businesses,wholesale
۰۹۱۱۵۲۴۴۹۹۰,لردگان,lordegan,businesses,wholesale
۰۹۹۲۷۷۸۴۱۰۳,لردگان,lordegan,businesses,wholesale
۰۹۱۳۴۸۲۴۲۹۹,لردگان,lordegan,businesses,wholesale
۰۹۱۳۶۹۴۳۸۵۴,لردگان,lordegan,businesses,wholesale
۰۹۱۳۷۳۲۴۳۹۷,لردگان,lordegan,businesses,wholesale
۰۹۳۳۶۰۸۲۰۵۵,لردگان,lordegan,businesses,wholesale
۰۹۱۳۷۷۲۰۷۴۸,لردگان,lordegan,businesses,wholesale
۰۹۳۸۶۵۴۱۱۲۹,لردگان,lordegan,businesses,wholesale
۰۹۱۳۱۸۵۵۷۲۰,لردگان,lordegan,businesses,wholesale
۰۹۱۳۲۸۱۷۶۴۰,لردگان,lordegan,businesses,wholesale
۰۹۹۲۸۴۰۹۳۴۹,لردگان,lordegan,businesses,wholesale
۰۹۱۳۶۲۹۱۳۹۰,لردگان,lordegan,businesses,wholesale
۰۹۱۳۱۸۴۶۳۷۲,لردگان,lordegan,businesses,wholesale
۰۹۱۹۲۸۴۶۵۲۹,لردگان,lordegan,businesses,wholesale
۰۹۹۱۴۲۰۳۸۵۷,لردگان,lordegan,businesses,wholesale
۰۹۱۳۹۷۸۳۲۹۴,لردگان,lordegan,businesses,wholesale
۰۹۳۶۵۳۴۹۰۱۲,لردگان,lordegan,businesses,wholesale
