۰۹۱۵۳۲۵۰۹۵۶,محلات,mahalat,real-estate,buy-residential
۰۹۳۵۱۲۹۳۸۶۲,محلات,mahalat,real-estate,buy-residential
۰۹۱۲۵۷۲۵۸۱۲,محلات,mahalat,real-estate,buy-residential
۰۹۱۸۳۶۶۰۷۸۶,محلات,mahalat,real-estate,buy-residential
۰۹۳۸۸۲۰۵۵۷۸,محلات,mahalat,real-estate,buy-residential
۰۹۱۸۳۶۹۴۰۲۹,محلات,mahalat,real-estate,buy-residential
۰۹۱۹۰۶۳۱۶۰۶,محلات,mahalat,real-estate,buy-residential
۰۹۳۸۰۸۷۱۷۹۲,محلات,mahalat,real-estate,buy-residential
۰۹۱۲۲۱۱۸۷۰۷,محلات,mahalat,real-estate,buy-residential
۰۹۱۹۳۴۹۵۲۴۸,محلات,mahalat,real-estate,buy-residential
۰۹۳۶۲۲۵۱۱۶۱,محلات,mahalat,real-estate,buy-residential
۰۹۳۸۸۲۰۵۵۷۸,محلات,mahalat,real-estate,buy-residential
۰۹۱۸۳۶۹۴۸۷۴,محلات,mahalat,real-estate,buy-residential
۰۹۱۸۹۵۹۰۲۶۱,محلات,mahalat,real-estate,buy-residential
۰۹۱۸۶۹۶۹۱۴۱,محلات,mahalat,real-estate,buy-residential
۰۹۲۱۲۴۰۷۵۷۶,محلات,mahalat,real-estate,buy-residential
۰۹۱۲۳۴۵۰۹۲۱,محلات,mahalat,real-estate,buy-residential
۰۹۱۹۸۵۱۵۲۰۱,محلات,mahalat,real-estate,buy-residential
۰۹۱۸۳۶۵۸۱۲۵,محلات,mahalat,real-estate,buy-residential
۰۹۹۰۵۷۵۰۸۴۳,محلات,mahalat,real-estate,buy-residential
۰۹۱۸۳۶۵۴۱۵۵,محلات,mahalat,real-estate,buy-residential
۰۹۱۸۷۶۶۱۲۹۹,محلات,mahalat,real-estate,buy-residential
۰۹۲۱۱۷۵۰۹۱۸,محلات,mahalat,real-estate,buy-residential
۰۹۱۹۶۴۸۴۵۶۲,محلات,mahalat,real-estate,buy-residential
۰۹۱۲۴۲۰۴۸۶۶,محلات,mahalat,real-estate,buy-residential
۰۹۳۶۱۸۶۸۳۸۴,محلات,mahalat,real-estate,buy-residential
۰۹۱۸۳۶۱۸۸۱۷,محلات,mahalat,real-estate,buy-residential
۰۹۱۹۹۱۱۹۸۱۹,محلات,mahalat,real-estate,buy-residential
۰۹۱۹۸۳۰۲۸۵۳,محلات,mahalat,real-estate,buy-residential
۰۹۱۶۶۳۳۱۳۲۰,محلات,mahalat,real-estate,buy-residential
۰۹۱۲۸۷۲۱۷۰۳,محلات,mahalat,real-estate,buy-residential
۰۹۱۲۳۴۰۴۷۶۰,محلات,mahalat,real-estate,buy-residential
۰۹۹۰۲۰۹۰۴۹۲,محلات,mahalat,real-estate,rent-residential
۰۹۱۹۸۰۳۳۷۸۹,محلات,mahalat,real-estate,rent-residential
۰۹۱۸۱۶۲۲۲۴۶,محلات,mahalat,real-estate,rent-residential
۰۹۱۸۹۶۵۶۳۳۴,محلات,mahalat,real-estate,rent-residential
۰۹۲۲۹۲۷۶۷۸۰,محلات,mahalat,real-estate,buy-commercial-property
۰۹۹۱۸۷۱۹۰۴۱,محلات,mahalat,real-estate,buy-commercial-property
۰۹۱۹۵۸۷۶۰۰۴,محلات,mahalat,real-estate,buy-commercial-property
۰۹۱۲۵۰۱۶۰۳۵,محلات,mahalat,real-estate,buy-commercial-property
۰۹۱۹۵۸۷۶۰۰۴,محلات,mahalat,real-estate,buy-commercial-property
۰۹۳۷۹۳۵۴۲۴۵,محلات,mahalat,real-estate,rent-temporary
۰۹۱۸۶۹۲۵۵۰۳,محلات,mahalat,real-estate,rent-temporary
۰۹۳۷۶۵۴۱۴۴۴,محلات,mahalat,real-estate,rent-temporary
۰۹۱۸۵۲۴۲۲۱۳,محلات,mahalat,real-estate,real-estate-services
۰۹۱۲۵۸۰۵۳۶۵,محلات,mahalat,vehicles,auto
۰۹۳۵۳۷۷۱۸۹۴,محلات,mahalat,vehicles,auto
۰۹۱۸۳۶۶۰۱۳۱,محلات,mahalat,vehicles,auto
۰۹۱۸۷۶۵۷۲۶۴,محلات,mahalat,vehicles,auto
۰۹۱۸۹۶۸۲۳۶۶,محلات,mahalat,vehicles,auto
۰۹۱۸۶۹۹۶۵۲۸,محلات,mahalat,vehicles,auto
۰۹۱۸۳۶۵۱۰۶۷,محلات,mahalat,vehicles,auto
۰۹۱۰۰۰۳۲۱۵۸,محلات,mahalat,vehicles,auto
۰۹۹۱۰۸۹۳۹۷۷,محلات,mahalat,vehicles,auto
۰۹۱۲۹۷۳۷۶۹۱,محلات,mahalat,vehicles,auto
۰۹۱۸۳۶۹۴۶۵۳,محلات,mahalat,vehicles,auto
۰۹۱۸۳۶۶۰۴۱۴,محلات,mahalat,vehicles,auto
۰۹۱۸۳۶۵۵۷۱۳,محلات,mahalat,vehicles,auto
۰۹۱۸۸۶۶۵۷۷۲,محلات,mahalat,vehicles,auto
۰۹۱۸۳۶۹۸۰۲۰,محلات,mahalat,vehicles,auto
۰۹۱۸۹۶۵۴۵۱۴,محلات,mahalat,vehicles,auto
۰۹۱۲۴۰۹۱۶۹۶,محلات,mahalat,vehicles,auto
۰۹۳۰۶۹۹۶۴۲۳,محلات,mahalat,vehicles,auto
۰۹۱۲۷۵۳۲۹۷۵,محلات,mahalat,vehicles,auto
۰۹۱۲۰۸۱۶۰۰۷,محلات,mahalat,vehicles,auto
۰۹۱۸۳۶۵۸۱۹۵,محلات,mahalat,vehicles,auto
۰۹۱۸۶۴۳۴۰۰۲,محلات,mahalat,vehicles,auto
۰۹۳۸۳۸۷۴۶۹۴,محلات,mahalat,vehicles,auto
۰۹۱۲۱۵۱۳۵۵۰,محلات,mahalat,vehicles,auto
۰۹۱۹۳۱۷۱۹۳۶,محلات,mahalat,vehicles,auto
۰۹۱۸۳۶۶۳۵۴۸,محلات,mahalat,vehicles,auto
۰۹۱۲۸۶۶۳۶۶۲,محلات,mahalat,vehicles,auto
۰۹۱۲۸۶۶۳۶۶۲,محلات,mahalat,vehicles,auto
۰۹۱۹۳۶۱۳۰۳۳,محلات,mahalat,vehicles,auto
۰۹۱۹۳۶۱۳۰۳۳,محلات,mahalat,vehicles,auto
۰۹۱۸۳۶۶۲۹۹۸,محلات,mahalat,vehicles,auto
۰۹۱۸۶۹۳۳۰۵۲,محلات,mahalat,vehicles,auto
۰۹۱۸۶۴۰۷۹۴۲,محلات,mahalat,vehicles,auto
۰۹۱۸۳۶۹۳۵۰۳,محلات,mahalat,vehicles,auto
۰۹۱۲۶۷۷۷۲۴۸,محلات,mahalat,vehicles,auto
۰۹۳۷۱۱۶۹۱۶۰,محلات,mahalat,vehicles,auto
۰۹۲۱۲۵۹۳۹۶۰,محلات,mahalat,vehicles,auto
۰۹۱۸۸۶۶۹۳۶۷,محلات,mahalat,vehicles,auto
۰۹۱۸۹۶۷۰۱۲۵,محلات,mahalat,vehicles,auto
۰۹۱۸۹۶۱۷۹۲۱,محلات,mahalat,vehicles,auto
۰۹۱۹۸۶۲۲۴۶۹,محلات,mahalat,vehicles,auto
۰۹۳۸۹۴۸۲۱۰۰,محلات,mahalat,vehicles,auto
۰۹۹۱۲۷۹۵۹۲۲,محلات,mahalat,vehicles,auto
۰۹۱۸۶۴۰۲۱۲۳,محلات,mahalat,vehicles,auto
۰۹۱۸۶۴۲۲۶۷۱,محلات,mahalat,vehicles,auto
۰۹۱۸۸۶۶۲۷۸۹,محلات,mahalat,vehicles,auto
۰۹۱۲۰۱۹۶۷۳۳,محلات,mahalat,vehicles,auto
۰۹۳۹۰۹۲۸۵۷۱,محلات,mahalat,vehicles,auto
۰۹۱۸۴۹۳۰۲۰۷,محلات,mahalat,vehicles,auto
۰۹۱۸۹۵۷۴۴۶۹,محلات,mahalat,vehicles,auto
۰۹۹۰۴۳۳۷۸۷۶,محلات,mahalat,vehicles,auto
۰۹۱۸۳۶۵۵۷۱۳,محلات,mahalat,vehicles,car-accessories
۰۹۱۹۸۹۵۷۰۲۸,محلات,mahalat,vehicles,car-accessories
۰۹۱۸۴۳۶۰۸۱۹,محلات,mahalat,vehicles,car-accessories
۰۹۱۸۹۶۶۵۶۹۷,محلات,mahalat,vehicles,car-accessories
۰۹۳۷۶۰۷۲۷۴۸,محلات,mahalat,vehicles,car-accessories
۰۹۳۶۵۱۴۴۳۴۴,محلات,mahalat,vehicles,car-accessories
۰۹۱۸۸۶۶۴۲۲۸,محلات,mahalat,vehicles,car-accessories
۰۹۱۲۴۵۴۹۶۹۱,محلات,mahalat,vehicles,car-accessories
۰۹۰۳۰۴۶۴۵۹۲,محلات,mahalat,vehicles,car-accessories
۰۹۳۰۱۵۲۴۱۴۱,محلات,mahalat,vehicles,car-accessories
۰۹۱۸۳۴۷۶۷۰۲,محلات,mahalat,vehicles,car-accessories
۰۹۱۸۳۴۷۶۷۰۲,محلات,mahalat,vehicles,car-accessories
۰۹۱۲۸۶۶۱۲۰۵,محلات,mahalat,vehicles,car-accessories
۰۹۱۸۶۴۳۲۵۷۵,محلات,mahalat,vehicles,car-accessories
۰۹۳۶۶۸۳۳۰۷۶,محلات,mahalat,vehicles,car-accessories
۰۹۹۰۵۲۷۰۹۱۹,محلات,mahalat,vehicles,car-accessories
۰۹۱۸۹۶۵۲۶۷۹,محلات,mahalat,vehicles,car-accessories
۰۹۹۰۵۲۷۰۹۱۹,محلات,mahalat,vehicles,car-accessories
۰۹۳۳۶۳۳۳۴۴۷,محلات,mahalat,vehicles,car-accessories
۰۹۰۳۰۱۰۶۹۹۲,محلات,mahalat,vehicles,motorcycles
۰۹۹۱۹۴۵۹۸۴۶,محلات,mahalat,vehicles,motorcycles
۰۹۱۸۹۶۸۶۶۸۲,محلات,mahalat,vehicles,motorcycles
۰۹۱۸۳۶۹۱۷۰۳,محلات,mahalat,vehicles,motorcycles
۰۹۱۸۳۶۹۱۷۰۳,محلات,mahalat,vehicles,motorcycles
۰۹۰۳۰۴۶۴۵۹۲,محلات,mahalat,vehicles,motorcycles
۰۹۱۸۶۰۴۹۳۹۶,محلات,mahalat,vehicles,motorcycles
۰۹۹۰۵۲۷۰۹۱۹,محلات,mahalat,vehicles,motorcycles
۰۹۱۸۳۶۹۵۵۷۰,محلات,mahalat,vehicles,motorcycles
۰۹۳۵۹۱۶۳۳۱۱,محلات,mahalat,vehicles,motorcycles
۰۹۱۸۸۴۸۶۶۵۸,محلات,mahalat,vehicles,motorcycles
۰۹۱۸۳۶۵۴۰۸۵,محلات,mahalat,electronic-devices,mobile-tablet
(پنهان‌شده؛ چت کنید),محلات,mahalat,electronic-devices,mobile-tablet
۰۹۳۵۷۴۸۳۷۱۹,محلات,mahalat,electronic-devices,mobile-tablet
۰۹۱۸۳۶۹۱۵۳۱,محلات,mahalat,electronic-devices,mobile-tablet
۰۹۹۰۴۱۹۲۵۴۹,محلات,mahalat,electronic-devices,mobile-tablet
۰۹۱۹۱۵۰۱۵۳۳,محلات,mahalat,electronic-devices,mobile-tablet
(پنهان‌شده؛ چت کنید),محلات,mahalat,electronic-devices,mobile-tablet
(پنهان‌شده؛ چت کنید),محلات,mahalat,electronic-devices,mobile-tablet
۰۹۱۸۹۶۵۰۴۲۶,محلات,mahalat,electronic-devices,mobile-tablet
۰۹۱۹۸۶۶۱۸۸۶,محلات,mahalat,electronic-devices,mobile-tablet
۰۹۳۳۵۸۹۱۰۲۱,محلات,mahalat,electronic-devices,mobile-tablet
(پنهان‌شده؛ چت کنید),محلات,mahalat,electronic-devices,mobile-tablet
(پنهان‌شده؛ چت کنید),محلات,mahalat,electronic-devices,mobile-tablet
۰۹۱۸۲۵۷۷۳۷۸,محلات,mahalat,electronic-devices,mobile-tablet
۰۹۱۹۹۳۲۸۶۶۱,محلات,mahalat,electronic-devices,mobile-tablet
۰۹۱۸۳۶۹۲۴۱۴,محلات,mahalat,electronic-devices,mobile-tablet
۰۹۱۸۳۹۳۷۹۸۸,محلات,mahalat,electronic-devices,mobile-tablet
۰۹۳۸۲۳۵۱۴۹۵,محلات,mahalat,electronic-devices,mobile-tablet
۰۹۳۹۷۷۳۴۴۱۴,محلات,mahalat,electronic-devices,mobile-tablet
۰۹۱۲۹۳۲۶۸۳۷,محلات,mahalat,electronic-devices,mobile-tablet
۰۹۱۹۵۶۳۸۸۲۸,محلات,mahalat,electronic-devices,computers
۰۹۱۸۶۹۲۵۸۹۶,محلات,mahalat,electronic-devices,computers
(پنهان‌شده؛ چت کنید),محلات,mahalat,electronic-devices,computers
۰۹۳۰۱۸۳۵۲۱۷,محلات,mahalat,electronic-devices,computers
۰۹۱۸۶۹۸۸۵۱۵,محلات,mahalat,electronic-devices,computers
۰۹۱۸۹۶۵۲۵۱۴,محلات,mahalat,electronic-devices,computers
(پنهان‌شده؛ چت کنید),محلات,mahalat,electronic-devices,computers
۰۹۳۰۳۰۸۲۱۶۰,محلات,mahalat,electronic-devices,computers
۰۹۱۹۰۲۷۸۷۸۰,محلات,mahalat,electronic-devices,computers
۰۹۱۹۱۵۰۱۵۳۳,محلات,mahalat,electronic-devices,computers
۰۹۱۸۶۰۲۷۰۱۲,محلات,mahalat,electronic-devices,game-consoles
۰۹۱۰۱۴۶۱۸۰۰,محلات,mahalat,electronic-devices,video-audio-device
۰۹۱۸۹۶۵۶۵۰۹,محلات,mahalat,electronic-devices,video-audio-device
(پنهان‌شده؛ چت کنید),محلات,mahalat,electronic-devices,video-audio-device
(پنهان‌شده؛ چت کنید),محلات,mahalat,electronic-devices,telephone
۰۹۹۰۴۰۰۸۸۶۷,محلات,mahalat,home-and-kitchen,home-decor-furniture
۰۹۱۸۷۶۶۴۰۵۶,محلات,mahalat,home-and-kitchen,home-decor-furniture
۰۹۱۸۸۶۸۷۰۲۳,محلات,mahalat,home-and-kitchen,home-decor-furniture
۰۹۱۸۸۶۶۸۴۷۴,محلات,mahalat,home-and-kitchen,home-decor-furniture
۰۹۱۸۶۵۱۴۱۴۸,محلات,mahalat,home-and-kitchen,home-decor-furniture
۰۹۱۸۶۵۱۴۱۴۸,محلات,mahalat,home-and-kitchen,home-decor-furniture
۰۹۱۸۳۹۳۷۹۸۸,محلات,mahalat,home-and-kitchen,home-decor-furniture
۰۹۱۸۳۶۶۹۸۰۵,محلات,mahalat,home-and-kitchen,home-decor-furniture
۰۹۲۲۱۲۳۱۶۷۶,محلات,mahalat,home-and-kitchen,home-decor-furniture
۰۹۲۱۱۰۳۴۶۱۱,محلات,mahalat,home-and-kitchen,home-decor-furniture
۰۹۲۱۱۰۳۴۶۱۱,محلات,mahalat,home-and-kitchen,home-decor-furniture
۰۹۱۸۹۶۵۶۵۰۹,محلات,mahalat,home-and-kitchen,home-decor-furniture
۰۹۱۸۲۵۲۴۰۱۹,محلات,mahalat,home-and-kitchen,home-decor-furniture
۰۹۱۸۲۵۲۴۰۱۹,محلات,mahalat,home-and-kitchen,home-decor-furniture
۰۹۳۳۳۴۹۸۹۱۳,محلات,mahalat,home-and-kitchen,home-decor-furniture
۰۹۱۸۷۶۵۹۴۹۱,محلات,mahalat,home-and-kitchen,home-decor-furniture
۰۹۱۹۴۴۳۷۴۶۳,محلات,mahalat,home-and-kitchen,home-decor-furniture
۰۹۳۳۵۸۰۴۵۱۶,محلات,mahalat,home-and-kitchen,home-decor-furniture
۰۹۱۹۸۷۳۳۸۴۰,محلات,mahalat,home-and-kitchen,home-decor-furniture
۰۹۳۰۱۸۳۵۲۱۷,محلات,mahalat,home-and-kitchen,home-decor-furniture
۰۹۳۰۱۸۳۵۲۱۷,محلات,mahalat,home-and-kitchen,home-decor-furniture
۰۹۹۱۸۷۱۹۰۴۱,محلات,mahalat,home-and-kitchen,home-decor-furniture
۰۹۱۸۸۶۶۵۸۰۴,محلات,mahalat,home-and-kitchen,home-decor-furniture
(پنهان‌شده؛ چت کنید),محلات,mahalat,home-and-kitchen,home-decor-furniture
۰۹۰۳۰۶۴۳۳۵۸,محلات,mahalat,home-and-kitchen,home-decor-furniture
۰۹۰۳۰۶۴۳۳۵۸,محلات,mahalat,home-and-kitchen,home-decor-furniture
۰۹۰۳۰۶۴۳۳۵۸,محلات,mahalat,home-and-kitchen,home-decor-furniture
۰۹۱۸۹۶۸۱۹۱۰,محلات,mahalat,home-and-kitchen,home-decor-furniture
۰۹۱۸۹۶۸۳۵۴۰,محلات,mahalat,home-and-kitchen,home-decor-furniture
۰۹۱۸۳۴۷۶۷۰۲,محلات,mahalat,home-and-kitchen,home-decor-furniture
(پنهان‌شده؛ چت کنید),محلات,mahalat,home-and-kitchen,home-decor-furniture
(پنهان‌شده؛ چت کنید),محلات,mahalat,home-and-kitchen,home-decor-furniture
۰۹۹۰۸۳۳۵۸۰۶,محلات,mahalat,home-and-kitchen,home-decor-furniture
۰۹۱۸۲۵۲۳۷۵۸,محلات,mahalat,home-and-kitchen,home-decor-furniture
۰۹۱۸۳۶۵۹۵۸۷,محلات,mahalat,home-and-kitchen,home-decor-furniture
۰۹۱۸۳۶۵۹۵۸۷,محلات,mahalat,home-and-kitchen,home-decor-furniture
۰۹۱۸۹۶۵۲۹۵۷,محلات,mahalat,home-and-kitchen,home-decor-furniture
۰۹۳۹۹۰۹۴۷۱۹,محلات,mahalat,home-and-kitchen,home-decor-furniture
۰۹۱۲۱۹۶۵۳۶۶,محلات,mahalat,home-and-kitchen,home-decor-furniture
(پنهان‌شده؛ چت کنید),محلات,mahalat,home-and-kitchen,home-decor-furniture
۰۹۱۹۳۸۳۴۹۵۰,محلات,mahalat,home-and-kitchen,home-decor-furniture
۰۹۳۵۹۱۸۶۶۰۹,محلات,mahalat,home-and-kitchen,home-decor-furniture
۰۹۱۹۲۶۸۴۰۹۵,محلات,mahalat,home-and-kitchen,home-decor-furniture
۰۹۳۸۸۵۸۱۵۸۴,محلات,mahalat,home-and-kitchen,home-decor-furniture
۰۹۱۸۹۶۸۳۵۴۰,محلات,mahalat,home-and-kitchen,home-decor-furniture
۰۹۲۲۴۷۰۱۹۲۹,محلات,mahalat,home-and-kitchen,home-decor-furniture
۰۹۳۹۶۷۵۱۷۲۸,محلات,mahalat,home-and-kitchen,kitchen-appliances
۰۹۳۹۶۷۵۱۷۲۸,محلات,mahalat,home-and-kitchen,kitchen-appliances
۰۹۲۲۴۲۴۸۷۵۱,محلات,mahalat,home-and-kitchen,kitchen-appliances
۰۹۱۸۶۹۸۵۷۴۲,محلات,mahalat,home-and-kitchen,kitchen-appliances
۰۹۳۰۵۲۲۱۷۹۸,محلات,mahalat,home-and-kitchen,kitchen-appliances
۰۹۱۶۶۹۹۴۱۴۴,محلات,mahalat,home-and-kitchen,kitchen-appliances
۰۹۱۸۰۸۹۳۶۸۴,محلات,mahalat,home-and-kitchen,kitchen-appliances
(پنهان‌شده؛ چت کنید),محلات,mahalat,home-and-kitchen,kitchen-appliances
۰۹۳۹۹۲۶۸۴۹۹,محلات,mahalat,home-and-kitchen,kitchen-appliances
۰۹۳۶۱۴۰۶۱۰۲,محلات,mahalat,home-and-kitchen,kitchen-appliances
۰۹۳۶۰۰۴۴۸۰۴,محلات,mahalat,home-and-kitchen,kitchen-appliances
۰۹۳۹۹۰۹۴۷۱۹,محلات,mahalat,home-and-kitchen,kitchen-appliances
۰۹۲۱۷۵۰۵۸۵۴,محلات,mahalat,home-and-kitchen,kitchen-appliances
۰۹۳۹۲۶۵۶۶۵۲,محلات,mahalat,home-and-kitchen,kitchen-appliances
۰۹۱۸۴۳۱۱۰۰۵,محلات,mahalat,home-and-kitchen,building-garden
۰۹۳۹۶۷۵۱۷۲۸,محلات,mahalat,home-and-kitchen,building-garden
۰۹۱۸۷۶۵۰۸۹۱,محلات,mahalat,home-and-kitchen,building-garden
۰۹۱۹۶۹۰۰۶۱۰,محلات,mahalat,home-and-kitchen,building-garden
۰۹۳۵۱۲۹۳۸۶۲,محلات,mahalat,home-and-kitchen,building-garden
۰۹۱۹۵۷۲۳۵۴۲,محلات,mahalat,home-and-kitchen,building-garden
۰۹۱۹۳۵۳۲۹۵۲,محلات,mahalat,home-and-kitchen,building-garden
۰۹۱۲۱۵۳۴۸۵۰,محلات,mahalat,home-and-kitchen,building-garden
۰۹۱۷۵۰۴۰۳۱۵,محلات,mahalat,home-and-kitchen,building-garden
۰۹۳۸۸۵۸۱۵۸۴,محلات,mahalat,home-and-kitchen,building-garden
۰۹۰۳۰۶۸۲۲۳۰,محلات,mahalat,home-and-kitchen,building-garden
۰۹۱۸۲۵۷۰۵۳۷,محلات,mahalat,home-and-kitchen,building-garden
۰۹۳۸۵۴۷۳۱۰۳,محلات,mahalat,services,vehicles-services
۰۹۳۹۲۶۰۶۰۰۵,محلات,mahalat,services,vehicles-services
۰۹۳۳۶۴۷۳۵۸۵,محلات,mahalat,services,technology-services
۰۹۳۸۳۸۴۶۳۵۱,محلات,mahalat,services,technology-services
۰۹۳۳۶۴۷۳۵۸۵,محلات,mahalat,services,technology-services
۰۹۱۴۶۱۹۴۱۶۳,محلات,mahalat,services,technology-services
۰۹۱۴۶۱۹۴۱۶۳,محلات,mahalat,services,technology-services
۰۹۹۰۵۳۸۶۴۷۵,محلات,mahalat,services,financial-services
۰۹۲۱۷۴۸۶۵۰۸,محلات,mahalat,services,financial-services
۰۹۱۸۳۶۹۱۶۲۵,محلات,mahalat,services,transport-logistic-services
۰۹۱۸۹۶۵۲۶۷۹,محلات,mahalat,services,transport-logistic-services
۰۹۱۸۷۶۶۶۹۶۰,محلات,mahalat,services,craft-skill-services
۰۹۳۵۱۲۹۳۸۶۲,محلات,mahalat,services,craft-skill-services
۰۹۳۵۱۲۹۳۸۶۲,محلات,mahalat,services,craft-skill-services
۰۹۳۵۱۲۹۳۸۶۲,محلات,mahalat,services,craft-skill-services
۰۹۱۸۶۲۹۰۰۵۲,محلات,mahalat,services,craft-skill-services
۰۹۱۷۸۴۱۶۱۳۳,محلات,mahalat,services,craft-skill-services
۰۹۳۷۳۳۱۳۹۳۹,محلات,mahalat,services,craft-skill-services
۰۹۳۵۸۲۱۱۸۹۰,محلات,mahalat,services,craft-skill-services
۰۹۳۶۱۴۰۶۱۰۲,محلات,mahalat,services,craft-skill-services
۰۹۱۰۰۵۱۶۴۰۹,محلات,mahalat,services,craft-skill-services
۰۹۳۵۳۰۷۳۵۶۱,محلات,mahalat,services,craft-skill-services
۰۹۱۳۹۹۹۶۰۰۳,محلات,mahalat,services,craft-skill-services
۰۹۱۹۳۵۳۲۹۵۲,محلات,mahalat,services,craft-skill-services
۰۹۱۲۶۸۳۰۱۹۹,محلات,mahalat,services,craft-skill-services
۰۹۱۸۹۶۵۲۶۷۹,محلات,mahalat,services,craft-skill-services
۰۹۱۲۷۲۵۳۹۸۸,محلات,mahalat,services,craft-skill-services
۰۹۲۲۲۵۰۰۲۶۴,محلات,mahalat,services,craft-skill-services
۰۹۱۹۶۰۵۰۸۰۱,محلات,mahalat,services,beauty-services
۰۹۳۶۶۳۳۱۰۹۰,محلات,mahalat,services,beauty-services
۰۹۱۸۶۲۴۷۴۷۷,محلات,mahalat,services,beauty-services
۰۹۳۰۵۲۲۶۴۴۹,محلات,mahalat,services,beauty-services
۰۹۱۶۴۸۱۴۱۱۳,محلات,mahalat,services,cleaning-services
۰۹۱۸۲۵۸۹۴۹۸,محلات,mahalat,services,gardening-services
۰۹۱۸۲۵۲۴۸۹۱,محلات,mahalat,services,gardening-services
۰۹۱۸۹۶۵۵۶۹۸,محلات,mahalat,services,gardening-services
۰۹۳۰۰۹۴۲۴۰۸,محلات,mahalat,services,gardening-services
۰۹۳۵۷۱۹۱۰۴۴,محلات,mahalat,services,gardening-services
۰۹۱۹۱۵۰۱۵۳۳,محلات,mahalat,services,gardening-services
۰۹۱۹۰۲۷۸۷۸۰,محلات,mahalat,services,teaching-services
۰۹۰۳۷۹۵۱۶۰۸,محلات,mahalat,services,teaching-services
۰۹۳۶۹۷۵۰۱۷۱,محلات,mahalat,services,teaching-services
۰۹۹۸۱۱۰۲۹۲۲,محلات,mahalat,services,teaching-services
۰۹۲۲۰۴۱۰۵۴۵,محلات,mahalat,personal-goods,apparel
۰۹۲۲۰۴۱۰۵۴۵,محلات,mahalat,personal-goods,apparel
۰۹۱۸۴۸۹۶۵۴۷,محلات,mahalat,personal-goods,apparel
(پنهان‌شده؛ چت کنید),محلات,mahalat,personal-goods,apparel
(پنهان‌شده؛ چت کنید),محلات,mahalat,personal-goods,apparel
۰۹۰۱۲۴۱۹۹۱۳,محلات,mahalat,personal-goods,apparel
۰۹۱۸۶۲۴۱۷۳۱,محلات,mahalat,personal-goods,apparel
۰۹۱۲۲۳۴۴۸۶۵,محلات,mahalat,personal-goods,apparel
(پنهان‌شده؛ چت کنید),محلات,mahalat,personal-goods,apparel
۰۹۹۱۵۲۸۴۶۹۵,محلات,mahalat,personal-goods,apparel
۰۹۹۱۸۱۵۷۵۱۷,محلات,mahalat,personal-goods,apparel
۰۹۳۸۸۰۸۶۰۱۵,محلات,mahalat,personal-goods,apparel
۰۹۱۸۳۶۹۷۰۷۷,محلات,mahalat,personal-goods,apparel
۰۹۰۳۰۴۶۴۵۹۲,محلات,mahalat,personal-goods,apparel
۰۹۱۸۴۱۰۲۳۱۷,محلات,mahalat,personal-goods,apparel
۰۹۳۶۴۹۹۸۸۳۱,محلات,mahalat,personal-goods,apparel
۰۹۹۲۴۵۹۴۴۲۷,محلات,mahalat,personal-goods,apparel
۰۹۰۵۴۱۹۷۰۵۶,محلات,mahalat,personal-goods,apparel
۰۹۹۲۸۳۰۷۸۶۹,محلات,mahalat,personal-goods,accessories
۰۹۱۸۳۹۳۴۵۰۴,محلات,mahalat,personal-goods,beauty-and-personal-care
۰۹۱۶۲۸۴۵۹۳۱,محلات,mahalat,personal-goods,beauty-and-personal-care
۰۹۹۲۸۳۰۷۸۶۹,محلات,mahalat,personal-goods,child-apparel
۰۹۲۱۱۰۳۴۶۱۱,محلات,mahalat,personal-goods,child-products
۰۹۱۲۴۵۲۴۶۳۲,محلات,mahalat,personal-goods,child-products
۰۹۱۲۴۵۲۴۶۳۲,محلات,mahalat,personal-goods,child-products
۰۹۱۸۸۶۶۹۹۶۱,محلات,mahalat,personal-goods,child-products
۰۹۳۰۱۳۹۵۷۵۷,محلات,mahalat,personal-goods,child-products
۰۹۳۸۴۲۹۶۸۱۵,محلات,mahalat,entertainment,tours
۰۹۱۲۳۵۱۲۸۷۵,محلات,mahalat,entertainment,tours
۰۹۱۸۳۶۹۱۸۴۲,محلات,mahalat,entertainment,publication
۰۹۳۰۱۳۹۵۷۵۷,محلات,mahalat,entertainment,bike-skate-scooter
۰۹۲۲۶۸۶۷۴۰۶,محلات,mahalat,entertainment,bike-skate-scooter
۰۹۰۱۰۲۷۸۷۰۴,محلات,mahalat,entertainment,bike-skate-scooter
۰۹۰۳۰۶۸۲۲۳۰,محلات,mahalat,entertainment,bike-skate-scooter
۰۹۹۱۰۱۶۹۶۳۷,محلات,mahalat,entertainment,bike-skate-scooter
۰۹۳۵۱۲۹۳۸۶۲,محلات,mahalat,entertainment,pets-animals
۰۹۰۲۴۶۱۵۹۸۸,محلات,mahalat,entertainment,pets-animals
۰۹۹۰۳۹۲۱۷۰۹,محلات,mahalat,entertainment,pets-animals
۰۹۱۸۳۶۹۶۲۱۸,محلات,mahalat,entertainment,pets-animals
۰۹۱۸۳۶۹۵۷۰۰,محلات,mahalat,entertainment,pets-animals
۰۹۱۹۵۲۶۲۵۹۸,محلات,mahalat,entertainment,pets-animals
۰۹۱۸۴۰۴۲۸۳۱,محلات,mahalat,entertainment,pets-animals
(پنهان‌شده؛ چت کنید),محلات,mahalat,entertainment,pets-animals
۰۹۱۸۶۰۴۹۳۹۶,محلات,mahalat,entertainment,pets-animals
۰۹۱۶۱۱۴۲۷۲۵,محلات,mahalat,entertainment,pets-animals
۰۹۱۶۱۱۴۲۷۲۵,محلات,mahalat,entertainment,pets-animals
۰۹۱۹۵۲۶۲۵۹۸,محلات,mahalat,entertainment,pets-animals
(پنهان‌شده؛ چت کنید),محلات,mahalat,entertainment,pets-animals
(پنهان‌شده؛ چت کنید),محلات,mahalat,entertainment,pets-animals
۰۹۳۹۲۱۵۴۹۱۷,محلات,mahalat,entertainment,pets-animals
۰۹۱۰۰۸۳۱۱۲۱,محلات,mahalat,entertainment,pets-animals
۰۹۱۰۰۸۳۱۱۲۱,محلات,mahalat,entertainment,pets-animals
۰۹۱۸۲۵۸۸۰۲۴,محلات,mahalat,entertainment,pets-animals
۰۹۱۸۴۹۱۹۱۵۰,محلات,mahalat,entertainment,pets-animals
۰۹۱۸۶۲۴۷۴۷۷,محلات,mahalat,entertainment,pets-animals
۰۹۱۸۳۶۹۴۸۷۴,محلات,mahalat,entertainment,collecting
۰۹۱۸۳۶۹۴۸۷۴,محلات,mahalat,entertainment,collecting
۰۹۱۲۰۶۴۷۰۱۳,محلات,mahalat,entertainment,sport-entertainment
۰۹۰۳۵۲۴۱۸۰۰,محلات,mahalat,entertainment,sport-entertainment
(پنهان‌شده؛ چت کنید),محلات,mahalat,entertainment,sport-entertainment
۰۹۱۹۱۵۰۱۵۳۳,محلات,mahalat,social-services,event
۰۹۱۷۶۶۳۵۵۶۷,محلات,mahalat,social-services,event
۰۹۹۱۵۲۸۴۶۹۵,محلات,mahalat,social-services,event
۰۹۹۲۷۷۱۰۸۶۴,محلات,mahalat,social-services,event
۰۹۹۲۷۷۸۴۱۰۳,محلات,mahalat,social-services,event
۰۹۰۵۴۱۹۷۰۵۶,محلات,mahalat,social-services,event
(پنهان‌شده؛ چت کنید),محلات,mahalat,social-services,voluntary
۰۹۳۶۳۵۱۹۰۵۵,محلات,mahalat,social-services,voluntary
۰۹۱۸۴۳۵۷۶۸۰,محلات,mahalat,social-services,missing
۰۹۱۹۲۰۰xxxx,محلات,mahalat,businesses,business-equipment
۰۹۱۸۵۳۸۲۳۴۳,محلات,mahalat,businesses,business-equipment
۰۹۹۹۱۴۰۷۷۸۰,محلات,mahalat,businesses,business-equipment
۰۹۳۹۹۰۹۴۷۱۹,محلات,mahalat,businesses,business-equipment
۰۹۱۸۸۶۸۰۲۲۱,محلات,mahalat,businesses,business-equipment
۰۹۱۲۲۳۴۴۸۶۵,محلات,mahalat,businesses,business-equipment
۰۹۳۵۸۶۹۹۳۷۰,محلات,mahalat,businesses,business-equipment
۰۹۰۲۴۲۳۳۸۲۲,محلات,mahalat,businesses,business-equipment
۰۹۱۲۲۸۷۸۳۵۰,محلات,mahalat,businesses,business-equipment
۰۹۱۸۹۶۵۲۵۱۴,محلات,mahalat,businesses,business-equipment
۰۹۳۹۹۲۶۸۴۹۹,محلات,mahalat,businesses,business-equipment
۰۹۱۹۸۶۶۵۲۲۴,محلات,mahalat,businesses,business-equipment
۰۹۳۸۸۴۶۷۵۵۷,محلات,mahalat,businesses,business-equipment
۰۹۹۲۴۸۹۴۲۹۱,محلات,mahalat,businesses,business-equipment
۰۹۰۲۳۰۳۷۰۸۷,محلات,mahalat,businesses,business-equipment
۰۹۱۸۶۹۲۵۸۹۶,محلات,mahalat,businesses,business-equipment
۰۹۱۸۳۴۷۶۷۰۲,محلات,mahalat,businesses,business-equipment
۰۹۳۷۸۳۶۹۶۲۰,محلات,mahalat,businesses,business-equipment
۰۹۳۶۴۴۹۶۲۰۹,محلات,mahalat,businesses,business-equipment
۰۹۱۹۸۵۲۲۵۹۶,محلات,mahalat,businesses,business-equipment
۰۹۰۵۳۹۷۲۳۲۹,محلات,mahalat,businesses,business-equipment
۰۹۳۵۱۹۱۱۷۴۲,محلات,mahalat,businesses,business-equipment
۰۹۱۸۸۶۶۲۷۸۹,محلات,mahalat,businesses,business-equipment
۰۹۲۱۴۶۲۷۲۰۹,محلات,mahalat,businesses,business-equipment
۰۹۹۱۹۳۱۹۵۴۰,محلات,mahalat,businesses,business-equipment
۰۹۹۱۹۳۱۹۵۴۰,محلات,mahalat,businesses,business-equipment
۰۹۳۷۸۲۲۸۲۱۲,محلات,mahalat,businesses,business-equipment
۰۹۱۲۶۴۷۰۵۲۹,محلات,mahalat,businesses,business-equipment
۰۹۱۲۶۴۷۰۵۲۹,محلات,mahalat,businesses,business-equipment
۰۹۱۸۴۳۳۰۱۴۴,محلات,mahalat,businesses,business-equipment
(پنهان‌شده؛ چت کنید),محلات,mahalat,businesses,wholesale
(پنهان‌شده؛ چت کنید),محلات,mahalat,businesses,wholesale
۰۹۲۲۹۲۷۶۷۸۰,محلات,mahalat,businesses,wholesale
۰۹۱۶۹۷۹۹۹۸۶,محلات,mahalat,businesses,wholesale
۰۹۱۲۴۸۷۳۶۷۱,محلات,mahalat,businesses,wholesale
۰۹۱۶۹۷۹۹۹۸۶,محلات,mahalat,businesses,wholesale
۰۹۱۷۳۱۷۱۱۸۱,محلات,mahalat,businesses,wholesale
۰۹۱۰۰۱۰۱۸۷۷,محلات,mahalat,businesses,wholesale
۰۹۱۰۰۵۴۸۲۲۱,محلات,mahalat,businesses,wholesale
۰۹۱۸۷۶۵۸۱۸۴,محلات,mahalat,businesses,wholesale
۰۹۲۲۵۱۷۱۲۵۴,محلات,mahalat,businesses,wholesale
۰۹۹۱۰۰۵۱۹۱۳,محلات,mahalat,businesses,wholesale
۰۹۳۸۹۹۶۳۵۲۰,محلات,mahalat,businesses,wholesale
۰۹۳۹۸۸۳۲۶۳۲,محلات,mahalat,businesses,wholesale
۰۹۱۰۹۷۳۹۸۴۰,محلات,mahalat,businesses,wholesale
۰۹۱۸۶۹۶۰۷۹۵,محلات,mahalat,businesses,wholesale
۰۹۳۶۳۳۰۲۴۱۵,محلات,mahalat,businesses,wholesale
۰۹۱۸۸۱۶۶۶۳۴,محلات,mahalat,businesses,wholesale
۰۹۳۷۵۰۶۱۳۴۷,محلات,mahalat,businesses,wholesale
۰۹۹۲۸۶۷۹۲۶۳,محلات,mahalat,businesses,wholesale
۰۹۱۹۹۰۸۸۲۳۹,محلات,mahalat,businesses,wholesale
۰۹۱۹۱۵۳۶۹۰۲,محلات,mahalat,businesses,wholesale
۰۹۱۲۱۱۴۳۸۲۷,محلات,mahalat,businesses,wholesale
۰۹۰۱۰۱۱۶۳۹۵,محلات,mahalat,businesses,wholesale
۰۹۱۸۹۶۸۳۵۴۰,محلات,mahalat,businesses,wholesale
۰۹۳۸۶۸۵۸۸۶۱,محلات,mahalat,businesses,wholesale
۰۹۱۸۲۸۶۰۲۹۶,محلات,mahalat,businesses,wholesale
۰۹۳۹۰۱۶۸۴۶۴,محلات,mahalat,businesses,wholesale
۰۹۱۸۷۶۳۲۵۷۱,محلات,mahalat,businesses,wholesale
۰۹۳۶۴۴۹۶۲۰۹,محلات,mahalat,businesses,wholesale
۰۹۱۹۱۸۸۸۴۳۶,محلات,mahalat,businesses,wholesale
۰۹۱۲۶۵۹۲۴۷۸,محلات,mahalat,businesses,wholesale
۰۹۱۸۶۲۴۷۴۷۷,محلات,mahalat,businesses,wholesale
۰۹۳۶۴۹۹۸۸۷۴,محلات,mahalat,businesses,wholesale
۰۹۱۲۴۱۵۲۰۹۷,محلات,mahalat,businesses,wholesale
۰۹۳۰۹۹۳۰۸۳۱,محلات,mahalat,businesses,wholesale
۰۹۱۶۵۸۰۸۶۷۲,محلات,mahalat,businesses,wholesale
۰۹۳۷۸۵۰۸۷۲۳,محلات,mahalat,businesses,wholesale
۰۹۱۸۲۵۲۴۰۱۹,محلات,mahalat,businesses,wholesale
۰۹۱۸۷۶۶۵۰۹۹,محلات,mahalat,businesses,wholesale
۰۹۱۸۴۳۱۶۲۱۷,محلات,mahalat,businesses,wholesale
۰۹۱۸۴۳۱۶۲۱۷,محلات,mahalat,businesses,wholesale
۰۹۱۹۳۵۳۲۹۵۲,محلات,mahalat,businesses,wholesale
