۰۹۱۴۴۴۴۷۷۶۹,مهاباد,mahabad,jobs,janitorial-jobs
۰۹۳۵۶۰۲۶۹۶۷,مهاباد,mahabad,jobs,transport-delivery-jobs
۰۹۱۵۳۲۵۰۹۵۶,مهاباد,mahabad,real-estate,buy-residential
۰۹۳۹۲۱۷۰۱۴۹,مهاباد,mahabad,real-estate,buy-residential
۰۹۱۴۱۴۲۱۵۷۰,مهاباد,mahabad,real-estate,buy-residential
۰۹۳۸۴۳۰۲۱۲۴,مهاباد,mahabad,real-estate,buy-residential
۰۹۱۴۵۸۹۵۰۲۹,مهاباد,mahabad,real-estate,buy-residential
۰۹۱۴۴۳۴۲۵۱۱,مهاباد,mahabad,real-estate,buy-residential
۰۹۱۴۳۴۰۴۱۹۰,مهاباد,mahabad,real-estate,buy-residential
۰۹۰۳۲۶۳۵۱۲۵,مهاباد,mahabad,real-estate,buy-residential
۰۹۱۰۴۱۹۵۹۱۷,مهاباد,mahabad,real-estate,buy-residential
۰۹۳۳۹۷۰۲۲۱۶,مهاباد,mahabad,real-estate,buy-residential
۰۹۳۰۲۷۷۸۲۰۰,مهاباد,mahabad,real-estate,buy-residential
۰۹۳۵۳۲۷۱۰۰۱,مهاباد,mahabad,real-estate,buy-residential
۰۹۱۹۸۶۲۶۸۹۰,مهاباد,mahabad,real-estate,buy-residential
۰۹۱۴۵۲۴۸۰۹۹,مهاباد,mahabad,real-estate,buy-residential
۰۹۳۰۸۸۳۴۱۴۱,مهاباد,mahabad,real-estate,buy-residential
۰۹۳۶۳۳۶۲۴۸۳,مهاباد,mahabad,real-estate,buy-residential
۰۹۱۴۱۴۲۱۵۷۰,مهاباد,mahabad,real-estate,buy-residential
۰۹۱۴۱۴۲۱۵۷۰,مهاباد,mahabad,real-estate,buy-residential
۰۹۱۴۹۴۳۰۹۲۸,مهاباد,mahabad,real-estate,buy-residential
۰۹۱۴۴۴۲۲۱۷۷,مهاباد,mahabad,real-estate,buy-residential
۰۹۹۲۱۴۱۳۴۳۷,مهاباد,mahabad,real-estate,buy-residential
۰۹۱۴۹۴۸۷۱۲۶,مهاباد,mahabad,real-estate,buy-residential
۰۹۰۲۸۷۸۴۶۰۰,مهاباد,mahabad,real-estate,buy-residential
۰۹۹۰۱۷۱۹۷۷۱,مهاباد,mahabad,real-estate,buy-residential
۰۹۱۴۴۴۴۸۱۹۱,مهاباد,mahabad,real-estate,buy-residential
۰۹۱۴۸۵۶۱۸۱۳,مهاباد,mahabad,real-estate,buy-residential
۰۹۱۴۴۴۴۸۱۹۱,مهاباد,mahabad,real-estate,buy-residential
۰۹۱۴۱۸۶۲۷۶۳,مهاباد,mahabad,real-estate,buy-residential
۰۹۱۴۹۶۹۲۰۸۷,مهاباد,mahabad,real-estate,buy-residential
۰۹۰۲۴۷۳۹۰۰۲,مهاباد,mahabad,real-estate,buy-residential
۰۹۱۴۳۱۸۸۱۰۴,مهاباد,mahabad,real-estate,buy-residential
۰۹۱۴۹۴۸۹۴۴۰,مهاباد,mahabad,real-estate,buy-residential
۰۹۱۴۳۴۲۶۶۴۹,مهاباد,mahabad,real-estate,buy-residential
۰۹۱۴۷۲۱۴۸۳۶,مهاباد,mahabad,real-estate,buy-residential
۰۹۱۴۵۱۴۸۵۹۵,مهاباد,mahabad,real-estate,buy-residential
۰۹۱۴۹۴۷۵۲۷۷,مهاباد,mahabad,real-estate,buy-residential
۰۹۱۴۹۴۷۴۸۸۳,مهاباد,mahabad,real-estate,buy-residential
۰۹۳۶۹۶۸۱۶۹۲,مهاباد,mahabad,real-estate,buy-residential
۰۹۰۵۶۰۷۸۲۴۹,مهاباد,mahabad,real-estate,buy-residential
۰۹۳۷۷۳۶۸۶۴۴,مهاباد,mahabad,real-estate,buy-residential
۰۹۱۴۸۰۰۰۲۴۲,مهاباد,mahabad,real-estate,buy-residential
۰۹۱۴۴۴۲۳۰۳۵,مهاباد,mahabad,real-estate,buy-residential
۰۹۱۴۹۴۴۸۷۲۰,مهاباد,mahabad,real-estate,buy-residential
۰۹۱۴۶۷۸۲۸۸۵,مهاباد,mahabad,real-estate,buy-residential
۰۹۳۰۶۰۴۴۷۷۹,مهاباد,mahabad,real-estate,buy-residential
۰۹۹۰۴۰۷۳۵۰۱,مهاباد,mahabad,real-estate,buy-residential
۰۹۳۵۶۹۳۵۹۰۰,مهاباد,mahabad,real-estate,buy-residential
۰۹۳۹۵۳۰۵۹۹۹,مهاباد,mahabad,real-estate,buy-residential
۰۹۱۴۹۴۸۴۸۱۴,مهاباد,mahabad,real-estate,buy-residential
۰۹۳۰۹۰۹۲۷۲۳,مهاباد,mahabad,real-estate,buy-residential
۰۹۳۳۸۴۴۷۴۰۸,مهاباد,mahabad,real-estate,buy-residential
۰۹۱۴۲۶۹۸۴۰۳,مهاباد,mahabad,real-estate,buy-residential
۰۹۳۷۳۵۹۹۵۳۶,مهاباد,mahabad,real-estate,buy-residential
۰۹۱۴۵۵۹۲۱۵۱,مهاباد,mahabad,real-estate,buy-residential
۰۹۱۴۳۴۴۹۲۹۷,مهاباد,mahabad,real-estate,buy-residential
۰۹۲۲۲۷۰۰۴۶۴,مهاباد,mahabad,real-estate,buy-residential
۰۹۱۴۳۳۲۷۹۴۹,مهاباد,mahabad,real-estate,buy-residential
۰۹۱۴۲۰۷۱۶۴۰,مهاباد,mahabad,real-estate,buy-residential
۰۹۱۴۹۴۸۴۸۱۴,مهاباد,mahabad,real-estate,buy-residential
۰۹۱۴۸۰۷۰۹۸۶,مهاباد,mahabad,real-estate,buy-residential
۰۹۱۴۷۲۸۸۳۵۳,مهاباد,mahabad,real-estate,buy-residential
۰۹۳۹۹۷۷۳۳۶۷,مهاباد,mahabad,real-estate,buy-residential
۰۹۱۲۸۸۸۹۴۱۱,مهاباد,mahabad,real-estate,buy-residential
۰۹۳۵۳۶۸۲۳۵۷,مهاباد,mahabad,real-estate,buy-residential
۰۹۱۴۱۴۲۲۹۷۹,مهاباد,mahabad,real-estate,buy-residential
۰۹۱۴۹۴۷۸۸۷۱,مهاباد,mahabad,real-estate,buy-residential
۰۹۱۴۴۴۴۷۸۶۰,مهاباد,mahabad,real-estate,buy-residential
۰۹۱۴۴۴۴۱۴۹۸,مهاباد,mahabad,real-estate,rent-residential
۰۹۱۹۰۴۲۹۸۹۵,مهاباد,mahabad,real-estate,rent-residential
۰۹۳۳۸۴۵۲۸۸۷,مهاباد,mahabad,real-estate,rent-residential
۰۹۳۳۷۰۸۹۱۷۱,مهاباد,mahabad,real-estate,rent-residential
۰۹۳۳۷۰۸۹۱۷۱,مهاباد,mahabad,real-estate,rent-residential
۰۹۹۲۱۴۱۳۴۳۷,مهاباد,mahabad,real-estate,rent-residential
۰۹۱۴۴۴۲۳۰۳۵,مهاباد,mahabad,real-estate,rent-residential
۰۹۱۴۸۰۰۰۲۴۲,مهاباد,mahabad,real-estate,rent-residential
۰۹۱۴۴۴۲۱۷۴۱,مهاباد,mahabad,real-estate,rent-residential
۰۹۱۴۱۴۶۵۴۲۳,مهاباد,mahabad,real-estate,buy-commercial-property
۰۹۱۴۱۴۶۵۴۲۳,مهاباد,mahabad,real-estate,buy-commercial-property
۰۹۱۴۴۴۶۷۳۴۷,مهاباد,mahabad,real-estate,buy-commercial-property
۰۹۳۸۴۷۷۲۹۷۲,مهاباد,mahabad,real-estate,buy-commercial-property
۰۹۱۴۷۹۸۵۰۰۶,مهاباد,mahabad,real-estate,buy-commercial-property
۰۹۱۴۵۶۰۸۴۴۷,مهاباد,mahabad,real-estate,buy-commercial-property
۰۹۰۲۸۷۸۴۶۰۰,مهاباد,mahabad,real-estate,buy-commercial-property
۰۹۱۴۹۷۵۰۲۴۹,مهاباد,mahabad,real-estate,buy-commercial-property
۰۹۱۴۳۴۴۲۵۵۹,مهاباد,mahabad,real-estate,buy-commercial-property
۰۹۳۹۴۴۲۹۲۹۴,مهاباد,mahabad,real-estate,buy-commercial-property
۰۹۱۴۴۴۵۶۶۷۲,مهاباد,mahabad,real-estate,buy-commercial-property
۰۹۱۲۱۹۰۶۰۹۲,مهاباد,mahabad,real-estate,buy-commercial-property
۰۹۱۴۳۴۴۳۸۴۶,مهاباد,mahabad,real-estate,buy-commercial-property
۰۹۳۹۸۴۳۸۶۰۱,مهاباد,mahabad,real-estate,buy-commercial-property
۰۹۱۴۶۷۸۲۸۸۵,مهاباد,mahabad,real-estate,buy-commercial-property
۰۹۱۴۶۷۸۲۸۸۵,مهاباد,mahabad,real-estate,buy-commercial-property
۰۹۱۴۱۶۶۳۳۴۹,مهاباد,mahabad,real-estate,buy-commercial-property
۰۹۱۴۱۶۷۶۸۱۸,مهاباد,mahabad,real-estate,buy-commercial-property
۰۹۱۴۴۴۲۶۰۹۴,مهاباد,mahabad,real-estate,buy-commercial-property
۰۹۱۴۴۴۲۳۵۶۳,مهاباد,mahabad,real-estate,buy-commercial-property
۰۹۱۴۹۴۸۰۳۶۷,مهاباد,mahabad,real-estate,buy-commercial-property
۰۹۱۴۲۶۸۵۰۹۳,مهاباد,mahabad,real-estate,buy-commercial-property
۰۹۱۴۶۳۶۳۷۵۵,مهاباد,mahabad,real-estate,buy-commercial-property
۰۹۳۷۴۶۶۵۳۱۷,مهاباد,mahabad,real-estate,buy-commercial-property
۰۹۳۳۷۷۳۹۰۸۹,مهاباد,mahabad,real-estate,buy-commercial-property
۰۹۱۴۶۲۱۸۳۲۴,مهاباد,mahabad,real-estate,buy-commercial-property
۰۹۰۲۸۷۸۴۶۰۰,مهاباد,mahabad,real-estate,buy-commercial-property
۰۹۳۶۱۷۳۷۰۴۸,مهاباد,mahabad,real-estate,rent-commercial-property
۰۹۳۶۹۵۴۱۶۲۸,مهاباد,mahabad,real-estate,rent-commercial-property
۰۹۰۲۸۷۸۴۶۰۰,مهاباد,mahabad,real-estate,rent-commercial-property
۰۹۱۹۰۶۸۵۹۱۰,مهاباد,mahabad,real-estate,rent-commercial-property
۰۹۱۴۸۰۰۰۲۴۲,مهاباد,mahabad,real-estate,rent-commercial-property
۰۹۱۴۴۴۴۹۰۲۵,مهاباد,mahabad,real-estate,rent-commercial-property
۰۹۱۴۴۴۴۸۱۹۱,مهاباد,mahabad,real-estate,rent-temporary
۰۹۰۱۰۸۷۹۷۸۸,مهاباد,mahabad,real-estate,rent-temporary
۰۹۳۶۵۱۷۰۱۲۴,مهاباد,mahabad,real-estate,rent-temporary
۰۹۱۴۲۸۲۳۰۶۸,مهاباد,mahabad,real-estate,rent-temporary
۰۹۱۰۴۴۲۵۶۵۲,مهاباد,mahabad,real-estate,rent-temporary
۰۹۹۱۸۵۸۶۴۸۵,مهاباد,mahabad,real-estate,rent-temporary
۰۹۱۱۴۷۰۷۶۲۴,مهاباد,mahabad,real-estate,rent-temporary
۰۹۱۴۱۶۶۴۵۸۲,مهاباد,mahabad,real-estate,rent-temporary
۰۹۳۹۴۵۸۲۵۸۱,مهاباد,mahabad,real-estate,rent-temporary
۰۹۱۹۷۷۳۳۸۸۹,مهاباد,mahabad,real-estate,rent-temporary
۰۹۱۴۸۷۱۵۴۸۶,مهاباد,mahabad,real-estate,rent-temporary
۰۹۱۴۴۴۴۷۷۶۹,مهاباد,mahabad,real-estate,rent-temporary
۰۹۱۴۱۶۶۲۵۲۹,مهاباد,mahabad,real-estate,real-estate-services
۰۹۱۴۸۳۸۱۲۸۱,مهاباد,mahabad,vehicles,auto
۰۹۳۳۳۲۸۹۵۴۵,مهاباد,mahabad,vehicles,auto
۰۹۱۴۶۳۴۰۹۶۱,مهاباد,mahabad,vehicles,auto
۰۹۱۴۱۶۸۲۴۵۱,مهاباد,mahabad,vehicles,auto
۰۹۳۶۲۹۷۲۵۷۱,مهاباد,mahabad,vehicles,auto
۰۹۱۰۴۰۶۰۳۶۵,مهاباد,mahabad,vehicles,auto
۰۹۱۴۱۶۸۲۰۱۹,مهاباد,mahabad,vehicles,auto
۰۹۳۳۳۴۳۱۲۹۲,مهاباد,mahabad,vehicles,auto
۰۹۳۵۲۹۲۴۶۶۶,مهاباد,mahabad,vehicles,auto
۰۹۱۴۹۴۷۱۸۵۶,مهاباد,mahabad,vehicles,auto
۰۹۳۸۷۹۵۸۷۶۶,مهاباد,mahabad,vehicles,auto
۰۹۱۴۲۶۴۱۵۹۵,مهاباد,mahabad,vehicles,auto
۰۹۱۴۶۳۱۰۸۳۰,مهاباد,mahabad,vehicles,auto
۰۹۱۴۴۴۸۷۹۱۴,مهاباد,mahabad,vehicles,auto
۰۹۱۴۴۴۸۷۹۱۴,مهاباد,mahabad,vehicles,auto
۰۹۱۰۴۱۹۲۷۰۳,مهاباد,mahabad,vehicles,auto
۰۹۱۴۶۷۰۷۷۱۷,مهاباد,mahabad,vehicles,auto
۰۹۳۵۴۴۲۱۲۲۳,مهاباد,mahabad,vehicles,auto
۰۹۱۹۹۳۱۹۰۲۳,مهاباد,mahabad,vehicles,auto
۰۹۱۰۴۴۰۳۱۲۳,مهاباد,mahabad,vehicles,auto
۰۹۳۷۵۱۸۸۳۹۸,مهاباد,mahabad,vehicles,auto
۰۹۱۴۱۶۸۱۳۸۳,مهاباد,mahabad,vehicles,auto
۰۹۱۴۱۸۴۳۲۹۰,مهاباد,mahabad,vehicles,auto
۰۹۱۹۹۳۱۹۰۲۳,مهاباد,mahabad,vehicles,auto
۰۹۲۲۳۹۳۰۶۱۳,مهاباد,mahabad,vehicles,auto
۰۹۳۸۷۹۳۵۳۰۲,مهاباد,mahabad,vehicles,auto
۰۹۱۴۴۴۲۱۸۴۱,مهاباد,mahabad,vehicles,auto
۰۹۰۵۶۷۱۴۱۰۸,مهاباد,mahabad,vehicles,auto
۰۹۱۴۴۴۲۱۸۴۱,مهاباد,mahabad,vehicles,auto
۰۹۳۰۸۶۵۹۳۱۰,مهاباد,mahabad,vehicles,auto
۰۹۳۸۵۸۰۹۵۵۰,مهاباد,mahabad,vehicles,auto
۰۹۱۴۲۵۸۱۷۰۳,مهاباد,mahabad,vehicles,auto
۰۹۱۴۸۲۵۵۷۲۶,مهاباد,mahabad,vehicles,auto
۰۹۳۷۷۶۰۵۱۸۶,مهاباد,mahabad,vehicles,auto
۰۹۰۲۳۵۶۴۵۵۲,مهاباد,mahabad,vehicles,auto
۰۹۱۴۵۵۷۳۵۳۱,مهاباد,mahabad,vehicles,auto
۰۹۱۴۹۴۷۳۴۶۴,مهاباد,mahabad,vehicles,auto
۰۹۳۸۷۱۵۹۲۸۰,مهاباد,mahabad,vehicles,car-accessories
۰۹۳۶۲۸۹۱۴۲۳,مهاباد,mahabad,vehicles,car-accessories
۰۹۱۴۸۲۵۷۴۳۳,مهاباد,mahabad,vehicles,car-accessories
۰۹۹۰۳۹۳۴۲۰۸,مهاباد,mahabad,vehicles,car-accessories
۰۹۱۴۸۸۴۶۰۳۱,مهاباد,mahabad,vehicles,car-accessories
۰۹۱۴۶۷۰۲۰۴۵,مهاباد,mahabad,vehicles,car-accessories
۰۹۳۷۹۰۵۵۹۴۵,مهاباد,mahabad,vehicles,car-accessories
۰۹۱۴۹۴۸۰۳۶۷,مهاباد,mahabad,vehicles,car-accessories
۰۹۱۲۹۵۶۱۵۳۰,مهاباد,mahabad,vehicles,car-accessories
۰۹۱۴۱۶۸۱۱۰۹,مهاباد,mahabad,vehicles,car-accessories
۰۹۱۴۶۰۴۲۲۱۹,مهاباد,mahabad,vehicles,car-accessories
۰۹۰۳۰۱۷۱۲۱۸,مهاباد,mahabad,vehicles,car-accessories
۰۹۱۹۸۶۰۴۶۶۹,مهاباد,mahabad,vehicles,car-accessories
۰۹۳۵۹۶۳۴۶۴۷,مهاباد,mahabad,vehicles,car-accessories
۰۹۱۴۲۷۶۸۱۸۸,مهاباد,mahabad,vehicles,car-accessories
۰۹۳۸۸۱۰۸۸۸۰,مهاباد,mahabad,vehicles,car-accessories
۰۹۱۲۱۳۰۶۳۳۵,مهاباد,mahabad,vehicles,car-accessories
۰۹۹۰۱۳۳۶۴۷۸,مهاباد,mahabad,vehicles,car-accessories
۰۹۱۴۹۸۲۳۷۴۸,مهاباد,mahabad,vehicles,car-accessories
۰۹۳۹۱۷۹۳۷۰۷,مهاباد,mahabad,vehicles,car-accessories
۰۹۱۴۱۶۸۳۴۸۴,مهاباد,mahabad,vehicles,car-accessories
۰۹۳۰۰۴۱۷۲۸۹,مهاباد,mahabad,vehicles,car-accessories
۰۹۱۴۵۵۶۰۳۰۳,مهاباد,mahabad,vehicles,car-accessories
۰۹۱۴۱۶۶۶۸۲۷,مهاباد,mahabad,vehicles,car-accessories
۰۹۱۴۸۸۵۵۴۴۷,مهاباد,mahabad,vehicles,car-accessories
۰۹۱۰۶۶۱۹۰۰۵,مهاباد,mahabad,vehicles,car-accessories
۰۹۱۴۹۱۴۲۷۸۵,مهاباد,mahabad,vehicles,car-accessories
۰۹۲۲۶۰۲۵۳۹۲,مهاباد,mahabad,vehicles,car-accessories
۰۹۱۹۸۵۸۶۰۰۴,مهاباد,mahabad,vehicles,car-accessories
۰۹۱۴۸۸۵۵۰۶۲,مهاباد,mahabad,vehicles,car-accessories
۰۹۱۴۳۴۴۲۵۵۹,مهاباد,mahabad,vehicles,car-accessories
۰۹۱۴۳۴۴۶۵۳۶,مهاباد,mahabad,vehicles,car-accessories
۰۹۳۹۱۷۹۳۷۰۷,مهاباد,mahabad,vehicles,car-accessories
۰۹۰۲۸۷۷۸۳۹۷,مهاباد,mahabad,vehicles,car-accessories
۰۹۱۴۴۴۲۶۹۲۹,مهاباد,mahabad,vehicles,car-accessories
۰۹۱۴۴۴۲۶۹۲۹,مهاباد,mahabad,vehicles,car-accessories
۰۹۱۰۴۳۱۳۳۵۸,مهاباد,mahabad,vehicles,car-accessories
۰۹۱۴۵۱۷۷۶۶۴,مهاباد,mahabad,vehicles,car-accessories
۰۹۱۴۸۱۳۵۷۴۵,مهاباد,mahabad,vehicles,car-accessories
۰۹۱۴۶۳۱۶۰۲۲,مهاباد,mahabad,vehicles,car-accessories
۰۹۱۴۴۴۴۶۳۷۰,مهاباد,mahabad,vehicles,car-accessories
۰۹۳۷۹۱۵۴۵۰۱,مهاباد,mahabad,vehicles,car-accessories
۰۹۱۴۴۴۲۶۹۲۹,مهاباد,mahabad,vehicles,car-accessories
۰۹۱۴۴۴۲۱۱۲۶,مهاباد,mahabad,vehicles,car-accessories
۰۹۱۴۷۲۱۰۷۷۴,مهاباد,mahabad,vehicles,car-accessories
۰۹۳۶۱۷۹۴۸۴۷,مهاباد,mahabad,vehicles,car-accessories
۰۹۳۷۹۸۱۹۸۹۲,مهاباد,mahabad,vehicles,car-accessories
۰۹۳۷۹۸۱۹۸۹۲,مهاباد,mahabad,vehicles,car-accessories
۰۹۳۷۹۸۱۹۸۹۲,مهاباد,mahabad,vehicles,car-accessories
۰۹۳۷۹۸۱۹۸۹۲,مهاباد,mahabad,vehicles,car-accessories
۰۹۳۶۶۳۸۲۹۴۷,مهاباد,mahabad,vehicles,car-accessories
۰۹۳۰۷۷۲۸۷۷۶,مهاباد,mahabad,vehicles,car-accessories
۰۹۱۹۹۹۲۲۱۰۱,مهاباد,mahabad,vehicles,car-accessories
۰۹۱۴۸۰۸۹۲۲۸,مهاباد,mahabad,vehicles,car-accessories
۰۹۱۴۵۸۲۱۳۶۴,مهاباد,mahabad,vehicles,car-accessories
۰۹۱۴۱۶۶۲۵۲۳,مهاباد,mahabad,vehicles,car-accessories
۰۹۳۷۳۶۸۱۳۳۲,مهاباد,mahabad,vehicles,car-accessories
۰۹۹۰۱۷۲۰۱۵۷,مهاباد,mahabad,vehicles,car-accessories
۰۹۲۲۶۰۲۵۳۹۲,مهاباد,mahabad,vehicles,car-accessories
۰۹۲۲۲۷۵۲۴۰۲,مهاباد,mahabad,vehicles,car-accessories
۰۹۱۹۶۱۲۸۲۸۵,مهاباد,mahabad,vehicles,car-accessories
۰۹۱۴۸۶۲۷۸۷۱,مهاباد,mahabad,vehicles,car-accessories
۰۹۳۸۵۰۳۴۶۶۷,مهاباد,mahabad,vehicles,car-accessories
۰۹۱۴۶۰۴۰۶۶۴,مهاباد,mahabad,vehicles,car-accessories
۰۹۰۳۵۶۰۶۲۶۸,مهاباد,mahabad,vehicles,car-accessories
۰۹۱۴۱۶۹۶۰۶۲,مهاباد,mahabad,vehicles,car-accessories
۰۹۳۰۰۴۶۹۴۹۴,مهاباد,mahabad,vehicles,car-accessories
۰۹۹۰۹۴۴۹۸۰۴,مهاباد,mahabad,vehicles,car-accessories
۰۹۳۶۵۴۵۹۹۸۸,مهاباد,mahabad,vehicles,car-accessories
۰۹۳۶۴۴۲۸۷۷۷,مهاباد,mahabad,vehicles,car-accessories
۰۹۱۴۹۵۸۴۰۸۷,مهاباد,mahabad,vehicles,motorcycles
۰۹۱۴۹۷۲۵۰۳۶,مهاباد,mahabad,vehicles,motorcycles
۰۹۳۹۰۰۸۳۹۲۰,مهاباد,mahabad,vehicles,motorcycles
۰۹۳۹۸۰۲۷۲۷۸,مهاباد,mahabad,vehicles,motorcycles
۰۹۱۴۵۴۹۴۵۷۸,مهاباد,mahabad,vehicles,motorcycles
۰۹۰۱۹۱۶۲۸۱۲,مهاباد,mahabad,vehicles,motorcycles
۰۹۱۴۲۸۲۹۱۶۳,مهاباد,mahabad,vehicles,motorcycles
۰۹۱۴۵۵۰۶۳۱۰,مهاباد,mahabad,vehicles,motorcycles
۰۹۳۸۳۱۳۲۹۸۸,مهاباد,mahabad,vehicles,motorcycles
۰۹۱۴۲۸۲۹۱۶۳,مهاباد,mahabad,vehicles,motorcycles
۰۹۱۴۹۰۰۱۷۹۰,مهاباد,mahabad,vehicles,motorcycles
۰۹۳۹۳۷۹۹۲۹۱,مهاباد,mahabad,vehicles,motorcycles
۰۹۳۵۱۶۴۲۸۰۰,مهاباد,mahabad,vehicles,motorcycles
۰۹۳۷۹۱۵۴۵۰۱,مهاباد,mahabad,vehicles,motorcycles
۰۹۳۳۳۲۸۳۶۵۴,مهاباد,mahabad,vehicles,motorcycles
۰۹۱۴۶۰۴۸۲۶۲,مهاباد,mahabad,vehicles,motorcycles
۰۹۳۸۷۳۰۳۹۳۴,مهاباد,mahabad,vehicles,motorcycles
۰۹۱۴۲۰۰۷۸۱۸,مهاباد,mahabad,vehicles,motorcycles
۰۹۳۷۳۴۲۹۰۰۹,مهاباد,mahabad,vehicles,motorcycles
۰۹۱۴۸۷۱۰۵۰۰,مهاباد,mahabad,vehicles,motorcycles
۰۹۰۱۷۸۶۷۹۹۶,مهاباد,mahabad,vehicles,motorcycles
۰۹۱۴۹۴۴۴۲۵۱,مهاباد,mahabad,vehicles,motorcycles
۰۹۱۴۹۵۸۴۲۵۹,مهاباد,mahabad,vehicles,motorcycles
۰۹۳۷۰۶۷۹۳۱۳,مهاباد,mahabad,vehicles,motorcycles
۰۹۱۴۱۶۸۸۳۵۴,مهاباد,mahabad,vehicles,motorcycles
۰۹۱۴۲۶۲۲۰۶۳,مهاباد,mahabad,vehicles,motorcycles
۰۹۱۴۶۳۲۰۳۹۵,مهاباد,mahabad,vehicles,motorcycles
۰۹۳۵۱۴۵۵۴۷۵,مهاباد,mahabad,vehicles,motorcycles
۰۹۱۴۶۳۲۰۳۹۵,مهاباد,mahabad,vehicles,motorcycles
۰۹۰۳۶۳۷۸۹۹۷,مهاباد,mahabad,vehicles,motorcycles
۰۹۹۰۸۹۴۴۵۳۱,مهاباد,mahabad,vehicles,motorcycles
۰۹۳۳۴۸۵۶۸۰۴,مهاباد,mahabad,vehicles,motorcycles
۰۹۱۴۵۵۹۲۳۱۹,مهاباد,mahabad,vehicles,motorcycles
۰۹۱۴۷۲۲۹۲۷۵,مهاباد,mahabad,vehicles,motorcycles
۰۹۱۴۶۷۲۶۱۴۶,مهاباد,mahabad,vehicles,motorcycles
۰۹۱۴۳۴۲۳۶۶۹,مهاباد,mahabad,vehicles,motorcycles
۰۹۱۴۹۵۹۱۳۹۱,مهاباد,mahabad,vehicles,motorcycles
۰۹۳۶۳۲۹۴۲۷۴,مهاباد,mahabad,vehicles,motorcycles
۰۹۳۵۹۴۶۵۱۳۵,مهاباد,mahabad,vehicles,motorcycles
۰۹۳۳۱۷۷۶۷۵۰,مهاباد,mahabad,electronic-devices,mobile-tablet
۰۹۰۳۳۹۷۴۴۱۵,مهاباد,mahabad,electronic-devices,mobile-tablet
۰۹۱۴۱۶۷۶۷۹۸,مهاباد,mahabad,electronic-devices,mobile-tablet
۰۹۱۴۵۲۴۷۸۴۴,مهاباد,mahabad,electronic-devices,mobile-tablet
۰۹۹۰۱۴۲۶۴۲۴,مهاباد,mahabad,electronic-devices,mobile-tablet
۰۹۱۹۸۶۰۴۶۶۹,مهاباد,mahabad,electronic-devices,mobile-tablet
۰۹۹۱۷۷۷۳۵۷۴,مهاباد,mahabad,electronic-devices,mobile-tablet
۰۹۳۷۲۳۸۳۶۷۲,مهاباد,mahabad,electronic-devices,mobile-tablet
۰۹۹۲۱۱۶۱۱۴۵,مهاباد,mahabad,electronic-devices,mobile-tablet
۰۹۱۴۵۸۹۵۰۲۹,مهاباد,mahabad,electronic-devices,mobile-tablet
۰۹۱۰۴۴۲۶۶۵۱,مهاباد,mahabad,electronic-devices,mobile-tablet
۰۹۱۰۴۴۳۷۰۰۱,مهاباد,mahabad,electronic-devices,mobile-tablet
۰۹۳۷۳۴۲۹۰۰۹,مهاباد,mahabad,electronic-devices,mobile-tablet
۰۹۳۶۳۱۴۷۹۷۳,مهاباد,mahabad,electronic-devices,mobile-tablet
۰۹۳۵۵۵۸۷۰۷۰,مهاباد,mahabad,electronic-devices,mobile-tablet
۰۹۱۰۴۳۹۴۲۵۳,مهاباد,mahabad,electronic-devices,mobile-tablet
(پنهان‌شده؛ چت کنید),مهاباد,mahabad,electronic-devices,mobile-tablet
۰۹۳۳۲۴۷۴۰۵۲,مهاباد,mahabad,electronic-devices,mobile-tablet
۰۹۱۴۴۲۲۱۱۴۳,مهاباد,mahabad,electronic-devices,mobile-tablet
۰۹۱۴۹۴۴۲۹۳۱,مهاباد,mahabad,electronic-devices,mobile-tablet
۰۹۱۴۸۷۲۸۵۷۸,مهاباد,mahabad,electronic-devices,mobile-tablet
۰۹۰۳۵۶۰۶۲۳۲,مهاباد,mahabad,electronic-devices,mobile-tablet
۰۹۱۴۵۲۰۲۶۰۴,مهاباد,mahabad,electronic-devices,mobile-tablet
۰۹۰۵۶۱۲۲۷۴۰,مهاباد,mahabad,electronic-devices,mobile-tablet
۰۹۰۵۶۱۲۲۷۴۰,مهاباد,mahabad,electronic-devices,mobile-tablet
۰۹۳۳۱۳۵۰۷۳۳,مهاباد,mahabad,electronic-devices,mobile-tablet
۰۹۳۰۷۶۴۲۰۰۲,مهاباد,mahabad,electronic-devices,mobile-tablet
۰۹۱۴۸۷۲۸۵۷۸,مهاباد,mahabad,electronic-devices,mobile-tablet
۰۹۳۶۲۵۵۴۳۳۹,مهاباد,mahabad,electronic-devices,mobile-tablet
۰۹۱۴۵۲۰۲۶۰۴,مهاباد,mahabad,electronic-devices,mobile-tablet
۰۹۱۴۵۰۸۲۲۷۸,مهاباد,mahabad,electronic-devices,mobile-tablet
(پنهان‌شده؛ چت کنید),مهاباد,mahabad,electronic-devices,mobile-tablet
۰۹۱۴۲۷۶۸۱۸۸,مهاباد,mahabad,electronic-devices,mobile-tablet
۰۹۰۱۱۲۹۴۱۸۰,مهاباد,mahabad,electronic-devices,mobile-tablet
۰۹۱۴۵۴۴۴۴۱۳,مهاباد,mahabad,electronic-devices,mobile-tablet
۰۹۳۸۴۹۷۸۶۲۲,مهاباد,mahabad,electronic-devices,mobile-tablet
(پنهان‌شده؛ چت کنید),مهاباد,mahabad,electronic-devices,mobile-tablet
۰۹۱۴۵۸۵۳۱۳۵,مهاباد,mahabad,electronic-devices,mobile-tablet
۰۹۰۳۸۰۵۶۲۴۳,مهاباد,mahabad,electronic-devices,mobile-tablet
۰۹۱۰۴۴۳۵۶۸۵,مهاباد,mahabad,electronic-devices,mobile-tablet
۰۹۳۶۸۰۳۷۱۲۲,مهاباد,mahabad,electronic-devices,mobile-tablet
۰۹۳۸۶۳۱۱۱۶۱,مهاباد,mahabad,electronic-devices,mobile-tablet
۰۹۱۴۱۶۷۴۸۸۰,مهاباد,mahabad,electronic-devices,computers
۰۹۰۲۴۲۲۹۶۶۱,مهاباد,mahabad,electronic-devices,computers
۰۹۳۶۵۹۵۶۰۰۹,مهاباد,mahabad,electronic-devices,computers
۰۹۳۸۵۸۲۲۳۶۴,مهاباد,mahabad,electronic-devices,computers
۰۹۱۴۹۴۷۵۷۷۹,مهاباد,mahabad,electronic-devices,computers
۰۹۹۰۴۴۲۸۴۱۱,مهاباد,mahabad,electronic-devices,computers
۰۹۱۴۹۴۷۵۴۰۸,مهاباد,mahabad,electronic-devices,computers
(پنهان‌شده؛ چت کنید),مهاباد,mahabad,electronic-devices,computers
۰۹۱۴۱۶۷۵۸۲۸,مهاباد,mahabad,electronic-devices,computers
۰۹۱۴۱۶۷۵۸۲۸,مهاباد,mahabad,electronic-devices,computers
۰۹۱۴۱۶۷۵۸۲۸,مهاباد,mahabad,electronic-devices,computers
۰۹۱۴۸۲۵۲۶۷۴,مهاباد,mahabad,electronic-devices,computers
۰۹۱۴۹۴۸۵۳۱۰,مهاباد,mahabad,electronic-devices,computers
۰۹۹۱۴۳۲۴۸۹۷,مهاباد,mahabad,electronic-devices,computers
۰۹۱۱۸۲۳۹۶۷۶,مهاباد,mahabad,electronic-devices,computers
۰۹۱۴۶۳۷۶۲۴۸,مهاباد,mahabad,electronic-devices,computers
۰۹۳۷۳۴۲۹۰۰۹,مهاباد,mahabad,electronic-devices,computers
۰۹۱۴۵۸۵۳۱۳۵,مهاباد,mahabad,electronic-devices,computers
۰۹۱۴۵۸۵۳۱۳۵,مهاباد,mahabad,electronic-devices,computers
۰۹۱۴۵۸۵۳۱۳۵,مهاباد,mahabad,electronic-devices,computers
۰۹۱۴۲۹۷۱۴۱۲,مهاباد,mahabad,electronic-devices,computers
۰۹۱۴۶۲۴۱۰۰۵,مهاباد,mahabad,electronic-devices,computers
۰۹۳۹۷۷۴۷۰۲۰,مهاباد,mahabad,electronic-devices,computers
۰۹۱۴۸۱۶۵۵۹۸,مهاباد,mahabad,electronic-devices,computers
۰۹۱۴۴۴۴۳۹۷۳,مهاباد,mahabad,electronic-devices,computers
۰۹۱۰۹۵۶۵۹۱۱,مهاباد,mahabad,electronic-devices,computers
۰۹۳۷۴۸۶۸۷۸۲,مهاباد,mahabad,electronic-devices,game-consoles
(پنهان‌شده؛ چت کنید),مهاباد,mahabad,electronic-devices,game-consoles
۰۹۱۴۲۰۲۴۷۹۹,مهاباد,mahabad,electronic-devices,game-consoles
۰۹۳۷۰۰۲۵۹۸۶,مهاباد,mahabad,electronic-devices,game-consoles
۰۹۱۴۹۴۴۳۵۸۰,مهاباد,mahabad,electronic-devices,game-consoles
۰۹۳۳۵۶۲۰۰۹۳,مهاباد,mahabad,electronic-devices,game-consoles
۰۹۱۴۲۰۰۵۹۱۵,مهاباد,mahabad,electronic-devices,game-consoles
۰۹۰۱۵۱۷۰۲۳۱,مهاباد,mahabad,electronic-devices,game-consoles
۰۹۳۰۷۷۲۸۷۷۶,مهاباد,mahabad,electronic-devices,video-audio-device
۰۹۱۴۹۴۸۴۲۶۳,مهاباد,mahabad,electronic-devices,video-audio-device
۰۹۱۴۵۸۹۵۰۲۹,مهاباد,mahabad,electronic-devices,video-audio-device
۰۹۱۸۷۲۳۸۱۶۷,مهاباد,mahabad,electronic-devices,video-audio-device
۰۹۳۷۳۳۴۷۳۶۶,مهاباد,mahabad,electronic-devices,video-audio-device
۰۹۳۶۲۰۵۶۸۸۵,مهاباد,mahabad,electronic-devices,video-audio-device
۰۹۳۰۱۹۲۳۷۳۵,مهاباد,mahabad,electronic-devices,video-audio-device
۰۹۱۴۹۴۴۳۴۳۲,مهاباد,mahabad,electronic-devices,video-audio-device
۰۹۳۳۰۴۷۳۲۷۶,مهاباد,mahabad,electronic-devices,video-audio-device
۰۹۱۴۸۲۵۲۶۷۴,مهاباد,mahabad,electronic-devices,video-audio-device
۰۹۱۴۳۴۲۸۳۷۴,مهاباد,mahabad,electronic-devices,video-audio-device
۰۹۱۴۱۶۷۷۱۴۲,مهاباد,mahabad,electronic-devices,video-audio-device
۰۹۱۴۹۴۷۹۵۳۴,مهاباد,mahabad,electronic-devices,video-audio-device
۰۹۱۴۸۲۵۲۶۷۴,مهاباد,mahabad,electronic-devices,video-audio-device
۰۹۱۴۳۴۲۹۴۰۸,مهاباد,mahabad,electronic-devices,video-audio-device
۰۹۱۴۸۲۵۲۶۷۴,مهاباد,mahabad,electronic-devices,video-audio-device
۰۹۰۳۸۹۹۲۸۴۴,مهاباد,mahabad,electronic-devices,video-audio-device
۰۹۳۸۱۳۰۷۱۴۶,مهاباد,mahabad,electronic-devices,video-audio-device
۰۹۳۳۸۹۹۶۴۶۴,مهاباد,mahabad,home-and-kitchen,home-decor-furniture
۰۹۱۴۵۲۲۹۰۹۴,مهاباد,mahabad,home-and-kitchen,home-decor-furniture
۰۹۱۴۹۴۸۰۲۶۸,مهاباد,mahabad,home-and-kitchen,home-decor-furniture
۰۹۳۷۳۴۲۹۰۰۹,مهاباد,mahabad,home-and-kitchen,home-decor-furniture
۰۹۱۴۱۶۸۱۷۷۵,مهاباد,mahabad,home-and-kitchen,home-decor-furniture
۰۹۱۴۴۴۴۰۵۹۰,مهاباد,mahabad,home-and-kitchen,home-decor-furniture
۰۹۱۴۴۴۴۰۵۹۰,مهاباد,mahabad,home-and-kitchen,home-decor-furniture
۰۹۱۴۹۴۸۴۲۶۳,مهاباد,mahabad,home-and-kitchen,home-decor-furniture
۰۹۳۳۲۴۹۱۰۸۲,مهاباد,mahabad,home-and-kitchen,home-decor-furniture
۰۹۱۴۲۷۵۷۵۴۶,مهاباد,mahabad,home-and-kitchen,home-decor-furniture
۰۹۱۴۹۴۲۸۸۱۷,مهاباد,mahabad,home-and-kitchen,home-decor-furniture
۰۹۳۵۸۸۲۶۲۲۹,مهاباد,mahabad,home-and-kitchen,home-decor-furniture
۰۹۱۳۷۸۸۳۵۵۸,مهاباد,mahabad,home-and-kitchen,home-decor-furniture
۰۹۱۴۴۴۲۱۹۰۶,مهاباد,mahabad,home-and-kitchen,home-decor-furniture
۰۹۱۴۸۲۵۲۶۷۴,مهاباد,mahabad,home-and-kitchen,home-decor-furniture
۰۹۱۴۹۴۷۶۱۵۰,مهاباد,mahabad,home-and-kitchen,home-decor-furniture
۰۹۳۶۵۱۰۴۴۷۴,مهاباد,mahabad,home-and-kitchen,home-decor-furniture
۰۹۳۶۸۴۶۲۷۲۲,مهاباد,mahabad,home-and-kitchen,home-decor-furniture
۰۹۱۴۹۴۸۰۴۸۵,مهاباد,mahabad,home-and-kitchen,home-decor-furniture
۰۹۱۴۷۲۳۴۴۹۴,مهاباد,mahabad,home-and-kitchen,home-decor-furniture
۰۹۱۴۲۸۰۷۱۸۱,مهاباد,mahabad,home-and-kitchen,home-decor-furniture
۰۹۱۴۵۱۶۲۹۹۰,مهاباد,mahabad,home-and-kitchen,home-decor-furniture
۰۹۱۰۴۴۲۶۵۹۵,مهاباد,mahabad,home-and-kitchen,home-decor-furniture
۰۹۱۴۷۷۴۲۸۲۶,مهاباد,mahabad,home-and-kitchen,home-decor-furniture
۰۹۳۷۰۲۲۳۴۳۷,مهاباد,mahabad,home-and-kitchen,home-decor-furniture
۰۹۳۸۹۱۰۹۳۵۴,مهاباد,mahabad,home-and-kitchen,home-decor-furniture
۰۹۱۴۴۴۴۴۰۱۱,مهاباد,mahabad,home-and-kitchen,home-decor-furniture
۰۹۳۵۸۰۹۵۶۲۳,مهاباد,mahabad,home-and-kitchen,home-decor-furniture
(پنهان‌شده؛ چت کنید),مهاباد,mahabad,home-and-kitchen,home-decor-furniture
۰۹۱۰۴۱۶۹۱۶۵,مهاباد,mahabad,home-and-kitchen,home-decor-furniture
۰۹۰۳۸۶۶۳۱۱۰,مهاباد,mahabad,home-and-kitchen,home-decor-furniture
۰۹۱۴۱۶۷۹۳۷۹,مهاباد,mahabad,home-and-kitchen,home-decor-furniture
(پنهان‌شده؛ چت کنید),مهاباد,mahabad,home-and-kitchen,home-decor-furniture
۰۹۱۴۶۳۳۱۷۹۶,مهاباد,mahabad,home-and-kitchen,home-decor-furniture
۰۹۱۹۵۹۶۱۴۶۴,مهاباد,mahabad,home-and-kitchen,home-decor-furniture
۰۹۳۷۳۴۲۹۰۰۹,مهاباد,mahabad,home-and-kitchen,home-decor-furniture
۰۹۳۶۱۷۲۹۳۷۵,مهاباد,mahabad,home-and-kitchen,home-decor-furniture
۰۹۱۴۱۶۹۶۰۶۲,مهاباد,mahabad,home-and-kitchen,home-decor-furniture
۰۹۱۹۱۴۱۵۰۳۷,مهاباد,mahabad,home-and-kitchen,home-decor-furniture
۰۹۱۹۱۴۱۵۰۳۷,مهاباد,mahabad,home-and-kitchen,home-decor-furniture
۰۹۲۲۱۴۶۱۲۷۹,مهاباد,mahabad,home-and-kitchen,home-decor-furniture
۰۹۳۰۷۷۲۸۷۷۶,مهاباد,mahabad,home-and-kitchen,home-decor-furniture
۰۹۳۰۷۷۲۸۷۷۶,مهاباد,mahabad,home-and-kitchen,home-decor-furniture
۰۹۳۰۷۷۲۸۷۷۶,مهاباد,mahabad,home-and-kitchen,home-decor-furniture
۰۹۳۳۳۷۶۹۱۶۲,مهاباد,mahabad,home-and-kitchen,home-decor-furniture
(پنهان‌شده؛ چت کنید),مهاباد,mahabad,home-and-kitchen,home-decor-furniture
۰۹۳۳۱۳۵۰۷۳۳,مهاباد,mahabad,home-and-kitchen,kitchen-appliances
۰۹۱۴۸۵۶۱۸۱۳,مهاباد,mahabad,home-and-kitchen,kitchen-appliances
۰۹۱۴۶۲۰۷۹۷۲,مهاباد,mahabad,home-and-kitchen,kitchen-appliances
۰۹۱۴۹۴۸۴۲۶۳,مهاباد,mahabad,home-and-kitchen,kitchen-appliances
۰۹۱۴۹۴۵۷۵۲۵,مهاباد,mahabad,home-and-kitchen,kitchen-appliances
۰۹۱۸۷۲۳۸۱۶۷,مهاباد,mahabad,home-and-kitchen,kitchen-appliances
۰۹۱۸۷۲۳۸۱۶۷,مهاباد,mahabad,home-and-kitchen,kitchen-appliances
۰۹۱۴۶۲۰۰۰۹۶,مهاباد,mahabad,home-and-kitchen,kitchen-appliances
۰۹۱۴۴۴۲۱۹۰۶,مهاباد,mahabad,home-and-kitchen,kitchen-appliances
۰۹۱۴۵۲۶۴۹۸۰,مهاباد,mahabad,home-and-kitchen,kitchen-appliances
۰۹۲۲۵۱۵۶۰۹۶,مهاباد,mahabad,home-and-kitchen,kitchen-appliances
(پنهان‌شده؛ چت کنید),مهاباد,mahabad,home-and-kitchen,kitchen-appliances
۰۹۱۴۶۲۰۰۰۹۶,مهاباد,mahabad,home-and-kitchen,kitchen-appliances
۰۹۱۴۵۵۸۲۱۴۴,مهاباد,mahabad,home-and-kitchen,kitchen-appliances
۰۹۱۴۹۴۷۹۵۳۴,مهاباد,mahabad,home-and-kitchen,kitchen-appliances
۰۹۱۴۹۴۷۹۵۳۴,مهاباد,mahabad,home-and-kitchen,kitchen-appliances
۰۹۳۷۷۹۰۹۴۹۶,مهاباد,mahabad,home-and-kitchen,kitchen-appliances
۰۹۳۷۷۹۰۹۴۹۶,مهاباد,mahabad,home-and-kitchen,kitchen-appliances
۰۹۱۸۶۶۱۵۲۱۹,مهاباد,mahabad,home-and-kitchen,kitchen-appliances
۰۹۳۳۱۷۴۲۶۰۳,مهاباد,mahabad,home-and-kitchen,kitchen-appliances
۰۹۱۴۱۶۹۶۹۶۷,مهاباد,mahabad,home-and-kitchen,kitchen-appliances
(پنهان‌شده؛ چت کنید),مهاباد,mahabad,home-and-kitchen,kitchen-appliances
۰۹۳۰۷۷۲۸۷۷۶,مهاباد,mahabad,home-and-kitchen,kitchen-appliances
۰۹۱۴۹۴۷۹۵۳۴,مهاباد,mahabad,home-and-kitchen,kitchen-appliances
۰۹۱۴۹۴۷۹۵۳۴,مهاباد,mahabad,home-and-kitchen,kitchen-appliances
۰۹۱۴۹۴۷۹۵۳۴,مهاباد,mahabad,home-and-kitchen,kitchen-appliances
۰۹۳۰۷۷۲۸۷۷۶,مهاباد,mahabad,home-and-kitchen,kitchen-appliances
۰۹۳۶۵۰۷۷۵۷۵,مهاباد,mahabad,home-and-kitchen,kitchen-appliances
۰۹۹۲۱۴۸۶۵۶۹,مهاباد,mahabad,home-and-kitchen,kitchen-appliances
(پنهان‌شده؛ چت کنید),مهاباد,mahabad,home-and-kitchen,kitchen-appliances
۰۹۱۴۹۶۹۱۷۷۸,مهاباد,mahabad,home-and-kitchen,kitchen-appliances
۰۹۱۴۹۴۴۶۸۷۹,مهاباد,mahabad,home-and-kitchen,kitchen-appliances
۰۹۱۴۷۱۳۲۳۳۴,مهاباد,mahabad,home-and-kitchen,kitchen-appliances
۰۹۱۴۷۱۳۲۳۳۴,مهاباد,mahabad,home-and-kitchen,kitchen-appliances
۰۹۱۹۳۸۲۱۵۳۱,مهاباد,mahabad,home-and-kitchen,kitchen-appliances
۰۹۰۳۲۸۷۶۰۴۷,مهاباد,mahabad,home-and-kitchen,kitchen-appliances
۰۹۱۴۸۸۲۷۶۱۵,مهاباد,mahabad,home-and-kitchen,kitchen-appliances
۰۹۱۴۲۱۲۵۴۸۵,مهاباد,mahabad,home-and-kitchen,home-appliances
۰۹۱۴۹۴۴۳۶۰۳,مهاباد,mahabad,home-and-kitchen,home-appliances
۰۹۱۴۶۲۰۰۰۹۶,مهاباد,mahabad,home-and-kitchen,home-appliances
(پنهان‌شده؛ چت کنید),مهاباد,mahabad,home-and-kitchen,home-appliances
۰۹۱۴۶۳۳۱۷۹۶,مهاباد,mahabad,home-and-kitchen,home-appliances
۰۹۱۴۸۲۴۶۰۶۵,مهاباد,mahabad,home-and-kitchen,home-appliances
۰۹۳۶۵۰۷۷۵۷۵,مهاباد,mahabad,home-and-kitchen,home-appliances
۰۹۱۴۳۴۲۶۸۰۱,مهاباد,mahabad,home-and-kitchen,home-appliances
۰۹۱۴۹۸۲۳۷۴۸,مهاباد,mahabad,home-and-kitchen,home-appliances
۰۹۱۴۳۴۲۶۴۲۳,مهاباد,mahabad,home-and-kitchen,building-garden
۰۹۱۴۲۸۲۴۴۹۳,مهاباد,mahabad,home-and-kitchen,building-garden
۰۹۱۴۲۸۳۸۶۹۸,مهاباد,mahabad,home-and-kitchen,building-garden
۰۹۱۴۱۶۶۲۶۹۵,مهاباد,mahabad,home-and-kitchen,building-garden
۰۹۹۱۸۵۱۵۹۵۴,مهاباد,mahabad,home-and-kitchen,building-garden
۰۹۱۴۴۴۲۲۵۵۶,مهاباد,mahabad,home-and-kitchen,building-garden
۰۹۱۴۷۷۴۲۸۲۶,مهاباد,mahabad,home-and-kitchen,building-garden
۰۹۱۴۲۰۵۹۹۸۸,مهاباد,mahabad,home-and-kitchen,building-garden
۰۹۱۴۱۶۹۶۹۶۷,مهاباد,mahabad,home-and-kitchen,building-garden
۰۹۱۴۴۴۲۶۳۳۱,مهاباد,mahabad,home-and-kitchen,building-garden
۰۹۱۴۴۴۴۷۲۹۸,مهاباد,mahabad,home-and-kitchen,building-garden
۰۹۳۹۶۴۱۱۹۷۹,مهاباد,mahabad,home-and-kitchen,building-garden
۰۹۱۴۸۸۴۰۲۹۷,مهاباد,mahabad,services,vehicles-services
۰۹۱۴۸۷۰۷۲۴۵,مهاباد,mahabad,services,vehicles-services
۰۹۱۴۹۸۲۳۷۴۸,مهاباد,mahabad,services,vehicles-services
(پنهان‌شده؛ چت کنید),مهاباد,mahabad,services,catering-services
۰۹۱۴۶۳۲۰۳۹۵,مهاباد,mahabad,services,catering-services
۰۹۳۵۶۰۵۸۰۳۳,مهاباد,mahabad,services,catering-services
۰۹۰۵۴۳۲۹۸۰۷,مهاباد,mahabad,services,technology-services
۰۹۰۵۴۳۲۹۸۰۷,مهاباد,mahabad,services,technology-services
۰۹۱۵۸۴۹۵۵۴۲,مهاباد,mahabad,services,technology-services
۰۹۰۵۴۳۲۹۸۰۷,مهاباد,mahabad,services,technology-services
۰۹۰۵۴۳۲۹۸۰۷,مهاباد,mahabad,services,technology-services
۰۹۰۵۴۳۲۹۸۰۷,مهاباد,mahabad,services,technology-services
۰۹۳۸۹۵۶۴۸۷۴,مهاباد,mahabad,services,technology-services
۰۹۱۴۵۱۵۶۸۶۲,مهاباد,mahabad,services,technology-services
۰۹۰۵۴۳۲۹۸۰۷,مهاباد,mahabad,services,technology-services
۰۹۰۵۴۳۲۹۸۰۷,مهاباد,mahabad,services,technology-services
۰۹۰۵۴۳۲۹۸۰۶,مهاباد,mahabad,services,technology-services
۰۹۱۴۲۱۱۰۶۲۹,مهاباد,mahabad,services,financial-services
۰۹۰۳۹۴۴۹۹۹۷,مهاباد,mahabad,services,financial-services
۰۹۹۲۷۸۸۱۴۰۹,مهاباد,mahabad,services,financial-services
۰۹۱۴۵۴۸۲۲۴۰,مهاباد,mahabad,services,transport-logistic-services
۰۹۳۷۸۳۵۱۵۵۷,مهاباد,mahabad,services,transport-logistic-services
۰۹۱۴۲۰۲۱۶۷۳,مهاباد,mahabad,services,transport-logistic-services
۰۹۹۰۰۵۲۹۷۸۹,مهاباد,mahabad,services,transport-logistic-services
۰۹۳۷۲۷۸۷۸۰۶,مهاباد,mahabad,services,transport-logistic-services
۰۹۱۴۱۶۹۱۱۸۴,مهاباد,mahabad,services,transport-logistic-services
۰۹۳۰۱۰۲۸۵۹۸,مهاباد,mahabad,services,transport-logistic-services
۰۹۱۴۸۱۶۱۲۵۱,مهاباد,mahabad,services,craft-skill-services
۰۹۱۴۶۰۷۸۵۹۶,مهاباد,mahabad,services,craft-skill-services
۰۹۱۴۴۴۸۴۸۸۲,مهاباد,mahabad,services,craft-skill-services
۰۹۱۴۰۴۴۳۸۶۴,مهاباد,mahabad,services,craft-skill-services
۰۹۳۰۶۸۱۶۹۸۰,مهاباد,mahabad,services,craft-skill-services
۰۹۱۴۸۳۸۰۸۷۶,مهاباد,mahabad,services,craft-skill-services
۰۹۳۵۳۹۱۹۳۳۲,مهاباد,mahabad,services,craft-skill-services
۰۹۳۷۰۵۶۴۲۰۴,مهاباد,mahabad,services,craft-skill-services
۰۹۰۲۵۸۶۵۲۷۶,مهاباد,mahabad,services,craft-skill-services
۰۹۱۴۰۴۴۳۸۶۴,مهاباد,mahabad,services,craft-skill-services
۰۹۹۱۱۳۷۷۸۵۸,مهاباد,mahabad,services,craft-skill-services
۰۹۹۲۴۸۹۴۲۴۸,مهاباد,mahabad,services,craft-skill-services
۰۹۱۴۹۴۸۵۳۱۰,مهاباد,mahabad,services,craft-skill-services
۰۹۱۴۴۴۰۰۲۰۰,مهاباد,mahabad,services,craft-skill-services
۰۹۱۴۶۰۰۰۱۸۳,مهاباد,mahabad,services,craft-skill-services
۰۹۹۱۸۵۰۴۰۵۱,مهاباد,mahabad,services,craft-skill-services
(پنهان‌شده؛ چت کنید),مهاباد,mahabad,services,beauty-services
۰۹۱۴۸۲۵۸۸۳۰,مهاباد,mahabad,services,beauty-services
۰۹۹۲۳۳۰۰۱۶۵,مهاباد,mahabad,services,beauty-services
۰۹۱۴۶۲۰۷۹۷۲,مهاباد,mahabad,services,beauty-services
۰۹۳۰۹۸۳۰۳۹۶,مهاباد,mahabad,services,beauty-services
۰۹۱۳۰۹۹۰۳۷۶,مهاباد,mahabad,services,beauty-services
۰۹۱۴۱۶۸۴۵۷۴,مهاباد,mahabad,services,beauty-services
۰۹۱۴۷۹۳۸۲۶۶,مهاباد,mahabad,services,beauty-services
۰۹۱۴۴۴۲۴۴۹۰,مهاباد,mahabad,services,entertaining-services
۰۹۳۸۳۴۸۸۹۱۰,مهاباد,mahabad,services,gardening-services
۰۹۱۴۳۸۸۲۶۴۵,مهاباد,mahabad,services,gardening-services
۰۹۹۱۰۹۲۷۲۹۳,مهاباد,mahabad,services,gardening-services
۰۹۳۷۲۸۰۶۰۶۷,مهاباد,mahabad,services,gardening-services
۰۹۰۵۸۷۷۴۰۹۲,مهاباد,mahabad,services,gardening-services
۰۹۱۴۸۵۶۸۰۳۵,مهاباد,mahabad,services,teaching-services
۰۹۳۷۷۴۹۸۸۹۹,مهاباد,mahabad,services,teaching-services
۰۹۰۲۶۸۳۱۷۹۵,مهاباد,mahabad,services,teaching-services
۰۹۰۵۴۲۶۱۸۹۵,مهاباد,mahabad,services,teaching-services
۰۹۹۰۴۸۷۲۹۲۰,مهاباد,mahabad,services,teaching-services
۰۹۱۴۸۸۸۴۱۹۷,مهاباد,mahabad,services,teaching-services
۰۹۳۵۳۶۴۴۹۰۲,مهاباد,mahabad,services,teaching-services
۰۹۰۱۲۰۸۷۵۳۵,مهاباد,mahabad,services,teaching-services
۰۹۳۷۲۸۰۶۰۶۷,مهاباد,mahabad,services,teaching-services
۰۹۱۴۴۸۶۴۳۷۳,مهاباد,mahabad,personal-goods,apparel
۰۹۳۷۳۹۷۲۳۶۰,مهاباد,mahabad,personal-goods,apparel
۰۹۳۷۰۸۵۴۲۴۹,مهاباد,mahabad,personal-goods,apparel
۰۹۹۰۴۴۱۵۴۸۴,مهاباد,mahabad,personal-goods,apparel
۰۹۱۴۲۶۷۹۱۶۷,مهاباد,mahabad,personal-goods,apparel
(پنهان‌شده؛ چت کنید),مهاباد,mahabad,personal-goods,apparel
۰۹۳۶۴۱۹۳۴۶۸,مهاباد,mahabad,personal-goods,apparel
۰۹۱۴۵۸۹۵۰۲۹,مهاباد,mahabad,personal-goods,apparel
۰۹۱۰۴۱۶۷۳۳۸,مهاباد,mahabad,personal-goods,apparel
۰۹۱۴۸۳۵۲۱۴۹,مهاباد,mahabad,personal-goods,apparel
۰۹۳۶۸۴۴۰۰۷۵,مهاباد,mahabad,personal-goods,apparel
۰۹۱۴۶۲۰۷۹۷۲,مهاباد,mahabad,personal-goods,apparel
۰۹۱۴۹۴۴۹۰۸۱,مهاباد,mahabad,personal-goods,apparel
۰۹۱۸۲۶۵۹۱۳۲,مهاباد,mahabad,personal-goods,apparel
۰۹۳۸۵۰۳۴۶۶۷,مهاباد,mahabad,personal-goods,apparel
۰۹۱۴۹۴۴۲۵۳۴,مهاباد,mahabad,personal-goods,apparel
۰۹۳۸۸۱۰۸۸۸۰,مهاباد,mahabad,personal-goods,apparel
۰۹۳۸۸۱۰۸۸۸۰,مهاباد,mahabad,personal-goods,apparel
۰۹۹۰۱۶۳۳۵۴۸,مهاباد,mahabad,personal-goods,apparel
(پنهان‌شده؛ چت کنید),مهاباد,mahabad,personal-goods,apparel
۰۹۰۳۲۸۷۶۰۴۷,مهاباد,mahabad,personal-goods,apparel
۰۹۱۴۴۸۳۵۸۹۳,مهاباد,mahabad,personal-goods,apparel
۰۹۱۴۸۷۱۵۸۶۱,مهاباد,mahabad,personal-goods,apparel
۰۹۱۴۵۲۰۲۶۰۴,مهاباد,mahabad,personal-goods,apparel
۰۹۳۹۲۲۴۲۳۵۴,مهاباد,mahabad,personal-goods,apparel
(پنهان‌شده؛ چت کنید),مهاباد,mahabad,personal-goods,apparel
۰۹۹۱۵۲۸۴۶۹۱,مهاباد,mahabad,personal-goods,apparel
۰۹۹۱۴۵۳۴۴۵۹,مهاباد,mahabad,personal-goods,apparel
۰۹۱۴۵۸۵۳۱۳۵,مهاباد,mahabad,personal-goods,apparel
۰۹۳۷۳۰۲۸۰۵۹,مهاباد,mahabad,personal-goods,apparel
(پنهان‌شده؛ چت کنید),مهاباد,mahabad,personal-goods,apparel
۰۹۰۱۳۸۲۴۶۰۷,مهاباد,mahabad,personal-goods,apparel
۰۹۱۴۳۴۲۰۶۱۲,مهاباد,mahabad,personal-goods,apparel
۰۹۱۴۵۸۷۹۸۵۳,مهاباد,mahabad,personal-goods,apparel
۰۹۱۴۵۸۵۳۱۳۵,مهاباد,mahabad,personal-goods,apparel
۰۹۱۴۵۸۵۳۱۳۵,مهاباد,mahabad,personal-goods,apparel
۰۹۱۸۵۳۵۸۸۷۴,مهاباد,mahabad,personal-goods,apparel
۰۹۱۰۴۴۳۸۴۱۳,مهاباد,mahabad,personal-goods,apparel
(پنهان‌شده؛ چت کنید),مهاباد,mahabad,personal-goods,apparel
۰۹۱۴۱۶۷۶۷۵۹,مهاباد,mahabad,personal-goods,apparel
۰۹۱۴۲۱۳۵۵۰۱,مهاباد,mahabad,personal-goods,apparel
۰۹۳۳۳۵۱۷۳۳۷,مهاباد,mahabad,personal-goods,apparel
۰۹۹۱۵۲۸۴۷۰۱,مهاباد,mahabad,personal-goods,apparel
۰۹۱۴۷۷۴۲۸۲۶,مهاباد,mahabad,personal-goods,apparel
۰۹۹۰۹۴۴۶۷۴۲,مهاباد,mahabad,personal-goods,apparel
۰۹۱۴۶۲۴۶۱۴۰,مهاباد,mahabad,personal-goods,apparel
۰۹۱۰۴۴۳۸۴۱۳,مهاباد,mahabad,personal-goods,apparel
۰۹۱۴۱۶۶۳۳۴۹,مهاباد,mahabad,personal-goods,apparel
۰۹۱۴۱۴۲۰۳۹۷,مهاباد,mahabad,personal-goods,apparel
۰۹۳۳۵۸۲۵۴۷۷,مهاباد,mahabad,personal-goods,apparel
۰۹۳۷۲۱۴۳۴۵۵,مهاباد,mahabad,personal-goods,apparel
۰۹۱۴۶۳۶۲۳۶۹,مهاباد,mahabad,personal-goods,apparel
۰۹۱۴۲۶۴۱۷۱۱,مهاباد,mahabad,personal-goods,apparel
۰۹۱۴۶۰۰۰۹۹۲,مهاباد,mahabad,personal-goods,apparel
۰۹۱۴۴۴۴۰۲۶۱,مهاباد,mahabad,personal-goods,apparel
۰۹۱۴۴۴۴۰۲۶۱,مهاباد,mahabad,personal-goods,apparel
۰۹۱۴۴۴۴۰۲۶۱,مهاباد,mahabad,personal-goods,apparel
۰۹۰۵۹۱۷۶۶۵۶,مهاباد,mahabad,personal-goods,apparel
۰۹۳۶۱۷۲۹۳۴۴,مهاباد,mahabad,personal-goods,apparel
۰۹۱۹۱۴۲۸۲۵۹,مهاباد,mahabad,personal-goods,apparel
۰۹۱۹۱۴۲۸۲۵۹,مهاباد,mahabad,personal-goods,apparel
۰۹۳۹۹۱۶۸۸۳۵,مهاباد,mahabad,personal-goods,apparel
(پنهان‌شده؛ چت کنید),مهاباد,mahabad,personal-goods,apparel
۰۹۳۸۴۲۳۳۵۵۳,مهاباد,mahabad,personal-goods,apparel
۰۹۰۱۴۸۱۴۰۸۸,مهاباد,mahabad,personal-goods,apparel
۰۹۱۴۳۴۲۵۵۶۷,مهاباد,mahabad,personal-goods,apparel
۰۹۳۹۲۹۵۳۰۳۶,مهاباد,mahabad,personal-goods,apparel
۰۹۳۷۰۸۵۴۲۴۹,مهاباد,mahabad,personal-goods,apparel
۰۹۳۶۳۲۹۴۲۶۷,مهاباد,mahabad,personal-goods,apparel
۰۹۱۱۴۷۸۰۸۷۶,مهاباد,mahabad,personal-goods,apparel
۰۹۰۵۶۴۸۳۸۹۹,مهاباد,mahabad,personal-goods,apparel
۰۹۱۴۵۲۲۸۵۹۹,مهاباد,mahabad,personal-goods,accessories
(پنهان‌شده؛ چت کنید),مهاباد,mahabad,personal-goods,accessories
۰۹۱۴۹۴۸۵۲۷۷,مهاباد,mahabad,personal-goods,accessories
۰۹۱۴۳۴۲۰۴۴۲,مهاباد,mahabad,personal-goods,accessories
۰۹۳۰۸۲۶۴۱۳۰,مهاباد,mahabad,personal-goods,accessories
۰۹۰۵۲۷۷۴۰۸۰,مهاباد,mahabad,personal-goods,accessories
۰۹۱۴۵۴۵۶۰۰۷,مهاباد,mahabad,personal-goods,accessories
۰۹۱۴۹۵۸۴۳۹۶,مهاباد,mahabad,personal-goods,accessories
(پنهان‌شده؛ چت کنید),مهاباد,mahabad,personal-goods,accessories
۰۹۱۴۶۲۴۶۱۴۰,مهاباد,mahabad,personal-goods,accessories
۰۹۳۸۸۱۰۸۸۸۰,مهاباد,mahabad,personal-goods,accessories
۰۹۱۴۷۹۷۰۸۷۹,مهاباد,mahabad,personal-goods,accessories
۰۹۱۴۹۴۸۴۳۹۴,مهاباد,mahabad,personal-goods,accessories
۰۹۱۴۹۴۷۶۳۳۸,مهاباد,mahabad,personal-goods,accessories
۰۹۳۸۴۹۵۴۴۹۶,مهاباد,mahabad,personal-goods,accessories
۰۹۳۷۶۳۸۷۱۲۹,مهاباد,mahabad,personal-goods,accessories
(پنهان‌شده؛ چت کنید),مهاباد,mahabad,personal-goods,accessories
(پنهان‌شده؛ چت کنید),مهاباد,mahabad,personal-goods,accessories
۰۹۱۴۶۰۶۶۹۷۵,مهاباد,mahabad,personal-goods,accessories
۰۹۳۵۷۶۶۶۱۸۱,مهاباد,mahabad,personal-goods,accessories
۰۹۱۴۹۴۷۶۳۳۸,مهاباد,mahabad,personal-goods,accessories
۰۹۱۴۶۰۶۶۹۷۵,مهاباد,mahabad,personal-goods,accessories
۰۹۹۰۹۳۷۵۷۱۸,مهاباد,mahabad,personal-goods,beauty-and-personal-care
۰۹۱۴۹۴۸۹۴۴۰,مهاباد,mahabad,personal-goods,beauty-and-personal-care
۰۹۱۴۹۴۸۹۴۴۰,مهاباد,mahabad,personal-goods,beauty-and-personal-care
۰۹۱۹۳۹۳۲۷۲۱,مهاباد,mahabad,personal-goods,beauty-and-personal-care
۰۹۱۴۸۲۵۲۶۷۴,مهاباد,mahabad,personal-goods,beauty-and-personal-care
۰۹۰۱۹۶۰۳۲۴۴,مهاباد,mahabad,personal-goods,beauty-and-personal-care
۰۹۱۴۶۷۲۷۰۸۱,مهاباد,mahabad,personal-goods,beauty-and-personal-care
۰۹۳۷۳۵۹۹۱۴۲,مهاباد,mahabad,personal-goods,beauty-and-personal-care
(پنهان‌شده؛ چت کنید),مهاباد,mahabad,personal-goods,beauty-and-personal-care
(پنهان‌شده؛ چت کنید),مهاباد,mahabad,personal-goods,beauty-and-personal-care
۰۹۱۴۲۸۰۹۱۱۰,مهاباد,mahabad,personal-goods,beauty-and-personal-care
۰۹۲۲۹۰۲۵۸۲۳,مهاباد,mahabad,personal-goods,beauty-and-personal-care
۰۹۲۲۹۰۲۵۸۲۳,مهاباد,mahabad,personal-goods,beauty-and-personal-care
۰۹۳۸۴۹۵۴۴۹۶,مهاباد,mahabad,personal-goods,beauty-and-personal-care
۰۹۳۷۰۸۵۴۲۴۹,مهاباد,mahabad,personal-goods,beauty-and-personal-care
۰۹۱۴۳۴۴۹۸۱۲,مهاباد,mahabad,personal-goods,beauty-and-personal-care
۰۹۱۹۳۶۹۰۳۷۰,مهاباد,mahabad,personal-goods,child-apparel
۰۹۱۴۱۶۷۷۱۸۴,مهاباد,mahabad,personal-goods,child-apparel
۰۹۰۳۲۶۳۵۱۲۵,مهاباد,mahabad,personal-goods,child-apparel
۰۹۰۲۰۵۴۰۰۴۸,مهاباد,mahabad,personal-goods,child-apparel
۰۹۳۷۸۵۰۲۳۳۴,مهاباد,mahabad,personal-goods,child-apparel
۰۹۱۹۵۷۴۰۴۶۱,مهاباد,mahabad,personal-goods,child-apparel
۰۹۱۹۵۷۴۰۴۶۱,مهاباد,mahabad,personal-goods,child-apparel
(پنهان‌شده؛ چت کنید),مهاباد,mahabad,personal-goods,child-apparel
۰۹۱۴۲۶۹۸۴۵۰,مهاباد,mahabad,personal-goods,child-apparel
(پنهان‌شده؛ چت کنید),مهاباد,mahabad,personal-goods,child-products
(پنهان‌شده؛ چت کنید),مهاباد,mahabad,personal-goods,child-products
۰۹۱۴۶۲۰۷۹۷۲,مهاباد,mahabad,personal-goods,child-products
۰۹۳۰۰۹۷۲۴۲۱,مهاباد,mahabad,personal-goods,child-products
۰۹۳۵۵۵۸۷۰۷۰,مهاباد,mahabad,personal-goods,child-products
۰۹۱۴۸۷۰۰۶۲۶,مهاباد,mahabad,personal-goods,child-products
۰۹۳۹۲۹۵۳۰۳۶,مهاباد,mahabad,personal-goods,child-products
۰۹۳۹۲۹۵۳۰۳۶,مهاباد,mahabad,personal-goods,child-products
۰۹۱۴۳۴۲۶۱۷۱,مهاباد,mahabad,personal-goods,child-products
۰۹۱۴۷۲۲۹۲۷۵,مهاباد,mahabad,personal-goods,child-products
۰۹۱۴۷۲۲۹۲۷۵,مهاباد,mahabad,personal-goods,child-products
۰۹۱۴۸۸۵۵۴۴۸,مهاباد,mahabad,personal-goods,child-products
۰۹۳۹۴۴۲۵۹۲۳,مهاباد,mahabad,personal-goods,stationery
۰۹۳۹۹۵۶۸۴۰۸,مهاباد,mahabad,personal-goods,stationery
۰۹۹۱۴۶۵۱۷۰۷,مهاباد,mahabad,personal-goods,stationery
۰۹۳۸۶۳۲۸۰۱۹,مهاباد,mahabad,personal-goods,stationery
۰۹۱۸۶۷۸۸۸۹۵,مهاباد,mahabad,personal-goods,stationery
۰۹۱۴۹۴۴۸۰۲۳,مهاباد,mahabad,personal-goods,stationery
۰۹۰۳۶۲۸۱۷۵۷,مهاباد,mahabad,personal-goods,stationery
۰۹۱۴۲۶۰۹۲۳۴,مهاباد,mahabad,entertainment,publication
۰۹۰۳۶۲۸۱۷۵۷,مهاباد,mahabad,entertainment,publication
۰۹۱۰۴۴۳۳۳۹۳,مهاباد,mahabad,entertainment,publication
۰۹۰۳۶۲۸۱۷۵۷,مهاباد,mahabad,entertainment,publication
(پنهان‌شده؛ چت کنید),مهاباد,mahabad,entertainment,bike-skate-scooter
۰۹۱۴۴۸۷۱۳۰۲,مهاباد,mahabad,entertainment,bike-skate-scooter
۰۹۱۴۹۴۴۷۵۷۳,مهاباد,mahabad,entertainment,bike-skate-scooter
۰۹۹۱۰۱۶۹۲۷۹,مهاباد,mahabad,entertainment,bike-skate-scooter
۰۹۹۱۰۱۶۹۲۷۹,مهاباد,mahabad,entertainment,bike-skate-scooter
۰۹۰۱۰۲۷۸۷۰۴,مهاباد,mahabad,entertainment,bike-skate-scooter
۰۹۱۴۳۴۲۹۶۲۳,مهاباد,mahabad,entertainment,bike-skate-scooter
۰۹۲۲۲۷۰۰۴۶۴,مهاباد,mahabad,entertainment,bike-skate-scooter
۰۹۳۹۵۵۰۵۰۶۴,مهاباد,mahabad,entertainment,bike-skate-scooter
۰۹۱۴۱۶۶۶۲۷۷,مهاباد,mahabad,entertainment,pets-animals
۰۹۱۴۴۴۲۲۳۸۹,مهاباد,mahabad,entertainment,pets-animals
(پنهان‌شده؛ چت کنید),مهاباد,mahabad,entertainment,pets-animals
۰۹۱۹۳۶۹۰۰۵۲,مهاباد,mahabad,entertainment,pets-animals
۰۹۰۵۶۷۵۲۵۷۵,مهاباد,mahabad,entertainment,pets-animals
۰۹۳۵۳۰۸۴۳۴۰,مهاباد,mahabad,entertainment,pets-animals
۰۹۲۱۰۰۳۶۵۶۰,مهاباد,mahabad,entertainment,pets-animals
۰۹۳۸۴۷۶۷۵۷۳,مهاباد,mahabad,entertainment,pets-animals
۰۹۳۵۵۴۵۵۵۳۹,مهاباد,mahabad,entertainment,pets-animals
۰۹۳۸۴۷۶۷۵۷۳,مهاباد,mahabad,entertainment,pets-animals
۰۹۱۴۸۸۷۱۹۶۱,مهاباد,mahabad,entertainment,pets-animals
۰۹۳۸۹۸۸۱۹۸۲,مهاباد,mahabad,entertainment,pets-animals
۰۹۱۴۴۸۶۸۲۷۰,مهاباد,mahabad,entertainment,pets-animals
۰۹۹۰۱۷۳۰۲۳۵,مهاباد,mahabad,entertainment,pets-animals
۰۹۱۴۸۲۵۵۹۵۳,مهاباد,mahabad,entertainment,pets-animals
۰۹۰۱۲۷۶۲۰۲۸,مهاباد,mahabad,entertainment,pets-animals
۰۹۳۸۴۷۶۷۵۷۳,مهاباد,mahabad,entertainment,pets-animals
۰۹۳۸۴۷۶۷۵۷۳,مهاباد,mahabad,entertainment,pets-animals
۰۹۳۷۹۰۵۵۹۴۵,مهاباد,mahabad,entertainment,pets-animals
۰۹۱۴۹۴۴۸۶۹۰,مهاباد,mahabad,entertainment,pets-animals
۰۹۱۴۸۷۲۰۹۵۹,مهاباد,mahabad,entertainment,pets-animals
۰۹۳۶۳۵۲۲۲۸۹,مهاباد,mahabad,entertainment,pets-animals
۰۹۳۰۹۷۲۵۷۳۷,مهاباد,mahabad,entertainment,pets-animals
۰۹۳۶۹۸۴۵۰۵۵,مهاباد,mahabad,entertainment,pets-animals
۰۹۱۴۸۲۵۳۵۲۰,مهاباد,mahabad,entertainment,pets-animals
۰۹۱۲۰۴۱۴۲۶۰,مهاباد,mahabad,entertainment,pets-animals
(پنهان‌شده؛ چت کنید),مهاباد,mahabad,entertainment,pets-animals
(پنهان‌شده؛ چت کنید),مهاباد,mahabad,entertainment,pets-animals
۰۹۱۴۲۰۵۲۶۳۰,مهاباد,mahabad,entertainment,pets-animals
(پنهان‌شده؛ چت کنید),مهاباد,mahabad,entertainment,pets-animals
۰۹۰۱۱۷۴۵۰۰۳,مهاباد,mahabad,entertainment,pets-animals
۰۹۳۶۰۲۳۵۴۴۳,مهاباد,mahabad,entertainment,pets-animals
۰۹۱۰۴۴۲۶۰۹۴,مهاباد,mahabad,entertainment,collecting
۰۹۱۴۶۰۶۶۹۷۵,مهاباد,mahabad,entertainment,collecting
۰۹۳۷۹۸۵۸۷۵۶,مهاباد,mahabad,entertainment,collecting
۰۹۱۴۸۸۳۶۹۴۰,مهاباد,mahabad,entertainment,musical-instruments
(پنهان‌شده؛ چت کنید),مهاباد,mahabad,entertainment,musical-instruments
(پنهان‌شده؛ چت کنید),مهاباد,mahabad,entertainment,musical-instruments
۰۹۱۴۹۸۲۳۷۴۸,مهاباد,mahabad,entertainment,musical-instruments
(پنهان‌شده؛ چت کنید),مهاباد,mahabad,entertainment,musical-instruments
۰۹۳۰۲۰۱۴۰۸۹,مهاباد,mahabad,entertainment,musical-instruments
۰۹۱۴۲۰۹۳۵۶۷,مهاباد,mahabad,entertainment,musical-instruments
۰۹۲۱۶۵۶۸۳۸۶,مهاباد,mahabad,entertainment,musical-instruments
۰۹۱۴۷۹۸۵۰۰۶,مهاباد,mahabad,entertainment,musical-instruments
۰۹۰۱۱۷۵۰۹۱۴,مهاباد,mahabad,entertainment,musical-instruments
۰۹۱۰۴۴۳۷۰۰۱,مهاباد,mahabad,entertainment,musical-instruments
۰۹۳۹۷۶۳۰۵۱۵,مهاباد,mahabad,entertainment,musical-instruments
۰۹۹۲۱۶۶۴۵۲۵,مهاباد,mahabad,entertainment,sport-entertainment
(پنهان‌شده؛ چت کنید),مهاباد,mahabad,entertainment,sport-entertainment
۰۹۳۰۷۰۲۲۸۹۰,مهاباد,mahabad,entertainment,sport-entertainment
(پنهان‌شده؛ چت کنید),مهاباد,mahabad,entertainment,sport-entertainment
۰۹۳۰۳۷۹۱۲۰۶,مهاباد,mahabad,entertainment,sport-entertainment
۰۹۳۶۴۴۲۵۹۳۰,مهاباد,mahabad,entertainment,sport-entertainment
۰۹۱۴۸۲۴۴۵۱۱,مهاباد,mahabad,entertainment,sport-entertainment
۰۹۱۱۴۷۸۰۸۷۶,مهاباد,mahabad,entertainment,sport-entertainment
۰۹۱۱۴۷۸۰۸۷۶,مهاباد,mahabad,entertainment,sport-entertainment
۰۹۱۴۴۴۲۰۹۵۲,مهاباد,mahabad,entertainment,sport-entertainment
۰۹۳۵۴۸۵۹۲۰۱,مهاباد,mahabad,entertainment,sport-entertainment
۰۹۳۰۵۶۸۷۹۱۹,مهاباد,mahabad,entertainment,sport-entertainment
۰۹۳۶۰۲۷۲۷۷۰,مهاباد,mahabad,entertainment,sport-entertainment
۰۹۱۴۴۲۲۱۱۴۳,مهاباد,mahabad,entertainment,sport-entertainment
۰۹۹۱۸۵۲۳۲۵۰,مهاباد,mahabad,entertainment,sport-entertainment
(پنهان‌شده؛ چت کنید),مهاباد,mahabad,entertainment,game-and-toys
۰۹۳۸۱۱۸۷۹۵۹,مهاباد,mahabad,entertainment,game-and-toys
(پنهان‌شده؛ چت کنید),مهاباد,mahabad,entertainment,game-and-toys
۰۹۰۵۵۳۸۰۳۳۸,مهاباد,mahabad,entertainment,game-and-toys
۰۹۹۲۷۶۹۶۱۳۰,مهاباد,mahabad,social-services,event
۰۹۹۲۷۶۸۳۵۰۹,مهاباد,mahabad,social-services,event
۰۹۰۱۳۶۹۰۸۶۵,مهاباد,mahabad,social-services,event
۰۹۹۱۴۵۳۴۴۸۷,مهاباد,mahabad,social-services,event
۰۹۳۶۴۹۹۸۸۷۴,مهاباد,mahabad,social-services,event
۰۹۳۸۶۸۵۸۸۶۱,مهاباد,mahabad,social-services,event
(پنهان‌شده؛ چت کنید),مهاباد,mahabad,social-services,voluntary
۰۹۳۵۰۷۶۰۵۳۶,مهاباد,mahabad,social-services,voluntary
۰۹۱۴۷۱۳۲۳۳۴,مهاباد,mahabad,social-services,voluntary
۰۹۱۴۷۱۶۸۱۸۸,مهاباد,mahabad,social-services,missing
۰۹۱۴۸۸۳۶۹۹۲,مهاباد,mahabad,social-services,missing
۰۹۱۴۹۴۴۷۳۵۱,مهاباد,mahabad,social-services,missing
۰۹۱۴۹۸۲۳۷۴۸,مهاباد,mahabad,businesses,business-equipment
۰۹۱۴۹۸۲۳۷۴۸,مهاباد,mahabad,businesses,business-equipment
۰۹۱۴۵۸۹۵۰۲۹,مهاباد,mahabad,businesses,business-equipment
(پنهان‌شده؛ چت کنید),مهاباد,mahabad,businesses,business-equipment
(پنهان‌شده؛ چت کنید),مهاباد,mahabad,businesses,business-equipment
۰۹۳۰۳۷۷۸۷۳۵,مهاباد,mahabad,businesses,business-equipment
(پنهان‌شده؛ چت کنید),مهاباد,mahabad,businesses,business-equipment
۰۹۱۴۳۴۴۲۵۵۹,مهاباد,mahabad,businesses,business-equipment
۰۹۱۴۲۷۰۷۲۸۳,مهاباد,mahabad,businesses,business-equipment
۰۹۱۴۹۴۸۳۹۱۲,مهاباد,mahabad,businesses,business-equipment
۰۹۳۷۳۹۷۲۳۶۰,مهاباد,mahabad,businesses,business-equipment
۰۹۰۳۷۲۳۴۶۱۵,مهاباد,mahabad,businesses,business-equipment
۰۹۱۴۶۷۳۴۸۵۵,مهاباد,mahabad,businesses,business-equipment
۰۹۱۴۶۲۳۵۹۶۶,مهاباد,mahabad,businesses,business-equipment
۰۹۳۷۴۲۶۰۳۷۰,مهاباد,mahabad,businesses,business-equipment
۰۹۳۷۷۶۰۵۱۸۶,مهاباد,mahabad,businesses,business-equipment
۰۹۱۴۵۵۳۶۶۸۵,مهاباد,mahabad,businesses,business-equipment
۰۹۱۴۱۶۸۰۰۷۱,مهاباد,mahabad,businesses,business-equipment
۰۹۳۹۸۰۲۷۲۷۸,مهاباد,mahabad,businesses,business-equipment
۰۹۳۸۹۶۹۹۸۰۵,مهاباد,mahabad,businesses,business-equipment
۰۹۳۵۳۹۱۹۳۳۲,مهاباد,mahabad,businesses,business-equipment
۰۹۱۴۹۴۷۵۷۰۰,مهاباد,mahabad,businesses,business-equipment
۰۹۳۵۵۴۵۵۵۳۹,مهاباد,mahabad,businesses,business-equipment
۰۹۱۴۵۵۰۶۳۱۰,مهاباد,mahabad,businesses,business-equipment
۰۹۱۴۶۷۲۷۰۲۸,مهاباد,mahabad,businesses,business-equipment
۰۹۰۵۵۴۴۶۳۵۳,مهاباد,mahabad,businesses,business-equipment
۰۹۰۵۵۴۴۶۳۵۳,مهاباد,mahabad,businesses,business-equipment
۰۹۰۵۵۴۴۶۳۵۳,مهاباد,mahabad,businesses,business-equipment
۰۹۱۴۱۶۶۶۷۰۶,مهاباد,mahabad,businesses,business-equipment
۰۹۰۵۵۴۴۶۳۵۳,مهاباد,mahabad,businesses,business-equipment
۰۹۱۴۹۸۲۳۷۴۸,مهاباد,mahabad,businesses,business-equipment
۰۹۱۴۴۸۱۰۲۹۵,مهاباد,mahabad,businesses,business-equipment
(پنهان‌شده؛ چت کنید),مهاباد,mahabad,businesses,business-equipment
۰۹۳۹۰۹۸۴۹۷۹,مهاباد,mahabad,businesses,business-equipment
۰۹۱۴۹۸۲۳۷۴۸,مهاباد,mahabad,businesses,business-equipment
(پنهان‌شده؛ چت کنید),مهاباد,mahabad,businesses,business-equipment
۰۹۳۸۳۱۵۸۹۲۲,مهاباد,mahabad,businesses,business-equipment
۰۹۳۷۲۸۰۶۰۶۷,مهاباد,mahabad,businesses,business-equipment
۰۹۳۹۶۶۲۶۱۶۸,مهاباد,mahabad,businesses,business-equipment
۰۹۱۴۹۴۴۸۶۹۰,مهاباد,mahabad,businesses,business-equipment
۰۹۱۴۹۴۴۸۶۹۰,مهاباد,mahabad,businesses,business-equipment
۰۹۱۴۷۲۵۰۹۸۰,مهاباد,mahabad,businesses,business-equipment
۰۹۱۴۷۲۵۰۹۸۰,مهاباد,mahabad,businesses,business-equipment
۰۹۳۵۱۵۴۱۰۸۸,مهاباد,mahabad,businesses,business-equipment
۰۹۱۴۷۹۹۲۹۹۴,مهاباد,mahabad,businesses,business-equipment
۰۹۱۴۶۳۴۸۵۱۲,مهاباد,mahabad,businesses,business-equipment
۰۹۱۸۶۶۶۲۰۶۸,مهاباد,mahabad,businesses,business-equipment
۰۹۱۴۸۸۲۳۹۷۳,مهاباد,mahabad,businesses,business-equipment
۰۹۳۷۶۷۵۰۱۰۱,مهاباد,mahabad,businesses,business-equipment
۰۹۱۴۵۱۳۲۹۴۱,مهاباد,mahabad,businesses,business-equipment
۰۹۹۱۰۱۵۳۰۷۹,مهاباد,mahabad,businesses,business-equipment
۰۹۳۸۱۴۳۷۱۲۷,مهاباد,mahabad,businesses,business-equipment
۰۹۱۴۱۴۲۲۶۲۳,مهاباد,mahabad,businesses,business-equipment
۰۹۰۲۳۲۲۳۳۳۸,مهاباد,mahabad,businesses,business-equipment
۰۹۱۲۸۳۵۰۶۶۴,مهاباد,mahabad,businesses,business-equipment
۰۹۱۴۹۴۴۲۷۰۰,مهاباد,mahabad,businesses,business-equipment
۰۹۱۴۵۵۰۶۳۱۰,مهاباد,mahabad,businesses,business-equipment
۰۹۳۵۳۸۸۸۴۰۲,مهاباد,mahabad,businesses,business-equipment
۰۹۱۴۷۱۵۶۲۳۷,مهاباد,mahabad,businesses,business-equipment
۰۹۳۳۶۲۴۰۴۱۰,مهاباد,mahabad,businesses,business-equipment
۰۹۱۴۹۵۸۹۳۰۲,مهاباد,mahabad,businesses,business-equipment
۰۹۱۴۷۲۵۰۹۸۰,مهاباد,mahabad,businesses,business-equipment
۰۹۱۴۷۲۵۰۹۸۰,مهاباد,mahabad,businesses,business-equipment
۰۹۱۴۷۲۵۰۹۸۰,مهاباد,mahabad,businesses,business-equipment
۰۹۰۱۱۴۴۵۱۲۰,مهاباد,mahabad,businesses,business-equipment
۰۹۱۴۴۴۲۹۳۳۴,مهاباد,mahabad,businesses,business-equipment
۰۹۱۴۸۷۹۲۹۱۶,مهاباد,mahabad,businesses,business-equipment
۰۹۱۴۸۲۵۱۰۷۱,مهاباد,mahabad,businesses,business-equipment
۰۹۱۴۴۴۴۵۳۸۷,مهاباد,mahabad,businesses,business-equipment
۰۹۱۴۹۵۸۸۳۸۰,مهاباد,mahabad,businesses,business-equipment
۰۹۰۱۸۳۲۱۰۲۷,مهاباد,mahabad,businesses,wholesale
۰۹۱۴۷۹۴۳۱۹۶,مهاباد,mahabad,businesses,wholesale
۰۹۹۱۴۴۳۵۶۲۳,مهاباد,mahabad,businesses,wholesale
۰۹۱۹۸۲۳۴۱۶۹,مهاباد,mahabad,businesses,wholesale
۰۹۱۴۷۲۴۷۰۲۹,مهاباد,mahabad,businesses,wholesale
۰۹۱۱۴۸۳۲۷۱۸,مهاباد,mahabad,businesses,wholesale
۰۹۱۴۹۴۲۷۴۹۸,مهاباد,mahabad,businesses,wholesale
۰۹۱۴۷۱۹۱۶۵۴,مهاباد,mahabad,businesses,wholesale
۰۹۰۵۸۱۳۹۱۹۴,مهاباد,mahabad,businesses,wholesale
۰۹۳۹۲۱۵۶۶۵۴,مهاباد,mahabad,businesses,wholesale
۰۹۱۴۹۴۹۷۳۰۰,مهاباد,mahabad,businesses,wholesale
۰۹۱۴۳۴۲۶۱۴۴,مهاباد,mahabad,businesses,wholesale
۰۹۱۴۵۵۳۹۰۷۳,مهاباد,mahabad,businesses,wholesale
۰۹۱۴۷۲۲۹۲۷۵,مهاباد,mahabad,businesses,wholesale
۰۹۳۸۱۴۳۷۱۲۷,مهاباد,mahabad,businesses,wholesale
۰۹۱۴۸۰۱۰۱۳۴,مهاباد,mahabad,businesses,wholesale
۰۹۳۵۹۳۵۲۵۰۵,مهاباد,mahabad,businesses,wholesale
۰۹۳۶۱۴۶۹۴۱۶,مهاباد,mahabad,businesses,wholesale
۰۹۳۶۵۱۰۴۴۷۴,مهاباد,mahabad,businesses,wholesale
۰۹۱۴۹۹۵۵۷۲۳,مهاباد,mahabad,businesses,wholesale
۰۹۱۴۸۳۴۶۳۸۸,مهاباد,mahabad,businesses,wholesale
۰۹۳۹۳۵۲۲۷۹۳,مهاباد,mahabad,businesses,wholesale
۰۹۳۹۳۸۴۵۲۴۲,مهاباد,mahabad,businesses,wholesale
۰۹۱۴۸۳۲۱۵۳۹,مهاباد,mahabad,businesses,wholesale
۰۹۱۴۸۰۱۰۱۳۴,مهاباد,mahabad,businesses,wholesale
۰۹۳۵۹۳۵۲۵۰۵,مهاباد,mahabad,businesses,wholesale
۰۹۹۰۷۹۳۰۴۶۴,مهاباد,mahabad,businesses,wholesale
۰۹۱۷۶۶۲۷۰۱۳,مهاباد,mahabad,businesses,wholesale
۰۹۳۵۹۳۵۲۵۰۵,مهاباد,mahabad,businesses,wholesale
۰۹۱۴۶۸۰۰۷۷۱,مهاباد,mahabad,businesses,wholesale
۰۹۱۷۶۶۲۵۸۷۲,مهاباد,mahabad,businesses,wholesale
۰۹۰۵۱۷۳۲۳۸۷,مهاباد,mahabad,businesses,wholesale
۰۹۱۴۵۵۳۹۰۷۳,مهاباد,mahabad,businesses,wholesale
۰۹۱۴۸۷۲۰۹۵۹,مهاباد,mahabad,businesses,wholesale
۰۹۳۳۶۱۴۰۳۱۹,مهاباد,mahabad,businesses,wholesale
۰۹۱۰۰۲۸۸۲۵۴,مهاباد,mahabad,businesses,wholesale
۰۹۹۲۷۶۴۳۰۹۹,مهاباد,mahabad,businesses,wholesale
۰۹۰۱۹۷۳۸۸۴۰,مهاباد,mahabad,businesses,wholesale
۰۹۰۲۴۵۵۴۶۸۹,مهاباد,mahabad,businesses,wholesale
۰۹۱۰۴۳۱۳۳۵۸,مهاباد,mahabad,businesses,wholesale
۰۹۳۶۳۶۴۰۴۳۰,مهاباد,mahabad,businesses,wholesale
۰۹۳۷۰۲۲۷۳۷۵,مهاباد,mahabad,businesses,wholesale
۰۹۳۳۶۱۴۰۳۱۹,مهاباد,mahabad,businesses,wholesale
۰۹۱۴۰۴۴۳۸۶۴,مهاباد,mahabad,businesses,wholesale
۰۹۱۴۷۹۲۴۱۵۱,مهاباد,mahabad,businesses,wholesale
۰۹۹۱۱۴۶۶۵۴۵,مهاباد,mahabad,businesses,wholesale
۰۹۹۱۴۱۲۵۸۷۸,مهاباد,mahabad,businesses,wholesale
۰۹۰۵۰۷۱۲۶۶۹,مهاباد,mahabad,businesses,wholesale
۰۹۳۶۸۶۳۰۲۷۷,مهاباد,mahabad,businesses,wholesale
۰۹۱۴۵۵۷۴۰۶۰,مهاباد,mahabad,businesses,wholesale
۰۹۱۴۸۷۲۰۹۵۹,مهاباد,mahabad,businesses,wholesale
۰۹۱۴۴۴۲۹۳۴۲,مهاباد,mahabad,businesses,wholesale
۰۹۳۰۰۹۵۶۵۲۳,مهاباد,mahabad,businesses,wholesale
۰۹۱۴۹۴۷۲۵۴۷,مهاباد,mahabad,businesses,wholesale
۰۹۰۲۸۱۳۴۹۵۵,مهاباد,mahabad,businesses,wholesale
۰۹۱۴۹۵۸۴۹۷۳,مهاباد,mahabad,businesses,wholesale
۰۹۳۶۹۷۷۶۶۱۰,مهاباد,mahabad,businesses,wholesale
۰۹۹۰۴۳۶۵۵۱۲,مهاباد,mahabad,businesses,wholesale
۰۹۱۹۴۸۱۹۶۷۱,مهاباد,mahabad,businesses,wholesale
۰۹۲۲۹۳۴۳۲۵۸,مهاباد,mahabad,businesses,wholesale
۰۹۳۵۵۸۳۹۹۰۴,مهاباد,mahabad,businesses,wholesale
۰۹۳۵۸۳۲۷۹۹۷,مهاباد,mahabad,businesses,wholesale
۰۹۱۴۴۴۲۱۹۰۶,مهاباد,mahabad,businesses,wholesale
۰۹۱۴۷۱۳۲۳۳۴,مهاباد,mahabad,businesses,wholesale
