۰۹۱۴۳۶۱۸۱۲۱,ماکو,maku,jobs,architect-jobs
۰۹۰۵۷۸۰۹۶۸۳,ماکو,maku,jobs,finance-legal-jobs
۰۹۱۴۳۰۲۳۱۵۴,ماکو,maku,jobs,finance-legal-jobs
۰۹۱۴۶۰۱۲۶۳۱,ماکو,maku,real-estate,buy-residential
۰۹۱۹۱۷۶۸۲۲۱,ماکو,maku,real-estate,buy-residential
۰۹۱۵۳۲۵۰۹۵۶,ماکو,maku,real-estate,buy-residential
۰۹۱۴۵۱۰۲۶۹۱,ماکو,maku,real-estate,buy-residential
۰۹۱۴۵۱۰۲۶۹۱,ماکو,maku,real-estate,buy-residential
۰۹۱۴۸۲۳۹۴۰۸,ماکو,maku,real-estate,buy-residential
۰۹۱۴۸۷۲۳۵۱۸,ماکو,maku,real-estate,buy-residential
۰۹۱۴۶۹۹۳۷۷۳,ماکو,maku,real-estate,buy-residential
۰۹۱۴۴۴۸۴۱۸۷,ماکو,maku,real-estate,buy-residential
۰۹۱۴۸۰۰۶۰۷۴,ماکو,maku,real-estate,buy-residential
۰۹۰۲۱۱۲۱۵۵۶,ماکو,maku,real-estate,buy-residential
۰۹۲۲۱۳۷۸۰۶۷,ماکو,maku,real-estate,buy-residential
۰۹۳۸۵۷۸۱۷۷۲,ماکو,maku,real-estate,buy-residential
۰۹۱۴۴۶۱۰۰۴۵,ماکو,maku,real-estate,buy-residential
۰۹۱۴۴۶۱۴۰۲۸,ماکو,maku,real-estate,buy-residential
۰۹۱۰۶۳۷۷۴۵۶,ماکو,maku,real-estate,buy-residential
۰۹۱۴۶۰۵۹۵۳۳,ماکو,maku,real-estate,buy-residential
۰۹۳۹۷۸۵۷۲۷۱,ماکو,maku,real-estate,buy-residential
۰۹۰۳۶۰۲۷۳۲۰,ماکو,maku,real-estate,buy-residential
۰۹۱۴۹۶۳۹۱۹۴,ماکو,maku,real-estate,buy-residential
۰۹۱۰۶۳۷۷۴۵۶,ماکو,maku,real-estate,buy-residential
۰۹۱۴۸۱۸۰۳۹۱,ماکو,maku,real-estate,buy-residential
۰۹۱۴۹۶۱۰۶۵۵,ماکو,maku,real-estate,buy-residential
۰۹۱۴۴۱۹۳۹۱۳,ماکو,maku,real-estate,buy-residential
۰۹۱۴۵۸۴۸۷۵۸,ماکو,maku,real-estate,buy-residential
۰۹۱۴۹۶۰۶۷۷۹,ماکو,maku,real-estate,buy-residential
۰۹۱۴۱۸۷۶۸۲۴,ماکو,maku,real-estate,buy-residential
۰۹۱۲۰۹۷۷۵۸۵,ماکو,maku,real-estate,buy-residential
۰۹۱۵۳۲۵۰۹۵۶,ماکو,maku,real-estate,buy-residential
۰۹۱۴۹۶۲۴۰۹۸,ماکو,maku,real-estate,buy-residential
۰۹۱۴۹۶۲۳۵۳۱,ماکو,maku,real-estate,buy-residential
۰۹۱۴۹۶۳۷۶۱۱,ماکو,maku,real-estate,buy-residential
۰۹۱۴۹۶۳۲۱۶۳,ماکو,maku,real-estate,buy-residential
۰۹۱۴۰۴۳۰۴۰۱,ماکو,maku,real-estate,buy-residential
۰۹۱۴۵۴۶۶۴۱۴,ماکو,maku,real-estate,buy-residential
۰۹۱۴۶۰۱۲۱۷۰,ماکو,maku,real-estate,buy-residential
۰۹۳۷۰۰۳۲۳۲۹,ماکو,maku,real-estate,buy-residential
۰۹۱۴۴۱۶۲۳۵۱,ماکو,maku,real-estate,buy-residential
۰۹۹۰۹۵۰۷۳۲۲,ماکو,maku,real-estate,buy-residential
۰۹۱۲۱۸۲۱۱۵۷,ماکو,maku,real-estate,buy-residential
۰۹۱۴۴۶۱۸۴۷۳,ماکو,maku,real-estate,buy-residential
۰۹۳۹۰۷۶۶۴۶۹,ماکو,maku,real-estate,buy-residential
۰۹۲۱۲۵۶۳۴۸۰,ماکو,maku,real-estate,buy-residential
۰۹۱۲۰۶۸۳۳۴۶,ماکو,maku,real-estate,buy-residential
۰۹۱۱۳۹۵۸۴۰۳,ماکو,maku,real-estate,buy-residential
۰۹۰۲۴۶۸۶۸۷۱,ماکو,maku,real-estate,buy-residential
۰۹۱۴۸۰۶۵۶۹۹,ماکو,maku,real-estate,buy-residential
۰۹۱۰۶۳۷۷۴۵۶,ماکو,maku,real-estate,rent-residential
۰۹۱۴۷۹۷۵۸۳۵,ماکو,maku,real-estate,rent-residential
۰۹۱۴۴۶۳۵۶۳۹,ماکو,maku,real-estate,rent-residential
۰۹۱۴۹۶۲۶۰۵۵,ماکو,maku,real-estate,rent-residential
۰۹۱۴۷۱۳۶۳۴۷,ماکو,maku,real-estate,rent-residential
۰۹۱۴۴۶۱۷۶۸۶,ماکو,maku,real-estate,buy-commercial-property
۰۹۳۳۴۳۹۷۷۸۸,ماکو,maku,real-estate,buy-commercial-property
۰۹۰۳۷۶۸۴۸۵۹,ماکو,maku,real-estate,buy-commercial-property
۰۹۱۴۴۶۳۴۳۸۸,ماکو,maku,real-estate,buy-commercial-property
۰۹۱۴۴۶۳۴۳۸۸,ماکو,maku,real-estate,buy-commercial-property
۰۹۱۴۴۶۱۷۷۸۹,ماکو,maku,real-estate,buy-commercial-property
۰۹۱۴۸۹۷۱۰۹۴,ماکو,maku,real-estate,buy-commercial-property
۰۹۳۸۹۸۷۶۰۸۲,ماکو,maku,real-estate,buy-commercial-property
۰۹۱۲۱۸۲۱۱۵۷,ماکو,maku,real-estate,buy-commercial-property
۰۹۱۴۳۶۱۷۵۵۰,ماکو,maku,real-estate,buy-commercial-property
۰۹۳۸۹۸۷۶۰۸۲,ماکو,maku,real-estate,buy-commercial-property
۰۹۱۴۵۱۸۳۸۷۰,ماکو,maku,real-estate,buy-commercial-property
۰۹۱۴۵۱۸۳۸۷۰,ماکو,maku,real-estate,rent-commercial-property
۰۹۱۴۹۷۶۰۷۵۴,ماکو,maku,real-estate,rent-temporary
۰۹۱۴۹۷۶۰۷۵۴,ماکو,maku,real-estate,rent-temporary
۰۹۲۲۶۵۲۱۸۶۹,ماکو,maku,real-estate,real-estate-services
۰۹۹۲۱۰۶۱۵۲۱,ماکو,maku,real-estate,real-estate-services
۰۹۱۴۵۵۲۲۵۷۴,ماکو,maku,vehicles,auto
۰۹۱۴۶۲۳۳۶۹۹,ماکو,maku,vehicles,auto
۰۹۰۳۸۱۱۴۱۶۱,ماکو,maku,vehicles,auto
۰۹۱۰۷۶۴۴۲۷۳,ماکو,maku,vehicles,auto
۰۹۳۸۸۱۵۸۴۰۳,ماکو,maku,vehicles,auto
۰۹۰۱۱۸۰۶۲۷۸,ماکو,maku,vehicles,auto
۰۹۱۴۷۱۹۹۳۸۳,ماکو,maku,vehicles,auto
۰۹۱۴۹۶۳۲۰۵۶,ماکو,maku,vehicles,auto
۰۹۱۴۵۴۵۰۸۶۰,ماکو,maku,vehicles,auto
۰۹۱۴۵۱۵۴۳۴۹,ماکو,maku,vehicles,auto
۰۹۳۶۹۹۵۷۶۴۹,ماکو,maku,vehicles,auto
۰۹۰۳۷۸۲۸۸۴۰,ماکو,maku,vehicles,auto
۰۹۱۴۷۱۱۹۱۴۵,ماکو,maku,vehicles,auto
۰۹۱۴۶۳۲۵۳۴۲,ماکو,maku,vehicles,auto
۰۹۳۹۷۸۷۲۲۶۲,ماکو,maku,vehicles,auto
۰۹۳۹۷۸۷۲۲۶۲,ماکو,maku,vehicles,auto
۰۹۱۴۱۶۲۳۲۶۱,ماکو,maku,vehicles,auto
۰۹۹۱۴۳۳۴۴۰۲,ماکو,maku,vehicles,auto
۰۹۱۴۱۶۵۱۰۳۸,ماکو,maku,vehicles,auto
۰۹۳۸۰۵۹۹۰۰۵,ماکو,maku,vehicles,auto
۰۹۹۱۸۴۲۰۱۶۰,ماکو,maku,vehicles,auto
۰۹۱۲۰۸۴۷۴۵۵,ماکو,maku,vehicles,auto
۰۹۱۹۷۶۷۳۰۲۷,ماکو,maku,vehicles,auto
۰۹۱۴۲۷۳۳۲۸۶,ماکو,maku,vehicles,auto
۰۹۹۰۴۳۵۸۲۳۱,ماکو,maku,vehicles,auto
۰۹۱۴۴۸۷۱۱۲۵,ماکو,maku,vehicles,auto
۰۹۱۴۷۱۱۷۵۷۷,ماکو,maku,vehicles,auto
۰۹۱۴۳۶۲۰۰۴۱,ماکو,maku,vehicles,auto
۰۹۱۴۵۲۸۱۷۵۶,ماکو,maku,vehicles,auto
۰۹۳۶۱۶۷۷۸۷۷,ماکو,maku,vehicles,auto
۰۹۱۴۶۰۹۵۹۰۰,ماکو,maku,vehicles,auto
۰۹۱۴۶۳۱۷۱۳۳,ماکو,maku,vehicles,auto
۰۹۱۴۴۵۰۴۶۹۲,ماکو,maku,vehicles,auto
۰۹۱۴۹۵۹۶۲۵۸,ماکو,maku,vehicles,auto
۰۹۳۸۰۹۷۳۵۰۰,ماکو,maku,vehicles,auto
۰۹۱۱۶۵۸۸۶۲۰,ماکو,maku,vehicles,auto
۰۹۱۴۷۲۴۲۰۴۰,ماکو,maku,vehicles,auto
۰۹۱۴۲۷۸۳۲۵۰,ماکو,maku,vehicles,auto
۰۹۱۴۲۷۸۳۲۵۰,ماکو,maku,vehicles,auto
۰۹۱۴۵۸۴۴۶۲۳,ماکو,maku,vehicles,auto
۰۹۱۴۲۶۸۰۴۱۳,ماکو,maku,vehicles,auto
۰۹۱۴۷۹۱۹۱۳۲,ماکو,maku,vehicles,auto
۰۹۱۴۹۶۴۴۱۲۶,ماکو,maku,vehicles,auto
۰۹۹۱۸۴۰۸۴۷۰,ماکو,maku,vehicles,auto
۰۹۱۴۵۴۳۹۹۸۷,ماکو,maku,vehicles,auto
۰۹۳۵۹۹۳۶۵۵۸,ماکو,maku,vehicles,auto
۰۹۱۴۲۴۷۸۴۹۹,ماکو,maku,vehicles,auto
۰۹۳۹۷۸۵۷۲۷۱,ماکو,maku,vehicles,auto
۰۹۹۰۱۲۹۹۲۸۶,ماکو,maku,vehicles,auto
۰۹۹۱۸۴۲۰۱۶۰,ماکو,maku,vehicles,auto
۰۹۱۴۳۶۳۴۳۰۸,ماکو,maku,vehicles,auto
۰۹۱۴۹۶۰۷۱۳۵,ماکو,maku,vehicles,auto
۰۹۹۱۴۱۲۹۳۳۸,ماکو,maku,vehicles,auto
۰۹۱۴۴۶۳۳۲۴۸,ماکو,maku,vehicles,auto
۰۹۹۰۳۵۶۴۵۱۱,ماکو,maku,vehicles,auto
۰۹۱۴۳۶۲۰۰۴۱,ماکو,maku,vehicles,auto
۰۹۱۴۷۲۰۲۰۸۹,ماکو,maku,vehicles,auto
۰۹۱۴۷۹۰۵۳۶۳,ماکو,maku,vehicles,auto
۰۹۳۶۸۹۵۶۲۲۰,ماکو,maku,vehicles,auto
۰۹۳۵۲۲۳۴۱۰۱,ماکو,maku,vehicles,auto
۰۹۱۴۶۲۲۰۳۶۳,ماکو,maku,vehicles,auto
۰۹۱۴۹۷۶۷۳۰۶,ماکو,maku,vehicles,auto
۰۹۱۴۶۱۷۶۲۷۷,ماکو,maku,vehicles,auto
۰۹۱۲۳۷۹۶۳۴۳,ماکو,maku,vehicles,auto
۰۹۱۴۹۶۰۶۹۸۸,ماکو,maku,vehicles,auto
۰۹۱۴۹۶۲۳۲۷۱,ماکو,maku,vehicles,auto
۰۹۱۴۸۷۰۶۰۶۸,ماکو,maku,vehicles,auto
۰۹۱۴۳۶۳۳۸۱۶,ماکو,maku,vehicles,auto
۰۹۱۴۱۶۳۰۵۱۵,ماکو,maku,vehicles,auto
۰۹۱۴۹۷۶۵۰۸۸,ماکو,maku,vehicles,car-accessories
۰۹۱۴۳۴۵۶۴۳۶,ماکو,maku,vehicles,car-accessories
۰۹۱۴۷۲۷۴۵۸۵,ماکو,maku,vehicles,car-accessories
۰۹۲۲۹۶۲۱۲۴۷,ماکو,maku,vehicles,car-accessories
۰۹۱۴۶۲۳۸۷۵۳,ماکو,maku,vehicles,car-accessories
۰۹۱۴۲۴۳۴۳۰۸,ماکو,maku,vehicles,car-accessories
۰۹۱۴۲۴۳۴۳۰۸,ماکو,maku,vehicles,car-accessories
۰۹۱۸۲۱۶۴۷۱۵,ماکو,maku,vehicles,car-accessories
۰۹۳۷۰۵۶۶۳۹۱,ماکو,maku,vehicles,car-accessories
۰۹۳۵۱۶۶۰۲۰۲,ماکو,maku,vehicles,car-accessories
۰۹۹۰۱۲۹۹۲۸۶,ماکو,maku,vehicles,car-accessories
۰۹۳۹۹۰۸۶۵۶۷,ماکو,maku,vehicles,car-accessories
۰۹۱۴۶۰۱۴۱۰۴,ماکو,maku,vehicles,car-accessories
۰۹۳۷۹۷۰۶۹۳۴,ماکو,maku,vehicles,car-accessories
۰۹۱۴۷۹۰۵۱۸۷,ماکو,maku,vehicles,car-accessories
۰۹۲۲۷۳۴۸۰۲۱,ماکو,maku,vehicles,car-accessories
۰۹۰۱۶۰۹۱۷۴۰,ماکو,maku,vehicles,car-accessories
۰۹۱۴۹۶۱۱۵۴۷,ماکو,maku,vehicles,car-accessories
۰۹۲۲۵۲۵۸۰۴۵,ماکو,maku,vehicles,car-accessories
۰۹۱۱۴۴۱۱۰۳۷,ماکو,maku,vehicles,car-accessories
۰۹۱۴۸۲۳۰۰۶۴,ماکو,maku,vehicles,car-accessories
۰۹۱۴۸۲۳۰۰۶۴,ماکو,maku,vehicles,car-accessories
۰۹۱۴۸۲۳۰۰۶۴,ماکو,maku,vehicles,car-accessories
۰۹۱۴۲۳۸۰۷۰۵,ماکو,maku,vehicles,car-accessories
۰۹۳۳۷۶۳۱۷۷۹,ماکو,maku,vehicles,car-accessories
۰۹۳۸۶۰۰۱۵۰۳,ماکو,maku,vehicles,car-accessories
۰۹۱۴۸۵۴۲۶۶۹,ماکو,maku,vehicles,car-accessories
۰۹۳۷۰۵۶۶۳۸۱,ماکو,maku,vehicles,car-accessories
۰۹۱۴۰۷۸۰۸۰۳,ماکو,maku,vehicles,car-accessories
۰۹۱۴۹۶۳۷۶۱۱,ماکو,maku,vehicles,car-accessories
۰۹۱۴۷۹۴۵۱۸۶,ماکو,maku,vehicles,car-accessories
۰۹۱۴۷۹۴۵۱۸۶,ماکو,maku,vehicles,car-accessories
۰۹۱۴۹۶۲۴۶۷۶,ماکو,maku,vehicles,car-accessories
۰۹۱۴۹۶۲۴۶۷۶,ماکو,maku,vehicles,car-accessories
۰۹۱۲۴۹۵۱۱۶۲,ماکو,maku,vehicles,car-accessories
۰۹۲۲۷۳۴۸۰۲۱,ماکو,maku,vehicles,car-accessories
۰۹۲۲۷۳۴۸۰۲۱,ماکو,maku,vehicles,car-accessories
۰۹۱۴۹۷۶۷۵۶۶,ماکو,maku,vehicles,car-accessories
۰۹۱۴۶۰۵۹۰۰۵,ماکو,maku,vehicles,car-accessories
۰۹۳۸۹۵۴۲۵۷۰,ماکو,maku,vehicles,motorcycles
۰۹۱۴۶۷۰۴۷۹۴,ماکو,maku,vehicles,motorcycles
۰۹۱۴۱۶۳۰۸۵۲,ماکو,maku,vehicles,motorcycles
۰۹۱۴۹۶۳۰۵۳۸,ماکو,maku,vehicles,motorcycles
۰۹۱۴۱۶۴۷۴۸۲,ماکو,maku,vehicles,motorcycles
۰۹۳۰۵۲۰۷۶۲۳,ماکو,maku,vehicles,motorcycles
۰۹۰۱۲۶۷۴۰۹۶,ماکو,maku,vehicles,motorcycles
۰۹۱۲۷۶۵۰۸۹۳,ماکو,maku,vehicles,motorcycles
۰۹۳۹۳۹۸۳۳۴۴,ماکو,maku,electronic-devices,mobile-tablet
۰۹۳۶۴۴۳۶۴۱۷,ماکو,maku,electronic-devices,mobile-tablet
۰۹۳۹۹۱۸۱۶۳۲,ماکو,maku,electronic-devices,mobile-tablet
۰۹۳۷۲۸۲۷۴۱۶,ماکو,maku,electronic-devices,mobile-tablet
۰۹۳۸۵۷۸۱۷۷۲,ماکو,maku,electronic-devices,mobile-tablet
۰۹۱۴۷۱۱۲۰۷۷,ماکو,maku,electronic-devices,mobile-tablet
۰۹۱۴۹۴۴۷۲۳۴,ماکو,maku,electronic-devices,mobile-tablet
۰۹۱۴۲۷۹۶۰۶۸,ماکو,maku,electronic-devices,mobile-tablet
۰۹۳۹۴۴۳۲۵۸۵,ماکو,maku,electronic-devices,mobile-tablet
(پنهان‌شده؛ چت کنید),ماکو,maku,electronic-devices,mobile-tablet
۰۹۱۴۸۶۲۳۰۶۴,ماکو,maku,electronic-devices,mobile-tablet
۰۹۱۴۲۸۳۶۳۳۵,ماکو,maku,electronic-devices,mobile-tablet
۰۹۱۴۶۰۰۵۱۰۶,ماکو,maku,electronic-devices,mobile-tablet
(پنهان‌شده؛ چت کنید),ماکو,maku,electronic-devices,mobile-tablet
۰۹۳۶۷۱۹۹۸۳۳,ماکو,maku,electronic-devices,mobile-tablet
۰۹۱۴۹۶۲۰۵۱۸,ماکو,maku,electronic-devices,mobile-tablet
(پنهان‌شده؛ چت کنید),ماکو,maku,electronic-devices,mobile-tablet
(پنهان‌شده؛ چت کنید),ماکو,maku,electronic-devices,mobile-tablet
۰۹۱۴۸۵۷۶۳۳۷,ماکو,maku,electronic-devices,mobile-tablet
۰۹۱۴۶۰۰۵۱۰۶,ماکو,maku,electronic-devices,mobile-tablet
۰۹۰۱۶۱۶۷۷۲۰,ماکو,maku,electronic-devices,mobile-tablet
۰۹۱۸۹۰۳۴۹۳۷,ماکو,maku,electronic-devices,mobile-tablet
۰۹۱۴۵۶۴۹۸۷۲,ماکو,maku,electronic-devices,mobile-tablet
۰۹۰۱۶۱۶۷۷۲۰,ماکو,maku,electronic-devices,mobile-tablet
۰۹۳۹۳۹۸۳۳۴۴,ماکو,maku,electronic-devices,mobile-tablet
۰۹۱۴۳۶۱۶۸۵۵,ماکو,maku,electronic-devices,mobile-tablet
۰۹۰۲۹۶۲۳۹۳۳,ماکو,maku,electronic-devices,mobile-tablet
۰۹۱۴۹۶۳۲۲۶۰,ماکو,maku,electronic-devices,mobile-tablet
۰۹۹۱۱۸۱۸۲۰۲,ماکو,maku,electronic-devices,mobile-tablet
۰۹۳۰۰۶۱۷۰۴۷,ماکو,maku,electronic-devices,mobile-tablet
۰۹۱۴۸۵۴۵۸۳۱,ماکو,maku,electronic-devices,mobile-tablet
۰۹۱۴۹۶۵۹۵۵۶,ماکو,maku,electronic-devices,mobile-tablet
۰۹۱۴۹۶۵۹۵۵۶,ماکو,maku,electronic-devices,mobile-tablet
(پنهان‌شده؛ چت کنید),ماکو,maku,electronic-devices,mobile-tablet
۰۹۱۴۳۶۱۸۰۸۳,ماکو,maku,electronic-devices,mobile-tablet
۰۹۱۲۶۴۷۳۷۶۷,ماکو,maku,electronic-devices,mobile-tablet
۰۹۱۴۹۶۳۲۲۶۰,ماکو,maku,electronic-devices,mobile-tablet
۰۹۱۴۵۲۵۵۴۰۶,ماکو,maku,electronic-devices,mobile-tablet
۰۹۱۴۷۱۲۲۶۸۷,ماکو,maku,electronic-devices,mobile-tablet
۰۹۰۲۸۱۰۹۲۶۲,ماکو,maku,electronic-devices,mobile-tablet
۰۹۱۰۵۴۹۰۶۱۶,ماکو,maku,electronic-devices,mobile-tablet
۰۹۱۴۲۸۳۶۳۳۵,ماکو,maku,electronic-devices,mobile-tablet
۰۹۱۴۳۶۳۴۶۹۱,ماکو,maku,electronic-devices,mobile-tablet
۰۹۳۶۲۸۹۳۵۳۹,ماکو,maku,electronic-devices,mobile-tablet
۰۹۳۷۶۱۷۲۱۹۱,ماکو,maku,electronic-devices,mobile-tablet
۰۹۰۵۴۹۲۱۱۸۱,ماکو,maku,electronic-devices,computers
۰۹۱۴۷۹۸۵۸۵۵,ماکو,maku,electronic-devices,computers
۰۹۱۴۹۷۵۸۲۸۷,ماکو,maku,electronic-devices,computers
(پنهان‌شده؛ چت کنید),ماکو,maku,electronic-devices,computers
۰۹۱۴۵۱۳۹۴۰۳,ماکو,maku,electronic-devices,computers
۰۹۳۸۸۲۰۱۹۶۳,ماکو,maku,electronic-devices,computers
۰۹۳۳۳۷۳۲۲۰۸,ماکو,maku,electronic-devices,game-consoles
۰۹۲۲۷۳۶۶۰۲۵,ماکو,maku,electronic-devices,game-consoles
۰۹۳۸۹۶۵۵۸۵۹,ماکو,maku,electronic-devices,video-audio-device
۰۹۳۷۶۴۰۰۷۲۴,ماکو,maku,electronic-devices,video-audio-device
(پنهان‌شده؛ چت کنید),ماکو,maku,electronic-devices,video-audio-device
(پنهان‌شده؛ چت کنید),ماکو,maku,electronic-devices,video-audio-device
۰۹۱۴۳۶۱۶۸۵۵,ماکو,maku,electronic-devices,video-audio-device
۰۹۹۰۲۳۸۸۰۲۶,ماکو,maku,home-and-kitchen,home-decor-furniture
۰۹۱۴۱۶۲۳۱۱۸,ماکو,maku,home-and-kitchen,home-decor-furniture
۰۹۱۴۲۸۳۲۹۱۲,ماکو,maku,home-and-kitchen,home-decor-furniture
۰۹۱۴۵۰۷۴۶۵۷,ماکو,maku,home-and-kitchen,home-decor-furniture
۰۹۱۴۵۰۷۴۶۵۷,ماکو,maku,home-and-kitchen,home-decor-furniture
(پنهان‌شده؛ چت کنید),ماکو,maku,home-and-kitchen,home-decor-furniture
۰۹۳۰۳۹۶۱۸۱۸,ماکو,maku,home-and-kitchen,home-decor-furniture
۰۹۱۴۷۱۶۰۴۶۱,ماکو,maku,home-and-kitchen,home-decor-furniture
۰۹۰۵۵۹۹۴۱۷۶,ماکو,maku,home-and-kitchen,home-decor-furniture
۰۹۰۵۵۹۹۴۱۷۶,ماکو,maku,home-and-kitchen,home-decor-furniture
۰۹۱۴۱۶۴۹۶۷۳,ماکو,maku,home-and-kitchen,home-decor-furniture
۰۹۱۴۴۶۲۷۶۳۳,ماکو,maku,home-and-kitchen,home-decor-furniture
۰۹۱۲۴۷۵۳۶۲۷,ماکو,maku,home-and-kitchen,home-decor-furniture
۰۹۱۴۷۲۶۹۴۲۹,ماکو,maku,home-and-kitchen,home-decor-furniture
۰۹۱۴۱۴۹۸۵۳۷,ماکو,maku,home-and-kitchen,home-decor-furniture
۰۹۹۱۱۶۵۸۲۳۹,ماکو,maku,home-and-kitchen,home-decor-furniture
۰۹۳۹۸۴۳۷۲۰۰,ماکو,maku,home-and-kitchen,home-decor-furniture
۰۹۳۹۸۴۳۷۲۰۰,ماکو,maku,home-and-kitchen,home-decor-furniture
۰۹۹۰۶۵۸۷۵۰۷,ماکو,maku,home-and-kitchen,home-decor-furniture
(پنهان‌شده؛ چت کنید),ماکو,maku,home-and-kitchen,home-decor-furniture
۰۹۳۸۷۱۷۵۷۶۲,ماکو,maku,home-and-kitchen,home-decor-furniture
۰۹۹۰۶۸۲۸۹۰۲,ماکو,maku,home-and-kitchen,home-decor-furniture
۰۹۱۴۲۶۰۳۰۴۵,ماکو,maku,home-and-kitchen,home-decor-furniture
۰۹۱۴۴۸۵۰۶۴۶,ماکو,maku,home-and-kitchen,home-decor-furniture
۰۹۹۱۴۳۳۷۰۳۵,ماکو,maku,home-and-kitchen,home-decor-furniture
۰۹۱۴۶۶۸۳۵۲۵,ماکو,maku,home-and-kitchen,home-decor-furniture
۰۹۱۴۹۶۰۷۴۸۸,ماکو,maku,home-and-kitchen,home-decor-furniture
۰۹۱۴۶۹۸۱۶۶۵,ماکو,maku,home-and-kitchen,home-decor-furniture
(پنهان‌شده؛ چت کنید),ماکو,maku,home-and-kitchen,home-decor-furniture
۰۹۱۴۴۶۳۴۳۵۷,ماکو,maku,home-and-kitchen,home-decor-furniture
۰۹۰۵۳۱۴۱۱۹۳,ماکو,maku,home-and-kitchen,home-decor-furniture
۰۹۹۱۴۳۳۷۰۳۵,ماکو,maku,home-and-kitchen,home-decor-furniture
۰۹۹۱۴۳۳۷۰۳۵,ماکو,maku,home-and-kitchen,home-decor-furniture
۰۹۱۴۷۲۶۹۴۲۹,ماکو,maku,home-and-kitchen,home-decor-furniture
۰۹۱۴۴۶۳۴۳۵۷,ماکو,maku,home-and-kitchen,home-decor-furniture
۰۹۱۴۴۶۳۴۳۵۷,ماکو,maku,home-and-kitchen,home-decor-furniture
۰۹۱۴۴۶۳۴۳۵۷,ماکو,maku,home-and-kitchen,home-decor-furniture
۰۹۱۴۹۶۳۹۸۴۸,ماکو,maku,home-and-kitchen,home-decor-furniture
۰۹۹۱۶۸۷۶۰۸۱,ماکو,maku,home-and-kitchen,home-decor-furniture
۰۹۱۴۵۴۳۱۳۹۰,ماکو,maku,home-and-kitchen,home-decor-furniture
۰۹۳۹۰۴۰۰۳۹۸,ماکو,maku,home-and-kitchen,home-decor-furniture
۰۹۱۹۹۵۲۸۹۰۸,ماکو,maku,home-and-kitchen,home-decor-furniture
۰۹۱۴۱۶۵۴۹۲۸,ماکو,maku,home-and-kitchen,home-decor-furniture
۰۹۰۵۵۲۷۴۷۲۷,ماکو,maku,home-and-kitchen,home-decor-furniture
۰۹۰۵۵۲۷۴۷۲۷,ماکو,maku,home-and-kitchen,home-decor-furniture
۰۹۳۳۹۶۰۳۸۰۳,ماکو,maku,home-and-kitchen,home-decor-furniture
۰۹۰۲۷۷۸۷۲۲۰,ماکو,maku,home-and-kitchen,home-decor-furniture
۰۹۳۰۳۹۶۱۸۱۸,ماکو,maku,home-and-kitchen,home-decor-furniture
۰۹۱۴۱۴۰۹۴۱۴,ماکو,maku,home-and-kitchen,kitchen-appliances
۰۹۱۴۸۴۲۶۲۲۰,ماکو,maku,home-and-kitchen,kitchen-appliances
۰۹۳۶۵۶۲۱۸۴۷,ماکو,maku,home-and-kitchen,kitchen-appliances
۰۹۱۴۸۱۱۲۴۶۲,ماکو,maku,home-and-kitchen,kitchen-appliances
۰۹۱۴۲۸۲۱۷۶۰,ماکو,maku,home-and-kitchen,kitchen-appliances
۰۹۱۴۴۶۲۵۱۱۶,ماکو,maku,home-and-kitchen,kitchen-appliances
(پنهان‌شده؛ چت کنید),ماکو,maku,home-and-kitchen,kitchen-appliances
(پنهان‌شده؛ چت کنید),ماکو,maku,home-and-kitchen,kitchen-appliances
۰۹۱۹۱۸۷۸۷۰۴,ماکو,maku,home-and-kitchen,kitchen-appliances
۰۹۱۱۷۹۴۳۱۹۸,ماکو,maku,home-and-kitchen,kitchen-appliances
۰۹۱۴۱۶۵۴۹۲۸,ماکو,maku,home-and-kitchen,kitchen-appliances
۰۹۱۴۱۶۵۴۹۲۸,ماکو,maku,home-and-kitchen,kitchen-appliances
۰۹۳۰۳۹۶۱۸۱۸,ماکو,maku,home-and-kitchen,kitchen-appliances
۰۹۱۴۱۶۵۴۹۲۸,ماکو,maku,home-and-kitchen,kitchen-appliances
۰۹۱۴۵۲۱۲۰۱۳,ماکو,maku,home-and-kitchen,kitchen-appliances
۰۹۱۴۵۲۱۲۰۱۳,ماکو,maku,home-and-kitchen,kitchen-appliances
۰۹۱۴۹۰۳۸۸۳۲,ماکو,maku,home-and-kitchen,kitchen-appliances
۰۹۱۴۴۶۲۲۰۱۶,ماکو,maku,home-and-kitchen,kitchen-appliances
۰۹۳۸۹۳۰۷۴۹۵,ماکو,maku,home-and-kitchen,kitchen-appliances
۰۹۳۵۵۰۵۳۹۲۰,ماکو,maku,home-and-kitchen,kitchen-appliances
۰۹۳۷۴۰۳۳۹۵۲,ماکو,maku,home-and-kitchen,home-appliances
۰۹۹۱۰۱۳۳۶۴۰,ماکو,maku,home-and-kitchen,home-appliances
۰۹۱۴۱۶۵۴۹۲۸,ماکو,maku,home-and-kitchen,home-appliances
۰۹۱۴۱۶۵۴۹۲۸,ماکو,maku,home-and-kitchen,home-appliances
۰۹۱۴۲۹۶۸۹۸۵,ماکو,maku,home-and-kitchen,building-garden
۰۹۱۴۴۸۵۴۰۰۶,ماکو,maku,home-and-kitchen,building-garden
۰۹۹۱۴۳۳۷۰۳۵,ماکو,maku,home-and-kitchen,building-garden
۰۹۱۴۹۶۱۱۵۴۷,ماکو,maku,home-and-kitchen,building-garden
۰۹۹۱۶۲۲۰۵۰۲,ماکو,maku,home-and-kitchen,building-garden
۰۹۱۴۲۶۷۴۲۰۸,ماکو,maku,home-and-kitchen,building-garden
۰۹۱۴۱۶۴۸۴۷۱,ماکو,maku,home-and-kitchen,building-garden
۰۹۳۸۶۰۰۱۵۰۳,ماکو,maku,home-and-kitchen,building-garden
۰۹۳۰۳۹۶۱۸۱۸,ماکو,maku,home-and-kitchen,building-garden
۰۹۱۰۴۴۱۵۳۰۳,ماکو,maku,home-and-kitchen,building-garden
۰۹۹۰۶۵۹۳۷۷۱,ماکو,maku,home-and-kitchen,building-garden
۰۹۱۴۱۶۵۴۹۲۸,ماکو,maku,home-and-kitchen,building-garden
۰۹۰۳۵۸۹۵۵۷۰,ماکو,maku,services,vehicles-services
۰۹۲۲۶۴۴۳۷۴۵,ماکو,maku,services,vehicles-services
۰۹۳۹۳۹۸۳۳۴۴,ماکو,maku,services,catering-services
۰۹۰۵۴۳۲۹۸۰۶,ماکو,maku,services,technology-services
۰۹۳۸۹۵۶۴۸۷۴,ماکو,maku,services,technology-services
۰۹۰۵۴۳۲۹۸۱۶,ماکو,maku,services,technology-services
۰۹۰۵۴۳۲۹۸۰۷,ماکو,maku,services,technology-services
۰۹۳۸۹۵۶۴۸۷۴,ماکو,maku,services,technology-services
۰۹۰۵۴۳۲۹۸۰۶,ماکو,maku,services,technology-services
۰۹۱۴۴۶۳۸۳۶۲,ماکو,maku,services,technology-services
۰۹۳۸۹۵۶۴۸۷۴,ماکو,maku,services,technology-services
۰۹۱۴۴۶۳۳۲۸۰,ماکو,maku,services,technology-services
۰۹۳۸۹۵۶۴۸۷۴,ماکو,maku,services,technology-services
۰۹۱۴۳۰۲۳۱۵۴,ماکو,maku,services,financial-services
۰۹۹۱۹۰۰۶۶۹۴,ماکو,maku,services,financial-services
۰۹۹۰۵۳۸۶۴۷۵,ماکو,maku,services,financial-services
۰۹۱۴۰۷۸۰۸۰۳,ماکو,maku,services,financial-services
۰۹۱۲۶۸۷۲۶۱۵,ماکو,maku,services,financial-services
۰۹۳۵۳۸۸۷۵۱۹,ماکو,maku,services,financial-services
۰۹۳۰۱۸۰۰۵۰۷,ماکو,maku,services,transport-logistic-services
۰۹۹۰۳۸۱۳۸۵۲,ماکو,maku,services,transport-logistic-services
۰۹۱۴۹۶۳۹۷۶۳,ماکو,maku,services,transport-logistic-services
۰۹۱۴۳۶۳۳۵۸۷,ماکو,maku,services,craft-skill-services
۰۹۱۴۲۳۸۰۶۴۸,ماکو,maku,services,craft-skill-services
۰۹۱۴۰۳۶۲۲۶۹,ماکو,maku,services,craft-skill-services
۰۹۱۴۱۶۴۸۳۶۲,ماکو,maku,services,craft-skill-services
۰۹۰۵۰۲۱۲۰۳۰,ماکو,maku,services,craft-skill-services
۰۹۰۵۰۲۱۲۰۳۰,ماکو,maku,services,craft-skill-services
۰۹۰۵۰۲۱۲۰۳۰,ماکو,maku,services,craft-skill-services
۰۹۰۵۰۲۱۲۰۳۰,ماکو,maku,services,craft-skill-services
۰۹۰۵۰۲۱۲۰۳۰,ماکو,maku,services,craft-skill-services
۰۹۰۵۰۲۱۲۰۳۰,ماکو,maku,services,craft-skill-services
(پنهان‌شده؛ چت کنید),ماکو,maku,services,craft-skill-services
(پنهان‌شده؛ چت کنید),ماکو,maku,services,craft-skill-services
۰۹۳۷۹۶۱۱۴۷۱,ماکو,maku,services,craft-skill-services
۰۹۱۴۵۲۷۷۵۸۷,ماکو,maku,services,craft-skill-services
۰۹۰۵۰۲۱۲۰۳۰,ماکو,maku,services,craft-skill-services
۰۹۰۵۰۲۱۲۰۳۰,ماکو,maku,services,craft-skill-services
۰۹۰۵۰۲۱۲۰۳۰,ماکو,maku,services,craft-skill-services
۰۹۰۵۰۲۱۲۰۳۰,ماکو,maku,services,craft-skill-services
۰۹۰۵۰۲۱۲۰۳۰,ماکو,maku,services,craft-skill-services
۰۹۰۵۰۲۱۲۰۳۰,ماکو,maku,services,craft-skill-services
۰۹۳۷۰۴۲۴۵۷۴,ماکو,maku,services,craft-skill-services
۰۹۱۲۴۹۵۱۱۶۲,ماکو,maku,services,craft-skill-services
۰۹۳۹۳۸۳۲۸۶۸,ماکو,maku,services,craft-skill-services
۰۹۳۹۵۵۱۷۱۲۲,ماکو,maku,services,craft-skill-services
۰۹۳۸۵۱۸۳۵۹۷,ماکو,maku,services,craft-skill-services
۰۹۱۴۲۹۶۵۶۱۸,ماکو,maku,services,craft-skill-services
۰۹۳۳۸۳۴۷۷۹۴,ماکو,maku,services,craft-skill-services
۰۹۳۳۷۴۲۶۴۳۳,ماکو,maku,services,craft-skill-services
۰۹۱۴۸۶۲۲۶۵۶,ماکو,maku,services,beauty-services
۰۹۱۹۵۶۴۵۲۰۸,ماکو,maku,services,beauty-services
۰۹۹۱۴۳۰۴۰۶۷,ماکو,maku,services,beauty-services
۰۹۱۴۷۲۰۲۰۸۹,ماکو,maku,services,gardening-services
۰۹۳۸۰۹۷۳۵۰۰,ماکو,maku,services,teaching-services
۰۹۳۹۹۹۰۳۱۵۴,ماکو,maku,services,teaching-services
۰۹۱۴۸۳۳۶۹۵۹,ماکو,maku,services,teaching-services
۰۹۱۴۲۶۴۲۳۴۶,ماکو,maku,services,teaching-services
۰۹۱۴۲۸۲۳۸۲۲,ماکو,maku,services,teaching-services
۰۹۹۸۱۱۳۳۹۰۰,ماکو,maku,services,teaching-services
(پنهان‌شده؛ چت کنید),ماکو,maku,personal-goods,apparel
(پنهان‌شده؛ چت کنید),ماکو,maku,personal-goods,apparel
۰۹۹۱۱۶۵۸۲۳۹,ماکو,maku,personal-goods,apparel
(پنهان‌شده؛ چت کنید),ماکو,maku,personal-goods,apparel
۰۹۱۹۳۰۰۲۲۸۲,ماکو,maku,personal-goods,apparel
۰۹۳۵۵۶۱۷۸۴۷,ماکو,maku,personal-goods,apparel
۰۹۱۴۱۶۵۴۹۲۸,ماکو,maku,personal-goods,apparel
۰۹۹۱۵۲۸۴۶۹۵,ماکو,maku,personal-goods,apparel
۰۹۹۱۷۹۹۴۴۰۹,ماکو,maku,personal-goods,apparel
(پنهان‌شده؛ چت کنید),ماکو,maku,personal-goods,apparel
۰۹۹۱۷۳۸۰۲۳۳,ماکو,maku,personal-goods,apparel
(پنهان‌شده؛ چت کنید),ماکو,maku,personal-goods,apparel
(پنهان‌شده؛ چت کنید),ماکو,maku,personal-goods,apparel
۰۹۳۵۳۰۷۵۸۳۱,ماکو,maku,personal-goods,apparel
۰۹۹۱۵۲۸۴۶۸۹,ماکو,maku,personal-goods,apparel
۰۹۱۴۱۶۵۱۷۲۵,ماکو,maku,personal-goods,apparel
۰۹۱۴۱۶۵۱۷۲۵,ماکو,maku,personal-goods,apparel
۰۹۳۸۴۳۲۳۰۱۳,ماکو,maku,personal-goods,apparel
۰۹۳۵۵۰۵۳۹۲۰,ماکو,maku,personal-goods,apparel
۰۹۳۵۵۰۵۳۹۲۰,ماکو,maku,personal-goods,apparel
۰۹۱۰۵۶۹۴۹۰۷,ماکو,maku,personal-goods,apparel
۰۹۰۵۶۱۷۷۳۲۷,ماکو,maku,personal-goods,apparel
۰۹۱۴۷۶۹۵۷۷۲,ماکو,maku,personal-goods,accessories
(پنهان‌شده؛ چت کنید),ماکو,maku,personal-goods,accessories
۰۹۱۴۴۸۷۲۹۹۴,ماکو,maku,personal-goods,accessories
۰۹۳۷۳۵۱۵۵۸۷,ماکو,maku,personal-goods,accessories
(پنهان‌شده؛ چت کنید),ماکو,maku,personal-goods,accessories
۰۹۱۴۳۶۱۶۸۵۵,ماکو,maku,personal-goods,accessories
۰۹۱۴۶۹۸۱۶۶۵,ماکو,maku,personal-goods,beauty-and-personal-care
۰۹۱۴۶۹۸۱۶۶۵,ماکو,maku,personal-goods,beauty-and-personal-care
۰۹۱۴۶۹۸۱۶۶۵,ماکو,maku,personal-goods,beauty-and-personal-care
۰۹۳۰۰۱۳۶۳۹۲,ماکو,maku,personal-goods,beauty-and-personal-care
۰۹۱۴۱۶۵۴۹۲۸,ماکو,maku,personal-goods,child-apparel
۰۹۱۴۱۶۵۴۹۲۸,ماکو,maku,personal-goods,child-apparel
۰۹۹۰۷۵۹۴۴۰۳,ماکو,maku,personal-goods,child-products
۰۹۳۹۰۱۳۲۱۷۸,ماکو,maku,personal-goods,child-products
۰۹۱۳۷۲۱۸۶۹۱,ماکو,maku,personal-goods,child-products
۰۹۱۳۷۲۱۸۶۹۱,ماکو,maku,personal-goods,child-products
(پنهان‌شده؛ چت کنید),ماکو,maku,personal-goods,stationery
۰۹۰۳۱۲۰۵۲۸۷,ماکو,maku,personal-goods,stationery
(پنهان‌شده؛ چت کنید),ماکو,maku,personal-goods,stationery
۰۹۹۰۹۴۶۷۴۴۶,ماکو,maku,personal-goods,stationery
۰۹۱۸۹۰۳۴۹۳۷,ماکو,maku,personal-goods,stationery
۰۹۳۹۳۹۸۳۳۴۴,ماکو,maku,personal-goods,stationery
۰۹۳۶۴۴۳۶۴۱۷,ماکو,maku,personal-goods,stationery
۰۹۱۴۵۲۶۴۳۵۷,ماکو,maku,entertainment,tours
۰۹۱۴۶۷۴۱۲۳۱,ماکو,maku,entertainment,publication
۰۹۱۴۱۶۵۴۹۲۸,ماکو,maku,entertainment,publication
۰۹۳۷۹۵۴۵۹۸۷,ماکو,maku,entertainment,publication
۰۹۱۴۱۶۵۴۹۲۸,ماکو,maku,entertainment,publication
۰۹۰۱۷۹۷۹۱۶۸,ماکو,maku,entertainment,publication
۰۹۳۰۰۶۱۷۰۴۷,ماکو,maku,entertainment,publication
۰۹۳۷۲۰۲۴۰۸۹,ماکو,maku,entertainment,bike-skate-scooter
(پنهان‌شده؛ چت کنید),ماکو,maku,entertainment,bike-skate-scooter
۰۹۱۴۹۶۴۶۷۰۶,ماکو,maku,entertainment,bike-skate-scooter
۰۹۱۲۰۲۶۵۸۹۷,ماکو,maku,entertainment,bike-skate-scooter
۰۹۳۰۳۹۶۱۸۱۸,ماکو,maku,entertainment,bike-skate-scooter
۰۹۹۱۰۱۶۹۶۳۷,ماکو,maku,entertainment,bike-skate-scooter
۰۹۱۴۶۷۷۹۶۲۲,ماکو,maku,entertainment,pets-animals
۰۹۱۴۵۱۳۴۱۱۵,ماکو,maku,entertainment,pets-animals
۰۹۲۱۴۵۷۰۲۶۰,ماکو,maku,entertainment,pets-animals
۰۹۱۴۵۱۴۶۹۷۷,ماکو,maku,entertainment,pets-animals
۰۹۱۹۵۴۸۴۱۲۱,ماکو,maku,entertainment,pets-animals
۰۹۱۴۵۵۹۹۴۰۶,ماکو,maku,entertainment,pets-animals
۰۹۳۷۳۱۵۲۵۶۳,ماکو,maku,entertainment,pets-animals
۰۹۱۴۵۲۳۴۲۰۳,ماکو,maku,entertainment,pets-animals
۰۹۹۱۴۱۲۹۳۳۸,ماکو,maku,entertainment,pets-animals
۰۹۳۳۲۶۲۵۸۰۰,ماکو,maku,entertainment,pets-animals
۰۹۳۹۴۱۲۱۵۲۳,ماکو,maku,entertainment,pets-animals
۰۹۱۴۸۰۷۳۹۲۸,ماکو,maku,entertainment,pets-animals
۰۹۳۳۵۱۷۴۱۴۸,ماکو,maku,entertainment,pets-animals
۰۹۱۴۴۶۱۱۱۰۹,ماکو,maku,entertainment,pets-animals
۰۹۱۴۱۶۰۴۹۵۶,ماکو,maku,entertainment,pets-animals
۰۹۱۴۹۷۶۵۰۸۸,ماکو,maku,entertainment,pets-animals
۰۹۱۴۹۷۶۵۰۸۸,ماکو,maku,entertainment,pets-animals
۰۹۲۲۵۲۵۴۶۶۳,ماکو,maku,entertainment,collecting
۰۹۳۸۷۳۹۸۱۷۹,ماکو,maku,entertainment,collecting
۰۹۳۷۹۸۵۸۷۵۶,ماکو,maku,entertainment,collecting
۰۹۱۴۵۴۰۶۶۱۴,ماکو,maku,entertainment,musical-instruments
۰۹۹۱۴۳۳۷۰۳۵,ماکو,maku,entertainment,sport-entertainment
۰۹۳۷۵۴۶۳۱۴۶,ماکو,maku,entertainment,sport-entertainment
۰۹۳۷۵۰۶۱۵۰۱,ماکو,maku,social-services,event
۰۹۹۲۷۷۸۴۱۰۳,ماکو,maku,social-services,event
۰۹۰۱۳۶۹۰۸۶۵,ماکو,maku,social-services,event
۰۹۰۵۴۱۹۷۰۵۶,ماکو,maku,social-services,event
۰۹۱۴۹۷۷۶۱۹۹,ماکو,maku,social-services,voluntary
۰۹۳۷۳۹۶۱۷۸۰,ماکو,maku,social-services,voluntary
۰۹۱۴۵۱۸۱۹۵۴,ماکو,maku,social-services,missing
۰۹۹۱۰۶۸۷۱۰۲,ماکو,maku,social-services,missing
۰۹۳۵۳۷۶۲۳۶۷,ماکو,maku,social-services,missing
۰۹۳۵۳۷۶۲۳۶۷,ماکو,maku,social-services,missing
۰۹۱۴۱۶۰۵۲۴۴,ماکو,maku,businesses,business-equipment
۰۹۱۴۵۱۰۷۰۴۹,ماکو,maku,businesses,business-equipment
(پنهان‌شده؛ چت کنید),ماکو,maku,businesses,business-equipment
۰۹۱۴۸۵۶۰۴۳۹,ماکو,maku,businesses,business-equipment
۰۹۱۴۸۵۶۰۴۳۹,ماکو,maku,businesses,business-equipment
۰۹۹۲۸۶۰۵۷۳۱,ماکو,maku,businesses,business-equipment
۰۹۳۹۶۲۰۶۴۷۸,ماکو,maku,businesses,business-equipment
۰۹۱۴۹۶۰۶۹۸۸,ماکو,maku,businesses,business-equipment
(پنهان‌شده؛ چت کنید),ماکو,maku,businesses,business-equipment
۰۹۹۱۴۳۳۷۰۳۵,ماکو,maku,businesses,business-equipment
۰۹۳۸۹۶۵۵۸۵۹,ماکو,maku,businesses,business-equipment
۰۹۹۱۴۳۳۷۰۳۵,ماکو,maku,businesses,business-equipment
۰۹۲۲۹۵۶۵۱۲۹,ماکو,maku,businesses,business-equipment
۰۹۳۸۸۴۶۷۶۷۳,ماکو,maku,businesses,business-equipment
۰۹۹۲۴۹۶۴۰۸۶,ماکو,maku,businesses,business-equipment
۰۹۳۷۲۸۱۲۲۴۶,ماکو,maku,businesses,business-equipment
۰۹۰۲۳۴۹۹۰۴۰,ماکو,maku,businesses,business-equipment
۰۹۱۴۹۶۴۷۹۶۲,ماکو,maku,businesses,business-equipment
۰۹۱۴۹۶۳۹۵۰۰,ماکو,maku,businesses,business-equipment
۰۹۳۷۳۳۵۷۳۰۹,ماکو,maku,businesses,business-equipment
۰۹۳۶۰۲۳۷۱۳۱,ماکو,maku,businesses,business-equipment
۰۹۲۲۹۵۶۵۱۴۰,ماکو,maku,businesses,business-equipment
۰۹۳۸۵۹۲۹۶۲۹,ماکو,maku,businesses,business-equipment
۰۹۲۲۹۵۶۵۱۱۶,ماکو,maku,businesses,business-equipment
۰۹۳۶۷۸۷۱۵۵۰,ماکو,maku,businesses,business-equipment
۰۹۱۴۱۶۲۳۰۳۵,ماکو,maku,businesses,business-equipment
۰۹۱۴۵۴۴۰۰۷۸,ماکو,maku,businesses,business-equipment
۰۹۱۲۴۹۵۱۱۶۲,ماکو,maku,businesses,business-equipment
۰۹۱۴۸۲۳۸۱۴۸,ماکو,maku,businesses,business-equipment
۰۹۱۴۷۱۶۱۶۳۷,ماکو,maku,businesses,business-equipment
۰۹۳۸۱۷۴۴۰۱۶,ماکو,maku,businesses,wholesale
۰۹۱۴۹۶۳۰۶۸۲,ماکو,maku,businesses,wholesale
۰۹۱۶۴۳۴۶۸۷۵,ماکو,maku,businesses,wholesale
۰۹۱۴۹۶۳۳۰۳۴,ماکو,maku,businesses,wholesale
۰۹۳۰۱۳۴۹۷۱۳,ماکو,maku,businesses,wholesale
۰۹۹۱۵۸۲۴۹۸۹,ماکو,maku,businesses,wholesale
۰۹۱۴۲۸۳۶۳۳۵,ماکو,maku,businesses,wholesale
۰۹۹۰۲۰۶۲۸۱۸,ماکو,maku,businesses,wholesale
۰۹۹۲۷۶۴۳۱۶۳,ماکو,maku,businesses,wholesale
(پنهان‌شده؛ چت کنید),ماکو,maku,businesses,wholesale
(پنهان‌شده؛ چت کنید),ماکو,maku,businesses,wholesale
۰۹۱۴۵۲۱۲۰۱۳,ماکو,maku,businesses,wholesale
۰۹۱۴۴۶۳۶۱۳۴,ماکو,maku,businesses,wholesale
(پنهان‌شده؛ چت کنید),ماکو,maku,businesses,wholesale
۰۹۱۴۵۵۴۸۱۶۵,ماکو,maku,businesses,wholesale
۰۹۳۰۲۱۹۴۱۴۱,ماکو,maku,businesses,wholesale
۰۹۳۸۹۶۵۵۸۵۹,ماکو,maku,businesses,wholesale
۰۹۱۸۸۱۶۶۶۳۴,ماکو,maku,businesses,wholesale
۰۹۹۲۸۶۷۹۲۶۳,ماکو,maku,businesses,wholesale
۰۹۱۰۴۱۶۸۹۹۰,ماکو,maku,businesses,wholesale
۰۹۱۴۱۶۳۰۹۸۱,ماکو,maku,businesses,wholesale
۰۹۳۵۶۸۵۰۳۸۱,ماکو,maku,businesses,wholesale
۰۹۳۳۶۲۵۵۲۰۳,ماکو,maku,businesses,wholesale
۰۹۱۴۸۵۶۰۴۳۹,ماکو,maku,businesses,wholesale
۰۹۱۴۸۵۶۰۴۳۹,ماکو,maku,businesses,wholesale
۰۹۳۳۵۰۸۷۹۰۷,ماکو,maku,businesses,wholesale
۰۹۲۱۹۸۸۰۶۹۷,ماکو,maku,businesses,wholesale
۰۹۰۵۶۱۷۷۲۲۹,ماکو,maku,businesses,wholesale
۰۹۳۸۷۱۸۰۷۱۴,ماکو,maku,businesses,wholesale
۰۹۳۶۴۹۹۸۸۷۴,ماکو,maku,businesses,wholesale
۰۹۱۴۳۶۱۷۸۱۴,ماکو,maku,businesses,wholesale
۰۹۱۴۴۹۶۸۸۶۰,ماکو,maku,businesses,wholesale
۰۹۰۱۱۰۱۰۰۵۶,ماکو,maku,businesses,wholesale
۰۹۱۴۳۶۳۴۶۸۶,ماکو,maku,businesses,wholesale
۰۹۹۲۸۴۹۵۲۴۴,ماکو,maku,businesses,wholesale
۰۹۱۲۱۲۶۲۲۲۵,ماکو,maku,businesses,wholesale
۰۹۱۴۵۵۱۰۱۶۰,ماکو,maku,businesses,wholesale
۰۹۳۷۰۸۶۲۱۴۲,ماکو,maku,businesses,wholesale
۰۹۳۰۵۳۰۸۱۰۳,ماکو,maku,businesses,wholesale
۰۹۹۲۸۸۷۸۲۹۳,ماکو,maku,businesses,wholesale
