۰۹۱۴۷۷۷۵۸۱۱,مرند,marand,services,vehicles-services
۰۹۱۴۷۷۷۵۸۱۱,مرند,marand,services,vehicles-services
۰۹۱۴۷۷۷۵۸۱۱,مرند,marand,services,vehicles-services
۰۹۱۴۷۷۷۵۸۱۱,مرند,marand,services,vehicles-services
۰۹۱۴۴۹۱۹۲۵۴,مرند,marand,services,vehicles-services
۰۹۱۴۹۹۲۶۶۱۹,مرند,marand,services,vehicles-services
۰۹۰۳۵۸۹۵۵۷۰,مرند,marand,services,vehicles-services
۰۹۰۳۵۸۹۵۵۷۰,مرند,marand,services,vehicles-services
۰۹۹۱۴۱۸۸۰۴۰,مرند,marand,services,vehicles-services
۰۹۱۴۷۶۹۵۲۳۴,مرند,marand,services,catering-services
۰۹۱۴۸۰۳۶۵۰۱,مرند,marand,services,catering-services
۰۹۳۸۱۳۶۱۴۰۹,مرند,marand,services,catering-services
۰۹۰۳۶۴۶۹۹۱۰,مرند,marand,services,catering-services
۰۹۰۳۶۴۶۹۹۱۰,مرند,marand,services,catering-services
۰۹۱۴۵۷۹۳۵۹۳,مرند,marand,services,catering-services
۰۹۳۸۹۶۷۹۸۱۴,مرند,marand,services,catering-services
۰۹۰۵۴۳۲۹۸۰۶,مرند,marand,services,technology-services
۰۹۰۵۴۳۲۹۸۰۶,مرند,marand,services,technology-services
۰۹۰۵۴۳۲۹۸۰۶,مرند,marand,services,technology-services
۰۹۳۳۱۸۴۱۹۵۶,مرند,marand,services,technology-services
۰۹۰۵۴۳۲۹۸۰۶,مرند,marand,services,technology-services
۰۹۱۴۱۹۰۲۹۲۵,مرند,marand,services,technology-services
۰۹۰۵۴۳۲۹۸۰۶,مرند,marand,services,technology-services
۰۹۱۴۸۰۶۰۱۸۵,مرند,marand,services,technology-services
۰۹۳۸۹۵۶۴۸۷۴,مرند,marand,services,technology-services
۰۹۱۴۳۹۲۹۴۳۱,مرند,marand,services,technology-services
۰۹۳۸۹۵۶۴۸۷۴,مرند,marand,services,technology-services
۰۹۰۵۴۳۲۹۸۰۶,مرند,marand,services,technology-services
۰۹۰۵۴۳۲۹۸۰۷,مرند,marand,services,technology-services
۰۹۰۵۴۳۲۹۸۰۶,مرند,marand,services,technology-services
۰۹۰۵۴۳۲۹۸۰۶,مرند,marand,services,technology-services
۰۹۱۴۹۹۲۱۴۶۶,مرند,marand,services,technology-services
۰۹۰۵۴۳۲۹۸۰۷,مرند,marand,services,technology-services
۰۹۰۵۴۳۲۹۸۰۶,مرند,marand,services,technology-services
۰۹۱۴۹۱۷۲۲۵۱,مرند,marand,services,technology-services
(پنهان‌شده؛ چت کنید),مرند,marand,services,financial-services
(پنهان‌شده؛ چت کنید),مرند,marand,services,financial-services
۰۹۱۴۹۹۱۲۶۲۲,مرند,marand,services,financial-services
۰۹۹۱۹۰۰۶۶۹۴,مرند,marand,services,financial-services
۰۹۱۴۹۶۶۳۸۲۲,مرند,marand,services,financial-services
۰۹۹۰۵۳۸۶۴۷۵,مرند,marand,services,financial-services
۰۹۱۴۷۸۰۱۴۱۱,مرند,marand,services,financial-services
۰۹۱۴۵۷۳۰۳۲۰,مرند,marand,services,financial-services
۰۹۱۴۴۹۲۶۲۱۰,مرند,marand,services,financial-services
۰۹۲۲۹۶۲۹۴۷۸,مرند,marand,services,financial-services
۰۹۱۴۴۹۱۳۰۱۴,مرند,marand,services,transport-logistic-services
۰۹۱۴۶۱۶۵۹۵۲,مرند,marand,services,transport-logistic-services
۰۹۱۴۷۳۲۳۵۶۶,مرند,marand,services,transport-logistic-services
۰۹۱۴۲۴۴۲۵۲۳,مرند,marand,services,transport-logistic-services
۰۹۱۴۱۹۰۳۰۲۶,مرند,marand,services,transport-logistic-services
۰۹۳۶۶۲۵۱۳۵۱,مرند,marand,services,transport-logistic-services
۰۹۱۴۹۹۲۶۹۰۵,مرند,marand,services,transport-logistic-services
۰۹۱۴۸۵۱۰۲۸۵,مرند,marand,services,transport-logistic-services
۰۹۳۸۵۸۳۸۸۳۵,مرند,marand,services,craft-skill-services
۰۹۱۴۴۹۳۰۶۰۰,مرند,marand,services,craft-skill-services
۰۹۱۴۹۹۲۱۲۹۶,مرند,marand,services,craft-skill-services
۰۹۱۴۷۶۹۵۲۳۴,مرند,marand,services,craft-skill-services
۰۹۱۴۷۶۹۵۲۳۴,مرند,marand,services,craft-skill-services
(پنهان‌شده؛ چت کنید),مرند,marand,services,craft-skill-services
۰۹۱۴۴۱۶۰۹۷۸,مرند,marand,services,craft-skill-services
۰۹۱۴۴۰۶۶۸۰۴,مرند,marand,services,craft-skill-services
۰۹۳۵۲۹۶۴۳۹۰,مرند,marand,services,craft-skill-services
۰۹۱۴۸۶۹۱۰۰۷,مرند,marand,services,craft-skill-services
۰۹۰۲۸۱۶۹۵۷۸,مرند,marand,services,craft-skill-services
۰۹۱۴۲۲۵۵۲۷۳,مرند,marand,services,craft-skill-services
۰۹۲۲۴۴۵۶۲۵۹,مرند,marand,services,craft-skill-services
۰۹۰۳۷۵۴۷۷۹۵,مرند,marand,services,craft-skill-services
۰۹۳۵۸۴۴۷۱۷۱,مرند,marand,services,craft-skill-services
۰۹۱۹۵۹۸۷۱۶۸,مرند,marand,services,craft-skill-services
۰۹۲۲۰۲۵۴۷۰۸,مرند,marand,services,craft-skill-services
۰۹۰۵۶۲۵۱۰۶۷,مرند,marand,services,craft-skill-services
۰۹۱۴۳۹۲۹۹۶۴,مرند,marand,services,craft-skill-services
۰۹۱۴۴۲۷۵۱۰۰,مرند,marand,services,craft-skill-services
۰۹۱۴۳۹۱۱۴۶۹,مرند,marand,services,craft-skill-services
۰۹۱۴۸۶۸۸۶۶۱,مرند,marand,services,craft-skill-services
۰۹۱۴۵۷۸۷۱۸۵,مرند,marand,services,craft-skill-services
۰۹۳۶۲۱۰۷۴۷۴,مرند,marand,services,craft-skill-services
۰۹۳۳۳۴۴۲۱۲۲,مرند,marand,services,craft-skill-services
۰۹۰۱۶۲۳۲۲۳۰,مرند,marand,services,craft-skill-services
۰۹۳۵۸۴۴۷۱۷۱,مرند,marand,services,craft-skill-services
۰۹۱۰۶۶۷۳۷۸۶,مرند,marand,services,craft-skill-services
۰۹۲۲۰۲۵۴۶۷۶,مرند,marand,services,craft-skill-services
۰۹۳۳۳۴۴۲۱۲۲,مرند,marand,services,craft-skill-services
۰۹۱۴۴۹۱۴۷۴۴,مرند,marand,services,craft-skill-services
۰۹۳۶۲۹۹۸۳۹۹,مرند,marand,services,craft-skill-services
۰۹۱۴۲۳۷۴۹۶۷,مرند,marand,services,craft-skill-services
۰۹۱۴۸۹۹۹۳۰۹,مرند,marand,services,craft-skill-services
(پنهان‌شده؛ چت کنید),مرند,marand,services,beauty-services
۰۹۱۴۶۸۹۶۹۹۴,مرند,marand,services,beauty-services
۰۹۳۷۷۷۲۶۸۹۷,مرند,marand,services,entertaining-services
۰۹۰۱۹۷۱۸۹۲۰,مرند,marand,services,entertaining-services
۰۹۱۴۱۹۰۰۶۴۶,مرند,marand,services,cleaning-services
۰۹۰۲۴۸۳۱۴۱۳,مرند,marand,services,gardening-services
۰۹۱۴۳۹۲۴۱۸۵,مرند,marand,services,gardening-services
۰۹۳۵۸۳۵۳۴۱۶,مرند,marand,services,gardening-services
۰۹۳۰۰۳۱۹۳۶۵,مرند,marand,services,gardening-services
۰۹۳۰۱۲۷۴۴۱۵,مرند,marand,services,gardening-services
۰۹۳۳۷۸۸۶۳۸۷,مرند,marand,services,gardening-services
۰۹۰۵۱۲۱۶۵۳۴,مرند,marand,services,gardening-services
۰۹۹۱۷۸۰۹۰۱۳,مرند,marand,services,teaching-services
۰۹۱۴۶۹۳۲۲۹۳,مرند,marand,services,teaching-services
(پنهان‌شده؛ چت کنید),مرند,marand,services,teaching-services
۰۹۳۹۵۲۵۵۶۱۹,مرند,marand,services,teaching-services
۰۹۳۶۳۰۲۷۷۱۹,مرند,marand,services,teaching-services
۰۹۱۶۴۴۳۰۲۲۳,مرند,marand,services,teaching-services
۰۹۳۰۱۹۸۶۸۳۵,مرند,marand,services,teaching-services
۰۹۰۵۱۲۱۶۵۳۴,مرند,marand,services,teaching-services
۰۹۳۷۵۹۲۱۲۸۹,مرند,marand,services,teaching-services
۰۹۱۴۵۳۳۴۱۷۸,مرند,marand,services,teaching-services
۰۹۳۶۴۱۹۲۰۰۶,مرند,marand,services,teaching-services
۰۹۳۳۱۵۳۵۰۳۱,مرند,marand,services,teaching-services
۰۹۳۳۱۵۳۵۰۳۱,مرند,marand,services,teaching-services
۰۹۳۳۱۵۳۵۰۳۱,مرند,marand,services,teaching-services
۰۹۳۳۱۵۳۵۰۳۱,مرند,marand,services,teaching-services
۰۹۳۳۱۵۳۵۰۳۱,مرند,marand,services,teaching-services
۰۹۱۴۶۹۳۲۲۹۳,مرند,marand,services,teaching-services
۰۹۱۴۶۹۳۲۲۹۳,مرند,marand,services,teaching-services
۰۹۱۴۶۹۳۲۲۹۳,مرند,marand,services,teaching-services
۰۹۹۸۱۱۴۲۹۱۹,مرند,marand,services,teaching-services
۰۹۳۸۱۳۶۱۴۰۹,مرند,marand,personal-goods,apparel
۰۹۳۸۱۳۶۱۴۰۹,مرند,marand,personal-goods,apparel
(پنهان‌شده؛ چت کنید),مرند,marand,personal-goods,apparel
۰۹۱۴۷۳۰۸۳۶۲,مرند,marand,personal-goods,apparel
۰۹۱۴۷۷۴۰۹۸۷,مرند,marand,personal-goods,apparel
۰۹۳۳۲۷۸۲۹۵۳,مرند,marand,personal-goods,apparel
(پنهان‌شده؛ چت کنید),مرند,marand,personal-goods,apparel
۰۹۳۵۵۷۴۷۶۹۶,مرند,marand,personal-goods,apparel
۰۹۱۴۸۲۷۳۳۰۹,مرند,marand,personal-goods,apparel
۰۹۱۴۸۴۸۰۷۸۰,مرند,marand,personal-goods,apparel
(پنهان‌شده؛ چت کنید),مرند,marand,personal-goods,apparel
۰۹۳۹۶۳۲۳۳۷۸,مرند,marand,personal-goods,apparel
۰۹۱۲۸۵۸۸۴۹۱,مرند,marand,personal-goods,apparel
۰۹۱۴۸۹۱۰۹۳۱,مرند,marand,personal-goods,apparel
۰۹۱۰۲۸۰۶۳۴۰,مرند,marand,personal-goods,apparel
۰۹۳۵۳۳۵۸۲۳۵,مرند,marand,personal-goods,apparel
۰۹۰۵۰۸۰۵۳۹۴,مرند,marand,personal-goods,apparel
۰۹۰۵۰۸۰۵۳۹۴,مرند,marand,personal-goods,apparel
۰۹۱۴۵۷۳۰۴۶۷,مرند,marand,personal-goods,apparel
۰۹۹۲۴۵۰۳۷۸۵,مرند,marand,personal-goods,apparel
۰۹۹۲۴۵۰۳۷۸۵,مرند,marand,personal-goods,apparel
۰۹۹۲۴۵۰۳۷۸۵,مرند,marand,personal-goods,apparel
۰۹۹۲۴۵۰۳۷۸۵,مرند,marand,personal-goods,apparel
(پنهان‌شده؛ چت کنید),مرند,marand,personal-goods,apparel
۰۹۳۸۱۳۶۱۴۰۹,مرند,marand,personal-goods,apparel
۰۹۱۴۳۹۲۷۰۲۶,مرند,marand,personal-goods,apparel
۰۹۱۴۵۷۷۱۱۹۱,مرند,marand,personal-goods,apparel
۰۹۹۱۵۲۸۴۶۸۷,مرند,marand,personal-goods,apparel
(پنهان‌شده؛ چت کنید),مرند,marand,personal-goods,apparel
(پنهان‌شده؛ چت کنید),مرند,marand,personal-goods,apparel
(پنهان‌شده؛ چت کنید),مرند,marand,personal-goods,apparel
(پنهان‌شده؛ چت کنید),مرند,marand,personal-goods,apparel
(پنهان‌شده؛ چت کنید),مرند,marand,personal-goods,apparel
(پنهان‌شده؛ چت کنید),مرند,marand,personal-goods,apparel
۰۹۲۱۵۰۵۱۶۵۳,مرند,marand,personal-goods,apparel
۰۹۱۰۴۱۱۰۳۲۱,مرند,marand,personal-goods,apparel
۰۹۱۴۴۹۲۱۲۰۹,مرند,marand,personal-goods,apparel
(پنهان‌شده؛ چت کنید),مرند,marand,personal-goods,apparel
(پنهان‌شده؛ چت کنید),مرند,marand,personal-goods,apparel
(پنهان‌شده؛ چت کنید),مرند,marand,personal-goods,apparel
۰۹۹۱۵۲۸۴۷۰۱,مرند,marand,personal-goods,apparel
۰۹۳۵۳۳۵۸۲۳۵,مرند,marand,personal-goods,apparel
۰۹۰۳۶۸۴۳۷۶۷,مرند,marand,personal-goods,accessories
۰۹۳۷۳۸۴۲۹۰۸,مرند,marand,personal-goods,accessories
۰۹۱۴۴۹۲۹۶۲۸,مرند,marand,personal-goods,accessories
۰۹۳۶۴۰۹۶۵۷۵,مرند,marand,personal-goods,accessories
۰۹۱۴۶۹۳۷۱۰۳,مرند,marand,personal-goods,accessories
۰۹۱۴۵۷۹۹۵۵۴,مرند,marand,personal-goods,accessories
۰۹۳۶۸۶۷۲۲۰۳,مرند,marand,personal-goods,accessories
۰۹۹۰۳۸۰۸۹۴۱,مرند,marand,personal-goods,accessories
(پنهان‌شده؛ چت کنید),مرند,marand,personal-goods,accessories
۰۹۱۴۶۵۴۱۰۷۳,مرند,marand,personal-goods,accessories
۰۹۳۵۱۸۹۷۴۱۵,مرند,marand,personal-goods,accessories
۰۹۱۴۶۵۴۱۰۷۳,مرند,marand,personal-goods,accessories
۰۹۰۲۸۷۴۷۹۶۷,مرند,marand,personal-goods,accessories
۰۹۱۴۵۷۹۹۵۵۴,مرند,marand,personal-goods,accessories
۰۹۳۶۷۸۴۴۶۹۷,مرند,marand,personal-goods,accessories
۰۹۱۰۹۳۴۹۱۵۷,مرند,marand,personal-goods,beauty-and-personal-care
۰۹۰۲۸۹۸۸۵۹۶,مرند,marand,personal-goods,beauty-and-personal-care
۰۹۰۲۸۹۸۸۵۹۶,مرند,marand,personal-goods,beauty-and-personal-care
۰۹۳۵۳۴۰۱۱۶۸,مرند,marand,personal-goods,beauty-and-personal-care
۰۹۳۵۳۴۰۱۱۶۸,مرند,marand,personal-goods,beauty-and-personal-care
۰۹۰۲۳۳۹۷۷۶۳,مرند,marand,personal-goods,beauty-and-personal-care
۰۹۱۴۹۹۴۲۵۲۰,مرند,marand,personal-goods,beauty-and-personal-care
(پنهان‌شده؛ چت کنید),مرند,marand,personal-goods,beauty-and-personal-care
۰۹۱۴۴۹۱۳۴۲۰,مرند,marand,personal-goods,beauty-and-personal-care
۰۹۳۰۹۲۳۰۲۸۸,مرند,marand,personal-goods,beauty-and-personal-care
۰۹۱۴۷۶۶۷۹۴۱,مرند,marand,personal-goods,beauty-and-personal-care
۰۹۰۲۰۹۴۹۹۲۳,مرند,marand,personal-goods,beauty-and-personal-care
۰۹۱۴۸۹۱۰۹۳۱,مرند,marand,personal-goods,child-apparel
۰۹۳۵۳۳۵۸۲۳۵,مرند,marand,personal-goods,child-apparel
۰۹۳۸۱۳۶۱۴۰۹,مرند,marand,personal-goods,child-apparel
۰۹۲۱۵۰۵۱۶۵۳,مرند,marand,personal-goods,child-apparel
(پنهان‌شده؛ چت کنید),مرند,marand,personal-goods,child-apparel
(پنهان‌شده؛ چت کنید),مرند,marand,personal-goods,child-apparel
۰۹۱۴۲۴۱۲۰۰۴,مرند,marand,personal-goods,child-apparel
۰۹۱۹۱۹۶۰۷۰۰,مرند,marand,personal-goods,child-apparel
۰۹۱۴۳۹۲۷۰۲۶,مرند,marand,personal-goods,child-apparel
(پنهان‌شده؛ چت کنید),مرند,marand,personal-goods,child-apparel
۰۹۰۱۷۵۱۵۴۰۵,مرند,marand,personal-goods,child-apparel
۰۹۱۴۳۹۱۲۳۵۲,مرند,marand,personal-goods,child-products
۰۹۹۰۴۳۸۹۳۲۸,مرند,marand,personal-goods,child-products
(پنهان‌شده؛ چت کنید),مرند,marand,personal-goods,child-products
۰۹۳۸۳۹۷۵۸۲۱,مرند,marand,personal-goods,child-products
۰۹۰۵۶۰۷۳۸۷۸,مرند,marand,personal-goods,child-products
۰۹۱۵۷۷۵۷۶۵۷,مرند,marand,personal-goods,child-products
۰۹۳۰۲۲۱۵۲۹۹,مرند,marand,personal-goods,child-products
(پنهان‌شده؛ چت کنید),مرند,marand,personal-goods,child-products
۰۹۰۱۷۵۸۶۵۲۴,مرند,marand,personal-goods,child-products
۰۹۱۴۸۵۱۴۰۱۷,مرند,marand,personal-goods,child-products
۰۹۱۴۴۹۱۵۹۱۵,مرند,marand,personal-goods,child-products
۰۹۳۸۴۶۲۰۷۹۷,مرند,marand,personal-goods,child-products
۰۹۲۲۰۲۵۰۶۵۴,مرند,marand,personal-goods,child-products
۰۹۱۴۶۸۶۹۷۷۴,مرند,marand,personal-goods,child-products
۰۹۱۴۸۴۸۵۷۸۰,مرند,marand,personal-goods,child-products
(پنهان‌شده؛ چت کنید),مرند,marand,personal-goods,stationery
۰۹۱۴۶۹۲۳۳۱۹,مرند,marand,personal-goods,stationery
۰۹۳۸۹۵۰۰۲۸۹,مرند,marand,personal-goods,stationery
۰۹۱۴۳۹۱۳۲۶۱,مرند,marand,personal-goods,stationery
۰۹۱۴۳۹۱۳۲۶۱,مرند,marand,personal-goods,stationery
۰۹۲۲۵۹۲۵۳۴۸,مرند,marand,personal-goods,stationery
۰۹۲۱۷۳۴۷۹۲۹,مرند,marand,personal-goods,stationery
۰۹۲۱۷۳۴۷۹۲۹,مرند,marand,personal-goods,stationery
۰۹۲۱۷۳۴۷۹۲۹,مرند,marand,personal-goods,stationery
۰۹۲۲۰۲۵۰۶۵۴,مرند,marand,personal-goods,stationery
۰۹۳۹۰۹۶۰۳۸۹,مرند,marand,personal-goods,stationery
۰۹۳۸۶۹۴۴۵۱۵,مرند,marand,personal-goods,stationery
۰۹۱۴۸۷۵۲۰۷۷,مرند,marand,personal-goods,stationery
(پنهان‌شده؛ چت کنید),مرند,marand,entertainment,tours
۰۹۱۴۷۸۲۶۴۹۴,مرند,marand,entertainment,tours
۰۹۹۰۹۶۵۲۳۸۸,مرند,marand,entertainment,publication
۰۹۲۱۵۰۵۱۶۵۳,مرند,marand,entertainment,publication
۰۹۱۴۲۳۷۴۰۹۱,مرند,marand,entertainment,publication
۰۹۱۴۲۳۷۴۰۹۱,مرند,marand,entertainment,publication
۰۹۱۴۲۳۷۴۰۹۱,مرند,marand,entertainment,publication
۰۹۱۴۲۳۷۴۰۹۱,مرند,marand,entertainment,publication
۰۹۰۱۵۴۸۲۱۹۱,مرند,marand,entertainment,publication
۰۹۰۱۵۴۸۲۱۹۱,مرند,marand,entertainment,publication
(پنهان‌شده؛ چت کنید),مرند,marand,entertainment,publication
(پنهان‌شده؛ چت کنید),مرند,marand,entertainment,publication
۰۹۱۴۶۶۱۰۹۱۷,مرند,marand,entertainment,publication
۰۹۰۳۷۳۶۳۱۳۸,مرند,marand,entertainment,publication
۰۹۳۰۲۴۶۱۳۰۹,مرند,marand,entertainment,publication
۰۹۱۴۷۳۴۳۲۰۲,مرند,marand,entertainment,publication
۰۹۳۰۲۴۶۱۳۰۹,مرند,marand,entertainment,publication
۰۹۳۰۲۴۶۱۳۰۹,مرند,marand,entertainment,publication
۰۹۳۰۲۴۶۱۳۰۹,مرند,marand,entertainment,publication
۰۹۳۰۲۴۶۱۳۰۹,مرند,marand,entertainment,publication
۰۹۳۰۲۴۶۱۳۰۹,مرند,marand,entertainment,publication
۰۹۳۰۲۴۶۱۳۰۹,مرند,marand,entertainment,publication
۰۹۱۴۷۶۷۶۲۲۰,مرند,marand,entertainment,publication
۰۹۱۴۶۵۷۳۵۲۴,مرند,marand,entertainment,publication
۰۹۱۹۰۶۵۵۵۶۱,مرند,marand,entertainment,bike-skate-scooter
۰۹۱۴۹۹۴۱۱۰۴,مرند,marand,entertainment,bike-skate-scooter
۰۹۱۴۷۸۹۴۷۷۱,مرند,marand,entertainment,bike-skate-scooter
۰۹۱۴۷۸۹۴۷۷۱,مرند,marand,entertainment,bike-skate-scooter
۰۹۱۴۷۸۹۴۷۷۱,مرند,marand,entertainment,bike-skate-scooter
۰۹۳۸۷۹۹۳۸۷۴,مرند,marand,entertainment,bike-skate-scooter
۰۹۹۱۰۱۶۹۲۷۹,مرند,marand,entertainment,bike-skate-scooter
۰۹۰۱۰۱۷۸۶۴۶,مرند,marand,entertainment,bike-skate-scooter
۰۹۱۴۳۹۱۴۲۳۴,مرند,marand,entertainment,bike-skate-scooter
۰۹۱۴۳۹۱۴۲۳۴,مرند,marand,entertainment,bike-skate-scooter
۰۹۱۴۳۹۱۴۲۳۴,مرند,marand,entertainment,bike-skate-scooter
۰۹۳۰۳۱۱۷۰۴۳,مرند,marand,entertainment,bike-skate-scooter
۰۹۱۴۳۹۱۴۲۳۴,مرند,marand,entertainment,bike-skate-scooter
۰۹۰۱۱۴۸۱۴۳۸,مرند,marand,entertainment,bike-skate-scooter
۰۹۲۲۴۸۹۱۴۶۹,مرند,marand,entertainment,bike-skate-scooter
۰۹۰۲۳۹۱۱۶۵۸,مرند,marand,entertainment,bike-skate-scooter
۰۹۱۴۵۷۲۵۱۹۸,مرند,marand,entertainment,bike-skate-scooter
۰۹۳۷۷۵۳۵۸۰۲,مرند,marand,entertainment,pets-animals
۰۹۱۴۱۹۳۶۹۸۰,مرند,marand,entertainment,pets-animals
۰۹۱۴۳۹۵۹۲۷۸,مرند,marand,entertainment,pets-animals
۰۹۱۴۸۱۵۲۳۷۱,مرند,marand,entertainment,pets-animals
۰۹۲۲۴۱۲۹۴۸۲,مرند,marand,entertainment,pets-animals
۰۹۱۴۵۷۷۱۰۷۶,مرند,marand,entertainment,pets-animals
(پنهان‌شده؛ چت کنید),مرند,marand,entertainment,pets-animals
۰۹۲۲۰۴۹۲۵۷۵,مرند,marand,entertainment,pets-animals
۰۹۲۲۰۴۹۲۵۷۵,مرند,marand,entertainment,pets-animals
۰۹۲۲۴۱۲۹۴۸۲,مرند,marand,entertainment,pets-animals
۰۹۳۷۶۹۸۱۰۵۱,مرند,marand,entertainment,pets-animals
۰۹۳۳۴۹۱۹۷۷۰,مرند,marand,entertainment,pets-animals
(پنهان‌شده؛ چت کنید),مرند,marand,entertainment,pets-animals
۰۹۳۳۳۹۰۶۰۳۵,مرند,marand,entertainment,pets-animals
۰۹۹۰۳۸۲۵۰۲۷,مرند,marand,entertainment,pets-animals
۰۹۱۴۸۲۷۳۱۰۸,مرند,marand,entertainment,pets-animals
۰۹۱۴۵۲۴۴۴۳۰,مرند,marand,entertainment,pets-animals
۰۹۱۴۶۴۵۶۳۹۴,مرند,marand,entertainment,pets-animals
۰۹۱۴۷۶۴۷۷۸۴,مرند,marand,entertainment,pets-animals
۰۹۱۴۸۲۷۶۱۳۸,مرند,marand,entertainment,pets-animals
۰۹۱۴۳۹۱۵۸۱۹,مرند,marand,entertainment,pets-animals
۰۹۳۰۷۰۲۹۹۵۶,مرند,marand,entertainment,pets-animals
۰۹۱۴۶۳۰۵۳۷۲,مرند,marand,entertainment,pets-animals
۰۹۱۴۴۹۲۹۶۲۹,مرند,marand,entertainment,pets-animals
۰۹۱۴۶۴۱۱۳۷۴,مرند,marand,entertainment,pets-animals
۰۹۱۴۲۵۷۱۹۸۶,مرند,marand,entertainment,pets-animals
۰۹۱۴۳۹۲۵۰۸۸,مرند,marand,entertainment,pets-animals
۰۹۱۴۴۹۳۳۶۸۶,مرند,marand,entertainment,pets-animals
(پنهان‌شده؛ چت کنید),مرند,marand,entertainment,pets-animals
۰۹۱۴۸۶۴۷۸۹۳,مرند,marand,entertainment,pets-animals
۰۹۱۴۱۹۳۷۴۰۷,مرند,marand,entertainment,pets-animals
۰۹۱۱۴۷۳۱۷۸۸,مرند,marand,entertainment,pets-animals
۰۹۹۰۷۴۳۸۲۹۲,مرند,marand,entertainment,pets-animals
۰۹۰۵۷۹۰۶۲۵۶,مرند,marand,entertainment,pets-animals
۰۹۰۳۶۴۶۹۹۱۰,مرند,marand,entertainment,pets-animals
۰۹۱۴۱۹۰۲۴۴۷,مرند,marand,entertainment,pets-animals
۰۹۱۴۳۹۲۵۹۳۲,مرند,marand,entertainment,pets-animals
(پنهان‌شده؛ چت کنید),مرند,marand,entertainment,pets-animals
۰۹۳۸۱۳۰۸۷۳۰,مرند,marand,entertainment,pets-animals
۰۹۱۴۴۹۱۶۲۸۳,مرند,marand,entertainment,pets-animals
۰۹۱۴۶۴۷۹۸۶۷,مرند,marand,entertainment,pets-animals
۰۹۱۴۴۹۲۸۰۵۵,مرند,marand,entertainment,pets-animals
۰۹۰۳۶۸۴۳۷۶۷,مرند,marand,entertainment,collecting
۰۹۱۴۶۵۲۹۹۷۵,مرند,marand,entertainment,collecting
۰۹۱۴۵۷۳۰۴۶۷,مرند,marand,entertainment,musical-instruments
۰۹۰۱۷۵۶۰۵۰۰,مرند,marand,entertainment,musical-instruments
۰۹۱۴۹۹۲۲۴۵۲,مرند,marand,entertainment,musical-instruments
(پنهان‌شده؛ چت کنید),مرند,marand,entertainment,sport-entertainment
۰۹۳۶۰۳۲۷۴۲۴,مرند,marand,entertainment,sport-entertainment
۰۹۲۲۰۲۵۱۴۷۳,مرند,marand,entertainment,sport-entertainment
۰۹۳۰۱۱۲۰۲۵۹,مرند,marand,entertainment,sport-entertainment
۰۹۳۰۸۰۹۷۸۰۱,مرند,marand,entertainment,sport-entertainment
۰۹۱۴۳۹۱۲۳۵۲,مرند,marand,entertainment,sport-entertainment
(پنهان‌شده؛ چت کنید),مرند,marand,entertainment,sport-entertainment
(پنهان‌شده؛ چت کنید),مرند,marand,entertainment,sport-entertainment
۰۹۹۲۷۷۵۷۸۴۳,مرند,marand,social-services,event
۰۹۹۲۸۶۷۹۲۶۳,مرند,marand,social-services,event
۰۹۰۱۳۶۹۰۸۴۰,مرند,marand,social-services,event
۰۹۳۸۶۸۵۸۸۶۱,مرند,marand,social-services,event
۰۹۱۴۲۲۷۲۹۸۵,مرند,marand,social-services,missing
۰۹۱۴۷۶۹۵۰۲۶,مرند,marand,social-services,missing
۰۹۱۴۳۹۲۵۹۳۲,مرند,marand,social-services,missing
۰۹۱۴۱۹۰۱۸۸۰,مرند,marand,social-services,missing
۰۹۰۱۹۱۲۱۰۴۱,مرند,marand,social-services,missing
۰۹۱۴۱۹۰۲۹۲۵,مرند,marand,social-services,missing
۰۹۱۹۴۱۸۴۱۷۴,مرند,marand,social-services,missing
۰۹۱۴۳۹۲۷۴۳۲,مرند,marand,businesses,business-equipment
۰۹۱۴۶۱۷۹۳۶۶,مرند,marand,businesses,business-equipment
۰۹۱۴۹۹۱۵۷۹۷,مرند,marand,businesses,business-equipment
۰۹۱۴۵۸۶۵۴۴۶,مرند,marand,businesses,business-equipment
۰۹۳۶۱۳۱۴۲۵۱,مرند,marand,businesses,business-equipment
(پنهان‌شده؛ چت کنید),مرند,marand,businesses,business-equipment
(پنهان‌شده؛ چت کنید),مرند,marand,businesses,business-equipment
۰۹۰۱۵۷۱۳۸۹۹,مرند,marand,businesses,business-equipment
(پنهان‌شده؛ چت کنید),مرند,marand,businesses,business-equipment
۰۹۳۷۱۳۱۹۰۴۲,مرند,marand,businesses,business-equipment
۰۹۱۴۱۹۱۱۱۹۰,مرند,marand,businesses,business-equipment
۰۹۱۴۵۸۲۲۰۰۷,مرند,marand,businesses,business-equipment
۰۹۱۴۵۸۲۲۰۰۷,مرند,marand,businesses,business-equipment
۰۹۹۹۱۴۰۹۱۵۵,مرند,marand,businesses,business-equipment
۰۹۳۶۷۱۳۹۶۹۱,مرند,marand,businesses,business-equipment
۰۹۰۲۳۰۳۷۰۷۴,مرند,marand,businesses,business-equipment
۰۹۱۴۶۴۵۴۰۳۸,مرند,marand,businesses,business-equipment
۰۹۱۴۹۲۵۲۰۰۵,مرند,marand,businesses,business-equipment
(پنهان‌شده؛ چت کنید),مرند,marand,businesses,business-equipment
۰۹۱۴۶۴۱۳۱۵۲,مرند,marand,businesses,business-equipment
۰۹۳۶۵۱۳۲۶۶۹,مرند,marand,businesses,business-equipment
۰۹۱۴۴۹۲۶۸۳۰,مرند,marand,businesses,business-equipment
۰۹۳۷۴۷۵۴۵۵۴,مرند,marand,businesses,business-equipment
۰۹۳۹۹۹۴۱۲۵۶,مرند,marand,businesses,business-equipment
۰۹۱۴۹۹۴۲۵۲۰,مرند,marand,businesses,business-equipment
۰۹۳۸۴۲۴۰۸۰۰,مرند,marand,businesses,business-equipment
۰۹۱۴۶۱۲۸۵۸۳,مرند,marand,businesses,business-equipment
۰۹۱۴۶۱۲۸۵۸۳,مرند,marand,businesses,business-equipment
۰۹۱۴۴۹۱۱۳۷۱,مرند,marand,businesses,business-equipment
۰۹۹۱۱۴۴۵۸۵۶,مرند,marand,businesses,business-equipment
۰۹۳۶۰۳۵۷۵۱۸,مرند,marand,businesses,business-equipment
۰۹۱۴۳۹۱۰۷۳۴,مرند,marand,businesses,business-equipment
۰۹۱۴۹۹۴۳۵۷۲,مرند,marand,businesses,business-equipment
(پنهان‌شده؛ چت کنید),مرند,marand,businesses,business-equipment
۰۹۰۵۰۸۰۵۳۹۴,مرند,marand,businesses,business-equipment
۰۹۲۲۵۰۳۸۳۴۱,مرند,marand,businesses,business-equipment
۰۹۳۸۱۶۷۱۶۵۱,مرند,marand,businesses,business-equipment
۰۹۰۱۷۵۴۳۸۳۷,مرند,marand,businesses,business-equipment
۰۹۳۸۸۹۸۸۹۱۹,مرند,marand,businesses,business-equipment
(پنهان‌شده؛ چت کنید),مرند,marand,businesses,business-equipment
۰۹۲۰۲۰۶۱۰۱۲,مرند,marand,businesses,business-equipment
۰۹۲۲۱۲۳۲۵۰۶,مرند,marand,businesses,business-equipment
(پنهان‌شده؛ چت کنید),مرند,marand,businesses,business-equipment
(پنهان‌شده؛ چت کنید),مرند,marand,businesses,business-equipment
۰۹۱۴۹۹۲۳۷۶۳,مرند,marand,businesses,business-equipment
۰۹۳۰۸۰۹۷۸۰۱,مرند,marand,businesses,business-equipment
۰۹۱۴۶۸۸۳۰۱۰,مرند,marand,businesses,business-equipment
۰۹۱۴۹۹۲۷۹۶۶,مرند,marand,businesses,business-equipment
۰۹۱۹۶۳۷۸۱۲۲,مرند,marand,businesses,business-equipment
۰۹۱۴۱۰۴۷۵۴۶,مرند,marand,businesses,business-equipment
۰۹۱۹۶۳۷۸۱۲۲,مرند,marand,businesses,business-equipment
۰۹۹۹۱۴۰۶۷۲۵,مرند,marand,businesses,business-equipment
۰۹۱۴۳۰۹۴۵۱۱,مرند,marand,businesses,business-equipment
۰۹۱۴۷۸۵۰۷۶۸,مرند,marand,businesses,business-equipment
۰۹۱۴۲۲۷۵۷۰۶,مرند,marand,businesses,business-equipment
۰۹۹۲۷۹۶۶۵۵۸,مرند,marand,businesses,business-equipment
۰۹۰۲۰۵۵۲۲۶۵,مرند,marand,businesses,business-equipment
۰۹۳۶۹۲۰۴۶۷۷,مرند,marand,businesses,business-equipment
۰۹۹۲۴۹۷۵۸۴۰,مرند,marand,businesses,business-equipment
۰۹۰۲۸۲۹۴۶۲۶,مرند,marand,businesses,business-equipment
۰۹۰۲۸۲۹۴۶۲۶,مرند,marand,businesses,business-equipment
۰۹۰۲۸۲۹۴۶۲۶,مرند,marand,businesses,business-equipment
۰۹۳۶۹۲۰۴۶۷۷,مرند,marand,businesses,business-equipment
۰۹۳۳۷۲۴۵۷۰۹,مرند,marand,businesses,business-equipment
۰۹۳۸۳۰۸۵۹۴۶,مرند,marand,businesses,business-equipment
۰۹۲۲۹۱۲۶۳۹۹,مرند,marand,businesses,business-equipment
۰۹۲۲۹۵۶۵۱۳۷,مرند,marand,businesses,business-equipment
۰۹۱۴۳۹۱۲۲۲۰,مرند,marand,businesses,wholesale
۰۹۰۲۹۹۸۶۴۳۳,مرند,marand,businesses,wholesale
(پنهان‌شده؛ چت کنید),مرند,marand,businesses,wholesale
۰۹۳۶۹۲۰۴۶۷۷,مرند,marand,businesses,wholesale
۰۹۱۴۷۶۹۵۲۰۷,مرند,marand,businesses,wholesale
۰۹۱۴۸۱۳۴۰۱۲,مرند,marand,businesses,wholesale
۰۹۱۴۹۹۱۳۱۶۴,مرند,marand,businesses,wholesale
۰۹۱۴۹۹۱۳۱۶۴,مرند,marand,businesses,wholesale
۰۹۰۲۳۶۴۳۰۱۶,مرند,marand,businesses,wholesale
۰۹۱۴۵۷۵۳۱۸۹,مرند,marand,businesses,wholesale
۰۹۱۴۷۳۵۶۰۱۱,مرند,marand,businesses,wholesale
۰۹۳۸۷۵۸۱۸۷۳,مرند,marand,businesses,wholesale
۰۹۳۶۵۹۹۰۴۷۷,مرند,marand,businesses,wholesale
(پنهان‌شده؛ چت کنید),مرند,marand,businesses,wholesale
۰۹۱۴۷۳۲۳۵۶۶,مرند,marand,businesses,wholesale
۰۹۳۶۸۸۰۹۲۱۲,مرند,marand,businesses,wholesale
۰۹۱۴۲۳۸۵۶۳۳,مرند,marand,businesses,wholesale
۰۹۰۵۴۳۲۲۹۰۷,مرند,marand,businesses,wholesale
۰۹۹۱۷۳۸۰۲۴۵,مرند,marand,businesses,wholesale
۰۹۱۴۹۹۲۵۷۲۷,مرند,marand,businesses,wholesale
۰۹۳۹۵۸۰۷۰۰۱,مرند,marand,businesses,wholesale
۰۹۱۴۵۵۶۱۵۷۸,مرند,marand,businesses,wholesale
۰۹۰۱۲۰۶۶۷۹۲,مرند,marand,businesses,wholesale
۰۹۳۳۲۳۷۲۱۸۰,مرند,marand,businesses,wholesale
۰۹۳۸۸۹۸۸۹۱۹,مرند,marand,businesses,wholesale
۰۹۱۴۹۹۱۳۱۶۴,مرند,marand,businesses,wholesale
۰۹۳۸۵۹۳۷۱۲۰,مرند,marand,businesses,wholesale
۰۹۳۵۶۵۰۱۰۷۳,مرند,marand,businesses,wholesale
۰۹۳۰۸۹۷۰۶۱۸,مرند,marand,businesses,wholesale
۰۹۱۸۸۱۶۶۶۳۴,مرند,marand,businesses,wholesale
۰۹۳۶۹۲۰۴۶۷۷,مرند,marand,businesses,wholesale
۰۹۱۴۵۸۱۴۵۴۱,مرند,marand,businesses,wholesale
۰۹۳۰۹۶۳۳۹۱۷,مرند,marand,businesses,wholesale
۰۹۹۲۷۶۸۳۵۰۹,مرند,marand,businesses,wholesale
۰۹۳۸۷۲۸۸۸۰۱,مرند,marand,businesses,wholesale
۰۹۳۸۰۴۹۷۵۰۴,مرند,marand,businesses,wholesale
۰۹۰۱۷۵۶۰۵۰۰,مرند,marand,businesses,wholesale
۰۹۰۵۶۲۵۱۰۶۷,مرند,marand,businesses,wholesale
۰۹۳۸۷۲۰۲۰۹۷,مرند,marand,businesses,wholesale
۰۹۱۴۴۹۱۳۴۸۸,مرند,marand,businesses,wholesale
۰۹۱۴۲۲۳۰۷۱۵,مرند,marand,businesses,wholesale
۰۹۱۴۷۶۷۵۰۷۰,مرند,marand,businesses,wholesale
۰۹۹۱۴۵۳۴۴۸۷,مرند,marand,businesses,wholesale
۰۹۱۰۶۳۵۱۸۹۵,مرند,marand,businesses,wholesale
۰۹۱۴۶۹۹۲۵۲۸,مرند,marand,businesses,wholesale
۰۹۳۷۶۳۱۱۵۰۲,مرند,marand,businesses,wholesale
۰۹۱۹۹۷۶۹۲۷۱,مرند,marand,businesses,wholesale
