۰۹۳۷۲۳۸۶۱۲۸,مرند,marand,jobs,janitorial-jobs
۰۹۳۶۰۱۴۵۹۴۷,مرند,marand,jobs,it-computer-jobs
۰۹۱۴۵۷۲۸۳۲۳,مرند,marand,jobs,marketing-jobs
۰۹۱۴۴۱۰۴۶۵۲,مرند,marand,jobs,marketing-jobs
۰۹۱۴۴۹۱۶۹۹۳,مرند,marand,jobs,health-beauty-jobs
۰۹۱۴۱۹۳۰۹۲۹,مرند,marand,real-estate,buy-residential
۰۹۱۴۳۹۲۱۶۴۴,مرند,marand,real-estate,buy-residential
۰۹۱۴۱۹۳۹۰۱۱,مرند,marand,real-estate,buy-residential
۰۹۰۱۰۳۶۶۵۶۳,مرند,marand,real-estate,buy-residential
۰۹۱۴۸۵۲۹۵۹۷,مرند,marand,real-estate,buy-residential
۰۹۱۴۳۹۱۴۷۴۵,مرند,marand,real-estate,buy-residential
۰۹۱۵۵۱۶۰۲۷۱,مرند,marand,real-estate,buy-residential
۰۹۱۴۴۹۱۸۶۶۵,مرند,marand,real-estate,buy-residential
۰۹۱۴۴۹۱۸۴۷۱,مرند,marand,real-estate,buy-residential
۰۹۱۴۷۶۹۵۲۱۵,مرند,marand,real-estate,buy-residential
۰۹۱۴۴۹۱۹۴۱۱,مرند,marand,real-estate,buy-residential
۰۹۱۴۸۶۴۸۰۹۸,مرند,marand,real-estate,buy-residential
۰۹۰۵۷۶۳۵۱۰۶,مرند,marand,real-estate,buy-residential
۰۹۱۵۳۲۵۰۹۵۶,مرند,marand,real-estate,buy-residential
۰۹۱۴۳۹۱۳۱۶۹,مرند,marand,real-estate,buy-residential
۰۹۳۳۰۵۶۶۸۸۲,مرند,marand,real-estate,buy-residential
۰۹۱۴۹۹۱۵۶۷۷,مرند,marand,real-estate,buy-residential
۰۹۱۴۴۹۱۸۴۷۱,مرند,marand,real-estate,buy-residential
۰۹۳۶۷۴۲۰۰۳۵,مرند,marand,real-estate,buy-residential
۰۹۱۲۵۱۲۷۵۸۲,مرند,marand,real-estate,buy-residential
۰۹۱۴۹۲۱۵۷۸۵,مرند,marand,real-estate,buy-residential
۰۹۱۴۵۷۷۱۱۹۰,مرند,marand,real-estate,buy-residential
۰۹۱۰۲۶۹۱۱۳۱,مرند,marand,real-estate,buy-residential
۰۹۱۴۳۹۱۱۷۹۹,مرند,marand,real-estate,buy-residential
۰۹۳۰۶۳۱۱۱۹۸,مرند,marand,real-estate,buy-residential
۰۹۱۴۸۵۲۹۵۹۷,مرند,marand,real-estate,buy-residential
۰۹۱۲۸۰۸۹۱۹۷,مرند,marand,real-estate,buy-residential
۰۹۱۸۰۱۷۷۲۰۰,مرند,marand,real-estate,buy-residential
۰۹۱۴۳۹۲۷۰۱۵,مرند,marand,real-estate,buy-residential
۰۹۱۴۸۶۴۸۰۹۸,مرند,marand,real-estate,buy-residential
۰۹۱۴۸۶۴۸۰۹۸,مرند,marand,real-estate,buy-residential
۰۹۱۴۳۹۱۴۷۴۵,مرند,marand,real-estate,buy-residential
۰۹۱۴۷۳۳۱۲۰۵,مرند,marand,real-estate,buy-residential
۰۹۳۸۶۷۹۹۶۷۶,مرند,marand,real-estate,buy-residential
۰۹۳۸۶۷۹۹۶۷۶,مرند,marand,real-estate,buy-residential
۰۹۱۴۱۹۰۰۶۴۵,مرند,marand,real-estate,buy-residential
۰۹۳۷۴۱۹۸۶۴۸,مرند,marand,real-estate,buy-residential
۰۹۱۴۳۹۱۴۷۴۵,مرند,marand,real-estate,buy-residential
۰۹۱۴۴۹۲۲۲۷۸,مرند,marand,real-estate,buy-residential
۰۹۱۴۶۴۰۵۱۶۴,مرند,marand,real-estate,buy-residential
۰۹۱۴۵۸۸۰۲۹۴,مرند,marand,real-estate,buy-residential
۰۹۱۴۳۰۲۶۵۸۸,مرند,marand,real-estate,buy-residential
۰۹۱۴۴۹۲۶۵۲۳,مرند,marand,real-estate,buy-residential
۰۹۱۹۰۱۷۶۱۸۷,مرند,marand,real-estate,buy-residential
۰۹۲۱۷۳۶۶۱۵۱,مرند,marand,real-estate,buy-residential
۰۹۱۲۱۵۴۱۵۳۵,مرند,marand,real-estate,buy-residential
۰۹۱۴۴۹۱۸۴۷۱,مرند,marand,real-estate,rent-residential
۰۹۰۳۷۶۱۵۶۳۳,مرند,marand,real-estate,rent-residential
۰۹۱۰۴۱۱۰۱۰۳,مرند,marand,real-estate,rent-residential
۰۹۳۷۶۷۲۷۷۰۵,مرند,marand,real-estate,rent-residential
۰۹۱۴۳۹۱۱۶۰۲,مرند,marand,real-estate,rent-residential
۰۹۱۴۹۹۴۰۶۳۱,مرند,marand,real-estate,rent-residential
۰۹۱۴۶۴۰۱۱۴۲,مرند,marand,real-estate,rent-residential
۰۹۱۴۷۷۷۲۸۱۹,مرند,marand,real-estate,rent-residential
۰۹۱۴۸۹۶۵۰۲۷,مرند,marand,real-estate,rent-residential
۰۹۱۴۸۴۰۸۱۷۳,مرند,marand,real-estate,rent-residential
۰۹۱۴۷۸۱۰۱۷۳,مرند,marand,real-estate,rent-residential
۰۹۱۴۹۲۸۰۱۶۱,مرند,marand,real-estate,rent-residential
۰۹۱۴۶۲۹۱۴۶۹,مرند,marand,real-estate,rent-residential
۰۹۱۴۲۲۶۵۱۵۴,مرند,marand,real-estate,rent-residential
۰۹۱۹۷۵۹۳۹۳۰,مرند,marand,real-estate,rent-residential
۰۹۱۴۸۴۸۹۰۹۵,مرند,marand,real-estate,rent-residential
۰۹۱۴۳۹۱۸۹۶۲,مرند,marand,real-estate,rent-residential
۰۹۱۴۶۹۵۲۲۹۸,مرند,marand,real-estate,rent-residential
۰۹۱۴۹۹۱۲۶۵۱,مرند,marand,real-estate,buy-commercial-property
۰۹۱۴۷۴۰۸۲۷۲,مرند,marand,real-estate,buy-commercial-property
۰۹۲۱۵۴۸۰۵۲۴,مرند,marand,real-estate,buy-commercial-property
۰۹۰۵۵۴۳۲۶۱۲,مرند,marand,real-estate,buy-commercial-property
۰۹۱۴۴۹۱۴۸۸۹,مرند,marand,real-estate,buy-commercial-property
۰۹۰۳۶۴۶۹۹۱۰,مرند,marand,real-estate,buy-commercial-property
۰۹۱۴۹۹۳۹۴۹۰,مرند,marand,real-estate,buy-commercial-property
۰۹۳۶۹۵۶۶۹۸۳,مرند,marand,real-estate,buy-commercial-property
۰۹۱۴۸۷۴۹۱۲۰,مرند,marand,real-estate,buy-commercial-property
۰۹۱۴۳۹۱۴۷۴۵,مرند,marand,real-estate,buy-commercial-property
۰۹۱۴۲۳۳۱۱۰۷,مرند,marand,real-estate,buy-commercial-property
۰۹۱۴۴۹۱۲۲۰۲,مرند,marand,real-estate,buy-commercial-property
۰۹۱۴۸۱۳۱۰۴۰,مرند,marand,real-estate,buy-commercial-property
۰۹۹۴۴۴۹۷۵۹۹,مرند,marand,real-estate,buy-commercial-property
۰۹۰۲۵۳۰۴۹۰۸,مرند,marand,real-estate,buy-commercial-property
۰۹۱۴۱۹۴۰۲۴۵,مرند,marand,real-estate,buy-commercial-property
۰۹۱۴۸۶۷۸۹۱۴,مرند,marand,real-estate,buy-commercial-property
۰۹۱۴۳۹۱۲۲۳۷,مرند,marand,real-estate,buy-commercial-property
۰۹۳۶۹۲۰۴۶۷۷,مرند,marand,real-estate,buy-commercial-property
۰۹۱۴۸۶۴۸۰۹۸,مرند,marand,real-estate,buy-commercial-property
۰۹۱۴۸۰۲۹۲۸۲,مرند,marand,real-estate,buy-commercial-property
۰۹۱۴۲۲۴۹۰۰۸,مرند,marand,real-estate,buy-commercial-property
۰۹۳۶۵۲۷۸۸۶۸,مرند,marand,real-estate,buy-commercial-property
۰۹۱۴۵۸۸۱۷۱۵,مرند,marand,real-estate,buy-commercial-property
۰۹۱۰۱۸۸۳۴۵۸,مرند,marand,real-estate,buy-commercial-property
۰۹۱۴۹۹۲۵۵۸۵,مرند,marand,real-estate,rent-commercial-property
۰۹۱۴۳۹۱۷۳۶۲,مرند,marand,real-estate,rent-commercial-property
۰۹۱۴۴۹۱۷۰۶۶,مرند,marand,real-estate,rent-commercial-property
۰۹۱۷۷۶۷۸۲۱۴,مرند,marand,real-estate,rent-commercial-property
۰۹۰۳۶۴۶۹۹۱۰,مرند,marand,real-estate,rent-commercial-property
۰۹۱۲۳۸۷۲۹۰۶,مرند,marand,real-estate,rent-commercial-property
۰۹۱۴۸۶۴۸۰۹۸,مرند,marand,real-estate,rent-commercial-property
۰۹۱۴۴۹۱۸۴۷۱,مرند,marand,real-estate,rent-commercial-property
۰۹۱۴۱۰۰۵۰۸۹,مرند,marand,real-estate,rent-commercial-property
۰۹۳۳۵۲۶۵۸۹۷,مرند,marand,real-estate,rent-commercial-property
۰۹۱۴۳۹۱۰۸۶۳,مرند,marand,real-estate,rent-commercial-property
۰۹۳۶۵۲۷۸۸۶۸,مرند,marand,real-estate,rent-commercial-property
۰۹۱۴۹۹۱۶۹۱۶,مرند,marand,real-estate,rent-commercial-property
۰۹۱۴۷۶۷۵۰۷۰,مرند,marand,real-estate,rent-commercial-property
۰۹۱۴۵۰۵۴۹۴۷,مرند,marand,real-estate,rent-commercial-property
۰۹۱۴۲۵۰۶۶۴۰,مرند,marand,real-estate,rent-commercial-property
۰۹۰۵۸۹۶۹۷۰۱,مرند,marand,real-estate,real-estate-services
۰۹۱۴۱۹۰۱۹۳۷,مرند,marand,real-estate,real-estate-services
۰۹۱۴۹۹۱۷۲۰۲,مرند,marand,real-estate,real-estate-services
۰۹۰۳۷۶۴۴۰۶۸,مرند,marand,real-estate,real-estate-services
۰۹۳۰۶۷۵۹۳۳۳,مرند,marand,real-estate,real-estate-services
۰۹۱۴۱۱۵۷۵۸۷,مرند,marand,vehicles,auto
۰۹۱۴۴۹۲۶۶۹۰,مرند,marand,vehicles,auto
۰۹۳۹۵۱۸۰۰۶۹,مرند,marand,vehicles,auto
۰۹۱۴۳۹۱۰۸۶۳,مرند,marand,vehicles,auto
۰۹۳۶۷۶۹۵۹۷۵,مرند,marand,vehicles,auto
۰۹۱۹۷۵۹۳۹۳۰,مرند,marand,vehicles,auto
۰۹۱۸۸۱۹۷۱۳۸,مرند,marand,vehicles,auto
۰۹۱۴۹۹۲۷۹۶۴,مرند,marand,vehicles,auto
۰۹۳۶۴۴۳۳۳۱۰,مرند,marand,vehicles,auto
۰۹۳۰۲۴۰۴۷۶۷,مرند,marand,vehicles,auto
۰۹۱۴۶۴۷۰۱۶۲,مرند,marand,vehicles,auto
۰۹۳۰۲۴۰۴۷۶۷,مرند,marand,vehicles,auto
۰۹۱۴۴۹۱۲۳۰۰,مرند,marand,vehicles,auto
۰۹۲۲۱۳۶۴۸۰۲,مرند,marand,vehicles,auto
۰۹۱۴۴۱۱۸۶۴۳,مرند,marand,vehicles,auto
۰۹۳۳۴۰۸۷۸۲۸,مرند,marand,vehicles,auto
۰۹۳۷۰۲۹۰۹۰۴,مرند,marand,vehicles,auto
۰۹۱۴۳۹۱۸۱۳۱,مرند,marand,vehicles,auto
۰۹۱۴۱۹۱۱۴۴۳,مرند,marand,vehicles,auto
۰۹۳۸۱۶۳۲۰۵۲,مرند,marand,vehicles,auto
۰۹۱۴۶۶۷۰۲۵۸,مرند,marand,vehicles,auto
۰۹۱۴۶۶۷۰۲۵۸,مرند,marand,vehicles,auto
۰۹۱۴۶۸۶۹۷۷۴,مرند,marand,vehicles,auto
۰۹۱۴۱۹۰۳۴۲۷,مرند,marand,vehicles,auto
۰۹۱۴۶۵۷۸۶۴۳,مرند,marand,vehicles,auto
۰۹۱۴۲۳۷۲۸۸۷,مرند,marand,vehicles,auto
۰۹۰۱۰۵۲۲۳۰۹,مرند,marand,vehicles,auto
۰۹۱۴۹۹۱۷۱۴۸,مرند,marand,vehicles,auto
۰۹۱۴۴۹۱۵۶۸۷,مرند,marand,vehicles,auto
۰۹۱۴۶۶۷۰۲۵۸,مرند,marand,vehicles,auto
۰۹۳۰۱۵۲۷۲۴۴,مرند,marand,vehicles,auto
۰۹۱۴۶۵۷۷۰۳۹,مرند,marand,vehicles,auto
۰۹۳۰۸۱۵۶۲۶۳,مرند,marand,vehicles,auto
۰۹۱۴۸۹۰۹۸۶۱,مرند,marand,vehicles,auto
۰۹۱۴۶۶۷۰۲۵۸,مرند,marand,vehicles,auto
۰۹۱۴۶۶۷۰۲۵۸,مرند,marand,vehicles,auto
۰۹۱۴۶۸۶۹۷۷۴,مرند,marand,vehicles,auto
۰۹۱۴۴۹۲۶۶۲۶,مرند,marand,vehicles,auto
۰۹۱۴۱۹۳۱۸۲۰,مرند,marand,vehicles,auto
۰۹۱۴۴۹۲۰۳۴۵,مرند,marand,vehicles,auto
۰۹۱۴۱۹۳۰۲۴۴,مرند,marand,vehicles,auto
۰۹۱۴۶۶۶۹۷۹۱,مرند,marand,vehicles,auto
۰۹۲۱۵۴۸۱۰۴۹,مرند,marand,vehicles,auto
۰۹۱۴۶۸۶۹۷۷۴,مرند,marand,vehicles,auto
۰۹۱۴۶۸۶۹۷۷۴,مرند,marand,vehicles,auto
۰۹۱۴۱۹۳۰۷۹۶,مرند,marand,vehicles,auto
۰۹۱۴۳۹۲۶۲۱۵,مرند,marand,vehicles,auto
۰۹۲۲۰۲۴۰۷۸۱,مرند,marand,vehicles,auto
۰۹۱۴۴۹۱۱۶۲۵,مرند,marand,vehicles,auto
۰۹۱۴۵۸۳۱۹۳۳,مرند,marand,vehicles,auto
۰۹۱۱۳۷۵۲۵۵۱,مرند,marand,vehicles,auto
۰۹۱۴۴۹۱۳۴۹۹,مرند,marand,vehicles,auto
۰۹۱۴۴۹۱۶۵۲۰,مرند,marand,vehicles,auto
۰۹۱۴۳۹۱۷۰۵۷,مرند,marand,vehicles,auto
۰۹۹۱۹۷۳۹۹۴۱,مرند,marand,vehicles,auto
۰۹۳۵۳۲۰۲۶۶۳,مرند,marand,vehicles,auto
۰۹۱۴۳۹۱۹۵۵۰,مرند,marand,vehicles,auto
۰۹۰۳۵۶۲۰۱۹۷,مرند,marand,vehicles,auto
۰۹۱۹۳۰۶۵۲۶۷,مرند,marand,vehicles,auto
۰۹۰۵۰۸۰۵۳۹۴,مرند,marand,vehicles,auto
۰۹۱۴۹۹۱۰۱۷۲,مرند,marand,vehicles,auto
۰۹۱۴۴۹۱۴۷۶۶,مرند,marand,vehicles,auto
۰۹۹۰۰۲۱۳۸۵۹,مرند,marand,vehicles,auto
۰۹۱۴۹۹۱۶۴۱۶,مرند,marand,vehicles,auto
۰۹۱۴۳۹۲۶۵۶۷,مرند,marand,vehicles,auto
۰۹۰۵۶۰۷۳۸۷۳,مرند,marand,vehicles,car-accessories
۰۹۱۹۷۵۹۳۹۳۰,مرند,marand,vehicles,car-accessories
۰۹۳۶۹۵۶۶۹۸۳,مرند,marand,vehicles,car-accessories
۰۹۱۴۴۷۷۲۰۲۴,مرند,marand,vehicles,car-accessories
۰۹۰۵۰۸۰۵۳۸۹,مرند,marand,vehicles,car-accessories
۰۹۲۱۵۴۸۲۵۲۶,مرند,marand,vehicles,car-accessories
۰۹۱۴۴۹۱۹۱۶۷,مرند,marand,vehicles,car-accessories
۰۹۰۵۶۰۷۳۸۷۳,مرند,marand,vehicles,car-accessories
۰۹۳۷۰۲۱۶۰۵۲,مرند,marand,vehicles,car-accessories
۰۹۳۶۷۶۹۵۹۷۵,مرند,marand,vehicles,car-accessories
۰۹۱۴۷۳۲۳۵۶۶,مرند,marand,vehicles,car-accessories
۰۹۱۴۴۹۲۶۵۸۰,مرند,marand,vehicles,car-accessories
۰۹۱۴۹۹۲۶۶۱۹,مرند,marand,vehicles,car-accessories
۰۹۱۴۷۴۰۸۲۷۲,مرند,marand,vehicles,car-accessories
۰۹۳۹۷۹۳۹۳۹۰,مرند,marand,vehicles,car-accessories
۰۹۱۴۹۹۲۲۲۹۵,مرند,marand,vehicles,car-accessories
۰۹۳۷۱۲۱۰۴۵۶,مرند,marand,vehicles,car-accessories
۰۹۱۴۳۹۱۱۸۴۴,مرند,marand,vehicles,car-accessories
۰۹۱۴۵۸۲۰۰۵۸,مرند,marand,vehicles,car-accessories
۰۹۳۹۷۹۳۹۳۹۰,مرند,marand,vehicles,car-accessories
۰۹۱۴۳۹۲۴۱۸۵,مرند,marand,vehicles,car-accessories
۰۹۱۴۷۷۷۵۸۱۱,مرند,marand,vehicles,car-accessories
۰۹۱۴۷۷۷۵۸۱۱,مرند,marand,vehicles,car-accessories
۰۹۱۴۱۹۰۲۹۲۵,مرند,marand,vehicles,car-accessories
۰۹۲۱۴۳۵۰۲۴۲,مرند,marand,vehicles,car-accessories
۰۹۱۴۸۹۴۹۲۴۶,مرند,marand,vehicles,car-accessories
۰۹۱۹۰۰۷۱۱۷۳,مرند,marand,vehicles,car-accessories
۰۹۱۴۸۹۰۴۸۸۷,مرند,marand,vehicles,car-accessories
۰۹۱۴۸۵۲۶۹۷۵,مرند,marand,vehicles,car-accessories
۰۹۱۰۰۸۹۷۸۴۹,مرند,marand,vehicles,car-accessories
۰۹۱۴۷۶۲۵۵۴۳,مرند,marand,vehicles,car-accessories
۰۹۱۴۴۰۶۲۰۶۲,مرند,marand,vehicles,car-accessories
۰۹۱۴۱۹۰۲۹۲۵,مرند,marand,vehicles,car-accessories
۰۹۳۳۹۸۴۰۱۲۸,مرند,marand,vehicles,car-accessories
۰۹۹۰۳۸۲۳۷۳۴,مرند,marand,vehicles,car-accessories
۰۹۱۴۴۹۱۵۷۴۳,مرند,marand,vehicles,car-accessories
۰۹۱۴۸۰۳۶۰۹۱,مرند,marand,vehicles,car-accessories
۰۹۹۱۱۴۰۳۱۱۹,مرند,marand,vehicles,car-accessories
۰۹۳۸۵۹۳۷۱۲۰,مرند,marand,vehicles,car-accessories
۰۹۲۲۴۴۸۹۳۲۰,مرند,marand,vehicles,car-accessories
۰۹۱۴۸۶۸۸۹۳۴,مرند,marand,vehicles,car-accessories
۰۹۱۴۹۹۱۰۷۲۳,مرند,marand,vehicles,car-accessories
۰۹۳۵۹۷۰۷۴۷۵,مرند,marand,vehicles,car-accessories
۰۹۱۴۶۱۱۹۰۷۹,مرند,marand,vehicles,car-accessories
۰۹۱۴۲۲۷۵۳۷۶,مرند,marand,vehicles,car-accessories
۰۹۱۴۹۹۲۷۰۷۷,مرند,marand,vehicles,car-accessories
۰۹۱۴۹۹۲۸۵۰۲,مرند,marand,vehicles,car-accessories
۰۹۰۵۹۵۸۲۲۰۰,مرند,marand,vehicles,car-accessories
۰۹۱۴۲۴۲۴۴۱۳,مرند,marand,vehicles,car-accessories
۰۹۱۴۴۹۱۲۷۴۶,مرند,marand,vehicles,car-accessories
۰۹۱۴۲۴۱۲۰۰۴,مرند,marand,vehicles,car-accessories
۰۹۹۰۱۲۷۴۳۴۷,مرند,marand,vehicles,car-accessories
۰۹۱۴۱۹۰۱۱۲۴,مرند,marand,vehicles,car-accessories
۰۹۱۲۱۱۹۶۰۹۷,مرند,marand,vehicles,car-accessories
۰۹۱۴۸۵۲۸۶۱۳,مرند,marand,vehicles,car-accessories
۰۹۱۴۸۵۲۸۶۱۳,مرند,marand,vehicles,car-accessories
۰۹۳۹۰۱۳۱۰۸۱,مرند,marand,vehicles,car-accessories
۰۹۰۵۱۲۱۶۵۳۴,مرند,marand,vehicles,car-accessories
۰۹۰۳۷۵۴۷۷۹۵,مرند,marand,vehicles,car-accessories
۰۹۱۴۱۱۹۹۶۰۰,مرند,marand,vehicles,car-accessories
۰۹۳۶۷۶۹۵۹۷۵,مرند,marand,vehicles,car-accessories
۰۹۱۴۱۱۹۹۶۰۰,مرند,marand,vehicles,car-accessories
۰۹۳۳۳۲۱۶۳۶۹,مرند,marand,vehicles,car-accessories
۰۹۳۶۱۶۱۴۰۹۶,مرند,marand,vehicles,car-accessories
۰۹۱۴۴۹۱۴۱۴۳,مرند,marand,vehicles,car-accessories
۰۹۱۴۴۹۲۰۳۵۵,مرند,marand,vehicles,car-accessories
۰۹۱۴۷۳۲۳۵۶۶,مرند,marand,vehicles,car-accessories
۰۹۱۴۱۹۰۸۷۶۲,مرند,marand,vehicles,car-accessories
۰۹۱۴۶۶۶۸۹۶۳,مرند,marand,vehicles,motorcycles
۰۹۳۰۰۷۸۵۸۴۸,مرند,marand,vehicles,motorcycles
۰۹۱۴۵۸۲۳۰۲۹,مرند,marand,vehicles,motorcycles
۰۹۱۴۲۵۴۵۵۳۶,مرند,marand,vehicles,motorcycles
۰۹۱۴۳۹۲۹۶۵۲,مرند,marand,vehicles,motorcycles
۰۹۳۳۰۶۱۵۱۸۰,مرند,marand,vehicles,motorcycles
۰۹۱۴۵۸۲۷۳۹۱,مرند,marand,vehicles,motorcycles
۰۹۰۱۶۰۲۹۳۵۱,مرند,marand,vehicles,motorcycles
۰۹۱۴۶۹۲۱۲۰۸,مرند,marand,vehicles,motorcycles
۰۹۱۴۷۳۷۳۷۳۹,مرند,marand,vehicles,motorcycles
۰۹۱۴۲۳۵۹۰۰۷,مرند,marand,vehicles,motorcycles
۰۹۱۴۵۰۵۵۸۶۸,مرند,marand,vehicles,motorcycles
۰۹۱۴۵۰۵۵۸۶۸,مرند,marand,vehicles,motorcycles
۰۹۲۱۵۴۸۱۰۳۱,مرند,marand,vehicles,motorcycles
۰۹۱۹۷۶۸۲۲۷۵,مرند,marand,vehicles,motorcycles
۰۹۳۶۱۳۶۷۷۴۲,مرند,marand,vehicles,motorcycles
۰۹۳۷۰۲۹۰۹۰۴,مرند,marand,vehicles,motorcycles
۰۹۱۴۴۹۱۸۸۴۰,مرند,marand,vehicles,motorcycles
۰۹۱۴۷۳۹۹۸۸۶,مرند,marand,vehicles,motorcycles
۰۹۰۳۵۹۹۲۸۰۱,مرند,marand,vehicles,motorcycles
۰۹۹۰۳۷۲۵۱۷۵,مرند,marand,vehicles,motorcycles
۰۹۹۱۱۸۵۶۱۱۰,مرند,marand,vehicles,motorcycles
۰۹۱۴۸۶۷۸۹۷۳,مرند,marand,vehicles,motorcycles
۰۹۰۵۲۴۷۴۲۴۰,مرند,marand,vehicles,motorcycles
۰۹۰۳۵۶۲۰۲۳۷,مرند,marand,vehicles,motorcycles
۰۹۹۱۱۴۰۳۱۱۹,مرند,marand,vehicles,motorcycles
۰۹۹۱۱۴۰۳۱۱۹,مرند,marand,vehicles,motorcycles
۰۹۰۳۶۵۳۱۰۴۳,مرند,marand,vehicles,motorcycles
۰۹۰۱۲۰۳۹۵۷۴,مرند,marand,vehicles,motorcycles
۰۹۳۰۰۷۸۵۸۴۸,مرند,marand,vehicles,motorcycles
۰۹۱۴۶۹۲۲۶۴۳,مرند,marand,vehicles,motorcycles
۰۹۱۴۵۷۹۲۰۸۱,مرند,marand,vehicles,motorcycles
۰۹۲۲۲۸۵۳۱۲۸,مرند,marand,vehicles,motorcycles
۰۹۱۴۷۵۸۹۴۳۳,مرند,marand,vehicles,motorcycles
۰۹۱۴۷۵۸۹۴۳۳,مرند,marand,vehicles,motorcycles
۰۹۳۰۳۴۸۴۷۹۳,مرند,marand,vehicles,motorcycles
۰۹۱۴۳۹۲۱۴۵۰,مرند,marand,vehicles,motorcycles
۰۹۳۷۶۲۴۰۹۸۲,مرند,marand,vehicles,motorcycles
۰۹۳۷۴۹۱۷۵۰۷,مرند,marand,vehicles,motorcycles
(پنهان‌شده؛ چت کنید),مرند,marand,electronic-devices,mobile-tablet
۰۹۲۲۰۲۵۰۷۵۹,مرند,marand,electronic-devices,mobile-tablet
۰۹۱۷۰۳۰۹۰۲۰,مرند,marand,electronic-devices,mobile-tablet
۰۹۰۲۳۹۱۱۶۵۸,مرند,marand,electronic-devices,mobile-tablet
۰۹۲۲۱۳۲۹۶۲۲,مرند,marand,electronic-devices,mobile-tablet
۰۹۱۴۶۱۷۲۳۰۸,مرند,marand,electronic-devices,mobile-tablet
۰۹۲۲۰۴۹۲۵۷۵,مرند,marand,electronic-devices,mobile-tablet
۰۹۰۳۵۵۸۹۴۲۳,مرند,marand,electronic-devices,mobile-tablet
۰۹۹۱۴۱۸۹۸۲۹,مرند,marand,electronic-devices,mobile-tablet
۰۹۲۲۹۶۱۰۸۱۱,مرند,marand,electronic-devices,mobile-tablet
۰۹۹۰۷۶۴۸۴۸۰,مرند,marand,electronic-devices,mobile-tablet
۰۹۱۴۶۹۶۳۸۶۷,مرند,marand,electronic-devices,mobile-tablet
(پنهان‌شده؛ چت کنید),مرند,marand,electronic-devices,mobile-tablet
۰۹۲۲۰۲۵۰۷۵۷,مرند,marand,electronic-devices,mobile-tablet
۰۹۱۴۳۹۱۶۹۲۴,مرند,marand,electronic-devices,mobile-tablet
۰۹۱۴۶۵۶۶۶۱۵,مرند,marand,electronic-devices,mobile-tablet
۰۹۲۱۹۴۸۵۲۷۶,مرند,marand,electronic-devices,mobile-tablet
۰۹۲۱۹۴۸۵۲۷۶,مرند,marand,electronic-devices,mobile-tablet
۰۹۳۵۹۸۷۱۴۹۲,مرند,marand,electronic-devices,mobile-tablet
۰۹۲۲۴۸۸۱۷۴۷,مرند,marand,electronic-devices,mobile-tablet
۰۹۱۴۶۴۵۴۰۳۸,مرند,marand,electronic-devices,mobile-tablet
۰۹۱۴۱۹۳۶۵۲۸,مرند,marand,electronic-devices,mobile-tablet
۰۹۱۲۰۲۰۵۵۴۷,مرند,marand,electronic-devices,mobile-tablet
۰۹۰۱۰۶۸۶۳۲۱,مرند,marand,electronic-devices,mobile-tablet
۰۹۲۲۲۰۹۸۵۱۹,مرند,marand,electronic-devices,mobile-tablet
۰۹۱۴۸۱۳۴۱۴۹,مرند,marand,electronic-devices,mobile-tablet
۰۹۲۲۹۱۴۰۱۸۴,مرند,marand,electronic-devices,mobile-tablet
۰۹۳۵۱۵۴۵۷۴۶,مرند,marand,electronic-devices,mobile-tablet
۰۹۱۴۲۳۸۸۵۳۵,مرند,marand,electronic-devices,mobile-tablet
۰۹۰۱۵۳۱۳۴۴۸,مرند,marand,electronic-devices,mobile-tablet
۰۹۱۴۴۹۱۶۸۴۴,مرند,marand,electronic-devices,mobile-tablet
۰۹۱۴۴۹۱۶۸۴۴,مرند,marand,electronic-devices,mobile-tablet
۰۹۱۲۱۱۹۶۰۹۷,مرند,marand,electronic-devices,mobile-tablet
۰۹۱۴۹۹۲۰۴۸۴,مرند,marand,electronic-devices,mobile-tablet
۰۹۳۵۴۲۸۲۶۰۳,مرند,marand,electronic-devices,mobile-tablet
۰۹۳۵۷۰۲۲۵۴۶,مرند,marand,electronic-devices,mobile-tablet
۰۹۱۴۹۹۴۲۵۲۰,مرند,marand,electronic-devices,mobile-tablet
۰۹۱۴۹۹۴۲۵۲۰,مرند,marand,electronic-devices,mobile-tablet
(پنهان‌شده؛ چت کنید),مرند,marand,electronic-devices,mobile-tablet
۰۹۰۳۶۵۳۱۰۴۳,مرند,marand,electronic-devices,mobile-tablet
۰۹۳۸۹۱۴۱۰۲۰,مرند,marand,electronic-devices,mobile-tablet
۰۹۳۶۹۹۲۷۴۳۲,مرند,marand,electronic-devices,mobile-tablet
۰۹۱۴۳۹۲۹۹۶۴,مرند,marand,electronic-devices,mobile-tablet
۰۹۱۴۳۹۲۹۹۶۴,مرند,marand,electronic-devices,mobile-tablet
(پنهان‌شده؛ چت کنید),مرند,marand,electronic-devices,mobile-tablet
۰۹۳۶۹۹۷۳۳۳۹,مرند,marand,electronic-devices,mobile-tablet
۰۹۳۶۲۷۴۶۷۹۷,مرند,marand,electronic-devices,mobile-tablet
۰۹۳۶۲۹۹۸۳۹۹,مرند,marand,electronic-devices,mobile-tablet
۰۹۱۴۶۹۹۲۵۲۸,مرند,marand,electronic-devices,mobile-tablet
۰۹۱۴۵۰۵۸۶۸۹,مرند,marand,electronic-devices,mobile-tablet
۰۹۱۴۶۶۰۱۰۶۸,مرند,marand,electronic-devices,mobile-tablet
۰۹۱۴۵۰۵۸۶۸۹,مرند,marand,electronic-devices,mobile-tablet
۰۹۱۴۶۹۸۴۲۹۲,مرند,marand,electronic-devices,mobile-tablet
۰۹۲۱۹۹۷۸۵۴۰,مرند,marand,electronic-devices,mobile-tablet
۰۹۲۱۰۰۵۱۰۷۸,مرند,marand,electronic-devices,mobile-tablet
(پنهان‌شده؛ چت کنید),مرند,marand,electronic-devices,mobile-tablet
۰۹۱۴۱۹۰۱۱۲۴,مرند,marand,electronic-devices,mobile-tablet
۰۹۱۹۱۹۶۰۷۰۰,مرند,marand,electronic-devices,mobile-tablet
۰۹۳۸۵۹۳۷۱۲۰,مرند,marand,electronic-devices,mobile-tablet
۰۹۱۴۷۳۴۴۳۵۱,مرند,marand,electronic-devices,mobile-tablet
۰۹۳۶۲۹۳۰۸۸۳,مرند,marand,electronic-devices,mobile-tablet
۰۹۱۴۸۶۹۶۳۹۹,مرند,marand,electronic-devices,mobile-tablet
۰۹۱۲۷۶۹۱۹۷۱,مرند,marand,electronic-devices,mobile-tablet
۰۹۲۲۴۴۸۷۸۹۲,مرند,marand,electronic-devices,mobile-tablet
۰۹۱۴۷۳۴۴۳۵۱,مرند,marand,electronic-devices,mobile-tablet
۰۹۱۴۹۹۲۵۲۶۳,مرند,marand,electronic-devices,mobile-tablet
۰۹۳۸۰۵۳۰۱۴۳,مرند,marand,electronic-devices,mobile-tablet
۰۹۹۱۴۱۷۳۷۰۸,مرند,marand,electronic-devices,mobile-tablet
۰۹۳۳۶۵۵۱۷۲۰,مرند,marand,electronic-devices,mobile-tablet
۰۹۹۱۶۷۹۶۴۳۰,مرند,marand,electronic-devices,mobile-tablet
۰۹۲۱۱۹۶۲۸۷۱,مرند,marand,electronic-devices,mobile-tablet
۰۹۲۱۱۹۶۲۸۷۱,مرند,marand,electronic-devices,mobile-tablet
۰۹۳۳۱۴۳۷۴۳۳,مرند,marand,electronic-devices,computers
۰۹۰۲۲۳۱۴۴۹۲,مرند,marand,electronic-devices,computers
۰۹۱۴۴۹۱۵۲۳۳,مرند,marand,electronic-devices,computers
۰۹۳۶۳۱۳۴۳۳۷,مرند,marand,electronic-devices,computers
۰۹۱۲۰۹۶۹۶۹۱,مرند,marand,electronic-devices,computers
۰۹۳۵۹۸۷۱۴۹۲,مرند,marand,electronic-devices,computers
۰۹۳۵۹۸۷۱۴۹۲,مرند,marand,electronic-devices,computers
(پنهان‌شده؛ چت کنید),مرند,marand,electronic-devices,computers
۰۹۱۴۸۴۸۰۷۸۰,مرند,marand,electronic-devices,computers
۰۹۱۴۹۹۳۸۸۶۲,مرند,marand,electronic-devices,computers
۰۹۱۴۳۹۲۴۴۹۱,مرند,marand,electronic-devices,computers
۰۹۰۵۵۰۳۷۶۱۱,مرند,marand,electronic-devices,computers
۰۹۰۳۶۵۳۱۰۴۳,مرند,marand,electronic-devices,computers
۰۹۰۳۳۶۰۸۴۲۹,مرند,marand,electronic-devices,computers
۰۹۰۵۵۸۰۰۳۲۳,مرند,marand,electronic-devices,computers
۰۹۰۵۵۸۰۰۳۲۳,مرند,marand,electronic-devices,computers
۰۹۳۵۳۵۵۹۲۴۹,مرند,marand,electronic-devices,computers
(پنهان‌شده؛ چت کنید),مرند,marand,electronic-devices,computers
۰۹۱۴۹۹۲۱۴۶۶,مرند,marand,electronic-devices,computers
۰۹۳۵۸۸۹۹۹۳۳,مرند,marand,electronic-devices,computers
۰۹۳۹۸۳۵۸۷۸۶,مرند,marand,electronic-devices,computers
۰۹۰۲۵۳۶۷۲۰۰,مرند,marand,electronic-devices,computers
۰۹۳۵۳۵۵۹۲۴۹,مرند,marand,electronic-devices,computers
۰۹۱۴۹۹۲۶۶۱۹,مرند,marand,electronic-devices,computers
۰۹۱۴۶۹۰۲۳۰۲,مرند,marand,electronic-devices,computers
۰۹۳۸۴۶۲۰۷۹۷,مرند,marand,electronic-devices,computers
۰۹۳۸۹۱۴۱۰۲۰,مرند,marand,electronic-devices,computers
۰۹۱۴۶۹۰۲۳۰۲,مرند,marand,electronic-devices,computers
۰۹۱۴۶۹۰۲۳۰۲,مرند,marand,electronic-devices,computers
۰۹۳۸۴۶۲۰۷۹۷,مرند,marand,electronic-devices,computers
۰۹۳۵۳۵۵۹۲۴۹,مرند,marand,electronic-devices,computers
۰۹۱۴۴۹۳۲۸۷۸,مرند,marand,electronic-devices,computers
۰۹۱۴۵۷۵۹۷۷۸,مرند,marand,electronic-devices,computers
۰۹۱۰۲۱۶۱۷۱۵,مرند,marand,electronic-devices,computers
۰۹۱۹۶۶۳۹۵۱۴,مرند,marand,electronic-devices,computers
۰۹۱۹۶۶۳۹۵۱۴,مرند,marand,electronic-devices,computers
۰۹۱۹۶۶۳۹۵۱۴,مرند,marand,electronic-devices,computers
(پنهان‌شده؛ چت کنید),مرند,marand,electronic-devices,game-consoles
۰۹۱۴۷۳۴۳۶۸۷,مرند,marand,electronic-devices,game-consoles
(پنهان‌شده؛ چت کنید),مرند,marand,electronic-devices,game-consoles
۰۹۱۴۹۲۸۶۶۳۵,مرند,marand,electronic-devices,game-consoles
۰۹۱۴۱۹۰۰۵۳۹,مرند,marand,electronic-devices,game-consoles
(پنهان‌شده؛ چت کنید),مرند,marand,electronic-devices,game-consoles
(پنهان‌شده؛ چت کنید),مرند,marand,electronic-devices,video-audio-device
۰۹۰۳۶۵۳۱۰۴۳,مرند,marand,electronic-devices,video-audio-device
۰۹۱۴۶۱۷۲۳۰۸,مرند,marand,electronic-devices,video-audio-device
۰۹۹۲۵۶۸۹۶۳۵,مرند,marand,electronic-devices,video-audio-device
(پنهان‌شده؛ چت کنید),مرند,marand,electronic-devices,video-audio-device
۰۹۳۶۰۳۲۷۴۲۴,مرند,marand,electronic-devices,video-audio-device
۰۹۳۶۰۳۲۷۴۲۴,مرند,marand,electronic-devices,video-audio-device
۰۹۰۳۷۵۴۷۷۹۵,مرند,marand,electronic-devices,video-audio-device
۰۹۱۴۹۹۲۶۶۳۰,مرند,marand,electronic-devices,video-audio-device
۰۹۳۸۵۹۳۷۱۲۰,مرند,marand,electronic-devices,video-audio-device
۰۹۲۱۲۴۵۲۹۰۵,مرند,marand,electronic-devices,video-audio-device
۰۹۰۲۵۳۶۷۲۰۰,مرند,marand,electronic-devices,video-audio-device
۰۹۱۰۷۸۵۹۴۴۷,مرند,marand,electronic-devices,video-audio-device
۰۹۱۴۳۱۵۰۴۷۷,مرند,marand,electronic-devices,video-audio-device
۰۹۱۴۵۰۲۰۸۲۵,مرند,marand,electronic-devices,video-audio-device
۰۹۳۸۵۹۳۷۱۲۰,مرند,marand,electronic-devices,video-audio-device
۰۹۱۴۸۱۲۹۶۵۱,مرند,marand,electronic-devices,video-audio-device
۰۹۱۴۲۵۹۸۶۶۷,مرند,marand,electronic-devices,video-audio-device
۰۹۲۱۲۴۵۲۹۰۵,مرند,marand,electronic-devices,video-audio-device
۰۹۳۸۴۶۲۰۷۹۷,مرند,marand,electronic-devices,video-audio-device
۰۹۲۲۱۲۰۸۵۹۶,مرند,marand,electronic-devices,video-audio-device
۰۹۱۴۳۹۱۲۳۵۲,مرند,marand,electronic-devices,video-audio-device
۰۹۱۴۳۹۱۲۳۵۲,مرند,marand,electronic-devices,video-audio-device
۰۹۱۴۳۹۱۴۳۱۲,مرند,marand,electronic-devices,video-audio-device
۰۹۱۴۳۹۱۱۴۶۹,مرند,marand,electronic-devices,video-audio-device
۰۹۲۲۱۲۳۳۶۵۰,مرند,marand,electronic-devices,video-audio-device
۰۹۰۳۷۵۴۷۷۹۵,مرند,marand,electronic-devices,video-audio-device
۰۹۱۴۲۱۶xxxx,مرند,marand,electronic-devices,video-audio-device
۰۹۹۰۴۵۸۰۰۷۳,مرند,marand,electronic-devices,video-audio-device
۰۹۹۰۳۸۲۳۸۹۵,مرند,marand,electronic-devices,video-audio-device
۰۹۳۵۷۴۸۰۳۹۰,مرند,marand,electronic-devices,telephone
۰۹۱۴۸۲۷۵۲۵۷,مرند,marand,electronic-devices,telephone
۰۹۱۴۸۲۷۵۲۵۷,مرند,marand,electronic-devices,telephone
۰۹۳۷۶۴۷۹۷۱۴,مرند,marand,home-and-kitchen,home-decor-furniture
۰۹۳۷۶۴۷۹۷۱۴,مرند,marand,home-and-kitchen,home-decor-furniture
۰۹۳۸۱۳۶۱۴۰۹,مرند,marand,home-and-kitchen,home-decor-furniture
۰۹۰۱۶۹۸۵۸۴۳,مرند,marand,home-and-kitchen,home-decor-furniture
۰۹۱۴۲۳۵۳۸۹۲,مرند,marand,home-and-kitchen,home-decor-furniture
۰۹۱۴۶۶۷۳۳۰۸,مرند,marand,home-and-kitchen,home-decor-furniture
۰۹۱۴۷۶۴۵۱۸۶,مرند,marand,home-and-kitchen,home-decor-furniture
۰۹۱۴۸۷۴۹۵۱۹,مرند,marand,home-and-kitchen,home-decor-furniture
۰۹۳۵۶۵۰۱۱۹۴,مرند,marand,home-and-kitchen,home-decor-furniture
(پنهان‌شده؛ چت کنید),مرند,marand,home-and-kitchen,home-decor-furniture
۰۹۱۴۱۹۰۱۵۷۶,مرند,marand,home-and-kitchen,home-decor-furniture
۰۹۱۴۵۲۰۳۴۴۷,مرند,marand,home-and-kitchen,home-decor-furniture
۰۹۳۹۳۱۹۷۰۴۲,مرند,marand,home-and-kitchen,home-decor-furniture
۰۹۱۴۸۷۴۹۵۱۹,مرند,marand,home-and-kitchen,home-decor-furniture
۰۹۱۴۸۴۷۹۷۸۵,مرند,marand,home-and-kitchen,home-decor-furniture
۰۹۱۴۸۴۷۹۷۸۵,مرند,marand,home-and-kitchen,home-decor-furniture
۰۹۳۵۷۷۸۶۹۶۶,مرند,marand,home-and-kitchen,home-decor-furniture
۰۹۱۴۸۲۷۱۰۷۸,مرند,marand,home-and-kitchen,home-decor-furniture
(پنهان‌شده؛ چت کنید),مرند,marand,home-and-kitchen,home-decor-furniture
۰۹۱۴۹۱۹۲۲۷۵,مرند,marand,home-and-kitchen,home-decor-furniture
۰۹۱۴۹۹۴۷۵۰۷,مرند,marand,home-and-kitchen,home-decor-furniture
۰۹۱۴۸۶۶۹۰۱۶,مرند,marand,home-and-kitchen,home-decor-furniture
(پنهان‌شده؛ چت کنید),مرند,marand,home-and-kitchen,home-decor-furniture
۰۹۰۱۵۱۸۲۴۲۹,مرند,marand,home-and-kitchen,home-decor-furniture
۰۹۱۴۹۹۱۵۹۱۹,مرند,marand,home-and-kitchen,home-decor-furniture
۰۹۱۴۷۳۰۸۳۶۲,مرند,marand,home-and-kitchen,home-decor-furniture
۰۹۲۲۳۶۰۳۳۸۳,مرند,marand,home-and-kitchen,home-decor-furniture
(پنهان‌شده؛ چت کنید),مرند,marand,home-and-kitchen,home-decor-furniture
۰۹۱۴۲۴۳۱۴۰۰,مرند,marand,home-and-kitchen,home-decor-furniture
۰۹۲۲۴۸۸۱۷۴۷,مرند,marand,home-and-kitchen,home-decor-furniture
۰۹۱۴۲۳۸۸۵۰۳,مرند,marand,home-and-kitchen,home-decor-furniture
۰۹۰۱۶۳۰۴۲۲۵,مرند,marand,home-and-kitchen,home-decor-furniture
۰۹۱۴۳۹۱۲۳۵۲,مرند,marand,home-and-kitchen,home-decor-furniture
۰۹۱۴۹۹۳۹۲۸۵,مرند,marand,home-and-kitchen,home-decor-furniture
۰۹۱۴۸۵۲۸۳۴۸,مرند,marand,home-and-kitchen,home-decor-furniture
۰۹۱۴۳۹۱۲۳۵۲,مرند,marand,home-and-kitchen,home-decor-furniture
(پنهان‌شده؛ چت کنید),مرند,marand,home-and-kitchen,home-decor-furniture
۰۹۱۴۷۷۳۱۵۰۴,مرند,marand,home-and-kitchen,home-decor-furniture
۰۹۱۴۳۹۱۲۷۰۲,مرند,marand,home-and-kitchen,home-decor-furniture
۰۹۹۲۳۲۵۴۹۷۹,مرند,marand,home-and-kitchen,home-decor-furniture
۰۹۱۴۸۴۸۰۷۸۰,مرند,marand,home-and-kitchen,home-decor-furniture
۰۹۳۳۱۱۳۲۰۴۹,مرند,marand,home-and-kitchen,home-decor-furniture
۰۹۹۲۴۵۰۳۷۸۵,مرند,marand,home-and-kitchen,home-decor-furniture
(پنهان‌شده؛ چت کنید),مرند,marand,home-and-kitchen,home-decor-furniture
(پنهان‌شده؛ چت کنید),مرند,marand,home-and-kitchen,kitchen-appliances
(پنهان‌شده؛ چت کنید),مرند,marand,home-and-kitchen,kitchen-appliances
(پنهان‌شده؛ چت کنید),مرند,marand,home-and-kitchen,kitchen-appliances
۰۹۰۵۵۸۳۸۲۴۶,مرند,marand,home-and-kitchen,kitchen-appliances
۰۹۱۴۴۹۲۹۳۰۱,مرند,marand,home-and-kitchen,kitchen-appliances
۰۹۰۵۰۸۰۵۳۹۴,مرند,marand,home-and-kitchen,kitchen-appliances
۰۹۲۲۰۳۸۳۵۹۹,مرند,marand,home-and-kitchen,kitchen-appliances
۰۹۰۲۷۴۵۹۱۳۲,مرند,marand,home-and-kitchen,kitchen-appliances
۰۹۱۴۴۹۲۱۲۰۹,مرند,marand,home-and-kitchen,kitchen-appliances
۰۹۱۴۴۹۲۱۲۰۹,مرند,marand,home-and-kitchen,kitchen-appliances
۰۹۱۴۸۴۴۰۶۶۳,مرند,marand,home-and-kitchen,kitchen-appliances
۰۹۰۱۳۱۷۰۲۸۴,مرند,marand,home-and-kitchen,kitchen-appliances
۰۹۳۶۱۱۵۷۰۲۳,مرند,marand,home-and-kitchen,kitchen-appliances
۰۹۱۴۶۵۲۱۵۰۸,مرند,marand,home-and-kitchen,kitchen-appliances
۰۹۱۴۹۹۳۶۱۱۸,مرند,marand,home-and-kitchen,kitchen-appliances
۰۹۱۴۷۵۷۱۴۲۹,مرند,marand,home-and-kitchen,kitchen-appliances
۰۹۹۰۹۶۵۲۰۱۱,مرند,marand,home-and-kitchen,kitchen-appliances
۰۹۰۱۶۴۸۸۹۶۶,مرند,marand,home-and-kitchen,kitchen-appliances
(پنهان‌شده؛ چت کنید),مرند,marand,home-and-kitchen,kitchen-appliances
۰۹۳۸۷۷۳۳۸۰۴,مرند,marand,home-and-kitchen,kitchen-appliances
۰۹۳۶۴۳۹۹۴۰۷,مرند,marand,home-and-kitchen,kitchen-appliances
۰۹۱۴۷۶۱۷۱۴۰,مرند,marand,home-and-kitchen,kitchen-appliances
۰۹۱۹۱۹۶۰۷۰۰,مرند,marand,home-and-kitchen,kitchen-appliances
۰۹۱۴۳۹۱۱۴۶۹,مرند,marand,home-and-kitchen,kitchen-appliances
۰۹۰۲۴۵۸۱۴۲۱,مرند,marand,home-and-kitchen,kitchen-appliances
۰۹۳۶۰۸۱۴۶۴۳,مرند,marand,home-and-kitchen,kitchen-appliances
۰۹۰۳۷۸۵۴۹۲۸,مرند,marand,home-and-kitchen,kitchen-appliances
۰۹۳۳۰۲۹۸۸۱۲,مرند,marand,home-and-kitchen,kitchen-appliances
۰۹۳۵۲۷۶۶۴۸۸,مرند,marand,home-and-kitchen,kitchen-appliances
۰۹۱۴۵۸۶۵۳۴۴,مرند,marand,home-and-kitchen,kitchen-appliances
۰۹۱۴۹۹۱۵۹۱۹,مرند,marand,home-and-kitchen,home-appliances
۰۹۱۴۶۹۰۱۶۹۵,مرند,marand,home-and-kitchen,home-appliances
۰۹۳۶۶۲۶۶۷۹۳,مرند,marand,home-and-kitchen,home-appliances
۰۹۱۴۳۹۱۳۲۶۱,مرند,marand,home-and-kitchen,home-appliances
۰۹۳۶۶۶۷۰۴۴۶,مرند,marand,home-and-kitchen,home-appliances
۰۹۱۴۲۵۸۰۳۸۴,مرند,marand,home-and-kitchen,home-appliances
۰۹۳۵۴۵۲۲۴۶۸,مرند,marand,home-and-kitchen,home-appliances
۰۹۹۱۶۶۷۹۵۰۴,مرند,marand,home-and-kitchen,building-garden
۰۹۱۴۷۳۴۳۵۸۰,مرند,marand,home-and-kitchen,building-garden
۰۹۱۴۱۹۰۳۲۷۲,مرند,marand,home-and-kitchen,building-garden
۰۹۲۲۹۵۰۲۵۷۲,مرند,marand,home-and-kitchen,building-garden
۰۹۱۴۳۹۲۱۴۰۰,مرند,marand,home-and-kitchen,building-garden
۰۹۰۱۷۵۲۳۱۲۲,مرند,marand,home-and-kitchen,building-garden
۰۹۱۴۹۹۳۴۸۷۸,مرند,marand,home-and-kitchen,building-garden
۰۹۱۴۳۹۱۲۱۷۰,مرند,marand,home-and-kitchen,building-garden
۰۹۱۴۷۵۷۱۴۲۹,مرند,marand,home-and-kitchen,building-garden
۰۹۱۴۱۹۰۶۴۷۵,مرند,marand,home-and-kitchen,building-garden
۰۹۳۶۰۳۵۷۵۱۸,مرند,marand,home-and-kitchen,building-garden
۰۹۲۱۲۴۵۲۹۰۵,مرند,marand,home-and-kitchen,building-garden
۰۹۳۰۲۲۱۵۲۹۹,مرند,marand,home-and-kitchen,building-garden
(پنهان‌شده؛ چت کنید),مرند,marand,home-and-kitchen,building-garden
۰۹۳۰۲۲۱۵۲۹۹,مرند,marand,home-and-kitchen,building-garden
۰۹۳۰۲۲۱۵۲۹۹,مرند,marand,home-and-kitchen,building-garden
۰۹۳۶۰۵۲۶۳۰۸,مرند,marand,home-and-kitchen,building-garden
۰۹۱۴۴۹۱۸۴۷۱,مرند,marand,home-and-kitchen,building-garden
۰۹۱۰۴۱۱۰۴۲۲,مرند,marand,home-and-kitchen,building-garden
(پنهان‌شده؛ چت کنید),مرند,marand,home-and-kitchen,building-garden
۰۹۳۰۲۸۲۹۰۶۵,مرند,marand,home-and-kitchen,building-garden
(پنهان‌شده؛ چت کنید),مرند,marand,home-and-kitchen,building-garden
(پنهان‌شده؛ چت کنید),مرند,marand,home-and-kitchen,building-garden
۰۹۱۴۷۳۲۳۵۶۶,مرند,marand,home-and-kitchen,building-garden
۰۹۱۴۷۵۷۱۴۲۹,مرند,marand,home-and-kitchen,building-garden
۰۹۱۴۷۵۷۱۴۲۹,مرند,marand,home-and-kitchen,building-garden
۰۹۰۳۶۰۹۳۸۷۲,مرند,marand,home-and-kitchen,building-garden
۰۹۱۲۸۳۴۰۶۸۴,مرند,marand,home-and-kitchen,building-garden
۰۹۳۸۷۲۸۸۸۰۱,مرند,marand,home-and-kitchen,building-garden
۰۹۳۹۶۶۶۷۲۹۵,مرند,marand,home-and-kitchen,building-garden
۰۹۱۴۲۵۳۹۳۲۱,مرند,marand,home-and-kitchen,building-garden
۰۹۱۴۴۲۴۶۰۴۴,مرند,marand,home-and-kitchen,building-garden
۰۹۱۴۱۹۳۹۱۷۱,مرند,marand,home-and-kitchen,building-garden
(پنهان‌شده؛ چت کنید),مرند,marand,home-and-kitchen,building-garden
۰۹۱۰۲۱۶۱۷۱۵,مرند,marand,home-and-kitchen,building-garden
۰۹۱۹۱۹۶۰۷۰۰,مرند,marand,home-and-kitchen,building-garden
۰۹۱۴۲۵۸۰۳۸۴,مرند,marand,home-and-kitchen,building-garden
(پنهان‌شده؛ چت کنید),مرند,marand,home-and-kitchen,building-garden
۰۹۱۴۹۹۱۸۱۲۱,مرند,marand,home-and-kitchen,building-garden
۰۹۳۰۱۲۶۷۵۰۰,مرند,marand,home-and-kitchen,building-garden
۰۹۳۳۱۵۱۸۴۰۰,مرند,marand,home-and-kitchen,building-garden
۰۹۲۱۴۴۲۹۶۰۷,مرند,marand,home-and-kitchen,building-garden
۰۹۱۴۸۶۷۸۳۷۹,مرند,marand,home-and-kitchen,building-garden
