۰۹۱۱۶۰۴۰۲۵۲,ماسال,masal,jobs,service-jobs
۰۹۱۹۱۳۶۴۴۷۰,ماسال,masal,jobs,service-jobs
۰۹۱۱۳۳۱۴۵۶۳,ماسال,masal,jobs,service-jobs
۰۹۱۹۰۴۴۹۳۱۱,ماسال,masal,real-estate,buy-residential
۰۹۹۰۲۳۹۸۶۴۵,ماسال,masal,real-estate,buy-residential
۰۹۱۱۲۸۴۳۵۸۸,ماسال,masal,real-estate,buy-residential
۰۹۱۲۶۵۹۳۷۸۹,ماسال,masal,real-estate,buy-residential
۰۹۱۹۱۲۵۸۵۶۱,ماسال,masal,real-estate,buy-residential
۰۹۳۷۲۰۶۷۴۰۹,ماسال,masal,real-estate,buy-residential
۰۹۳۶۳۲۵۴۷۲۰,ماسال,masal,real-estate,buy-residential
۰۹۳۰۲۰۱۵۲۸۶,ماسال,masal,real-estate,buy-residential
۰۹۱۱۲۸۴۳۵۸۸,ماسال,masal,real-estate,buy-residential
۰۹۱۱۳۴۶۰۱۴۹,ماسال,masal,real-estate,buy-residential
۰۹۱۱۲۸۴۳۵۸۸,ماسال,masal,real-estate,buy-residential
۰۹۳۷۱۴۷۱۶۱۷,ماسال,masal,real-estate,buy-residential
۰۹۳۰۰۹۱۶۴۲۴,ماسال,masal,real-estate,buy-residential
۰۹۱۱۲۸۲۹۱۲۰,ماسال,masal,real-estate,buy-residential
۰۹۳۰۸۸۸۰۳۶۲,ماسال,masal,real-estate,buy-residential
۰۹۱۱۶۵۷۴۰۶۰,ماسال,masal,real-estate,buy-residential
۰۹۱۳۲۰۳۴۳۶۱,ماسال,masal,real-estate,buy-residential
۰۹۳۶۲۱۸۶۹۹۹,ماسال,masal,real-estate,buy-residential
۰۹۱۱۲۶۹۶۶۱۸,ماسال,masal,real-estate,buy-residential
۰۹۱۱۶۹۴۵۹۳۴,ماسال,masal,real-estate,buy-residential
۰۹۱۲۹۰۵۸۵۹۸,ماسال,masal,real-estate,buy-residential
۰۹۱۱۵۰۰۳۷۶۲,ماسال,masal,real-estate,buy-residential
۰۹۳۵۹۳۴۲۳۹۸,ماسال,masal,real-estate,buy-residential
۰۹۱۱۳۸۷۱۶۴۸,ماسال,masal,real-estate,buy-residential
۰۹۱۱۷۰۴۴۶۲۸,ماسال,masal,real-estate,buy-residential
۰۹۱۲۳۶۵۹۹۸۵,ماسال,masal,real-estate,buy-residential
۰۹۳۶۱۸۱۸۲۷۳,ماسال,masal,real-estate,buy-residential
۰۹۱۷۷۷۱۶۶۱۶,ماسال,masal,real-estate,buy-residential
۰۹۱۱۶۰۵۰۵۳۵,ماسال,masal,real-estate,buy-residential
۰۹۱۱۸۸۶۰۵۲۶,ماسال,masal,real-estate,buy-residential
۰۹۳۰۵۹۷۸۲۱۲,ماسال,masal,real-estate,buy-residential
۰۹۱۵۳۲۵۰۹۵۶,ماسال,masal,real-estate,buy-residential
۰۹۱۸۰۵۱۷۰۳۷,ماسال,masal,real-estate,buy-residential
۰۹۳۸۰۸۶۸۷۶۶,ماسال,masal,real-estate,buy-residential
۰۹۳۹۳۷۸۰۴۸۴,ماسال,masal,real-estate,buy-residential
۰۹۱۱۸۸۲۶۳۹۹,ماسال,masal,real-estate,buy-residential
۰۹۱۲۱۴۵۴۸۵۱,ماسال,masal,real-estate,buy-residential
۰۹۳۹۴۰۷۲۵۷۵,ماسال,masal,real-estate,buy-residential
۰۹۱۶۶۴۲۲۳۰۹,ماسال,masal,real-estate,buy-residential
۰۹۱۹۹۱۲۸۱۳۳,ماسال,masal,real-estate,buy-residential
۰۹۱۹۹۱۲۸۱۳۳,ماسال,masal,real-estate,buy-residential
۰۹۱۱۶۶۰۱۰۰۲,ماسال,masal,real-estate,buy-residential
۰۹۱۱۷۵۷۹۰۷۹,ماسال,masal,real-estate,buy-residential
۰۹۱۱۴۳۰۱۰۹۲,ماسال,masal,real-estate,buy-residential
۰۹۱۱۶۰۵۰۲۵۰,ماسال,masal,real-estate,buy-residential
۰۹۳۸۸۵۰۸۸۱۰,ماسال,masal,real-estate,buy-residential
۰۹۱۰۲۲۳۶۲۶۹,ماسال,masal,real-estate,buy-residential
۰۹۱۲۰۸۲۰۱۸۸,ماسال,masal,real-estate,buy-residential
۰۹۱۲۴۵۷۰۴۲۳,ماسال,masal,real-estate,buy-residential
۰۹۳۵۱۲۹۹۴۴۵,ماسال,masal,real-estate,buy-residential
۰۹۳۷۰۵۷۳۰۰۲,ماسال,masal,real-estate,buy-residential
۰۹۳۸۴۳۹۷۰۷۲,ماسال,masal,real-estate,buy-residential
۰۹۳۰۱۸۲۶۴۵۹,ماسال,masal,real-estate,buy-residential
۰۹۱۲۶۸۸۷۸۱۷,ماسال,masal,real-estate,buy-residential
۰۹۲۲۵۰۲۹۱۴۶,ماسال,masal,real-estate,buy-residential
۰۹۱۱۸۸۱۰۱۱۸,ماسال,masal,real-estate,buy-residential
۰۹۱۱۳۸۲۳۶۸۰,ماسال,masal,real-estate,buy-residential
۰۹۱۲۳۱۸۵۵۳۲,ماسال,masal,real-estate,buy-residential
۰۹۱۱۸۰۵۹۲۴۳,ماسال,masal,real-estate,buy-residential
۰۹۱۲۳۲۰۲۲۴۶,ماسال,masal,real-estate,buy-residential
۰۹۳۵۹۹۱۰۸۱۹,ماسال,masal,real-estate,buy-residential
۰۹۳۹۲۲۸۳۴۳۹,ماسال,masal,real-estate,buy-residential
۰۹۱۱۱۳۴۸۱۰۲,ماسال,masal,real-estate,buy-residential
۰۹۱۱۷۵۷۸۴۶۴,ماسال,masal,real-estate,buy-residential
۰۹۳۷۷۴۲۰۲۱۵,ماسال,masal,real-estate,rent-residential
۰۹۱۱۹۸۸۲۵۰۰,ماسال,masal,real-estate,rent-residential
۰۹۱۱۶۰۵۰۵۳۵,ماسال,masal,real-estate,rent-residential
۰۹۱۹۲۵۰۰۱۰۹,ماسال,masal,real-estate,rent-residential
۰۹۱۲۱۹۴۸۶۶۱,ماسال,masal,real-estate,rent-residential
۰۹۲۱۷۵۶۲۵۱۸,ماسال,masal,real-estate,rent-residential
۰۹۱۱۱۸۴۲۰۳۸,ماسال,masal,real-estate,rent-residential
۰۹۲۲۴۵۵۹۸۴۶,ماسال,masal,real-estate,rent-residential
۰۹۱۴۱۵۹۵۸۳۱,ماسال,masal,real-estate,rent-residential
۰۹۳۸۶۳۷۴۳۹۳,ماسال,masal,real-estate,rent-residential
۰۹۳۵۶۴۴۶۱۷۶,ماسال,masal,real-estate,rent-residential
۰۹۳۰۱۳۳۵۲۶۹,ماسال,masal,real-estate,rent-residential
۰۹۰۱۱۴۴۲۳۶۰,ماسال,masal,real-estate,rent-residential
۰۹۳۷۰۵۷۳۰۰۲,ماسال,masal,real-estate,rent-residential
۰۹۰۳۰۹۲۰۲۸۱,ماسال,masal,real-estate,rent-residential
۰۹۱۲۷۶۴۰۱۰۷,ماسال,masal,real-estate,rent-residential
۰۹۱۱۹۰۳۷۰۴۲,ماسال,masal,real-estate,rent-residential
۰۹۲۲۷۵۰۵۱۶۲,ماسال,masal,real-estate,rent-residential
۰۹۳۰۵۹۷۸۲۱۲,ماسال,masal,real-estate,rent-residential
۰۹۳۶۱۷۵۶۰۶۷,ماسال,masal,real-estate,rent-residential
۰۹۲۲۷۵۰۵۱۶۲,ماسال,masal,real-estate,rent-residential
۰۹۱۱۱۳۶۷۹۸۴,ماسال,masal,real-estate,rent-residential
۰۹۲۲۴۵۵۹۸۴۶,ماسال,masal,real-estate,rent-residential
۰۹۳۵۹۴۴۲۹۹۱,ماسال,masal,real-estate,rent-residential
۰۹۲۲۵۶۰۷۵۳۵,ماسال,masal,real-estate,rent-residential
۰۹۰۲۴۹۸۶۳۰۹,ماسال,masal,real-estate,rent-residential
۰۹۳۳۳۷۳۱۹۴۵,ماسال,masal,real-estate,rent-residential
۰۹۱۱۱۸۵۰۵۳۹,ماسال,masal,real-estate,rent-residential
۰۹۱۲۹۶۷۸۶۱۹,ماسال,masal,real-estate,rent-residential
۰۹۱۱۵۹۹۵۵۹۴,ماسال,masal,real-estate,rent-residential
۰۹۱۱۳۸۳۲۱۷۵,ماسال,masal,real-estate,rent-residential
۰۹۳۵۹۸۲۴۵۳۳,ماسال,masal,real-estate,buy-commercial-property
۰۹۱۱۸۸۲۶۴۱۰,ماسال,masal,real-estate,buy-commercial-property
۰۹۳۹۷۱۵۱۷۵۱,ماسال,masal,real-estate,buy-commercial-property
۰۹۳۹۷۱۵۱۷۵۱,ماسال,masal,real-estate,buy-commercial-property
۰۹۱۱۳۸۷۶۲۴۳,ماسال,masal,real-estate,buy-commercial-property
۰۹۱۱۱۸۵۰۵۳۹,ماسال,masal,real-estate,buy-commercial-property
۰۹۱۱۳۸۲۲۰۴۸,ماسال,masal,real-estate,buy-commercial-property
۰۹۱۱۲۸۲۹۷۸۷,ماسال,masal,real-estate,buy-commercial-property
۰۹۱۱۲۸۲۷۳۱۶,ماسال,masal,real-estate,buy-commercial-property
۰۹۱۱۲۸۲۷۳۱۶,ماسال,masal,real-estate,buy-commercial-property
۰۹۱۱۸۸۲۶۳۹۹,ماسال,masal,real-estate,buy-commercial-property
۰۹۱۱۲۸۴۷۹۳۲,ماسال,masal,real-estate,buy-commercial-property
۰۹۱۱۳۸۴xxxx,ماسال,masal,real-estate,rent-commercial-property
۰۹۱۲۳۳۴۳۳۶۷,ماسال,masal,real-estate,rent-commercial-property
۰۹۳۷۰۵۷۳۰۰۲,ماسال,masal,real-estate,rent-commercial-property
۰۹۱۱۱۳۲۷۰۶۳,ماسال,masal,real-estate,rent-commercial-property
۰۹۲۲۷۴۲۱۶۵۷,ماسال,masal,real-estate,rent-temporary
۰۹۰۱۷۳۷۰۴۹۴,ماسال,masal,real-estate,rent-temporary
۰۹۱۲۵۸۷۶۹۱۷,ماسال,masal,real-estate,rent-temporary
۰۹۳۷۴۲۴۳۹۲۹,ماسال,masal,real-estate,rent-temporary
۰۹۱۱۵۴۴۳۶۴۲,ماسال,masal,real-estate,rent-temporary
۰۹۹۱۵۶۵۲۳۸۷,ماسال,masal,real-estate,rent-temporary
۰۹۱۱۶۹۳۴۶۶۷,ماسال,masal,real-estate,rent-temporary
۰۹۱۱۶۹۳۴۶۶۷,ماسال,masal,real-estate,rent-temporary
۰۹۱۱۹۸۵۵۳۲۸,ماسال,masal,real-estate,rent-temporary
۰۹۰۲۵۴۹۵۴۱۳,ماسال,masal,real-estate,rent-temporary
۰۹۱۱۲۳۷۹۶۸۶,ماسال,masal,real-estate,rent-temporary
۰۹۱۱۷۱۵۹۵۳۵,ماسال,masal,real-estate,rent-temporary
۰۹۱۰۹۶۵۱۱۴۲,ماسال,masal,real-estate,rent-temporary
۰۹۰۳۰۶۱۱۰۳۷,ماسال,masal,real-estate,rent-temporary
۰۹۳۷۳۳۳۵۳۸۱,ماسال,masal,real-estate,rent-temporary
۰۹۱۰۹۴۲۷۱۹۳,ماسال,masal,real-estate,rent-temporary
۰۹۱۱۹۲۹۱۴۵۸,ماسال,masal,real-estate,rent-temporary
۰۹۱۰۹۴۲۷۱۹۳,ماسال,masal,real-estate,rent-temporary
۰۹۱۱۲۸۱۱۱۳۴,ماسال,masal,real-estate,rent-temporary
۰۹۱۱۹۸۶۵۶۲۸,ماسال,masal,real-estate,rent-temporary
۰۹۱۱۲۸۲۸۶۹۱,ماسال,masal,real-estate,rent-temporary
۰۹۱۰۴۶۶۷۴۰۶,ماسال,masal,real-estate,rent-temporary
۰۹۱۱۲۳۷۰۰۵۲,ماسال,masal,real-estate,rent-temporary
۰۹۱۱۷۵۹۹۱۳۹,ماسال,masal,real-estate,rent-temporary
۰۹۱۱۷۵۹۹۱۳۹,ماسال,masal,real-estate,rent-temporary
۰۹۱۱۷۵۹۹۱۳۹,ماسال,masal,real-estate,rent-temporary
۰۹۱۱۷۵۹۹۱۳۹,ماسال,masal,real-estate,rent-temporary
۰۹۱۱۷۵۹۹۱۳۹,ماسال,masal,real-estate,rent-temporary
۰۹۱۱۷۵۹۹۱۳۹,ماسال,masal,real-estate,rent-temporary
۰۹۱۱۷۵۹۹۱۳۹,ماسال,masal,real-estate,rent-temporary
۰۹۱۱۷۵۹۹۱۳۹,ماسال,masal,real-estate,rent-temporary
۰۹۱۱۷۵۹۹۱۳۹,ماسال,masal,real-estate,rent-temporary
۰۹۱۱۷۵۹۹۱۳۹,ماسال,masal,real-estate,rent-temporary
۰۹۱۱۷۵۹۹۱۳۹,ماسال,masal,real-estate,rent-temporary
۰۹۱۱۷۵۹۹۱۳۹,ماسال,masal,real-estate,rent-temporary
۰۹۱۱۷۵۹۹۱۳۹,ماسال,masal,real-estate,rent-temporary
۰۹۱۱۹۸۷۸۷۰۸,ماسال,masal,real-estate,rent-temporary
۰۹۳۹۰۳۳۵۲۴۷,ماسال,masal,real-estate,rent-temporary
۰۹۱۱۹۸۹۴۱۵۵,ماسال,masal,real-estate,rent-temporary
۰۹۱۱۹۸۹۴۱۵۵,ماسال,masal,real-estate,rent-temporary
۰۹۱۱۵۵۷۴۷۲۴,ماسال,masal,real-estate,rent-temporary
۰۹۱۱۷۵۹۹۱۳۹,ماسال,masal,real-estate,rent-temporary
۰۹۱۱۷۵۹۹۱۳۹,ماسال,masal,real-estate,rent-temporary
۰۹۱۱۷۵۹۹۱۳۹,ماسال,masal,real-estate,rent-temporary
۰۹۱۱۷۵۹۹۱۳۹,ماسال,masal,real-estate,rent-temporary
۰۹۱۱۷۵۹۹۱۳۹,ماسال,masal,real-estate,rent-temporary
۰۹۱۱۷۵۹۹۱۳۹,ماسال,masal,real-estate,rent-temporary
۰۹۱۱۸۳۵۳۲۹۷,ماسال,masal,real-estate,rent-temporary
۰۹۳۸۴۶۴۴۵۱۸,ماسال,masal,real-estate,rent-temporary
۰۹۱۱۹۴۱۵۱۴۹,ماسال,masal,real-estate,rent-temporary
۰۹۱۹۱۰۷۲۹۵۶,ماسال,masal,real-estate,rent-temporary
۰۹۱۱۵۵۵۶۳۹۳,ماسال,masal,real-estate,rent-temporary
۰۹۱۱۶۰۰۴۱۱۹,ماسال,masal,real-estate,rent-temporary
۰۹۲۲۷۵۰۵۱۶۲,ماسال,masal,real-estate,rent-temporary
۰۹۱۰۹۴۲۷۱۹۳,ماسال,masal,real-estate,rent-temporary
۰۹۱۱۴۵۴۳۷۴۱,ماسال,masal,real-estate,rent-temporary
۰۹۱۱۸۸۵۳۷۰۳,ماسال,masal,real-estate,rent-temporary
۰۹۳۶۹۹۸۹۷۱۱,ماسال,masal,real-estate,rent-temporary
۰۹۳۶۹۹۸۹۷۱۱,ماسال,masal,real-estate,rent-temporary
۰۹۳۶۱۴۵۰۷۰۶,ماسال,masal,real-estate,rent-temporary
۰۹۳۰۸۹۱۸۱۶۸,ماسال,masal,vehicles,auto
۰۹۱۱۴۷۰۵۳۲۲,ماسال,masal,vehicles,auto
۰۹۳۷۸۸۲۸۷۳۰,ماسال,masal,vehicles,auto
۰۹۱۲۰۱۲۸۵۲۱,ماسال,masal,vehicles,auto
۰۹۰۳۷۹۸۳۲۱۶,ماسال,masal,vehicles,auto
۰۹۳۰۲۰۴۷۶۵۶,ماسال,masal,vehicles,auto
۰۹۱۱۳۸۲۲۰۴۲,ماسال,masal,vehicles,auto
۰۹۰۲۵۲۶۷۹۰۸,ماسال,masal,vehicles,auto
۰۹۱۲۷۵۶۴۷۹۵,ماسال,masal,vehicles,auto
۰۹۳۸۸۳۰۵۳۶۰,ماسال,masal,vehicles,auto
۰۹۱۱۹۸۹۱۲۶۹,ماسال,masal,vehicles,auto
۰۹۱۱۶۵۰۹۸۳۴,ماسال,masal,vehicles,auto
۰۹۱۱۱۸۵۰۳۳۴,ماسال,masal,vehicles,auto
۰۹۱۱۶۰۶۱۴۸۰,ماسال,masal,vehicles,auto
۰۹۱۱۳۴۰۵۸۳۷,ماسال,masal,vehicles,auto
۰۹۱۱۳۴۰۵۸۳۷,ماسال,masal,vehicles,auto
۰۹۱۱۵۰۸۹۳۲۴,ماسال,masal,vehicles,auto
۰۹۳۷۸۷۴۸۱۷۷,ماسال,masal,vehicles,auto
۰۹۱۱۶۱۹۶۷۳۰,ماسال,masal,vehicles,car-accessories
۰۹۱۱۹۳۱۵۳۸۴,ماسال,masal,vehicles,car-accessories
۰۹۱۱۹۳۱۵۳۸۴,ماسال,masal,vehicles,car-accessories
۰۹۱۱۹۸۵۵۴۴۱,ماسال,masal,vehicles,car-accessories
۰۹۱۰۹۸۱۶۳۷۶,ماسال,masal,vehicles,car-accessories
۰۹۱۱۲۴۷۱۰۶۷,ماسال,masal,vehicles,car-accessories
۰۹۳۵۷۹۵۹۹۷۷,ماسال,masal,vehicles,car-accessories
۰۹۳۸۸۷۶۵۵۵۴,ماسال,masal,vehicles,motorcycles
۰۹۳۹۴۹۲۴۹۸۲,ماسال,masal,vehicles,motorcycles
۰۹۱۱۵۴۶۴۹۷۹,ماسال,masal,vehicles,motorcycles
۰۹۱۱۱۳۸۰۱۸۳,ماسال,masal,vehicles,motorcycles
۰۹۱۱۸۳۱۸۹۲۹,ماسال,masal,vehicles,motorcycles
۰۹۱۱۹۸۶۵۶۲۸,ماسال,masal,vehicles,motorcycles
۰۹۱۲۴۳۹۸۲۳۶,ماسال,masal,vehicles,motorcycles
۰۹۳۳۵۹۴۵۷۶۶,ماسال,masal,vehicles,motorcycles
۰۹۹۰۵۳۸۵۷۰۸,ماسال,masal,electronic-devices,mobile-tablet
۰۹۹۱۸۶۶۴۸۱۱,ماسال,masal,electronic-devices,mobile-tablet
۰۹۳۹۲۴۰۱۳۰۴,ماسال,masal,electronic-devices,mobile-tablet
۰۹۹۰۸۴۹۰۵۰۲,ماسال,masal,electronic-devices,mobile-tablet
۰۹۱۱۲۴۷۹۴۶۵,ماسال,masal,electronic-devices,mobile-tablet
۰۹۳۷۳۷۷۹۷۵۶,ماسال,masal,electronic-devices,mobile-tablet
۰۹۱۱۱۸۵۸۴۷۸,ماسال,masal,electronic-devices,mobile-tablet
۰۹۱۱۵۵۶۹۰۶۰,ماسال,masal,electronic-devices,mobile-tablet
(پنهان‌شده؛ چت کنید),ماسال,masal,electronic-devices,computers
۰۹۳۰۸۳۹۶۹۵۲,ماسال,masal,electronic-devices,computers
۰۹۱۱۱۸۱۴۲۱۱,ماسال,masal,electronic-devices,computers
۰۹۳۷۳۷۷۹۷۵۶,ماسال,masal,electronic-devices,computers
۰۹۱۱۹۰۴۹۳۵۷,ماسال,masal,electronic-devices,computers
(پنهان‌شده؛ چت کنید),ماسال,masal,electronic-devices,game-consoles
۰۹۳۰۶۴۶۴۳۳۸,ماسال,masal,electronic-devices,game-consoles
(پنهان‌شده؛ چت کنید),ماسال,masal,electronic-devices,video-audio-device
(پنهان‌شده؛ چت کنید),ماسال,masal,electronic-devices,video-audio-device
۰۹۱۱۷۶۱۱۲۶۵,ماسال,masal,electronic-devices,video-audio-device
۰۹۱۱۵۵۶۹۰۶۰,ماسال,masal,electronic-devices,video-audio-device
۰۹۱۱۳۳۷۹۷۰۴,ماسال,masal,electronic-devices,video-audio-device
(پنهان‌شده؛ چت کنید),ماسال,masal,electronic-devices,video-audio-device
۰۹۳۶۹۸۵۳۶۶۷,ماسال,masal,home-and-kitchen,home-decor-furniture
۰۹۳۹۶۱۸۷۵۰۵,ماسال,masal,home-and-kitchen,home-decor-furniture
۰۹۱۱۴۳۰۷۶۳۲,ماسال,masal,home-and-kitchen,home-decor-furniture
۰۹۱۱۴۳۰۷۶۳۲,ماسال,masal,home-and-kitchen,home-decor-furniture
۰۹۹۰۴۳۶۲۳۴۴,ماسال,masal,home-and-kitchen,home-decor-furniture
۰۹۱۹۱۱۸۶۹۳۰,ماسال,masal,home-and-kitchen,home-decor-furniture
۰۹۱۱۳۳۷۹۷۰۴,ماسال,masal,home-and-kitchen,home-decor-furniture
۰۹۱۱۳۳۷۹۷۰۴,ماسال,masal,home-and-kitchen,home-decor-furniture
۰۹۳۶۹۸۵۳۶۶۷,ماسال,masal,home-and-kitchen,home-decor-furniture
۰۹۳۳۵۳۵۸۱۷۶,ماسال,masal,home-and-kitchen,home-decor-furniture
۰۹۱۱۳۳۷۹۷۰۴,ماسال,masal,home-and-kitchen,home-decor-furniture
۰۹۱۱۶۱۲۹۱۲۰,ماسال,masal,home-and-kitchen,home-decor-furniture
۰۹۱۱۶۱۳۴۰۸۸,ماسال,masal,home-and-kitchen,home-decor-furniture
۰۹۱۲۳۸۱۷۰۰۶,ماسال,masal,home-and-kitchen,home-decor-furniture
۰۹۰۱۵۰۷۸۱۷۴,ماسال,masal,home-and-kitchen,home-decor-furniture
۰۹۱۱۸۸۱۰۵۳۴,ماسال,masal,home-and-kitchen,kitchen-appliances
(پنهان‌شده؛ چت کنید),ماسال,masal,home-and-kitchen,kitchen-appliances
(پنهان‌شده؛ چت کنید),ماسال,masal,home-and-kitchen,kitchen-appliances
۰۹۰۳۰۱۸۰۹۴۵,ماسال,masal,home-and-kitchen,kitchen-appliances
۰۹۳۶۹۵۵۵۲۱۳,ماسال,masal,home-and-kitchen,kitchen-appliances
۰۹۳۸۶۶۵۱۳۵۱,ماسال,masal,home-and-kitchen,kitchen-appliances
۰۹۱۹۹۸۵۹۹۸۱,ماسال,masal,home-and-kitchen,kitchen-appliances
۰۹۱۱۲۸۵۰۱۷۷,ماسال,masal,home-and-kitchen,kitchen-appliances
۰۹۱۲۱۹۴۸۶۶۱,ماسال,masal,home-and-kitchen,home-appliances
۰۹۰۲۹۶۳۹۳۵۳,ماسال,masal,home-and-kitchen,home-appliances
۰۹۲۲۴۸۳۳۱۷۸,ماسال,masal,home-and-kitchen,building-garden
۰۹۱۱۶۰۰۴۱۱۹,ماسال,masal,home-and-kitchen,building-garden
۰۹۱۱۱۳۱۷۹۳۲,ماسال,masal,home-and-kitchen,building-garden
۰۹۰۳۵۹۴۴۱۴۸,ماسال,masal,home-and-kitchen,building-garden
۰۹۱۱۹۳۱۵۳۸۴,ماسال,masal,services,vehicles-services
۰۹۳۶۶۷۵۳۶۷۰,ماسال,masal,services,catering-services
۰۹۹۰۸۱۶۶۹۷۹,ماسال,masal,services,technology-services
۰۹۳۸۹۸۹۰۴۰۴,ماسال,masal,services,technology-services
۰۹۹۱۹۰۰۶۶۹۴,ماسال,masal,services,financial-services
۰۹۹۰۵۳۸۶۴۷۵,ماسال,masal,services,financial-services
۰۹۳۵۴۳۱۸۵۴۷,ماسال,masal,services,transport-logistic-services
۰۹۰۵۰۲۱۲۰۳۴,ماسال,masal,services,craft-skill-services
۰۹۰۵۰۲۱۲۰۳۴,ماسال,masal,services,craft-skill-services
۰۹۰۵۰۲۱۲۰۳۴,ماسال,masal,services,craft-skill-services
۰۹۰۵۰۲۱۲۰۳۴,ماسال,masal,services,craft-skill-services
۰۹۰۵۰۲۱۲۰۳۴,ماسال,masal,services,craft-skill-services
۰۹۰۵۰۲۱۲۰۳۴,ماسال,masal,services,craft-skill-services
۰۹۰۵۰۲۱۲۰۳۴,ماسال,masal,services,craft-skill-services
۰۹۰۵۰۲۱۲۰۳۴,ماسال,masal,services,craft-skill-services
۰۹۰۵۰۲۱۲۰۳۴,ماسال,masal,services,craft-skill-services
۰۹۰۵۰۲۱۲۰۳۴,ماسال,masal,services,craft-skill-services
۰۹۱۱۳۸۳۴۹۱۰,ماسال,masal,services,craft-skill-services
۰۹۲۱۱۳۱۴۴۵۰,ماسال,masal,services,craft-skill-services
۰۹۱۱۹۸۵۵۲۹۲,ماسال,masal,services,craft-skill-services
۰۹۳۸۹۰۵۳۶۷۸,ماسال,masal,services,beauty-services
۰۹۹۸۱۱۲۱۸۱۰,ماسال,masal,services,teaching-services
۰۹۰۱۵۴۶۷۳۳۸,ماسال,masal,personal-goods,apparel
۰۹۹۱۵۲۸۴۶۹۵,ماسال,masal,personal-goods,apparel
۰۹۰۱۳۶۹۰۸۴۰,ماسال,masal,personal-goods,apparel
۰۹۱۸۴۱۰۲۳۱۷,ماسال,masal,personal-goods,apparel
۰۹۱۱۵۶۳۷۶۴۱,ماسال,masal,personal-goods,apparel
۰۹۰۲۳۱۴۰۳۲۶,ماسال,masal,personal-goods,apparel
۰۹۹۱۵۲۸۴۶۸۹,ماسال,masal,personal-goods,apparel
۰۹۱۱۶۴۷۸۵۸۹,ماسال,masal,personal-goods,apparel
۰۹۳۵۰۶۶۴۵۸۸,ماسال,masal,personal-goods,accessories
۰۹۰۲۸۲۰۱۶۹۲,ماسال,masal,personal-goods,child-apparel
(پنهان‌شده؛ چت کنید),ماسال,masal,personal-goods,child-products
(پنهان‌شده؛ چت کنید),ماسال,masal,personal-goods,child-products
۰۹۹۰۳۱۹۶۴۳۴,ماسال,masal,personal-goods,stationery
۰۹۳۶۳۱۲۹۶۵۲,ماسال,masal,personal-goods,stationery
(پنهان‌شده؛ چت کنید),ماسال,masal,entertainment,publication
۰۹۳۰۵۹۷۸۲۱۲,ماسال,masal,entertainment,bike-skate-scooter
۰۹۰۵۹۰۰۴۹۹۱,ماسال,masal,entertainment,bike-skate-scooter
۰۹۳۹۲۴۰۱۳۰۴,ماسال,masal,entertainment,bike-skate-scooter
۰۹۲۱۳۳۰۳۶۸۷,ماسال,masal,entertainment,bike-skate-scooter
۰۹۱۱۱۸۵۸۴۷۸,ماسال,masal,entertainment,bike-skate-scooter
۰۹۳۹۳۳۷۸۸۷۳,ماسال,masal,entertainment,pets-animals
۰۹۲۲۳۰۲۱۶۰۵,ماسال,masal,entertainment,pets-animals
۰۹۳۷۸۶۶۰۲۳۲,ماسال,masal,entertainment,pets-animals
۰۹۳۹۸۵۹۷۶۴۴,ماسال,masal,entertainment,pets-animals
۰۹۱۱۸۸۲۶۸۴۰,ماسال,masal,entertainment,pets-animals
۰۹۱۱۸۸۲۶۸۴۰,ماسال,masal,entertainment,pets-animals
۰۹۳۸۴۶۳۸۲۷۲,ماسال,masal,entertainment,pets-animals
۰۹۱۱۶۰۶۰۶۸۵,ماسال,masal,entertainment,pets-animals
(پنهان‌شده؛ چت کنید),ماسال,masal,entertainment,pets-animals
۰۹۹۰۴۹۶۸۹۲۰,ماسال,masal,entertainment,pets-animals
۰۹۰۱۹۲۳۹۱۳۹,ماسال,masal,entertainment,pets-animals
۰۹۳۰۵۲۱۹۸۵۲,ماسال,masal,entertainment,pets-animals
۰۹۳۸۸۲۴۱۷۱۷,ماسال,masal,entertainment,pets-animals
۰۹۱۱۵۰۸۹۳۲۴,ماسال,masal,entertainment,pets-animals
۰۹۱۲۵۲۶۸۸۰۴,ماسال,masal,entertainment,pets-animals
۰۹۱۲۵۲۶۸۸۰۴,ماسال,masal,entertainment,pets-animals
۰۹۳۸۷۳۹۸۱۷۹,ماسال,masal,entertainment,collecting
۰۹۱۱۶۰۴۷۶۵۸,ماسال,masal,entertainment,musical-instruments
۰۹۹۲۱۵۲۸۲۱۳,ماسال,masal,social-services,event
۰۹۲۲۵۰۵۲۶۶۳,ماسال,masal,social-services,event
۰۹۹۲۸۷۷۶۷۴۸,ماسال,masal,social-services,event
۰۹۳۷۵۰۶۳۸۵۵,ماسال,masal,social-services,event
۰۹۳۷۲۶۷۹۰۹۹,ماسال,masal,social-services,event
۰۹۲۲۹۳۴۳۲۵۵,ماسال,masal,social-services,event
۰۹۰۵۵۱۳۲۷۳۹,ماسال,masal,businesses,business-equipment
(پنهان‌شده؛ چت کنید),ماسال,masal,businesses,business-equipment
(پنهان‌شده؛ چت کنید),ماسال,masal,businesses,business-equipment
(پنهان‌شده؛ چت کنید),ماسال,masal,businesses,business-equipment
(پنهان‌شده؛ چت کنید),ماسال,masal,businesses,business-equipment
۰۹۱۲۰۶۷۰۲۳۵,ماسال,masal,businesses,business-equipment
۰۹۹۰۰۱۳۱۶۰۲,ماسال,masal,businesses,business-equipment
(پنهان‌شده؛ چت کنید),ماسال,masal,businesses,business-equipment
۰۹۳۵۴۳۲۹۷۸۴,ماسال,masal,businesses,business-equipment
۰۹۳۷۳۵۴۸۷۸۸,ماسال,masal,businesses,business-equipment
۰۹۹۲۷۹۶۶۰۳۸,ماسال,masal,businesses,business-equipment
۰۹۹۲۷۹۸۸۲۲۳,ماسال,masal,businesses,business-equipment
۰۹۲۲۹۵۶۵۱۴۷,ماسال,masal,businesses,business-equipment
۰۹۱۰۹۷۵۳۴۱۰,ماسال,masal,businesses,business-equipment
۰۹۱۱۲۸۲۹۸۸۱,ماسال,masal,businesses,business-equipment
۰۹۹۲۷۸۱۴۶۸۸,ماسال,masal,businesses,business-equipment
۰۹۰۱۲۴۶۱۶۵۲,ماسال,masal,businesses,business-equipment
۰۹۹۹۱۴۰۵۳۷۵,ماسال,masal,businesses,business-equipment
۰۹۲۲۹۵۶۵۱۴۴,ماسال,masal,businesses,business-equipment
۰۹۱۲۴۳۳۷۵۵۸,ماسال,masal,businesses,business-equipment
۰۹۳۵۹۰۰۵۱۰۶,ماسال,masal,businesses,business-equipment
۰۹۳۶۸۷۳۲۱۳۰,ماسال,masal,businesses,wholesale
۰۹۲۲۹۳۲۱۶۷۶,ماسال,masal,businesses,wholesale
۰۹۱۱۸۸۲۶۸۴۰,ماسال,masal,businesses,wholesale
۰۹۲۲۳۹۱۵۶۳۸,ماسال,masal,businesses,wholesale
۰۹۳۷۷۵۲۲۵۷۹,ماسال,masal,businesses,wholesale
۰۹۱۱۵۰۰۵۵۸۹,ماسال,masal,businesses,wholesale
(پنهان‌شده؛ چت کنید),ماسال,masal,businesses,wholesale
(پنهان‌شده؛ چت کنید),ماسال,masal,businesses,wholesale
۰۹۹۲۷۶۴۳۱۶۳,ماسال,masal,businesses,wholesale
۰۹۹۲۸۶۷۹۲۶۳,ماسال,masal,businesses,wholesale
۰۹۳۸۶۸۵۸۸۶۱,ماسال,masal,businesses,wholesale
۰۹۱۱۷۰۶۰۳۴۲,ماسال,masal,businesses,wholesale
۰۹۹۲۸۴۹۵۲۴۴,ماسال,masal,businesses,wholesale
۰۹۳۷۳۷۷۹۷۵۶,ماسال,masal,businesses,wholesale
۰۹۳۷۳۷۷۹۷۵۶,ماسال,masal,businesses,wholesale
۰۹۳۷۳۷۷۹۷۵۶,ماسال,masal,businesses,wholesale
۰۹۳۳۰۴۲۷۳۱۱,ماسال,masal,businesses,wholesale
