۰۹۳۹۵۹۳۵۰۶۰,مشکین‌شهر,meshgin-shahr,jobs,architect-jobs
۰۹۰۲۵۵۵۰۵۸۶,مشکین‌شهر,meshgin-shahr,jobs,marketing-jobs
۰۹۱۴۱۵۹۰۳۹۶,مشکین‌شهر,meshgin-shahr,jobs,teaching-jobs
۰۹۳۵۶۵۰۲۷۶۵,مشکین‌شهر,meshgin-shahr,jobs,teaching-jobs
۰۹۰۵۸۶۷۴۶۸۳,مشکین‌شهر,meshgin-shahr,jobs,health-beauty-jobs
۰۹۰۲۸۳۳۹۴۶۶,مشکین‌شهر,meshgin-shahr,real-estate,buy-residential
۰۹۱۱۴۶۴۸۸۱۷,مشکین‌شهر,meshgin-shahr,real-estate,buy-residential
۰۹۱۹۰۱۶۷۷۱۸,مشکین‌شهر,meshgin-shahr,real-estate,buy-residential
۰۹۱۵۳۲۵۰۹۵۶,مشکین‌شهر,meshgin-shahr,real-estate,buy-residential
۰۹۳۸۸۱۸۱۵۴۸,مشکین‌شهر,meshgin-shahr,real-estate,buy-residential
۰۹۱۴۹۵۷۷۴۲۳,مشکین‌شهر,meshgin-shahr,real-estate,buy-residential
۰۹۰۲۷۵۹۱۲۸۵,مشکین‌شهر,meshgin-shahr,real-estate,buy-residential
۰۹۳۶۱۹۷۸۷۴۷,مشکین‌شهر,meshgin-shahr,real-estate,buy-residential
۰۹۱۴۶۲۸۲۰۶۵,مشکین‌شهر,meshgin-shahr,real-estate,buy-residential
۰۹۱۴۱۵۹۱۸۱۴,مشکین‌شهر,meshgin-shahr,real-estate,buy-residential
۰۹۱۴۸۳۹۳۰۶۸,مشکین‌شهر,meshgin-shahr,real-estate,buy-residential
۰۹۳۸۸۱۸۱۵۴۸,مشکین‌شهر,meshgin-shahr,real-estate,buy-residential
۰۹۹۲۲۴۸۳۶۷۸,مشکین‌شهر,meshgin-shahr,real-estate,buy-residential
۰۹۱۲۲۱۴۳۱۷۳,مشکین‌شهر,meshgin-shahr,real-estate,buy-residential
۰۹۳۸۱۱۴۹۴۳۲,مشکین‌شهر,meshgin-shahr,real-estate,buy-residential
۰۹۱۴۴۵۵۴۲۸۳,مشکین‌شهر,meshgin-shahr,real-estate,buy-residential
۰۹۳۶۱۹۷۸۷۴۷,مشکین‌شهر,meshgin-shahr,real-estate,buy-residential
۰۹۱۴۱۵۶۱۱۸۵,مشکین‌شهر,meshgin-shahr,real-estate,buy-residential
۰۹۳۰۲۸۴۶۷۳۱,مشکین‌شهر,meshgin-shahr,real-estate,buy-residential
۰۹۱۴۱۵۸۸۹۵۷,مشکین‌شهر,meshgin-shahr,real-estate,buy-residential
۰۹۱۴۹۵۱۹۶۸۳,مشکین‌شهر,meshgin-shahr,real-estate,buy-residential
۰۹۱۴۵۹۹۵۷۰۴,مشکین‌شهر,meshgin-shahr,real-estate,buy-residential
۰۹۱۴۳۵۷۶۱۸۵,مشکین‌شهر,meshgin-shahr,real-estate,buy-residential
۰۹۱۴۸۵۹۵۳۷۷,مشکین‌شهر,meshgin-shahr,real-estate,buy-residential
۰۹۱۲۰۳۱۸۱۳۱,مشکین‌شهر,meshgin-shahr,real-estate,buy-residential
۰۹۱۴۶۱۸۴۷۵۵,مشکین‌شهر,meshgin-shahr,real-estate,buy-residential
۰۹۱۴۷۰۴۳۶۶۸,مشکین‌شهر,meshgin-shahr,real-estate,buy-residential
۰۹۱۲۹۳۶۱۳۱۶,مشکین‌شهر,meshgin-shahr,real-estate,buy-residential
۰۹۱۴۷۰۷۶۳۵۴,مشکین‌شهر,meshgin-shahr,real-estate,buy-residential
۰۹۱۴۶۵۷۶۲۰۳,مشکین‌شهر,meshgin-shahr,real-estate,buy-residential
۰۹۱۴۴۵۶۸۱۲۶,مشکین‌شهر,meshgin-shahr,real-estate,buy-residential
۰۹۱۴۵۹۸۲۰۲۷,مشکین‌شهر,meshgin-shahr,real-estate,buy-residential
۰۹۳۸۶۱۵۸۵۲۱,مشکین‌شهر,meshgin-shahr,real-estate,buy-residential
۰۹۲۱۷۴۵۵۸۲۵,مشکین‌شهر,meshgin-shahr,real-estate,buy-residential
۰۹۱۴۸۴۶۵۲۶۶,مشکین‌شهر,meshgin-shahr,real-estate,buy-residential
۰۹۰۲۸۵۶۸۵۴۵,مشکین‌شهر,meshgin-shahr,real-estate,buy-residential
۰۹۱۴۵۹۸۷۳۹۳,مشکین‌شهر,meshgin-shahr,real-estate,buy-residential
۰۹۱۴۹۱۳۵۲۳۸,مشکین‌شهر,meshgin-shahr,real-estate,buy-residential
۰۹۱۴۷۴۱۱۵۲۲,مشکین‌شهر,meshgin-shahr,real-estate,buy-residential
۰۹۱۴۱۵۹۱۸۶۵,مشکین‌شهر,meshgin-shahr,real-estate,buy-residential
۰۹۱۴۷۰۴۹۱۳۶,مشکین‌شهر,meshgin-shahr,real-estate,buy-residential
۰۹۱۴۱۵۸۷۲۳۶,مشکین‌شهر,meshgin-shahr,real-estate,buy-residential
۰۹۱۴۸۹۰۱۵۷۲,مشکین‌شهر,meshgin-shahr,real-estate,buy-residential
۰۹۱۴۷۵۳۰۶۵۸,مشکین‌شهر,meshgin-shahr,real-estate,buy-residential
۰۹۱۴۱۵۹۶۳۵۳,مشکین‌شهر,meshgin-shahr,real-estate,buy-residential
۰۹۱۵۳۲۵۰۹۵۶,مشکین‌شهر,meshgin-shahr,real-estate,buy-residential
۰۹۳۷۰۵۳۵۲۴۷,مشکین‌شهر,meshgin-shahr,real-estate,buy-residential
۰۹۲۲۳۷۷۱۹۱۵,مشکین‌شهر,meshgin-shahr,real-estate,buy-residential
۰۹۱۴۱۵۸۵۳۴۴,مشکین‌شهر,meshgin-shahr,real-estate,buy-residential
۰۹۳۹۲۹۶۸۶۲۱,مشکین‌شهر,meshgin-shahr,real-estate,buy-residential
۰۹۱۴۷۰۰۴۳۸۰,مشکین‌شهر,meshgin-shahr,real-estate,buy-residential
۰۹۱۲۷۹۳۰۱۴۱,مشکین‌شهر,meshgin-shahr,real-estate,buy-residential
۰۹۱۴۹۹۰۰۰۵۹,مشکین‌شهر,meshgin-shahr,real-estate,buy-residential
۰۹۱۴۹۹۰۰۰۵۹,مشکین‌شهر,meshgin-shahr,real-estate,buy-residential
۰۹۳۸۷۲۶۹۷۵۰,مشکین‌شهر,meshgin-shahr,real-estate,buy-residential
۰۹۳۶۶۰۰۹۰۳۲,مشکین‌شهر,meshgin-shahr,real-estate,buy-residential
۰۹۱۲۹۱۵۶۶۲۹,مشکین‌شهر,meshgin-shahr,real-estate,buy-residential
۰۹۱۴۵۹۰۷۸۷۴,مشکین‌شهر,meshgin-shahr,real-estate,buy-residential
۰۹۱۴۴۵۹۴۹۷۵,مشکین‌شهر,meshgin-shahr,real-estate,buy-residential
۰۹۱۴۱۵۹۲۴۶۰,مشکین‌شهر,meshgin-shahr,real-estate,buy-residential
۰۹۳۰۳۱۲۵۸۷۸,مشکین‌شهر,meshgin-shahr,real-estate,buy-residential
۰۹۳۷۱۰۲۹۶۷۷,مشکین‌شهر,meshgin-shahr,real-estate,buy-residential
۰۹۰۲۸۳۹۷۲۲۶,مشکین‌شهر,meshgin-shahr,real-estate,buy-residential
۰۹۱۲۵۵۴۵۹۷۴,مشکین‌شهر,meshgin-shahr,real-estate,buy-residential
۰۹۱۴۵۳۳۶۹۹۰,مشکین‌شهر,meshgin-shahr,real-estate,buy-residential
۰۹۱۴۴۵۶۴۲۲۶,مشکین‌شهر,meshgin-shahr,real-estate,buy-residential
۰۹۱۴۷۰۲۵۶۸۳,مشکین‌شهر,meshgin-shahr,real-estate,buy-residential
۰۹۱۴۴۵۴۵۳۰۴,مشکین‌شهر,meshgin-shahr,real-estate,buy-residential
۰۹۱۱۴۶۴۸۸۱۷,مشکین‌شهر,meshgin-shahr,real-estate,rent-residential
۰۹۳۳۰۷۳۹۳۸۹,مشکین‌شهر,meshgin-shahr,real-estate,rent-residential
۰۹۱۴۲۹۵۴۴۲۷,مشکین‌شهر,meshgin-shahr,real-estate,rent-residential
۰۹۹۰۴۲۷۶۲۰۰,مشکین‌شهر,meshgin-shahr,real-estate,rent-residential
۰۹۹۰۴۲۷۶۲۰۰,مشکین‌شهر,meshgin-shahr,real-estate,rent-residential
۰۹۱۴۴۵۳۵۹۸۳,مشکین‌شهر,meshgin-shahr,real-estate,rent-residential
۰۹۱۴۴۵۴۲۸۱۷,مشکین‌شهر,meshgin-shahr,real-estate,rent-residential
۰۹۱۴۳۵۸۹۶۳۳,مشکین‌شهر,meshgin-shahr,real-estate,rent-residential
۰۹۱۴۵۹۶۱۵۰۱,مشکین‌شهر,meshgin-shahr,real-estate,rent-residential
۰۹۱۴۶۸۳۴۳۹۱,مشکین‌شهر,meshgin-shahr,real-estate,rent-residential
۰۹۱۴۴۵۶۴۲۲۶,مشکین‌شهر,meshgin-shahr,real-estate,rent-residential
۰۹۱۲۶۱۲۲۴۰۸,مشکین‌شهر,meshgin-shahr,real-estate,buy-commercial-property
۰۹۰۲۱۵۱۷۱۷۶,مشکین‌شهر,meshgin-shahr,real-estate,buy-commercial-property
۰۹۱۴۳۰۲۹۷۴۵,مشکین‌شهر,meshgin-shahr,real-estate,buy-commercial-property
۰۹۱۴۹۲۳۳۰۹۴,مشکین‌شهر,meshgin-shahr,real-estate,buy-commercial-property
۰۹۱۴۱۵۹۶۳۴۳,مشکین‌شهر,meshgin-shahr,real-estate,buy-commercial-property
۰۹۲۱۷۴۵۵۸۲۵,مشکین‌شهر,meshgin-shahr,real-estate,buy-commercial-property
۰۹۳۵۲۷۷۹۳۷۱,مشکین‌شهر,meshgin-shahr,real-estate,buy-commercial-property
۰۹۱۴۹۸۷۴۹۱۸,مشکین‌شهر,meshgin-shahr,real-estate,buy-commercial-property
۰۹۳۹۳۵۸۹۶۲۴,مشکین‌شهر,meshgin-shahr,real-estate,buy-commercial-property
۰۹۱۴۱۵۴۳۸۸۷,مشکین‌شهر,meshgin-shahr,real-estate,buy-commercial-property
۰۹۳۵۳۲۹۵۷۲۱,مشکین‌شهر,meshgin-shahr,real-estate,buy-commercial-property
۰۹۱۴۸۰۳۲۷۳۵,مشکین‌شهر,meshgin-shahr,real-estate,buy-commercial-property
۰۹۹۲۸۶۴۹۸۳۴,مشکین‌شهر,meshgin-shahr,real-estate,buy-commercial-property
۰۹۱۲۵۵۸۹۷۱۷,مشکین‌شهر,meshgin-shahr,real-estate,rent-commercial-property
۰۹۰۳۷۳۳۱۱۴۰,مشکین‌شهر,meshgin-shahr,real-estate,rent-commercial-property
۰۹۳۸۷۲۶۹۷۵۰,مشکین‌شهر,meshgin-shahr,real-estate,rent-commercial-property
۰۹۱۴۹۶۶۶۵۰۳,مشکین‌شهر,meshgin-shahr,real-estate,rent-commercial-property
۰۹۰۱۹۵۴۷۶۴۳,مشکین‌شهر,meshgin-shahr,real-estate,rent-commercial-property
۰۹۱۲۳۵۷۳۵۱۱,مشکین‌شهر,meshgin-shahr,real-estate,rent-temporary
۰۹۱۴۱۵۸۸۸۷۲,مشکین‌شهر,meshgin-shahr,real-estate,rent-temporary
۰۹۳۵۵۲۲۲۵۹۱,مشکین‌شهر,meshgin-shahr,real-estate,rent-temporary
۰۹۱۴۴۵۳۵۹۴۹,مشکین‌شهر,meshgin-shahr,real-estate,rent-temporary
۰۹۱۴۹۵۶۷۸۲۲,مشکین‌شهر,meshgin-shahr,real-estate,real-estate-services
۰۹۳۷۰۴۶۹۶۹۱,مشکین‌شهر,meshgin-shahr,vehicles,auto
۰۹۲۲۵۷۸۸۵۱۳,مشکین‌شهر,meshgin-shahr,vehicles,auto
۰۹۳۸۵۸۳۲۷۰۵,مشکین‌شهر,meshgin-shahr,vehicles,auto
۰۹۳۹۹۱۱۷۰۴۰,مشکین‌شهر,meshgin-shahr,vehicles,auto
۰۹۱۴۷۴۱۱۵۲۲,مشکین‌شهر,meshgin-shahr,vehicles,auto
۰۹۱۴۱۵۸۷۷۰۳,مشکین‌شهر,meshgin-shahr,vehicles,auto
۰۹۰۱۵۴۶۹۸۰۵,مشکین‌شهر,meshgin-shahr,vehicles,auto
۰۹۱۴۴۵۷۰۵۵۱,مشکین‌شهر,meshgin-shahr,vehicles,auto
۰۹۱۴۹۹۷۶۶۷۸,مشکین‌شهر,meshgin-shahr,vehicles,auto
۰۹۱۴۱۵۸۵۷۰۶,مشکین‌شهر,meshgin-shahr,vehicles,auto
۰۹۰۲۳۲۱۵۲۰۴,مشکین‌شهر,meshgin-shahr,vehicles,auto
۰۹۳۶۶۳۶۰۹۶۴,مشکین‌شهر,meshgin-shahr,vehicles,auto
۰۹۳۸۱۸۹۰۵۳۵,مشکین‌شهر,meshgin-shahr,vehicles,auto
۰۹۳۵۷۹۶۵۱۲۹,مشکین‌شهر,meshgin-shahr,vehicles,auto
۰۹۲۱۹۱۰۵۶۹۵,مشکین‌شهر,meshgin-shahr,vehicles,auto
۰۹۰۱۵۲۵۵۳۰۴,مشکین‌شهر,meshgin-shahr,vehicles,auto
۰۹۱۴۹۵۴۹۶۶۴,مشکین‌شهر,meshgin-shahr,vehicles,auto
۰۹۳۶۹۷۴۶۴۳۲,مشکین‌شهر,meshgin-shahr,vehicles,auto
۰۹۱۰۶۲۵۱۳۸۷,مشکین‌شهر,meshgin-shahr,vehicles,auto
۰۹۱۹۱۲۶۵۲۴۲,مشکین‌شهر,meshgin-shahr,vehicles,auto
۰۹۱۴۱۵۸۷۸۷۱,مشکین‌شهر,meshgin-shahr,vehicles,auto
۰۹۱۴۷۴۱۱۵۲۲,مشکین‌شهر,meshgin-shahr,vehicles,auto
۰۹۳۳۸۹۹۴۸۰۰,مشکین‌شهر,meshgin-shahr,vehicles,auto
۰۹۳۹۹۱۲۲۴۸۵,مشکین‌شهر,meshgin-shahr,vehicles,auto
۰۹۳۹۹۱۲۲۴۸۵,مشکین‌شهر,meshgin-shahr,vehicles,auto
۰۹۳۰۵۴۶۹۱۸۸,مشکین‌شهر,meshgin-shahr,vehicles,auto
۰۹۱۴۷۴۱۱۵۲۲,مشکین‌شهر,meshgin-shahr,vehicles,auto
۰۹۱۴۳۵۷۵۷۸۰,مشکین‌شهر,meshgin-shahr,vehicles,auto
۰۹۱۴۳۵۹۸۳۹۸,مشکین‌شهر,meshgin-shahr,vehicles,auto
۰۹۳۵۵۸۰۱۲۴۳,مشکین‌شهر,meshgin-shahr,vehicles,auto
۰۹۲۲۱۵۴۳۷۶۷,مشکین‌شهر,meshgin-shahr,vehicles,auto
۰۹۱۴۷۵۲۷۶۰۰,مشکین‌شهر,meshgin-shahr,vehicles,auto
۰۹۱۴۱۵۸۵۳۸۲,مشکین‌شهر,meshgin-shahr,vehicles,auto
۰۹۳۵۹۷۹۰۹۶۹,مشکین‌شهر,meshgin-shahr,vehicles,auto
۰۹۱۴۱۵۹۰۱۸۷,مشکین‌شهر,meshgin-shahr,vehicles,auto
۰۹۱۴۴۹۷۰۲۱۲,مشکین‌شهر,meshgin-shahr,vehicles,auto
۰۹۱۴۱۵۹۰۲۸۹,مشکین‌شهر,meshgin-shahr,vehicles,auto
۰۹۱۴۳۵۵۸۱۵۵,مشکین‌شهر,meshgin-shahr,vehicles,auto
۰۹۳۳۵۰۳۷۲۷۳,مشکین‌شهر,meshgin-shahr,vehicles,auto
۰۹۳۰۲۰۱۵۲۳۶,مشکین‌شهر,meshgin-shahr,vehicles,auto
۰۹۹۱۴۱۹۰۵۴۶,مشکین‌شهر,meshgin-shahr,vehicles,auto
۰۹۹۰۱۱۳۲۵۹۶,مشکین‌شهر,meshgin-shahr,vehicles,auto
۰۹۱۴۳۵۰۸۲۲۷,مشکین‌شهر,meshgin-shahr,vehicles,auto
۰۹۱۴۱۵۸۸۳۵۳,مشکین‌شهر,meshgin-shahr,vehicles,auto
۰۹۰۳۰۳۰۵۴۴۳,مشکین‌شهر,meshgin-shahr,vehicles,auto
۰۹۱۲۷۴۰۷۹۹۲,مشکین‌شهر,meshgin-shahr,vehicles,auto
۰۹۱۴۹۵۳۲۳۰۱,مشکین‌شهر,meshgin-shahr,vehicles,auto
۰۹۳۸۴۸۰۸۲۵۰,مشکین‌شهر,meshgin-shahr,vehicles,auto
۰۹۳۹۰۲۹۵۷۵۱,مشکین‌شهر,meshgin-shahr,vehicles,auto
۰۹۱۴۸۲۱۱۱۴۳,مشکین‌شهر,meshgin-shahr,vehicles,auto
۰۹۳۳۲۷۲۰۳۳۱,مشکین‌شهر,meshgin-shahr,vehicles,auto
۰۹۱۴۳۵۵۳۱۵۷,مشکین‌شهر,meshgin-shahr,vehicles,auto
۰۹۳۶۰۲۶۱۲۱۷,مشکین‌شهر,meshgin-shahr,vehicles,auto
۰۹۱۴۷۴۷۹۲۷۰,مشکین‌شهر,meshgin-shahr,vehicles,auto
۰۹۳۳۸۰۹۵۹۹۴,مشکین‌شهر,meshgin-shahr,vehicles,auto
۰۹۳۸۶۱۵۸۵۲۱,مشکین‌شهر,meshgin-shahr,vehicles,auto
۰۹۹۲۸۸۵۳۰۴۴,مشکین‌شهر,meshgin-shahr,vehicles,auto
۰۹۱۴۸۱۰۸۸۴۸,مشکین‌شهر,meshgin-shahr,vehicles,auto
۰۹۱۴۵۹۱۹۲۵۸,مشکین‌شهر,meshgin-shahr,vehicles,auto
۰۹۳۰۵۴۶۹۱۸۸,مشکین‌شهر,meshgin-shahr,vehicles,auto
۰۹۰۱۶۶۷۹۵۸۲,مشکین‌شهر,meshgin-shahr,vehicles,auto
۰۹۱۴۹۵۳۲۹۲۰,مشکین‌شهر,meshgin-shahr,vehicles,auto
۰۹۱۴۷۰۷۲۹۵۱,مشکین‌شهر,meshgin-shahr,vehicles,auto
۰۹۳۹۴۵۲۶۱۷۸,مشکین‌شهر,meshgin-shahr,vehicles,auto
۰۹۱۴۵۹۰۱۸۴۹,مشکین‌شهر,meshgin-shahr,vehicles,auto
۰۹۱۴۵۳۲۹۳۳۷,مشکین‌شهر,meshgin-shahr,vehicles,auto
۰۹۱۰۹۲۴۷۷۱۷,مشکین‌شهر,meshgin-shahr,vehicles,car-accessories
۰۹۰۱۶۰۸۲۶۷۷,مشکین‌شهر,meshgin-shahr,vehicles,car-accessories
۰۹۱۴۱۹۷۴۰۹۳,مشکین‌شهر,meshgin-shahr,vehicles,car-accessories
۰۹۳۰۵۶۲۱۹۰۵,مشکین‌شهر,meshgin-shahr,vehicles,car-accessories
۰۹۱۹۷۱۱۸۷۰۴,مشکین‌شهر,meshgin-shahr,vehicles,car-accessories
۰۹۳۷۶۵۳۱۸۸۲,مشکین‌شهر,meshgin-shahr,vehicles,car-accessories
۰۹۰۵۵۰۲۹۵۷۵,مشکین‌شهر,meshgin-shahr,vehicles,car-accessories
۰۹۳۰۵۰۴۸۴۷۵,مشکین‌شهر,meshgin-shahr,vehicles,car-accessories
۰۹۳۹۹۰۶۶۸۷۸,مشکین‌شهر,meshgin-shahr,vehicles,car-accessories
۰۹۳۹۵۲۶۶۳۳۷,مشکین‌شهر,meshgin-shahr,vehicles,car-accessories
۰۹۳۹۹۰۶۶۸۷۸,مشکین‌شهر,meshgin-shahr,vehicles,car-accessories
۰۹۱۴۶۸۳۹۳۸۸,مشکین‌شهر,meshgin-shahr,vehicles,car-accessories
۰۹۳۵۸۸۳۹۰۹۷,مشکین‌شهر,meshgin-shahr,vehicles,car-accessories
۰۹۳۶۹۸۸۱۲۹۶,مشکین‌شهر,meshgin-shahr,vehicles,car-accessories
۰۹۱۴۵۹۵۵۴۶۵,مشکین‌شهر,meshgin-shahr,vehicles,car-accessories
۰۹۱۴۷۱۱۱۸۷۲,مشکین‌شهر,meshgin-shahr,vehicles,car-accessories
۰۹۰۱۹۴۶۷۰۰۷,مشکین‌شهر,meshgin-shahr,vehicles,car-accessories
۰۹۹۰۶۶۴۷۳۷۷,مشکین‌شهر,meshgin-shahr,vehicles,car-accessories
۰۹۰۲۰۲۴۹۰۸۴,مشکین‌شهر,meshgin-shahr,vehicles,car-accessories
۰۹۳۳۲۷۲۰۳۳۱,مشکین‌شهر,meshgin-shahr,vehicles,car-accessories
۰۹۱۴۴۵۹۴۹۷۵,مشکین‌شهر,meshgin-shahr,vehicles,car-accessories
۰۹۱۴۸۱۹۵۷۳۱,مشکین‌شهر,meshgin-shahr,vehicles,car-accessories
۰۹۳۵۶۱۴۴۴۰۲,مشکین‌شهر,meshgin-shahr,vehicles,car-accessories
۰۹۱۴۷۰۵۷۱۴۳,مشکین‌شهر,meshgin-shahr,vehicles,motorcycles
۰۹۱۴۲۹۵۴۶۲۰,مشکین‌شهر,meshgin-shahr,vehicles,motorcycles
۰۹۱۴۷۴۸۹۹۳۹,مشکین‌شهر,meshgin-shahr,vehicles,motorcycles
۰۹۱۴۳۰۴۵۲۳۲,مشکین‌شهر,meshgin-shahr,electronic-devices,mobile-tablet
۰۹۱۴۳۰۴۵۲۳۲,مشکین‌شهر,meshgin-shahr,electronic-devices,mobile-tablet
۰۹۳۶۴۴۸۷۸۱۹,مشکین‌شهر,meshgin-shahr,electronic-devices,mobile-tablet
۰۹۱۲۶۰۸۸۹۲۱,مشکین‌شهر,meshgin-shahr,electronic-devices,mobile-tablet
۰۹۰۳۵۱۴۲۱۲۴,مشکین‌شهر,meshgin-shahr,electronic-devices,mobile-tablet
(پنهان‌شده؛ چت کنید),مشکین‌شهر,meshgin-shahr,electronic-devices,mobile-tablet
(پنهان‌شده؛ چت کنید),مشکین‌شهر,meshgin-shahr,electronic-devices,mobile-tablet
(پنهان‌شده؛ چت کنید),مشکین‌شهر,meshgin-shahr,electronic-devices,mobile-tablet
۰۹۱۴۵۳۳۰۱۳۶,مشکین‌شهر,meshgin-shahr,electronic-devices,mobile-tablet
۰۹۲۲۲۹۶۹۰۹۹,مشکین‌شهر,meshgin-shahr,electronic-devices,mobile-tablet
۰۹۲۲۲۹۶۹۰۹۹,مشکین‌شهر,meshgin-shahr,electronic-devices,mobile-tablet
۰۹۲۲۲۹۶۹۰۹۹,مشکین‌شهر,meshgin-shahr,electronic-devices,mobile-tablet
۰۹۳۷۰۴۶۹۶۹۱,مشکین‌شهر,meshgin-shahr,electronic-devices,mobile-tablet
۰۹۳۷۱۴۲۵۳۲۵,مشکین‌شهر,meshgin-shahr,electronic-devices,mobile-tablet
(پنهان‌شده؛ چت کنید),مشکین‌شهر,meshgin-shahr,electronic-devices,mobile-tablet
۰۹۱۴۴۵۵۴۲۱۵,مشکین‌شهر,meshgin-shahr,electronic-devices,mobile-tablet
۰۹۱۴۴۵۵۴۲۱۵,مشکین‌شهر,meshgin-shahr,electronic-devices,mobile-tablet
۰۹۳۵۰۷۹۷۶۲۳,مشکین‌شهر,meshgin-shahr,electronic-devices,mobile-tablet
(پنهان‌شده؛ چت کنید),مشکین‌شهر,meshgin-shahr,electronic-devices,mobile-tablet
۰۹۱۹۸۶۰۲۳۸۷,مشکین‌شهر,meshgin-shahr,electronic-devices,mobile-tablet
۰۹۳۹۳۳۵۰۷۱۱,مشکین‌شهر,meshgin-shahr,electronic-devices,mobile-tablet
۰۹۰۱۲۵۰۷۳۹۶,مشکین‌شهر,meshgin-shahr,electronic-devices,mobile-tablet
۰۹۱۴۶۱۱۸۲۷۵,مشکین‌شهر,meshgin-shahr,electronic-devices,mobile-tablet
۰۹۱۴۷۰۴۵۵۱۲,مشکین‌شهر,meshgin-shahr,electronic-devices,mobile-tablet
۰۹۳۷۳۰۴۶۸۸۱,مشکین‌شهر,meshgin-shahr,electronic-devices,mobile-tablet
۰۹۱۴۷۰۶۰۴۰۶,مشکین‌شهر,meshgin-shahr,electronic-devices,mobile-tablet
۰۹۰۳۱۸۴۱۰۲۱,مشکین‌شهر,meshgin-shahr,electronic-devices,mobile-tablet
۰۹۰۱۶۲۸۰۲۳۳,مشکین‌شهر,meshgin-shahr,electronic-devices,mobile-tablet
۰۹۹۱۴۲۰۹۹۷۴,مشکین‌شهر,meshgin-shahr,electronic-devices,mobile-tablet
۰۹۱۴۷۵۱۸۰۰۱,مشکین‌شهر,meshgin-shahr,electronic-devices,mobile-tablet
۰۹۳۹۹۰۶۶۸۷۸,مشکین‌شهر,meshgin-shahr,electronic-devices,mobile-tablet
۰۹۱۹۷۳۹۳۶۹۳,مشکین‌شهر,meshgin-shahr,electronic-devices,mobile-tablet
۰۹۰۳۶۸۱۱۴۳۴,مشکین‌شهر,meshgin-shahr,electronic-devices,mobile-tablet
۰۹۱۲۶۰۳۵۳۸۰,مشکین‌شهر,meshgin-shahr,electronic-devices,mobile-tablet
۰۹۳۳۷۸۸۳۷۳۷,مشکین‌شهر,meshgin-shahr,electronic-devices,mobile-tablet
۰۹۳۰۰۴۴۳۲۶۰,مشکین‌شهر,meshgin-shahr,electronic-devices,mobile-tablet
۰۹۳۳۰۵۵۹۷۴۴,مشکین‌شهر,meshgin-shahr,electronic-devices,mobile-tablet
۰۹۹۰۳۱۲۵۸۴۷,مشکین‌شهر,meshgin-shahr,electronic-devices,mobile-tablet
۰۹۱۴۹۵۴۹۸۱۶,مشکین‌شهر,meshgin-shahr,electronic-devices,mobile-tablet
۰۹۳۹۴۲۱۶۳۷۰,مشکین‌شهر,meshgin-shahr,electronic-devices,mobile-tablet
۰۹۳۹۳۳۵۰۷۱۱,مشکین‌شهر,meshgin-shahr,electronic-devices,mobile-tablet
۰۹۰۵۵۷۳۶۸۷۸,مشکین‌شهر,meshgin-shahr,electronic-devices,mobile-tablet
۰۹۳۳۹۱۴۲۱۹۴,مشکین‌شهر,meshgin-shahr,electronic-devices,mobile-tablet
۰۹۱۴۴۵۹۴۹۷۵,مشکین‌شهر,meshgin-shahr,electronic-devices,mobile-tablet
۰۹۱۴۴۵۵۴۷۰۷,مشکین‌شهر,meshgin-shahr,electronic-devices,mobile-tablet
۰۹۱۹۰۲۱۵۵۴۸,مشکین‌شهر,meshgin-shahr,electronic-devices,computers
۰۹۱۴۲۰۴۱۸۰۸,مشکین‌شهر,meshgin-shahr,electronic-devices,computers
۰۹۱۹۰۲۱۵۵۴۸,مشکین‌شهر,meshgin-shahr,electronic-devices,computers
۰۹۳۸۰۷۳۸۵۸۶,مشکین‌شهر,meshgin-shahr,electronic-devices,computers
۰۹۱۴۷۴۷۶۷۲۱,مشکین‌شهر,meshgin-shahr,electronic-devices,computers
۰۹۱۴۹۹۰۹۰۲۰,مشکین‌شهر,meshgin-shahr,electronic-devices,computers
۰۹۰۱۰۱۰۲۳۹۸,مشکین‌شهر,meshgin-shahr,electronic-devices,computers
۰۹۳۵۳۴۶۷۱۲۶,مشکین‌شهر,meshgin-shahr,electronic-devices,computers
۰۹۲۲۵۲۹۳۳۸۶,مشکین‌شهر,meshgin-shahr,electronic-devices,game-consoles
۰۹۳۳۹۷۳۴۵۷۱,مشکین‌شهر,meshgin-shahr,electronic-devices,game-consoles
(پنهان‌شده؛ چت کنید),مشکین‌شهر,meshgin-shahr,electronic-devices,game-consoles
۰۹۲۲۵۲۹۳۳۸۶,مشکین‌شهر,meshgin-shahr,electronic-devices,game-consoles
۰۹۱۴۷۰۷۳۰۴۸,مشکین‌شهر,meshgin-shahr,electronic-devices,game-consoles
۰۹۰۵۶۵۰۷۶۶۰,مشکین‌شهر,meshgin-shahr,electronic-devices,game-consoles
۰۹۹۱۱۴۷۸۳۵۹,مشکین‌شهر,meshgin-shahr,electronic-devices,video-audio-device
۰۹۱۴۱۹۷۴۰۹۳,مشکین‌شهر,meshgin-shahr,electronic-devices,video-audio-device
۰۹۹۱۳۴۳۵۰۹۳,مشکین‌شهر,meshgin-shahr,electronic-devices,video-audio-device
۰۹۰۱۵۱۵۹۹۶۱,مشکین‌شهر,meshgin-shahr,electronic-devices,video-audio-device
۰۹۱۴۲۹۵۴۶۲۰,مشکین‌شهر,meshgin-shahr,electronic-devices,video-audio-device
۰۹۲۲۳۲۱۳۷۷۵,مشکین‌شهر,meshgin-shahr,electronic-devices,video-audio-device
۰۹۰۱۰۱۸۷۷۱۵,مشکین‌شهر,meshgin-shahr,electronic-devices,video-audio-device
۰۹۱۴۱۹۷۴۰۹۳,مشکین‌شهر,meshgin-shahr,electronic-devices,video-audio-device
۰۹۱۴۱۵۸۶۳۳۱,مشکین‌شهر,meshgin-shahr,electronic-devices,video-audio-device
۰۹۳۹۴۳۶۶۱۴۸,مشکین‌شهر,meshgin-shahr,home-and-kitchen,home-decor-furniture
(پنهان‌شده؛ چت کنید),مشکین‌شهر,meshgin-shahr,home-and-kitchen,home-decor-furniture
(پنهان‌شده؛ چت کنید),مشکین‌شهر,meshgin-shahr,home-and-kitchen,home-decor-furniture
۰۹۱۴۲۸۹۵۸۷۸,مشکین‌شهر,meshgin-shahr,home-and-kitchen,home-decor-furniture
۰۹۲۲۲۱۱۵۶۳۶,مشکین‌شهر,meshgin-shahr,home-and-kitchen,home-decor-furniture
۰۹۱۴۸۸۹۰۸۷۱,مشکین‌شهر,meshgin-shahr,home-and-kitchen,home-decor-furniture
۰۹۱۰۴۰۷۲۵۲۲,مشکین‌شهر,meshgin-shahr,home-and-kitchen,home-decor-furniture
۰۹۰۵۸۲۹۷۸۲۳,مشکین‌شهر,meshgin-shahr,home-and-kitchen,home-decor-furniture
۰۹۳۸۱۹۹۳۱۱۱,مشکین‌شهر,meshgin-shahr,home-and-kitchen,home-decor-furniture
۰۹۱۴۷۰۳۱۶۳۹,مشکین‌شهر,meshgin-shahr,home-and-kitchen,home-decor-furniture
۰۹۱۴۶۲۸۲۳۹۱,مشکین‌شهر,meshgin-shahr,home-and-kitchen,home-decor-furniture
۰۹۱۴۹۶۶۶۵۰۳,مشکین‌شهر,meshgin-shahr,home-and-kitchen,home-decor-furniture
(پنهان‌شده؛ چت کنید),مشکین‌شهر,meshgin-shahr,home-and-kitchen,home-decor-furniture
۰۹۳۶۱۴۲۵۲۵۳,مشکین‌شهر,meshgin-shahr,home-and-kitchen,home-decor-furniture
۰۹۱۴۹۹۰۰۰۷۰,مشکین‌شهر,meshgin-shahr,home-and-kitchen,home-decor-furniture
۰۹۱۴۸۱۹۰۵۱۴,مشکین‌شهر,meshgin-shahr,home-and-kitchen,home-decor-furniture
۰۹۰۲۰۹۰۵۶۲۸,مشکین‌شهر,meshgin-shahr,home-and-kitchen,home-decor-furniture
(پنهان‌شده؛ چت کنید),مشکین‌شهر,meshgin-shahr,home-and-kitchen,home-decor-furniture
۰۹۱۴۷۰۸۵۰۰۶,مشکین‌شهر,meshgin-shahr,home-and-kitchen,home-decor-furniture
۰۹۳۷۴۸۷۳۱۸۳,مشکین‌شهر,meshgin-shahr,home-and-kitchen,home-decor-furniture
(پنهان‌شده؛ چت کنید),مشکین‌شهر,meshgin-shahr,home-and-kitchen,home-decor-furniture
(پنهان‌شده؛ چت کنید),مشکین‌شهر,meshgin-shahr,home-and-kitchen,home-decor-furniture
۰۹۳۸۱۹۹۳۱۱۱,مشکین‌شهر,meshgin-shahr,home-and-kitchen,home-decor-furniture
۰۹۱۴۵۳۴۰۰۵۴,مشکین‌شهر,meshgin-shahr,home-and-kitchen,home-decor-furniture
۰۹۳۵۹۶۸۱۲۱۷,مشکین‌شهر,meshgin-shahr,home-and-kitchen,home-decor-furniture
۰۹۳۵۹۶۸۱۲۱۷,مشکین‌شهر,meshgin-shahr,home-and-kitchen,home-decor-furniture
۰۹۳۹۴۳۶۶۱۴۸,مشکین‌شهر,meshgin-shahr,home-and-kitchen,home-decor-furniture
۰۹۳۹۴۳۶۶۱۴۸,مشکین‌شهر,meshgin-shahr,home-and-kitchen,home-decor-furniture
۰۹۱۴۱۵۹۱۶۵۲,مشکین‌شهر,meshgin-shahr,home-and-kitchen,home-decor-furniture
۰۹۳۹۸۹۴۲۹۱۰,مشکین‌شهر,meshgin-shahr,home-and-kitchen,home-decor-furniture
(پنهان‌شده؛ چت کنید),مشکین‌شهر,meshgin-shahr,home-and-kitchen,home-decor-furniture
(پنهان‌شده؛ چت کنید),مشکین‌شهر,meshgin-shahr,home-and-kitchen,home-decor-furniture
۰۹۳۰۰۴۴۳۲۶۰,مشکین‌شهر,meshgin-shahr,home-and-kitchen,home-decor-furniture
۰۹۱۴۴۵۱۳۰۱۴,مشکین‌شهر,meshgin-shahr,home-and-kitchen,home-decor-furniture
۰۹۱۴۳۵۷۹۴۹۲,مشکین‌شهر,meshgin-shahr,home-and-kitchen,home-decor-furniture
۰۹۱۴۴۵۹۴۹۷۵,مشکین‌شهر,meshgin-shahr,home-and-kitchen,home-decor-furniture
۰۹۳۶۵۶۴۱۸۴۷,مشکین‌شهر,meshgin-shahr,home-and-kitchen,home-decor-furniture
۰۹۰۵۸۵۳۳۰۰۷,مشکین‌شهر,meshgin-shahr,home-and-kitchen,home-decor-furniture
۰۹۱۴۹۸۶۸۳۹۵,مشکین‌شهر,meshgin-shahr,home-and-kitchen,home-decor-furniture
۰۹۱۴۳۲۶۸۵۸۸,مشکین‌شهر,meshgin-shahr,home-and-kitchen,home-decor-furniture
۰۹۳۵۵۰۳۴۴۱۹,مشکین‌شهر,meshgin-shahr,home-and-kitchen,home-decor-furniture
۰۹۳۶۵۶۴۱۸۴۷,مشکین‌شهر,meshgin-shahr,home-and-kitchen,home-decor-furniture
۰۹۳۶۵۶۴۱۸۴۷,مشکین‌شهر,meshgin-shahr,home-and-kitchen,home-decor-furniture
۰۹۱۰۴۰۷۲۵۲۲,مشکین‌شهر,meshgin-shahr,home-and-kitchen,kitchen-appliances
۰۹۳۸۲۹۳۷۰۶۵,مشکین‌شهر,meshgin-shahr,home-and-kitchen,kitchen-appliances
۰۹۰۵۱۵۷۰۲۹۳,مشکین‌شهر,meshgin-shahr,home-and-kitchen,kitchen-appliances
۰۹۰۱۷۴۰۳۱۴۸,مشکین‌شهر,meshgin-shahr,home-and-kitchen,kitchen-appliances
۰۹۰۱۵۱۵۹۹۶۱,مشکین‌شهر,meshgin-shahr,home-and-kitchen,kitchen-appliances
۰۹۲۱۵۰۲۵۶۵۷,مشکین‌شهر,meshgin-shahr,home-and-kitchen,kitchen-appliances
۰۹۳۶۱۱۵۷۰۲۳,مشکین‌شهر,meshgin-shahr,home-and-kitchen,kitchen-appliances
۰۹۳۸۶۱۵۸۵۲۱,مشکین‌شهر,meshgin-shahr,home-and-kitchen,kitchen-appliances
۰۹۳۵۹۶۸۱۲۱۷,مشکین‌شهر,meshgin-shahr,home-and-kitchen,kitchen-appliances
۰۹۳۷۴۱۳۳۳۹۴,مشکین‌شهر,meshgin-shahr,home-and-kitchen,kitchen-appliances
۰۹۹۲۳۱۳۳۹۰۲,مشکین‌شهر,meshgin-shahr,home-and-kitchen,kitchen-appliances
۰۹۱۴۱۵۹۱۶۵۲,مشکین‌شهر,meshgin-shahr,home-and-kitchen,kitchen-appliances
۰۹۱۴۵۲۲۶۸۷۷,مشکین‌شهر,meshgin-shahr,home-and-kitchen,kitchen-appliances
۰۹۳۷۳۷۹۷۲۴۵,مشکین‌شهر,meshgin-shahr,home-and-kitchen,kitchen-appliances
۰۹۳۶۵۶۴۱۸۴۷,مشکین‌شهر,meshgin-shahr,home-and-kitchen,kitchen-appliances
۰۹۰۲۰۳۸۱۱۵۰,مشکین‌شهر,meshgin-shahr,home-and-kitchen,home-appliances
۰۹۳۰۷۷۰۱۲۱۲,مشکین‌شهر,meshgin-shahr,home-and-kitchen,home-appliances
۰۹۰۵۴۱۱۵۴۴۸,مشکین‌شهر,meshgin-shahr,home-and-kitchen,home-appliances
(پنهان‌شده؛ چت کنید),مشکین‌شهر,meshgin-shahr,home-and-kitchen,building-garden
۰۹۱۱۷۴۸۵۲۵۷,مشکین‌شهر,meshgin-shahr,home-and-kitchen,building-garden
۰۹۲۲۱۵۴۳۷۶۷,مشکین‌شهر,meshgin-shahr,home-and-kitchen,building-garden
۰۹۱۴۵۷۰۱۹۵۰,مشکین‌شهر,meshgin-shahr,home-and-kitchen,building-garden
۰۹۹۲۴۵۷۵۱۴۶,مشکین‌شهر,meshgin-shahr,home-and-kitchen,building-garden
۰۹۹۲۴۵۷۵۱۴۶,مشکین‌شهر,meshgin-shahr,home-and-kitchen,building-garden
۰۹۹۲۴۵۷۵۱۴۶,مشکین‌شهر,meshgin-shahr,home-and-kitchen,building-garden
۰۹۹۲۴۵۷۵۱۴۶,مشکین‌شهر,meshgin-shahr,home-and-kitchen,building-garden
۰۹۱۴۶۱۸۹۱۸۱,مشکین‌شهر,meshgin-shahr,home-and-kitchen,building-garden
۰۹۱۴۳۵۷۵۷۸۲,مشکین‌شهر,meshgin-shahr,home-and-kitchen,building-garden
۰۹۱۴۷۵۰۷۹۸۵,مشکین‌شهر,meshgin-shahr,home-and-kitchen,building-garden
۰۹۳۳۳۲۷۹۹۸۳,مشکین‌شهر,meshgin-shahr,services,vehicles-services
۰۹۳۰۴۳۴۱۲۵۱,مشکین‌شهر,meshgin-shahr,services,catering-services
۰۹۳۸۹۵۶۴۸۷۴,مشکین‌شهر,meshgin-shahr,services,technology-services
۰۹۳۸۹۵۶۴۸۷۴,مشکین‌شهر,meshgin-shahr,services,technology-services
۰۹۰۵۴۳۲۹۸۰۶,مشکین‌شهر,meshgin-shahr,services,technology-services
۰۹۳۸۹۵۶۴۸۷۴,مشکین‌شهر,meshgin-shahr,services,technology-services
۰۹۰۵۴۳۲۹۸۰۶,مشکین‌شهر,meshgin-shahr,services,technology-services
۰۹۱۴۴۵۰۰۵۷۲,مشکین‌شهر,meshgin-shahr,services,financial-services
۰۹۱۴۸۱۰۸۸۲۸,مشکین‌شهر,meshgin-shahr,services,financial-services
۰۹۱۴۳۰۴۶۸۳۴,مشکین‌شهر,meshgin-shahr,services,financial-services
۰۹۱۴۵۳۷۹۶۹۸,مشکین‌شهر,meshgin-shahr,services,financial-services
۰۹۳۷۵۸۴۲۷۶۱,مشکین‌شهر,meshgin-shahr,services,transport-logistic-services
۰۹۱۴۳۵۷۵۷۸۲,مشکین‌شهر,meshgin-shahr,services,transport-logistic-services
۰۹۱۴۶۶۲۰۳۴۸,مشکین‌شهر,meshgin-shahr,services,craft-skill-services
۰۹۳۸۷۳۳۴۷۱۲,مشکین‌شهر,meshgin-shahr,services,craft-skill-services
۰۹۰۱۴۰۸۶۸۰۰,مشکین‌شهر,meshgin-shahr,services,craft-skill-services
۰۹۹۰۷۳۷۴۰۷۵,مشکین‌شهر,meshgin-shahr,services,cleaning-services
۰۹۳۹۳۹۵۰۲۴۲,مشکین‌شهر,meshgin-shahr,services,gardening-services
۰۹۱۴۱۵۹۰۳۹۶,مشکین‌شهر,meshgin-shahr,services,teaching-services
۰۹۳۶۶۳۶۰۹۶۴,مشکین‌شهر,meshgin-shahr,services,teaching-services
۰۹۹۸۱۱۳۲۳۴۳,مشکین‌شهر,meshgin-shahr,services,teaching-services
۰۹۳۹۲۶۸۹۱۷۲,مشکین‌شهر,meshgin-shahr,personal-goods,apparel
(پنهان‌شده؛ چت کنید),مشکین‌شهر,meshgin-shahr,personal-goods,apparel
(پنهان‌شده؛ چت کنید),مشکین‌شهر,meshgin-shahr,personal-goods,apparel
۰۹۰۲۳۱۰۱۲۱۵,مشکین‌شهر,meshgin-shahr,personal-goods,apparel
(پنهان‌شده؛ چت کنید),مشکین‌شهر,meshgin-shahr,personal-goods,apparel
۰۹۱۴۴۵۴۲۸۱۷,مشکین‌شهر,meshgin-shahr,personal-goods,apparel
۰۹۰۵۵۹۶۳۷۵۵,مشکین‌شهر,meshgin-shahr,personal-goods,apparel
۰۹۰۵۸۲۹۷۸۲۳,مشکین‌شهر,meshgin-shahr,personal-goods,apparel
۰۹۱۲۶۰۳۵۳۸۰,مشکین‌شهر,meshgin-shahr,personal-goods,apparel
۰۹۱۴۴۵۶۹۶۰۳,مشکین‌شهر,meshgin-shahr,personal-goods,apparel
۰۹۱۴۵۹۵۵۴۲۳,مشکین‌شهر,meshgin-shahr,personal-goods,apparel
۰۹۱۴۶۸۳۵۲۴۰,مشکین‌شهر,meshgin-shahr,personal-goods,apparel
۰۹۹۱۵۲۸۴۶۵۲,مشکین‌شهر,meshgin-shahr,personal-goods,apparel
(پنهان‌شده؛ چت کنید),مشکین‌شهر,meshgin-shahr,personal-goods,apparel
(پنهان‌شده؛ چت کنید),مشکین‌شهر,meshgin-shahr,personal-goods,apparel
(پنهان‌شده؛ چت کنید),مشکین‌شهر,meshgin-shahr,personal-goods,apparel
۰۹۱۴۶۲۸۹۴۴۷,مشکین‌شهر,meshgin-shahr,personal-goods,apparel
۰۹۳۸۱۶۴۵۱۵۱,مشکین‌شهر,meshgin-shahr,personal-goods,apparel
۰۹۳۸۶۸۵۹۲۶۱,مشکین‌شهر,meshgin-shahr,personal-goods,apparel
۰۹۳۹۴۳۶۶۱۴۸,مشکین‌شهر,meshgin-shahr,personal-goods,apparel
۰۹۱۸۴۱۰۲۳۱۷,مشکین‌شهر,meshgin-shahr,personal-goods,apparel
۰۹۳۶۵۰۰۱۳۸۶,مشکین‌شهر,meshgin-shahr,personal-goods,apparel
۰۹۳۸۱۶۴۵۱۵۱,مشکین‌شهر,meshgin-shahr,personal-goods,apparel
۰۹۱۴۹۵۴۹۸۱۶,مشکین‌شهر,meshgin-shahr,personal-goods,apparel
۰۹۱۴۹۵۴۹۸۱۶,مشکین‌شهر,meshgin-shahr,personal-goods,apparel
(پنهان‌شده؛ چت کنید),مشکین‌شهر,meshgin-shahr,personal-goods,apparel
۰۹۰۱۷۴۰۲۳۳۸,مشکین‌شهر,meshgin-shahr,personal-goods,apparel
۰۹۹۱۴۵۳۴۴۸۷,مشکین‌شهر,meshgin-shahr,personal-goods,apparel
۰۹۰۵۶۴۸۳۸۹۹,مشکین‌شهر,meshgin-shahr,personal-goods,apparel
۰۹۱۴۹۵۴۹۸۱۶,مشکین‌شهر,meshgin-shahr,personal-goods,apparel
۰۹۳۷۶۶۹۲۱۳۳,مشکین‌شهر,meshgin-shahr,personal-goods,apparel
۰۹۰۵۵۹۶۳۷۵۵,مشکین‌شهر,meshgin-shahr,personal-goods,apparel
(پنهان‌شده؛ چت کنید),مشکین‌شهر,meshgin-shahr,personal-goods,accessories
(پنهان‌شده؛ چت کنید),مشکین‌شهر,meshgin-shahr,personal-goods,accessories
۰۹۱۴۹۹۰۱۸۴۶,مشکین‌شهر,meshgin-shahr,personal-goods,accessories
۰۹۳۹۴۳۶۶۱۴۸,مشکین‌شهر,meshgin-shahr,personal-goods,accessories
(پنهان‌شده؛ چت کنید),مشکین‌شهر,meshgin-shahr,personal-goods,accessories
(پنهان‌شده؛ چت کنید),مشکین‌شهر,meshgin-shahr,personal-goods,accessories
(پنهان‌شده؛ چت کنید),مشکین‌شهر,meshgin-shahr,personal-goods,accessories
۰۹۳۹۴۳۶۶۱۴۸,مشکین‌شهر,meshgin-shahr,personal-goods,accessories
۰۹۳۹۴۳۶۶۱۴۸,مشکین‌شهر,meshgin-shahr,personal-goods,accessories
۰۹۰۵۰۳۷۵۱۳۶,مشکین‌شهر,meshgin-shahr,personal-goods,accessories
۰۹۳۹۴۳۶۶۱۴۸,مشکین‌شهر,meshgin-shahr,personal-goods,accessories
۰۹۰۳۰۱۴۴۲۲۶,مشکین‌شهر,meshgin-shahr,personal-goods,accessories
۰۹۳۷۴۳۳۹۲۳۲,مشکین‌شهر,meshgin-shahr,personal-goods,accessories
۰۹۳۳۱۵۹۸۵۸۴,مشکین‌شهر,meshgin-shahr,personal-goods,beauty-and-personal-care
۰۹۱۴۵۹۰۹۸۱۱,مشکین‌شهر,meshgin-shahr,personal-goods,beauty-and-personal-care
۰۹۳۰۵۹۱۳۵۵۲,مشکین‌شهر,meshgin-shahr,personal-goods,beauty-and-personal-care
۰۹۳۰۵۹۱۳۵۵۲,مشکین‌شهر,meshgin-shahr,personal-goods,beauty-and-personal-care
۰۹۳۳۱۰۷۹۸۱۰,مشکین‌شهر,meshgin-shahr,personal-goods,child-apparel
۰۹۲۲۵۲۹۳۳۸۶,مشکین‌شهر,meshgin-shahr,personal-goods,child-products
۰۹۱۴۷۵۱۸۳۰۸,مشکین‌شهر,meshgin-shahr,personal-goods,child-products
۰۹۱۲۹۴۵۳۲۱۱,مشکین‌شهر,meshgin-shahr,personal-goods,child-products
۰۹۱۴۸۱۹۰۵۱۴,مشکین‌شهر,meshgin-shahr,personal-goods,child-products
۰۹۳۶۹۱۴۸۸۱۱,مشکین‌شهر,meshgin-shahr,personal-goods,child-products
۰۹۱۴۸۳۹۳۰۶۸,مشکین‌شهر,meshgin-shahr,personal-goods,child-products
۰۹۱۴۲۹۵۴۶۲۰,مشکین‌شهر,meshgin-shahr,personal-goods,child-products
۰۹۱۴۴۵۱۷۴۶۴,مشکین‌شهر,meshgin-shahr,personal-goods,child-products
۰۹۳۸۸۷۷۳۶۹۹,مشکین‌شهر,meshgin-shahr,personal-goods,stationery
۰۹۹۱۸۵۸۴۱۱۹,مشکین‌شهر,meshgin-shahr,personal-goods,stationery
۰۹۱۴۸۰۹۸۶۹۱,مشکین‌شهر,meshgin-shahr,personal-goods,stationery
۰۹۱۴۸۰۹۸۶۹۱,مشکین‌شهر,meshgin-shahr,personal-goods,stationery
۰۹۱۴۶۸۳۱۶۹۹,مشکین‌شهر,meshgin-shahr,personal-goods,stationery
۰۹۱۴۴۹۷۴۹۱۴,مشکین‌شهر,meshgin-shahr,personal-goods,stationery
۰۹۳۶۷۸۰۶۵۳۰,مشکین‌شهر,meshgin-shahr,entertainment,publication
۰۹۱۴۶۲۷۴۳۶۵,مشکین‌شهر,meshgin-shahr,entertainment,publication
۰۹۱۴۴۵۵۴۵۶۹,مشکین‌شهر,meshgin-shahr,entertainment,publication
۰۹۳۳۹۱۱۳۳۳۲,مشکین‌شهر,meshgin-shahr,entertainment,bike-skate-scooter
۰۹۳۷۶۲۵۸۴۶۹,مشکین‌شهر,meshgin-shahr,entertainment,bike-skate-scooter
۰۹۲۱۹۷۱۳۷۵۳,مشکین‌شهر,meshgin-shahr,entertainment,bike-skate-scooter
۰۹۹۱۱۴۵۷۷۰۵,مشکین‌شهر,meshgin-shahr,entertainment,pets-animals
۰۹۳۸۰۳۶۱۷۶۹,مشکین‌شهر,meshgin-shahr,entertainment,pets-animals
۰۹۱۴۳۵۸۹۶۳۳,مشکین‌شهر,meshgin-shahr,entertainment,pets-animals
۰۹۱۴۹۳۱۶۸۱۰,مشکین‌شهر,meshgin-shahr,entertainment,pets-animals
۰۹۰۵۵۷۸۶۸۲۳,مشکین‌شهر,meshgin-shahr,entertainment,pets-animals
۰۹۳۷۹۱۲۲۳۲۲,مشکین‌شهر,meshgin-shahr,entertainment,pets-animals
۰۹۳۸۸۸۴۸۳۹۴,مشکین‌شهر,meshgin-shahr,entertainment,pets-animals
۰۹۱۴۴۵۷۵۸۸۱,مشکین‌شهر,meshgin-shahr,entertainment,pets-animals
۰۹۱۴۲۰۴۱۸۰۸,مشکین‌شهر,meshgin-shahr,entertainment,pets-animals
۰۹۱۴۱۵۹۶۵۶۷,مشکین‌شهر,meshgin-shahr,entertainment,pets-animals
۰۹۳۷۴۹۰۹۲۱۸,مشکین‌شهر,meshgin-shahr,entertainment,pets-animals
۰۹۱۴۷۰۶۳۲۰۲,مشکین‌شهر,meshgin-shahr,entertainment,pets-animals
۰۹۱۴۴۵۶۵۵۸۴,مشکین‌شهر,meshgin-shahr,entertainment,pets-animals
۰۹۰۵۷۳۶۳۷۶۱,مشکین‌شهر,meshgin-shahr,entertainment,pets-animals
۰۹۰۱۸۰۷۸۵۵۲,مشکین‌شهر,meshgin-shahr,entertainment,pets-animals
۰۹۱۰۹۵۶۹۸۱۹,مشکین‌شهر,meshgin-shahr,entertainment,pets-animals
۰۹۳۷۴۹۰۹۲۱۸,مشکین‌شهر,meshgin-shahr,entertainment,pets-animals
۰۹۳۵۶۷۱۷۵۸۷,مشکین‌شهر,meshgin-shahr,entertainment,pets-animals
۰۹۰۲۸۱۳۲۳۱۱,مشکین‌شهر,meshgin-shahr,entertainment,pets-animals
(پنهان‌شده؛ چت کنید),مشکین‌شهر,meshgin-shahr,entertainment,pets-animals
۰۹۳۰۴۸۵۹۸۶۷,مشکین‌شهر,meshgin-shahr,entertainment,pets-animals
۰۹۳۰۴۸۵۹۸۶۷,مشکین‌شهر,meshgin-shahr,entertainment,pets-animals
۰۹۹۰۹۴۷۰۷۶۱,مشکین‌شهر,meshgin-shahr,entertainment,pets-animals
۰۹۱۰۹۵۶۹۸۱۹,مشکین‌شهر,meshgin-shahr,entertainment,pets-animals
(پنهان‌شده؛ چت کنید),مشکین‌شهر,meshgin-shahr,entertainment,pets-animals
۰۹۰۱۹۶۸۹۰۰۹,مشکین‌شهر,meshgin-shahr,entertainment,pets-animals
(پنهان‌شده؛ چت کنید),مشکین‌شهر,meshgin-shahr,entertainment,pets-animals
۰۹۳۸۹۵۱۸۸۶۹,مشکین‌شهر,meshgin-shahr,entertainment,pets-animals
۰۹۳۷۹۴۶۷۶۳۵,مشکین‌شهر,meshgin-shahr,entertainment,pets-animals
۰۹۹۱۰۷۷۹۷۹۱,مشکین‌شهر,meshgin-shahr,entertainment,pets-animals
۰۹۰۲۱۵۱۷۱۷۶,مشکین‌شهر,meshgin-shahr,entertainment,pets-animals
۰۹۹۲۷۹۰۸۹۱۶,مشکین‌شهر,meshgin-shahr,entertainment,pets-animals
۰۹۳۶۵۵۱۰۲۶۷,مشکین‌شهر,meshgin-shahr,entertainment,pets-animals
۰۹۰۱۳۷۳۷۴۰۱,مشکین‌شهر,meshgin-shahr,entertainment,pets-animals
۰۹۱۴۴۵۷۰۵۱۱,مشکین‌شهر,meshgin-shahr,entertainment,pets-animals
۰۹۹۲۸۶۴۹۸۳۴,مشکین‌شهر,meshgin-shahr,entertainment,pets-animals
۰۹۰۲۶۰۲۹۲۲۲,مشکین‌شهر,meshgin-shahr,entertainment,pets-animals
۰۹۱۱۹۸۲۸۲۳۶,مشکین‌شهر,meshgin-shahr,entertainment,pets-animals
۰۹۱۰۵۹۱۵۹۰۹,مشکین‌شهر,meshgin-shahr,entertainment,pets-animals
۰۹۳۰۰۲۳۲۵۲۲,مشکین‌شهر,meshgin-shahr,entertainment,pets-animals
۰۹۳۵۷۸۶۷۲۷۴,مشکین‌شهر,meshgin-shahr,entertainment,pets-animals
۰۹۰۵۵۸۸۱۲۷۵,مشکین‌شهر,meshgin-shahr,entertainment,musical-instruments
۰۹۱۰۹۸۰۷۴۵۷,مشکین‌شهر,meshgin-shahr,entertainment,musical-instruments
۰۹۳۰۶۱۴۵۹۰۰,مشکین‌شهر,meshgin-shahr,entertainment,musical-instruments
۰۹۱۰۹۸۰۷۴۵۷,مشکین‌شهر,meshgin-shahr,entertainment,musical-instruments
(پنهان‌شده؛ چت کنید),مشکین‌شهر,meshgin-shahr,entertainment,sport-entertainment
۰۹۱۴۸۳۹۳۰۶۸,مشکین‌شهر,meshgin-shahr,entertainment,sport-entertainment
۰۹۱۴۴۵۷۵۸۸۱,مشکین‌شهر,meshgin-shahr,entertainment,sport-entertainment
(پنهان‌شده؛ چت کنید),مشکین‌شهر,meshgin-shahr,entertainment,sport-entertainment
۰۹۰۱۳۷۳۷۴۰۱,مشکین‌شهر,meshgin-shahr,entertainment,sport-entertainment
۰۹۱۴۸۳۹۳۰۶۸,مشکین‌شهر,meshgin-shahr,entertainment,sport-entertainment
۰۹۹۲۷۷۵۷۸۴۳,مشکین‌شهر,meshgin-shahr,social-services,event
۰۹۹۲۸۶۷۹۲۶۳,مشکین‌شهر,meshgin-shahr,social-services,event
۰۹۱۸۹۰۷۸۶۸۹,مشکین‌شهر,meshgin-shahr,social-services,event
(پنهان‌شده؛ چت کنید),مشکین‌شهر,meshgin-shahr,social-services,voluntary
۰۹۱۰۴۳۵۶۳۴۹,مشکین‌شهر,meshgin-shahr,social-services,missing
۰۹۱۴۱۵۹۱۸۸۷,مشکین‌شهر,meshgin-shahr,businesses,business-equipment
۰۹۳۶۶۹۶۰۷۶۷,مشکین‌شهر,meshgin-shahr,businesses,business-equipment
۰۹۹۹۱۴۰۸۹۵۵,مشکین‌شهر,meshgin-shahr,businesses,business-equipment
۰۹۳۵۷۱۲۵۲۸۸,مشکین‌شهر,meshgin-shahr,businesses,business-equipment
۰۹۱۹۰۱۶۷۷۱۸,مشکین‌شهر,meshgin-shahr,businesses,business-equipment
۰۹۱۹۰۱۶۷۷۱۸,مشکین‌شهر,meshgin-shahr,businesses,business-equipment
۰۹۱۴۱۵۵۴۷۹۷,مشکین‌شهر,meshgin-shahr,businesses,business-equipment
۰۹۱۴۵۹۲۹۱۲۱,مشکین‌شهر,meshgin-shahr,businesses,business-equipment
۰۹۳۸۲۶۹۴۶۶۹,مشکین‌شهر,meshgin-shahr,businesses,business-equipment
۰۹۱۵۶۶۶۶۰۷۳,مشکین‌شهر,meshgin-shahr,businesses,business-equipment
۰۹۳۹۵۲۶۶۳۳۷,مشکین‌شهر,meshgin-shahr,businesses,business-equipment
۰۹۳۵۶۵۱۶۱۸۶,مشکین‌شهر,meshgin-shahr,businesses,business-equipment
۰۹۳۵۶۵۱۶۱۸۶,مشکین‌شهر,meshgin-shahr,businesses,business-equipment
۰۹۰۵۸۱۶۵۹۵۵,مشکین‌شهر,meshgin-shahr,businesses,business-equipment
۰۹۳۸۱۸۹۹۴۲۵,مشکین‌شهر,meshgin-shahr,businesses,business-equipment
۰۹۹۲۴۹۱۰۹۸۳,مشکین‌شهر,meshgin-shahr,businesses,business-equipment
۰۹۳۶۹۷۳۸۲۰۰,مشکین‌شهر,meshgin-shahr,businesses,business-equipment
۰۹۰۵۵۹۴۲۰۸۷,مشکین‌شهر,meshgin-shahr,businesses,business-equipment
۰۹۰۲۰۵۵۲۲۶۴,مشکین‌شهر,meshgin-shahr,businesses,business-equipment
۰۹۰۲۰۵۵۲۲۵۰,مشکین‌شهر,meshgin-shahr,businesses,business-equipment
۰۹۹۲۴۷۳۷۵۱۷,مشکین‌شهر,meshgin-shahr,businesses,business-equipment
۰۹۹۲۴۹۸۶۹۹۴,مشکین‌شهر,meshgin-shahr,businesses,business-equipment
۰۹۱۴۲۰۴۱۸۰۸,مشکین‌شهر,meshgin-shahr,businesses,business-equipment
۰۹۱۴۸۴۹۷۹۷۰,مشکین‌شهر,meshgin-shahr,businesses,business-equipment
۰۹۱۹۴۱۵۰۳۴۹,مشکین‌شهر,meshgin-shahr,businesses,business-equipment
۰۹۰۵۵۸۱۹۱۶۵,مشکین‌شهر,meshgin-shahr,businesses,business-equipment
۰۹۹۲۴۹۶۹۱۴۴,مشکین‌شهر,meshgin-shahr,businesses,business-equipment
۰۹۱۴۱۵۱۳۷۳۵,مشکین‌شهر,meshgin-shahr,businesses,business-equipment
۰۹۳۸۷۴۱۵۸۵۵,مشکین‌شهر,meshgin-shahr,businesses,business-equipment
۰۹۹۹۱۴۰۲۹۸۶,مشکین‌شهر,meshgin-shahr,businesses,business-equipment
۰۹۹۰۵۶۳۱۷۰۵,مشکین‌شهر,meshgin-shahr,businesses,business-equipment
۰۹۱۴۹۵۳۳۳۱۶,مشکین‌شهر,meshgin-shahr,businesses,business-equipment
۰۹۳۵۳۴۶۷۱۲۶,مشکین‌شهر,meshgin-shahr,businesses,business-equipment
۰۹۳۳۵۱۹۲۷۴۰,مشکین‌شهر,meshgin-shahr,businesses,business-equipment
۰۹۱۴۸۴۵۴۵۸۳,مشکین‌شهر,meshgin-shahr,businesses,business-equipment
۰۹۱۴۹۸۶۳۳۷۳,مشکین‌شهر,meshgin-shahr,businesses,business-equipment
۰۹۲۲۹۵۶۵۱۷۳,مشکین‌شهر,meshgin-shahr,businesses,business-equipment
۰۹۲۲۹۵۶۵۱۲۷,مشکین‌شهر,meshgin-shahr,businesses,business-equipment
۰۹۱۹۸۶۰۱۶۹۶,مشکین‌شهر,meshgin-shahr,businesses,wholesale
۰۹۱۴۷۰۳۱۶۳۹,مشکین‌شهر,meshgin-shahr,businesses,wholesale
۰۹۳۸۱۹۷۸۸۶۷,مشکین‌شهر,meshgin-shahr,businesses,wholesale
۰۹۳۸۷۲۶۹۷۵۰,مشکین‌شهر,meshgin-shahr,businesses,wholesale
۰۹۰۵۸۱۹۶۰۲۸,مشکین‌شهر,meshgin-shahr,businesses,wholesale
۰۹۰۲۸۱۳۲۳۹۱,مشکین‌شهر,meshgin-shahr,businesses,wholesale
۰۹۲۲۵۱۴۷۶۹۲,مشکین‌شهر,meshgin-shahr,businesses,wholesale
۰۹۳۰۴۳۲۰۷۵۸,مشکین‌شهر,meshgin-shahr,businesses,wholesale
۰۹۲۲۵۰۵۲۶۷۱,مشکین‌شهر,meshgin-shahr,businesses,wholesale
۰۹۳۸۱۶۰۸۲۷۳,مشکین‌شهر,meshgin-shahr,businesses,wholesale
۰۹۱۴۸۰۴۸۴۹۴,مشکین‌شهر,meshgin-shahr,businesses,wholesale
۰۹۱۴۹۸۶۳۵۴۷,مشکین‌شهر,meshgin-shahr,businesses,wholesale
۰۹۳۷۴۹۰۹۲۱۸,مشکین‌شهر,meshgin-shahr,businesses,wholesale
۰۹۱۴۵۳۹۲۳۸۵,مشکین‌شهر,meshgin-shahr,businesses,wholesale
۰۹۱۴۱۵۸۵۸۴۰,مشکین‌شهر,meshgin-shahr,businesses,wholesale
۰۹۳۰۹۶۳۳۹۱۷,مشکین‌شهر,meshgin-shahr,businesses,wholesale
۰۹۹۲۷۶۸۳۵۰۹,مشکین‌شهر,meshgin-shahr,businesses,wholesale
۰۹۱۴۰۰۵۱۴۱۲,مشکین‌شهر,meshgin-shahr,businesses,wholesale
۰۹۰۵۶۴۸۳۸۹۹,مشکین‌شهر,meshgin-shahr,businesses,wholesale
۰۹۱۴۹۸۶۳۵۴۷,مشکین‌شهر,meshgin-shahr,businesses,wholesale
۰۹۳۳۴۷۴۸۱۵۱,مشکین‌شهر,meshgin-shahr,businesses,wholesale
۰۹۱۴۷۰۵۷۰۶۳,مشکین‌شهر,meshgin-shahr,businesses,wholesale
۰۹۳۷۰۴۶۹۶۹۱,مشکین‌شهر,meshgin-shahr,businesses,wholesale
۰۹۳۸۷۴۱۵۸۵۵,مشکین‌شهر,meshgin-shahr,businesses,wholesale
۰۹۱۴۲۳۵۱۷۴۴,مشکین‌شهر,meshgin-shahr,businesses,wholesale
۰۹۳۸۰۴۲۴۹۵۶,مشکین‌شهر,meshgin-shahr,businesses,wholesale
۰۹۳۹۰۷۹۲۷۸۹,مشکین‌شهر,meshgin-shahr,businesses,wholesale
۰۹۱۴۴۵۰۵۲۸۳,مشکین‌شهر,meshgin-shahr,businesses,wholesale
۰۹۹۲۸۲۶۰۷۷۵,مشکین‌شهر,meshgin-shahr,businesses,wholesale
۰۹۱۴۵۷۰۱۹۵۰,مشکین‌شهر,meshgin-shahr,businesses,wholesale
۰۹۹۱۴۵۹۱۷۵۸,مشکین‌شهر,meshgin-shahr,businesses,wholesale
۰۹۹۱۴۵۹۱۷۵۸,مشکین‌شهر,meshgin-shahr,businesses,wholesale
۰۹۹۱۴۵۹۱۷۵۸,مشکین‌شهر,meshgin-shahr,businesses,wholesale
۰۹۳۶۹۹۷۳۵۵۴,مشکین‌شهر,meshgin-shahr,businesses,wholesale
۰۹۱۴۱۵۸۶۸۷۷,مشکین‌شهر,meshgin-shahr,businesses,wholesale
۰۹۹۱۴۵۳۴۴۸۹,مشکین‌شهر,meshgin-shahr,businesses,wholesale
