۰۹۱۲۶۳۳۳۳۲۵,میانه,mianeh,real-estate,buy-residential
۰۹۱۴۹۲۳۸۷۱۱,میانه,mianeh,real-estate,buy-residential
۰۹۱۲۲۶۵۴۶۵۱,میانه,mianeh,real-estate,buy-residential
۰۹۱۴۹۲۳۸۷۱۱,میانه,mianeh,real-estate,buy-residential
۰۹۱۵۳۲۵۰۹۵۶,میانه,mianeh,real-estate,buy-residential
۰۹۱۴۶۹۰۸۶۸۹,میانه,mianeh,real-estate,buy-residential
۰۹۱۴۳۲۳۸۶۸۴,میانه,mianeh,real-estate,buy-residential
۰۹۲۱۹۲۷۶۵۰۷,میانه,mianeh,real-estate,buy-residential
۰۹۱۰۵۷۳۶۵۳۹,میانه,mianeh,real-estate,buy-residential
۰۹۱۲۶۷۹۴۰۰۸,میانه,mianeh,real-estate,buy-residential
۰۹۰۳۷۳۰۶۸۵۲,میانه,mianeh,real-estate,buy-residential
۰۹۳۷۵۰۸۴۵۴۲,میانه,mianeh,real-estate,buy-residential
۰۹۲۲۵۶۱۴۹۲۵,میانه,mianeh,real-estate,buy-residential
۰۹۹۲۳۰۶۴۷۶۷,میانه,mianeh,real-estate,buy-residential
۰۹۱۶۸۶۵۴۱۳۳,میانه,mianeh,real-estate,buy-residential
۰۹۱۰۴۰۲۰۴۲۱,میانه,mianeh,real-estate,buy-residential
۰۹۱۰۵۷۳۶۵۳۹,میانه,mianeh,real-estate,buy-residential
۰۹۳۶۲۰۱۷۷۷۲,میانه,mianeh,real-estate,buy-residential
۰۹۳۶۲۰۱۷۷۷۲,میانه,mianeh,real-estate,buy-residential
۰۹۹۰۶۳۴۴۶۲۱,میانه,mianeh,real-estate,buy-residential
۰۹۱۴۵۶۷۹۷۵۸,میانه,mianeh,real-estate,buy-residential
۰۹۱۴۹۰۷۲۷۵۰,میانه,mianeh,real-estate,buy-residential
۰۹۱۴۸۴۸۵۹۲۳,میانه,mianeh,real-estate,buy-residential
۰۹۰۱۶۴۱۲۴۵۴,میانه,mianeh,real-estate,buy-residential
۰۹۱۴۶۱۲۱۹۲۳,میانه,mianeh,real-estate,buy-residential
۰۹۱۲۰۴۰۶۶۱۸,میانه,mianeh,real-estate,buy-residential
۰۹۱۴۶۷۴۴۰۲۸,میانه,mianeh,real-estate,buy-residential
۰۹۱۹۶۷۹۴۶۸۲,میانه,mianeh,real-estate,buy-residential
۰۹۱۴۸۲۹۴۰۶۹,میانه,mianeh,real-estate,buy-residential
۰۹۱۴۴۱۱۸۷۲۲,میانه,mianeh,real-estate,buy-residential
۰۹۱۴۶۸۹۹۶۵۵,میانه,mianeh,real-estate,buy-residential
۰۹۱۲۶۹۱۱۳۵۶,میانه,mianeh,real-estate,buy-residential
۰۹۱۴۱۲۵۷۷۲۶,میانه,mianeh,real-estate,buy-residential
۰۹۱۴۴۲۰۰۳۴۷,میانه,mianeh,real-estate,buy-residential
۰۹۳۷۳۰۵۹۱۶۲,میانه,mianeh,real-estate,buy-residential
۰۹۱۴۸۴۸۵۹۲۳,میانه,mianeh,real-estate,buy-residential
۰۹۱۴۸۴۸۵۹۲۳,میانه,mianeh,real-estate,buy-residential
۰۹۱۲۹۴۸۱۹۹۰,میانه,mianeh,real-estate,buy-residential
۰۹۲۱۹۴۸۵۷۶۳,میانه,mianeh,real-estate,buy-residential
۰۹۱۹۶۶۰۸۰۵۱,میانه,mianeh,real-estate,buy-residential
۰۹۱۴۴۲۴۴۶۱۸,میانه,mianeh,real-estate,buy-residential
۰۹۱۴۴۲۴۴۶۱۸,میانه,mianeh,real-estate,buy-residential
۰۹۱۴۱۲۵۴۳۷۳,میانه,mianeh,real-estate,buy-residential
۰۹۱۰۰۲۵۵۸۲۲,میانه,mianeh,real-estate,buy-residential
۰۹۲۲۷۴۳۴۱۷۷,میانه,mianeh,real-estate,buy-residential
۰۹۱۴۷۵۶۶۴۹۴,میانه,mianeh,real-estate,buy-residential
۰۹۳۳۲۹۸۳۴۵۵,میانه,mianeh,real-estate,buy-residential
۰۹۱۴۴۲۳۶۸۶۵,میانه,mianeh,real-estate,buy-residential
۰۹۱۴۷۳۸۶۲۹۱,میانه,mianeh,real-estate,buy-residential
۰۹۱۴۳۵۲۴۸۶۸,میانه,mianeh,real-estate,buy-residential
۰۹۰۲۴۸۱۴۱۸۰,میانه,mianeh,real-estate,buy-residential
۰۹۰۲۴۸۱۴۱۸۰,میانه,mianeh,real-estate,buy-residential
۰۹۳۸۱۲۸۹۹۴۸,میانه,mianeh,real-estate,buy-residential
۰۹۱۴۵۸۵۲۱۷۷,میانه,mianeh,real-estate,buy-residential
۰۹۱۴۸۴۸۵۹۲۳,میانه,mianeh,real-estate,buy-residential
۰۹۳۹۹۹۰۷۱۰۸,میانه,mianeh,real-estate,buy-residential
۰۹۱۴۴۲۳۰۸۳۶,میانه,mianeh,real-estate,buy-residential
۰۹۳۶۸۸۱۸۵۸۴,میانه,mianeh,real-estate,buy-residential
۰۹۱۴۷۳۴۸۲۲۶,میانه,mianeh,real-estate,buy-residential
۰۹۱۴۷۳۴۸۲۲۶,میانه,mianeh,real-estate,buy-residential
۰۹۱۴۸۴۸۵۹۲۳,میانه,mianeh,real-estate,buy-residential
۰۹۳۷۲۱۹۹۵۸۱,میانه,mianeh,real-estate,buy-residential
۰۹۱۲۳۳۷۵۹۰۵,میانه,mianeh,real-estate,buy-residential
۰۹۰۱۴۸۸۶۶۵۹,میانه,mianeh,real-estate,buy-residential
۰۹۱۲۶۷۸۹۴۱۱,میانه,mianeh,real-estate,rent-residential
۰۹۰۳۶۹۴۳۹۶۷,میانه,mianeh,real-estate,rent-residential
۰۹۱۱۷۲۶۸۲۱۰,میانه,mianeh,real-estate,rent-residential
۰۹۱۴۲۴۱۹۲۱۸,میانه,mianeh,real-estate,buy-commercial-property
۰۹۱۴۹۹۷۵۰۲۳,میانه,mianeh,real-estate,buy-commercial-property
۰۹۰۱۱۲۸۸۵۰۰,میانه,mianeh,real-estate,buy-commercial-property
۰۹۱۴۴۲۳۶۱۴۰,میانه,mianeh,real-estate,buy-commercial-property
۰۹۱۴۵۰۵۹۴۰۰,میانه,mianeh,real-estate,buy-commercial-property
۰۹۱۴۸۴۸۵۹۲۳,میانه,mianeh,real-estate,buy-commercial-property
۰۹۳۵۶۳۶۲۸۵۱,میانه,mianeh,real-estate,buy-commercial-property
۰۹۱۴۴۲۳۴۴۷۵,میانه,mianeh,real-estate,buy-commercial-property
۰۹۳۷۹۰۶۶۰۵۴,میانه,mianeh,real-estate,buy-commercial-property
۰۹۱۴۹۰۳۰۰۶۹,میانه,mianeh,real-estate,buy-commercial-property
۰۹۱۴۴۲۳۰۸۳۶,میانه,mianeh,real-estate,buy-commercial-property
۰۹۱۴۸۴۸۵۹۲۳,میانه,mianeh,real-estate,buy-commercial-property
۰۹۱۴۳۰۹۸۹۳۲,میانه,mianeh,real-estate,buy-commercial-property
۰۹۱۴۲۵۴۹۱۷۸,میانه,mianeh,real-estate,buy-commercial-property
۰۹۳۳۳۷۳۸۶۳۹,میانه,mianeh,real-estate,buy-commercial-property
۰۹۱۴۴۲۳۵۰۰۸,میانه,mianeh,real-estate,buy-commercial-property
۰۹۰۳۲۰۲۳۶۱۰,میانه,mianeh,real-estate,buy-commercial-property
۰۹۱۴۹۲۳۴۷۶۲,میانه,mianeh,real-estate,buy-commercial-property
۰۹۱۴۶۱۷۲۴۰۷,میانه,mianeh,real-estate,rent-commercial-property
۰۹۱۴۱۲۳۱۱۷۴,میانه,mianeh,real-estate,rent-commercial-property
۰۹۳۸۹۷۴۳۶۳۹,میانه,mianeh,real-estate,rent-commercial-property
۰۹۳۷۷۳۷۲۸۶۳,میانه,mianeh,real-estate,rent-commercial-property
۰۹۹۰۱۲۲۷۲۵۳,میانه,mianeh,real-estate,rent-commercial-property
۰۹۱۴۴۲۳۷۸۰۲,میانه,mianeh,real-estate,rent-commercial-property
۰۹۰۵۰۲۱۹۵۴۴,میانه,mianeh,real-estate,rent-commercial-property
۰۹۱۲۶۹۰۳۱۵۰,میانه,mianeh,real-estate,rent-commercial-property
۰۹۱۲۰۴۰۵۳۲۹,میانه,mianeh,real-estate,rent-commercial-property
۰۹۰۲۷۶۹۰۸۷۱,میانه,mianeh,real-estate,rent-commercial-property
۰۹۱۴۹۲۴۰۸۶۱,میانه,mianeh,real-estate,rent-commercial-property
۰۹۱۹۹۶۷۷۳۶۴,میانه,mianeh,real-estate,rent-temporary
۰۹۱۲۹۴۸۱۹۹۰,میانه,mianeh,real-estate,real-estate-services
۰۹۳۰۳۹۰۴۷۴۱,میانه,mianeh,real-estate,real-estate-services
۰۹۱۱۱۳۵۵۸۲۳,میانه,mianeh,real-estate,real-estate-services
۰۹۱۴۰۰۶۱۸۵۳,میانه,mianeh,vehicles,auto
۰۹۱۴۶۹۹۳۲۶۷,میانه,mianeh,vehicles,auto
۰۹۰۵۰۴۹۵۳۹۹,میانه,mianeh,vehicles,auto
۰۹۱۴۷۸۹۹۰۵۶,میانه,mianeh,vehicles,auto
۰۹۱۲۰۳۶۶۶۵۴,میانه,mianeh,vehicles,auto
۰۹۳۵۶۳۳۹۱۹۵,میانه,mianeh,vehicles,auto
۰۹۱۲۳۲۰۷۲۷۷,میانه,mianeh,vehicles,auto
۰۹۱۴۹۲۳۲۱۲۷,میانه,mianeh,vehicles,auto
۰۹۱۴۳۲۴۷۰۷۳,میانه,mianeh,vehicles,auto
۰۹۱۴۸۵۰۶۵۴۰,میانه,mianeh,vehicles,auto
۰۹۱۴۶۶۲۲۳۲۶,میانه,mianeh,vehicles,auto
۰۹۱۴۳۲۳۷۵۰۴,میانه,mianeh,vehicles,auto
۰۹۱۴۸۶۱۳۶۰۵,میانه,mianeh,vehicles,auto
۰۹۳۳۸۱۶۰۸۳۸,میانه,mianeh,vehicles,auto
۰۹۱۲۸۰۰۱۶۶۲,میانه,mianeh,vehicles,auto
۰۹۱۴۶۹۵۰۵۲۲,میانه,mianeh,vehicles,auto
۰۹۱۹۵۹۵۶۶۰۸,میانه,mianeh,vehicles,auto
۰۹۱۴۹۰۶۳۹۷۶,میانه,mianeh,vehicles,auto
۰۹۰۱۷۹۳۷۳۲۷,میانه,mianeh,vehicles,auto
۰۹۱۴۶۰۲۱۲۶۳,میانه,mianeh,vehicles,auto
۰۹۱۴۴۲۳۲۷۷۳,میانه,mianeh,vehicles,auto
۰۹۱۴۴۲۳۲۷۷۳,میانه,mianeh,vehicles,auto
۰۹۱۴۲۲۷۶۷۵۷,میانه,mianeh,vehicles,auto
۰۹۱۴۳۲۳۳۹۲۰,میانه,mianeh,vehicles,auto
۰۹۱۴۷۸۴۲۴۶۹,میانه,mianeh,vehicles,auto
۰۹۱۴۹۲۳۶۹۰۲,میانه,mianeh,vehicles,auto
۰۹۱۴۹۰۷۰۵۸۸,میانه,mianeh,vehicles,auto
۰۹۱۴۲۵۶۲۶۱۶,میانه,mianeh,vehicles,auto
۰۹۱۴۴۲۳۵۹۰۳,میانه,mianeh,vehicles,auto
۰۹۱۴۳۲۳۹۱۱۶,میانه,mianeh,vehicles,auto
۰۹۹۱۷۸۱۶۶۸۴,میانه,mianeh,vehicles,auto
۰۹۱۴۴۲۳۹۷۵۲,میانه,mianeh,vehicles,auto
۰۹۱۴۹۲۳۷۰۱۸,میانه,mianeh,vehicles,auto
۰۹۹۱۱۳۴۶۷۶۰,میانه,mianeh,vehicles,auto
۰۹۱۴۴۲۴۹۴۶۵,میانه,mianeh,vehicles,auto
۰۹۱۰۶۹۴۹۶۸۱,میانه,mianeh,vehicles,auto
۰۹۱۰۶۹۴۹۶۸۱,میانه,mianeh,vehicles,auto
۰۹۱۴۸۴۸۰۱۴۷,میانه,mianeh,vehicles,auto
۰۹۱۴۸۴۸۰۱۴۷,میانه,mianeh,vehicles,auto
۰۹۱۴۸۴۸۰۱۴۷,میانه,mianeh,vehicles,auto
۰۹۱۴۵۶۶۲۸۱۸,میانه,mianeh,vehicles,auto
۰۹۹۱۱۳۴۶۷۶۰,میانه,mianeh,vehicles,auto
۰۹۱۴۹۲۴۰۴۳۰,میانه,mianeh,vehicles,auto
۰۹۱۴۷۳۸۹۶۴۴,میانه,mianeh,vehicles,auto
۰۹۱۴۶۶۲۳۰۲۲,میانه,mianeh,vehicles,auto
۰۹۱۴۶۸۹۱۸۱۶,میانه,mianeh,vehicles,auto
۰۹۱۴۴۲۳۲۳۶۸,میانه,mianeh,vehicles,auto
۰۹۱۹۱۶۳۹۵۶۶,میانه,mianeh,vehicles,auto
۰۹۳۵۵۸۰۸۸۵۳,میانه,mianeh,vehicles,auto
۰۹۱۲۸۵۷۵۳۴۱,میانه,mianeh,vehicles,auto
۰۹۱۴۳۲۳۳۶۴۹,میانه,mianeh,vehicles,auto
۰۹۱۰۰۴۴۰۷۲۸,میانه,mianeh,vehicles,auto
۰۹۰۱۲۴۶۷۸۷۹,میانه,mianeh,vehicles,auto
۰۹۰۳۷۳۰۶۸۵۲,میانه,mianeh,vehicles,auto
۰۹۱۴۱۲۴۸۷۹۸,میانه,mianeh,vehicles,auto
۰۹۱۲۵۱۳۳۳۲۹,میانه,mianeh,vehicles,auto
۰۹۱۴۹۲۳۲۸۰۲,میانه,mianeh,vehicles,auto
۰۹۱۴۴۲۳۹۸۱۹,میانه,mianeh,vehicles,auto
۰۹۳۷۳۳۳۹۷۸۰,میانه,mianeh,vehicles,auto
۰۹۱۴۹۲۳۹۵۶۹,میانه,mianeh,vehicles,auto
۰۹۰۳۸۵۴۵۷۰۳,میانه,mianeh,vehicles,auto
۰۹۹۲۰۵۸۶۷۱۸,میانه,mianeh,vehicles,auto
۰۹۱۴۸۵۲۶۰۴۳,میانه,mianeh,vehicles,auto
۰۹۱۴۴۲۳۲۳۴۰,میانه,mianeh,vehicles,auto
۰۹۱۴۷۹۷۷۲۱۲,میانه,mianeh,vehicles,auto
۰۹۱۴۳۲۳۰۴۳۷,میانه,mianeh,vehicles,auto
۰۹۱۴۲۵۶۲۶۱۶,میانه,mianeh,vehicles,car-accessories
۰۹۳۵۹۶۵۵۷۴۲,میانه,mianeh,vehicles,car-accessories
۰۹۱۴۹۲۳۲۲۷۰,میانه,mianeh,vehicles,car-accessories
۰۹۰۵۵۱۱۸۳۵۴,میانه,mianeh,vehicles,car-accessories
۰۹۱۲۰۸۸۶۲۳۰,میانه,mianeh,vehicles,car-accessories
۰۹۱۴۷۶۳۲۵۷۰,میانه,mianeh,vehicles,car-accessories
۰۹۳۳۳۷۶۰۰۷۱,میانه,mianeh,vehicles,car-accessories
۰۹۱۴۲۵۲۳۹۹۰,میانه,mianeh,vehicles,car-accessories
۰۹۱۴۶۱۲۱۹۲۳,میانه,mianeh,vehicles,car-accessories
۰۹۱۴۶۱۲۱۹۲۳,میانه,mianeh,vehicles,car-accessories
۰۹۹۱۱۳۴۶۷۶۰,میانه,mianeh,vehicles,car-accessories
۰۹۳۵۹۸۸۳۵۵۶,میانه,mianeh,vehicles,car-accessories
۰۹۳۳۲۳۳۲۰۲۷,میانه,mianeh,vehicles,car-accessories
۰۹۳۳۲۳۳۲۰۲۷,میانه,mianeh,vehicles,car-accessories
۰۹۱۴۱۲۴۵۱۹۵,میانه,mianeh,vehicles,car-accessories
۰۹۱۰۰۲۶۵۵۹۷,میانه,mianeh,vehicles,car-accessories
۰۹۱۲۱۳۲۴۷۳۹,میانه,mianeh,vehicles,car-accessories
۰۹۱۴۷۶۸۶۳۵۰,میانه,mianeh,vehicles,car-accessories
۰۹۱۴۹۲۳۱۳۵۵,میانه,mianeh,vehicles,car-accessories
۰۹۱۴۳۲۴۸۳۵۴,میانه,mianeh,vehicles,car-accessories
۰۹۱۲۸۵۷۵۳۴۱,میانه,mianeh,vehicles,car-accessories
۰۹۳۶۳۴۶۸۶۸۵,میانه,mianeh,vehicles,car-accessories
۰۹۱۴۲۵۲۳۹۹۰,میانه,mianeh,vehicles,car-accessories
۰۹۱۰۷۴۷۳۴۳۱,میانه,mianeh,vehicles,car-accessories
۰۹۰۱۵۹۲۵۶۸۰,میانه,mianeh,vehicles,car-accessories
۰۹۰۳۷۵۹۴۶۰۶,میانه,mianeh,vehicles,car-accessories
۰۹۹۱۱۳۴۶۷۶۰,میانه,mianeh,vehicles,car-accessories
۰۹۱۴۲۱۵۰۴۱۹,میانه,mianeh,vehicles,car-accessories
۰۹۲۱۱۲۹۴۶۳۰,میانه,mianeh,vehicles,car-accessories
۰۹۱۴۹۰۱۹۲۱۳,میانه,mianeh,vehicles,car-accessories
۰۹۱۴۸۲۹۱۳۵۵,میانه,mianeh,vehicles,car-accessories
۰۹۱۴۱۲۵۱۲۷۸,میانه,mianeh,vehicles,car-accessories
۰۹۱۴۶۶۷۴۲۷۷,میانه,mianeh,vehicles,car-accessories
۰۹۱۲۰۹۷۱۷۸۱,میانه,mianeh,vehicles,car-accessories
۰۹۱۲۰۹۷۱۷۸۱,میانه,mianeh,vehicles,car-accessories
۰۹۱۲۰۹۷۱۷۸۱,میانه,mianeh,vehicles,car-accessories
۰۹۱۴۸۹۶۱۴۱۶,میانه,mianeh,vehicles,car-accessories
۰۹۱۴۲۵۴۹۱۷۸,میانه,mianeh,vehicles,car-accessories
۰۹۳۷۳۱۸۰۲۰۵,میانه,mianeh,vehicles,car-accessories
۰۹۱۴۴۲۳۲۳۵۳,میانه,mianeh,vehicles,car-accessories
۰۹۲۱۹۱۰۴۱۵۰,میانه,mianeh,vehicles,car-accessories
۰۹۰۵۵۶۴۲۴۶۹,میانه,mianeh,vehicles,motorcycles
۰۹۰۵۵۶۴۲۴۶۹,میانه,mianeh,vehicles,motorcycles
۰۹۱۹۵۷۱۹۳۷۲,میانه,mianeh,vehicles,motorcycles
۰۹۱۴۹۲۳۳۹۸۴,میانه,mianeh,vehicles,motorcycles
۰۹۱۴۹۲۳۳۹۸۴,میانه,mianeh,vehicles,motorcycles
۰۹۳۳۰۳۴۲۶۲۶,میانه,mianeh,vehicles,motorcycles
۰۹۱۴۰۰۷۵۵۰۸,میانه,mianeh,vehicles,motorcycles
۰۹۱۰۸۱۵۱۹۲۵,میانه,mianeh,vehicles,motorcycles
۰۹۱۴۹۲۳۳۹۸۴,میانه,mianeh,vehicles,motorcycles
۰۹۱۴۶۶۳۷۱۳۰,میانه,mianeh,vehicles,motorcycles
۰۹۱۴۸۰۲۱۲۶۱,میانه,mianeh,vehicles,motorcycles
۰۹۱۴۲۵۹۳۸۳۰,میانه,mianeh,vehicles,motorcycles
۰۹۱۴۹۲۴۵۲۱۶,میانه,mianeh,vehicles,motorcycles
۰۹۱۴۷۸۲۳۷۰۰,میانه,mianeh,vehicles,motorcycles
۰۹۱۴۳۲۳۲۴۰۶,میانه,mianeh,vehicles,motorcycles
۰۹۳۰۵۵۶۸۶۹۲,میانه,mianeh,vehicles,motorcycles
۰۹۱۴۵۰۳۲۰۸۴,میانه,mianeh,vehicles,motorcycles
۰۹۱۴۵۰۳۲۰۸۴,میانه,mianeh,vehicles,motorcycles
۰۹۱۴۵۰۳۲۰۸۴,میانه,mianeh,vehicles,motorcycles
۰۹۱۴۶۶۳۷۱۳۰,میانه,mianeh,vehicles,motorcycles
۰۹۹۱۴۱۶۲۹۰۴,میانه,mianeh,vehicles,motorcycles
۰۹۰۵۲۱۸۱۰۲۷,میانه,mianeh,vehicles,motorcycles
۰۹۱۴۲۵۱۰۴۱۷,میانه,mianeh,vehicles,motorcycles
۰۹۱۴۴۲۴۶۶۵۴,میانه,mianeh,vehicles,motorcycles
۰۹۰۱۴۷۸۹۷۵۸,میانه,mianeh,vehicles,motorcycles
۰۹۱۴۶۹۷۸۴۳۵,میانه,mianeh,electronic-devices,mobile-tablet
۰۹۳۶۵۷۲۲۱۷۹,میانه,mianeh,electronic-devices,mobile-tablet
۰۹۱۴۶۹۷۸۴۳۵,میانه,mianeh,electronic-devices,mobile-tablet
۰۹۱۴۶۹۷۸۴۳۵,میانه,mianeh,electronic-devices,mobile-tablet
۰۹۹۰۴۵۸۹۷۶۳,میانه,mianeh,electronic-devices,mobile-tablet
۰۹۹۰۴۵۸۹۷۶۳,میانه,mianeh,electronic-devices,mobile-tablet
۰۹۱۴۷۸۶۷۳۲۰,میانه,mianeh,electronic-devices,mobile-tablet
(پنهان‌شده؛ چت کنید),میانه,mianeh,electronic-devices,mobile-tablet
(پنهان‌شده؛ چت کنید),میانه,mianeh,electronic-devices,mobile-tablet
۰۹۳۵۵۵۴۸۶۰۳,میانه,mianeh,electronic-devices,mobile-tablet
۰۹۰۵۴۳۳۵۳۸۵,میانه,mianeh,electronic-devices,mobile-tablet
۰۹۱۴۶۷۴۴۰۲۸,میانه,mianeh,electronic-devices,mobile-tablet
۰۹۱۴۸۰۵۲۶۷۳,میانه,mianeh,electronic-devices,mobile-tablet
۰۹۱۴۸۰۵۲۶۷۳,میانه,mianeh,electronic-devices,mobile-tablet
۰۹۱۴۸۰۵۲۶۷۳,میانه,mianeh,electronic-devices,mobile-tablet
۰۹۱۴۸۰۵۲۶۷۳,میانه,mianeh,electronic-devices,mobile-tablet
۰۹۳۸۹۵۸۳۸۱۷,میانه,mianeh,electronic-devices,mobile-tablet
۰۹۱۴۷۸۷۰۴۱۲,میانه,mianeh,electronic-devices,mobile-tablet
۰۹۳۹۲۲۳۰۷۴۴,میانه,mianeh,electronic-devices,mobile-tablet
(پنهان‌شده؛ چت کنید),میانه,mianeh,electronic-devices,mobile-tablet
۰۹۲۱۷۷۶۸۹۴۹,میانه,mianeh,electronic-devices,mobile-tablet
۰۹۰۳۶۲۵۵۱۳۲,میانه,mianeh,electronic-devices,mobile-tablet
۰۹۱۴۲۴۳۴۷۷۹,میانه,mianeh,electronic-devices,mobile-tablet
۰۹۰۳۷۵۹۴۶۰۶,میانه,mianeh,electronic-devices,mobile-tablet
۰۹۲۲۹۷۳۵۴۷۵,میانه,mianeh,electronic-devices,mobile-tablet
۰۹۲۲۹۷۳۵۴۷۵,میانه,mianeh,electronic-devices,mobile-tablet
۰۹۲۲۹۷۳۵۴۷۵,میانه,mianeh,electronic-devices,mobile-tablet
۰۹۲۲۹۷۳۵۴۷۵,میانه,mianeh,electronic-devices,mobile-tablet
۰۹۲۲۹۷۳۵۴۷۵,میانه,mianeh,electronic-devices,mobile-tablet
۰۹۲۲۹۷۳۵۴۷۵,میانه,mianeh,electronic-devices,mobile-tablet
۰۹۳۶۵۷۲۲۱۷۹,میانه,mianeh,electronic-devices,mobile-tablet
۰۹۹۴۴۲۷۶۰۳۳,میانه,mianeh,electronic-devices,mobile-tablet
۰۹۱۰۷۶۴۱۵۳۵,میانه,mianeh,electronic-devices,mobile-tablet
۰۹۱۴۲۵۰۹۳۵۵,میانه,mianeh,electronic-devices,mobile-tablet
۰۹۱۴۹۰۵۴۵۵۶,میانه,mianeh,electronic-devices,mobile-tablet
۰۹۰۵۶۸۷۷۹۹۲,میانه,mianeh,electronic-devices,mobile-tablet
۰۹۹۱۱۳۴۵۷۵۴,میانه,mianeh,electronic-devices,computers
(پنهان‌شده؛ چت کنید),میانه,mianeh,electronic-devices,computers
۰۹۳۸۹۵۸۳۸۱۷,میانه,mianeh,electronic-devices,computers
۰۹۱۸۰۸۰۶۵۶۷,میانه,mianeh,electronic-devices,computers
۰۹۰۱۷۸۳۷۱۶۳,میانه,mianeh,electronic-devices,computers
۰۹۱۴۴۲۴۸۹۱۸,میانه,mianeh,electronic-devices,computers
۰۹۰۳۷۰۶۵۹۰۶,میانه,mianeh,electronic-devices,computers
۰۹۳۶۵۴۰۰۲۵۶,میانه,mianeh,electronic-devices,computers
۰۹۱۴۹۲۳۱۸۲۹,میانه,mianeh,electronic-devices,game-consoles
(پنهان‌شده؛ چت کنید),میانه,mianeh,electronic-devices,game-consoles
۰۹۳۸۷۲۵۸۷۶۴,میانه,mianeh,electronic-devices,game-consoles
۰۹۳۶۹۲۴۸۱۱۸,میانه,mianeh,electronic-devices,video-audio-device
(پنهان‌شده؛ چت کنید),میانه,mianeh,electronic-devices,video-audio-device
۰۹۳۵۹۷۷۷۵۱۸,میانه,mianeh,electronic-devices,video-audio-device
۰۹۳۷۹۷۹۲۷۳۶,میانه,mianeh,electronic-devices,video-audio-device
۰۹۰۵۰۴۴۲۱۳۸,میانه,mianeh,electronic-devices,telephone
(پنهان‌شده؛ چت کنید),میانه,mianeh,electronic-devices,telephone
۰۹۱۹۹۳۵۲۲۹۲,میانه,mianeh,home-and-kitchen,home-decor-furniture
۰۹۱۴۸۲۶۳۲۸۷,میانه,mianeh,home-and-kitchen,home-decor-furniture
(پنهان‌شده؛ چت کنید),میانه,mianeh,home-and-kitchen,home-decor-furniture
۰۹۳۵۸۹۲۱۴۵۵,میانه,mianeh,home-and-kitchen,home-decor-furniture
۰۹۱۰۸۶۷۹۹۲۴,میانه,mianeh,home-and-kitchen,home-decor-furniture
۰۹۱۴۶۰۵۸۰۷۷,میانه,mianeh,home-and-kitchen,home-decor-furniture
(پنهان‌شده؛ چت کنید),میانه,mianeh,home-and-kitchen,home-decor-furniture
(پنهان‌شده؛ چت کنید),میانه,mianeh,home-and-kitchen,home-decor-furniture
۰۹۱۴۳۲۳۵۲۱۰,میانه,mianeh,home-and-kitchen,home-decor-furniture
۰۹۲۲۵۶۲۷۴۹۹,میانه,mianeh,home-and-kitchen,home-decor-furniture
۰۹۱۴۱۲۴۵۷۱۳,میانه,mianeh,home-and-kitchen,home-decor-furniture
۰۹۱۴۱۲۴۵۷۱۳,میانه,mianeh,home-and-kitchen,home-decor-furniture
۰۹۳۵۸۳۸۰۱۲۶,میانه,mianeh,home-and-kitchen,home-decor-furniture
۰۹۱۴۴۲۳۷۳۹۷,میانه,mianeh,home-and-kitchen,home-decor-furniture
۰۹۱۴۱۲۴۷۱۲۷,میانه,mianeh,home-and-kitchen,home-decor-furniture
۰۹۰۳۸۷۳۵۳۰۰,میانه,mianeh,home-and-kitchen,home-decor-furniture
۰۹۱۴۹۳۳۰۹۲۲,میانه,mianeh,home-and-kitchen,home-decor-furniture
۰۹۱۴۹۳۳۰۹۲۲,میانه,mianeh,home-and-kitchen,home-decor-furniture
۰۹۲۲۷۹۵۳۹۰۵,میانه,mianeh,home-and-kitchen,home-decor-furniture
۰۹۳۸۷۰۲۲۸۹۰,میانه,mianeh,home-and-kitchen,home-decor-furniture
۰۹۰۵۲۵۱۴۱۳۹,میانه,mianeh,home-and-kitchen,home-decor-furniture
۰۹۹۲۱۱۰۷۷۲۴,میانه,mianeh,home-and-kitchen,home-decor-furniture
۰۹۰۱۲۹۵۲۵۵۲,میانه,mianeh,home-and-kitchen,home-decor-furniture
(پنهان‌شده؛ چت کنید),میانه,mianeh,home-and-kitchen,kitchen-appliances
(پنهان‌شده؛ چت کنید),میانه,mianeh,home-and-kitchen,kitchen-appliances
(پنهان‌شده؛ چت کنید),میانه,mianeh,home-and-kitchen,kitchen-appliances
۰۹۳۶۵۰۸۲۸۸۶,میانه,mianeh,home-and-kitchen,kitchen-appliances
۰۹۲۲۷۲۳۳۵۴۱,میانه,mianeh,home-and-kitchen,kitchen-appliances
۰۹۲۲۷۲۳۳۵۴۱,میانه,mianeh,home-and-kitchen,kitchen-appliances
۰۹۹۱۴۱۷۰۵۷۷,میانه,mianeh,home-and-kitchen,kitchen-appliances
۰۹۳۶۸۸۰۴۹۸۷,میانه,mianeh,home-and-kitchen,kitchen-appliances
۰۹۱۴۴۲۴۶۶۵۴,میانه,mianeh,home-and-kitchen,kitchen-appliances
۰۹۱۴۱۲۴۲۰۵۰,میانه,mianeh,home-and-kitchen,kitchen-appliances
(پنهان‌شده؛ چت کنید),میانه,mianeh,home-and-kitchen,kitchen-appliances
(پنهان‌شده؛ چت کنید),میانه,mianeh,home-and-kitchen,kitchen-appliances
(پنهان‌شده؛ چت کنید),میانه,mianeh,home-and-kitchen,kitchen-appliances
(پنهان‌شده؛ چت کنید),میانه,mianeh,home-and-kitchen,kitchen-appliances
(پنهان‌شده؛ چت کنید),میانه,mianeh,home-and-kitchen,kitchen-appliances
۰۹۱۴۴۲۳۷۴۶۷,میانه,mianeh,home-and-kitchen,kitchen-appliances
۰۹۱۴۸۰۵۱۲۹۰,میانه,mianeh,home-and-kitchen,kitchen-appliances
(پنهان‌شده؛ چت کنید),میانه,mianeh,home-and-kitchen,home-appliances
۰۹۱۴۹۱۹۴۵۶۹,میانه,mianeh,home-and-kitchen,home-appliances
(پنهان‌شده؛ چت کنید),میانه,mianeh,home-and-kitchen,home-appliances
۰۹۰۳۰۶۵۷۶۸۳,میانه,mianeh,home-and-kitchen,home-appliances
۰۹۹۲۴۹۳۹۳۳۱,میانه,mianeh,home-and-kitchen,home-appliances
۰۹۱۵۱۲۴۲۵۴۷,میانه,mianeh,home-and-kitchen,building-garden
۰۹۱۴۴۲۳۳۷۴۷,میانه,mianeh,home-and-kitchen,building-garden
۰۹۲۲۷۳۵۱۳۲۸,میانه,mianeh,home-and-kitchen,building-garden
۰۹۲۲۷۳۵۱۳۲۸,میانه,mianeh,home-and-kitchen,building-garden
۰۹۳۵۵۴۹۵۵۴۴,میانه,mianeh,home-and-kitchen,building-garden
۰۹۳۸۷۰۴۹۷۶۵,میانه,mianeh,home-and-kitchen,building-garden
۰۹۱۴۷۶۸۹۰۱۸,میانه,mianeh,home-and-kitchen,building-garden
۰۹۱۴۹۲۳۳۹۸۴,میانه,mianeh,services,vehicles-services
۰۹۱۹۵۷۱۹۳۷۲,میانه,mianeh,services,vehicles-services
۰۹۰۵۴۳۲۹۸۰۶,میانه,mianeh,services,technology-services
۰۹۰۵۴۳۲۹۸۰۶,میانه,mianeh,services,technology-services
۰۹۰۵۴۳۲۹۸۰۶,میانه,mianeh,services,technology-services
۰۹۰۵۴۳۲۹۸۰۶,میانه,mianeh,services,technology-services
۰۹۰۵۴۳۲۹۸۰۶,میانه,mianeh,services,technology-services
۰۹۰۵۴۳۲۹۸۰۶,میانه,mianeh,services,technology-services
۰۹۳۸۹۵۶۴۸۷۴,میانه,mianeh,services,technology-services
۰۹۳۸۹۵۶۴۸۷۴,میانه,mianeh,services,technology-services
۰۹۰۵۴۳۲۹۸۰۶,میانه,mianeh,services,technology-services
۰۹۰۵۴۳۲۹۸۰۶,میانه,mianeh,services,technology-services
۰۹۹۱۴۱۶۳۰۹۲,میانه,mianeh,services,technology-services
۰۹۰۵۴۳۲۹۸۰۶,میانه,mianeh,services,technology-services
۰۹۰۵۴۳۲۹۸۰۶,میانه,mianeh,services,technology-services
۰۹۰۵۴۳۲۹۸۰۶,میانه,mianeh,services,technology-services
۰۹۱۴۹۲۴۴۲۳۱,میانه,mianeh,services,financial-services
۰۹۱۴۵۸۸۴۱۱۹,میانه,mianeh,services,financial-services
۰۹۹۱۷۸۱۶۶۸۴,میانه,mianeh,services,financial-services
۰۹۲۱۴۴۳۷۳۴۰,میانه,mianeh,services,financial-services
۰۹۱۴۸۲۹۰۳۹۷,میانه,mianeh,services,financial-services
۰۹۱۴۵۰۳۰۲۱۵,میانه,mianeh,services,financial-services
۰۹۲۲۹۶۳۶۴۸۰,میانه,mianeh,services,financial-services
۰۹۱۰۲۸۷۳۵۵۰,میانه,mianeh,services,transport-logistic-services
۰۹۰۲۷۰۶۸۷۱۶,میانه,mianeh,services,craft-skill-services
۰۹۰۳۴۲۳۵۴۷۵,میانه,mianeh,services,craft-skill-services
(پنهان‌شده؛ چت کنید),میانه,mianeh,services,craft-skill-services
۰۹۱۴۶۴۴۲۶۲۹,میانه,mianeh,services,craft-skill-services
۰۹۱۴۶۴۴۲۶۲۹,میانه,mianeh,services,craft-skill-services
۰۹۱۴۴۲۳۸۸۵۰,میانه,mianeh,services,craft-skill-services
۰۹۱۴۳۲۳۴۶۴۳,میانه,mianeh,services,craft-skill-services
۰۹۱۶۹۲۸۰۹۱۷,میانه,mianeh,services,craft-skill-services
۰۹۳۵۱۵۴۱۰۸۴,میانه,mianeh,services,craft-skill-services
۰۹۹۰۲۰۳۴۹۹۸,میانه,mianeh,services,craft-skill-services
۰۹۱۴۹۱۰۳۳۴۹,میانه,mianeh,services,craft-skill-services
۰۹۱۴۳۲۳۰۰۲۸,میانه,mianeh,services,craft-skill-services
۰۹۰۵۱۴۲۰۹۲۳,میانه,mianeh,services,craft-skill-services
۰۹۱۲۷۷۲۷۰۳۶,میانه,mianeh,services,beauty-services
۰۹۹۰۲۲۴۰۷۰۱,میانه,mianeh,services,entertaining-services
۰۹۳۷۶۷۷۸۸۰۵,میانه,mianeh,services,cleaning-services
۰۹۱۴۷۳۴۸۲۲۶,میانه,mianeh,services,cleaning-services
۰۹۱۴۱۸۱۰۰۰۷,میانه,mianeh,services,gardening-services
۰۹۱۴۳۸۱۸۴۸۸,میانه,mianeh,services,gardening-services
۰۹۱۴۱۲۴۰۸۲۸,میانه,mianeh,services,teaching-services
۰۹۱۴۸۶۱۵۷۴۲,میانه,mianeh,services,teaching-services
۰۹۳۳۸۴۱۹۵۹۹,میانه,mianeh,services,teaching-services
۰۹۳۳۸۴۱۹۵۹۹,میانه,mianeh,services,teaching-services
۰۹۰۲۹۸۸۹۱۵۳,میانه,mianeh,services,teaching-services
۰۹۹۰۹۳۷۹۷۲۲,میانه,mianeh,personal-goods,apparel
۰۹۹۰۹۳۷۹۷۲۲,میانه,mianeh,personal-goods,apparel
۰۹۳۵۵۳۹۲۹۹۱,میانه,mianeh,personal-goods,apparel
۰۹۳۵۵۳۹۲۹۹۱,میانه,mianeh,personal-goods,apparel
۰۹۲۲۹۸۷۹۰۶۶,میانه,mianeh,personal-goods,apparel
۰۹۱۴۸۷۷۳۴۵۸,میانه,mianeh,personal-goods,apparel
۰۹۱۴۴۲۳۱۱۰۷,میانه,mianeh,personal-goods,apparel
۰۹۳۷۴۲۳۷۵۵۱,میانه,mianeh,personal-goods,apparel
۰۹۹۱۹۲۹۳۰۷۲,میانه,mianeh,personal-goods,apparel
۰۹۰۱۱۳۷۴۶۷۳,میانه,mianeh,personal-goods,apparel
۰۹۳۶۷۵۷۹۱۵۶,میانه,mianeh,personal-goods,apparel
۰۹۳۶۱۲۱۵۲۱۲,میانه,mianeh,personal-goods,apparel
۰۹۹۱۵۲۸۴۶۸۷,میانه,mianeh,personal-goods,apparel
۰۹۱۴۷۵۷۲۲۵۴,میانه,mianeh,personal-goods,apparel
۰۹۱۴۷۵۷۲۲۵۴,میانه,mianeh,personal-goods,apparel
۰۹۱۴۷۵۷۲۲۵۴,میانه,mianeh,personal-goods,apparel
۰۹۳۶۷۵۷۹۱۵۶,میانه,mianeh,personal-goods,apparel
۰۹۱۹۲۰۳۲۵۹۷,میانه,mianeh,personal-goods,apparel
۰۹۹۱۶۵۶۸۰۱۸,میانه,mianeh,personal-goods,apparel
۰۹۹۰۴۵۸۹۷۶۳,میانه,mianeh,personal-goods,apparel
۰۹۹۱۵۲۸۴۷۰۳,میانه,mianeh,personal-goods,apparel
۰۹۱۴۵۶۷۹۷۵۸,میانه,mianeh,personal-goods,apparel
۰۹۱۴۵۶۷۹۷۵۸,میانه,mianeh,personal-goods,apparel
۰۹۱۴۵۶۷۹۷۵۸,میانه,mianeh,personal-goods,apparel
۰۹۳۷۲۱۴۳۴۵۵,میانه,mianeh,personal-goods,apparel
۰۹۲۱۴۵۹۰۳۴۵,میانه,mianeh,personal-goods,apparel
۰۹۲۱۴۵۹۰۳۴۵,میانه,mianeh,personal-goods,apparel
۰۹۲۱۴۵۹۰۳۴۵,میانه,mianeh,personal-goods,apparel
۰۹۲۱۴۵۹۰۳۴۵,میانه,mianeh,personal-goods,apparel
۰۹۳۷۴۲۶۲۸۳۴,میانه,mianeh,personal-goods,apparel
۰۹۳۰۹۲۱۴۷۹۸,میانه,mianeh,personal-goods,apparel
۰۹۰۱۷۴۰۲۳۳۸,میانه,mianeh,personal-goods,apparel
(پنهان‌شده؛ چت کنید),میانه,mianeh,personal-goods,apparel
۰۹۱۴۴۲۳۴۰۸۲,میانه,mianeh,personal-goods,apparel
۰۹۱۴۴۲۳۴۰۸۲,میانه,mianeh,personal-goods,apparel
۰۹۱۴۴۲۳۴۰۸۲,میانه,mianeh,personal-goods,apparel
(پنهان‌شده؛ چت کنید),میانه,mianeh,personal-goods,apparel
۰۹۳۳۰۲۸۳۳۳۲,میانه,mianeh,personal-goods,apparel
۰۹۱۴۸۹۶۱۴۱۶,میانه,mianeh,personal-goods,apparel
(پنهان‌شده؛ چت کنید),میانه,mianeh,personal-goods,apparel
۰۹۱۴۸۹۶۱۴۱۶,میانه,mianeh,personal-goods,apparel
۰۹۳۳۰۲۸۳۳۳۲,میانه,mianeh,personal-goods,apparel
۰۹۱۴۸۰۵۱۲۹۰,میانه,mianeh,personal-goods,apparel
۰۹۱۴۴۲۳۴۰۸۲,میانه,mianeh,personal-goods,apparel
۰۹۲۲۹۳۴۳۲۰۷,میانه,mianeh,personal-goods,apparel
۰۹۱۴۹۲۵۶۰۹۱,میانه,mianeh,personal-goods,apparel
۰۹۱۴۳۲۴۵۰۵۳,میانه,mianeh,personal-goods,apparel
۰۹۳۰۹۰۹۶۲۰۹,میانه,mianeh,personal-goods,accessories
۰۹۱۴۴۲۴۱۹۳۰,میانه,mianeh,personal-goods,accessories
۰۹۱۴۷۶۳۵۸۰۰,میانه,mianeh,personal-goods,accessories
۰۹۱۴۵۰۳۲۸۰۴,میانه,mianeh,personal-goods,accessories
۰۹۳۵۳۲۴۳۰۵۲,میانه,mianeh,personal-goods,accessories
۰۹۱۴۶۴۹۷۲۴۲,میانه,mianeh,personal-goods,accessories
۰۹۱۴۸۹۶۱۴۱۶,میانه,mianeh,personal-goods,accessories
۰۹۱۹۵۸۳۲۹۰۱,میانه,mianeh,personal-goods,accessories
۰۹۰۳۸۱۴۶۶۱۶,میانه,mianeh,personal-goods,beauty-and-personal-care
۰۹۱۴۸۲۶۳۲۸۷,میانه,mianeh,personal-goods,beauty-and-personal-care
(پنهان‌شده؛ چت کنید),میانه,mianeh,personal-goods,beauty-and-personal-care
(پنهان‌شده؛ چت کنید),میانه,mianeh,personal-goods,beauty-and-personal-care
۰۹۹۱۴۲۹۲۵۰۹,میانه,mianeh,personal-goods,beauty-and-personal-care
۰۹۳۳۶۹۸۶۴۲۶,میانه,mianeh,personal-goods,beauty-and-personal-care
۰۹۱۴۳۲۳۹۱۶۱,میانه,mianeh,personal-goods,child-apparel
۰۹۲۲۶۰۴۸۲۳۵,میانه,mianeh,personal-goods,child-apparel
۰۹۱۴۹۲۵۶۰۹۱,میانه,mianeh,personal-goods,child-apparel
۰۹۱۴۹۲۵۶۰۹۱,میانه,mianeh,personal-goods,child-apparel
۰۹۳۷۹۶۵۵۱۰۶,میانه,mianeh,personal-goods,child-apparel
۰۹۱۳۸۸۲۳۴۲۴,میانه,mianeh,personal-goods,child-products
(پنهان‌شده؛ چت کنید),میانه,mianeh,personal-goods,child-products
(پنهان‌شده؛ چت کنید),میانه,mianeh,personal-goods,child-products
۰۹۱۲۱۳۲۴۷۳۹,میانه,mianeh,personal-goods,child-products
(پنهان‌شده؛ چت کنید),میانه,mianeh,personal-goods,child-products
۰۹۲۲۲۴۱۹۵۵۰,میانه,mianeh,personal-goods,stationery
۰۹۱۴۵۰۵۰۵۲۳,میانه,mianeh,personal-goods,stationery
(پنهان‌شده؛ چت کنید),میانه,mianeh,personal-goods,stationery
۰۹۰۵۱۲۶۹۳۹۰,میانه,mianeh,personal-goods,stationery
۰۹۳۶۹۰۷۱۵۶۹,میانه,mianeh,personal-goods,stationery
(پنهان‌شده؛ چت کنید),میانه,mianeh,entertainment,ticket
۰۹۱۹۷۰۴۲۴۴۸,میانه,mianeh,entertainment,tours
۰۹۰۱۸۵۲۳۶۵۱,میانه,mianeh,entertainment,publication
۰۹۹۰۴۷۶۱۹۱۱,میانه,mianeh,entertainment,publication
۰۹۹۰۴۷۶۱۹۱۱,میانه,mianeh,entertainment,publication
۰۹۹۰۴۷۶۱۹۱۱,میانه,mianeh,entertainment,publication
۰۹۹۰۴۷۶۱۹۱۱,میانه,mianeh,entertainment,publication
۰۹۳۶۶۸۴۹۲۷۸,میانه,mianeh,entertainment,publication
۰۹۳۶۶۸۴۹۲۷۸,میانه,mianeh,entertainment,publication
۰۹۳۳۹۲۰۶۹۲۲,میانه,mianeh,entertainment,publication
۰۹۰۳۷۰۶۵۹۰۶,میانه,mianeh,entertainment,publication
۰۹۱۴۵۰۵۰۵۲۳,میانه,mianeh,entertainment,publication
۰۹۳۳۷۲۶۹۸۷۵,میانه,mianeh,entertainment,publication
۰۹۱۹۰۷۶۵۲۶۵,میانه,mianeh,entertainment,publication
۰۹۹۰۳۴۵۹۳۳۵,میانه,mianeh,entertainment,publication
۰۹۹۱۲۵۱۸۲۵۶,میانه,mianeh,entertainment,bike-skate-scooter
۰۹۱۴۵۰۱۱۴۶۵,میانه,mianeh,entertainment,bike-skate-scooter
۰۹۹۱۰۱۶۹۶۳۷,میانه,mianeh,entertainment,bike-skate-scooter
(پنهان‌شده؛ چت کنید),میانه,mianeh,entertainment,pets-animals
(پنهان‌شده؛ چت کنید),میانه,mianeh,entertainment,pets-animals
۰۹۱۹۰۰۷۱۸۷۱,میانه,mianeh,entertainment,pets-animals
۰۹۱۴۶۱۲۸۹۷۱,میانه,mianeh,entertainment,pets-animals
۰۹۳۷۱۹۰۱۱۰۵,میانه,mianeh,entertainment,pets-animals
۰۹۳۰۶۳۶۱۳۵۲,میانه,mianeh,entertainment,pets-animals
۰۹۱۴۴۲۳۷۳۹۷,میانه,mianeh,entertainment,pets-animals
۰۹۱۴۱۲۴۷۱۲۷,میانه,mianeh,entertainment,pets-animals
۰۹۱۴۳۲۳۱۷۸۶,میانه,mianeh,entertainment,pets-animals
۰۹۰۱۵۱۴۳۹۹۷,میانه,mianeh,entertainment,pets-animals
۰۹۳۹۹۱۷۳۲۷۶,میانه,mianeh,entertainment,pets-animals
۰۹۰۲۶۳۲۵۳۱۱,میانه,mianeh,entertainment,pets-animals
۰۹۱۴۸۳۲۶۳۸۰,میانه,mianeh,entertainment,pets-animals
۰۹۱۴۹۲۴۵۴۳۳,میانه,mianeh,entertainment,pets-animals
۰۹۱۴۹۲۴۵۴۳۳,میانه,mianeh,entertainment,pets-animals
۰۹۳۰۶۳۶۱۳۵۲,میانه,mianeh,entertainment,pets-animals
۰۹۱۹۳۵۸۲۴۱۳,میانه,mianeh,entertainment,pets-animals
۰۹۱۴۷۶۸۵۵۶۸,میانه,mianeh,entertainment,pets-animals
۰۹۱۴۸۲۹۲۶۰۹,میانه,mianeh,entertainment,pets-animals
۰۹۱۴۵۷۶۸۸۵۷,میانه,mianeh,entertainment,pets-animals
۰۹۱۴۷۶۳۶۰۶۵,میانه,mianeh,entertainment,pets-animals
۰۹۱۴۷۶۳۶۰۶۵,میانه,mianeh,entertainment,pets-animals
۰۹۱۴۷۶۳۶۰۶۵,میانه,mianeh,entertainment,pets-animals
۰۹۳۵۳۲۴۳۰۵۲,میانه,mianeh,entertainment,collecting
۰۹۳۸۷۳۹۸۰۹۸,میانه,mianeh,entertainment,collecting
(پنهان‌شده؛ چت کنید),میانه,mianeh,entertainment,musical-instruments
(پنهان‌شده؛ چت کنید),میانه,mianeh,entertainment,musical-instruments
۰۹۳۶۰۷۴۴۸۰۷,میانه,mianeh,entertainment,musical-instruments
۰۹۱۴۵۸۴۸۵۷۵,میانه,mianeh,entertainment,musical-instruments
۰۹۱۴۹۱۵۶۹۳۰,میانه,mianeh,entertainment,musical-instruments
۰۹۱۴۴۲۳۳۷۴۷,میانه,mianeh,entertainment,sport-entertainment
۰۹۱۴۹۲۴۱۹۳۴,میانه,mianeh,entertainment,sport-entertainment
۰۹۹۰۴۷۶۱۹۱۱,میانه,mianeh,entertainment,sport-entertainment
۰۹۲۲۷۳۵۱۳۲۸,میانه,mianeh,entertainment,sport-entertainment
۰۹۱۹۰۰۷۱۸۷۱,میانه,mianeh,entertainment,sport-entertainment
۰۹۳۶۳۸۵۵۰۱۸,میانه,mianeh,entertainment,sport-entertainment
۰۹۱۴۷۶۱۱۵۴۴,میانه,mianeh,entertainment,sport-entertainment
۰۹۱۴۸۵۰۶۳۸۵,میانه,mianeh,entertainment,sport-entertainment
۰۹۱۲۸۶۶۸۰۴۷,میانه,mianeh,entertainment,sport-entertainment
۰۹۹۲۷۶۹۶۱۳۰,میانه,mianeh,social-services,event
۰۹۳۶۴۹۹۸۸۷۴,میانه,mianeh,social-services,event
۰۹۰۵۶۴۸۳۸۹۹,میانه,mianeh,social-services,event
۰۹۰۵۲۵۱۴۱۳۹,میانه,mianeh,social-services,event
۰۹۰۵۲۵۱۴۱۳۹,میانه,mianeh,social-services,event
(پنهان‌شده؛ چت کنید),میانه,mianeh,social-services,missing
۰۹۱۴۶۶۲۰۷۱۳,میانه,mianeh,businesses,business-equipment
۰۹۱۴۴۲۳۳۷۴۷,میانه,mianeh,businesses,business-equipment
۰۹۹۰۴۵۸۹۷۶۳,میانه,mianeh,businesses,business-equipment
۰۹۰۳۷۳۰۶۸۵۲,میانه,mianeh,businesses,business-equipment
۰۹۱۳۸۸۲۳۴۲۴,میانه,mianeh,businesses,business-equipment
۰۹۱۶۱۱۴۴۸۶۵,میانه,mianeh,businesses,business-equipment
۰۹۱۱۶۵۵۳۱۸۱,میانه,mianeh,businesses,business-equipment
۰۹۱۴۱۲۵۴۱۳۴,میانه,mianeh,businesses,business-equipment
۰۹۱۲۰۸۸۶۲۳۰,میانه,mianeh,businesses,business-equipment
۰۹۱۲۰۸۸۶۲۳۰,میانه,mianeh,businesses,business-equipment
۰۹۳۶۰۲۳۷۰۶۴,میانه,mianeh,businesses,business-equipment
۰۹۳۶۰۲۳۷۰۶۴,میانه,mianeh,businesses,business-equipment
۰۹۳۶۹۲۴۸۱۱۸,میانه,mianeh,businesses,business-equipment
۰۹۳۶۹۲۴۸۱۱۸,میانه,mianeh,businesses,business-equipment
۰۹۹۱۱۳۴۶۷۶۰,میانه,mianeh,businesses,business-equipment
۰۹۱۴۹۲۸۵۷۳۹,میانه,mianeh,businesses,business-equipment
۰۹۱۴۶۰۵۸۰۷۷,میانه,mianeh,businesses,business-equipment
(پنهان‌شده؛ چت کنید),میانه,mianeh,businesses,business-equipment
۰۹۳۳۳۸۴۸۵۳۱,میانه,mianeh,businesses,business-equipment
۰۹۱۴۹۲۳۲۸۵۹,میانه,mianeh,businesses,business-equipment
۰۹۱۹۶۳۷۸۱۲۲,میانه,mianeh,businesses,business-equipment
۰۹۱۴۹۲۳۴۷۶۲,میانه,mianeh,businesses,business-equipment
۰۹۱۴۱۲۰۸۳۰۸,میانه,mianeh,businesses,business-equipment
۰۹۱۴۱۲۵۱۶۸۲,میانه,mianeh,businesses,business-equipment
۰۹۰۱۱۷۳۹۴۱۲,میانه,mianeh,businesses,business-equipment
۰۹۳۵۶۹۰۳۸۱۴,میانه,mianeh,businesses,business-equipment
۰۹۱۲۴۴۱۳۱۹۱,میانه,mianeh,businesses,business-equipment
۰۹۰۳۰۶۵۷۶۸۳,میانه,mianeh,businesses,business-equipment
۰۹۹۲۸۸۳۳۰۱۳,میانه,mianeh,businesses,business-equipment
۰۹۱۴۹۲۳۱۸۲۹,میانه,mianeh,businesses,business-equipment
۰۹۱۴۹۲۳۱۸۲۹,میانه,mianeh,businesses,business-equipment
۰۹۹۲۷۹۸۸۲۶۵,میانه,mianeh,businesses,business-equipment
۰۹۲۲۹۵۶۵۱۳۲,میانه,mianeh,businesses,business-equipment
۰۹۳۵۸۹۲۱۴۵۵,میانه,mianeh,businesses,business-equipment
۰۹۱۴۴۲۳۷۰۱۷,میانه,mianeh,businesses,business-equipment
۰۹۱۴۵۶۵۷۴۱۳,میانه,mianeh,businesses,business-equipment
۰۹۳۵۷۵۸۴۰۶۲,میانه,mianeh,businesses,business-equipment
۰۹۳۳۸۴۱۹۵۹۹,میانه,mianeh,businesses,business-equipment
۰۹۱۴۴۲۳۵۹۴۱,میانه,mianeh,businesses,business-equipment
۰۹۱۲۰۴۰۵۳۲۹,میانه,mianeh,businesses,business-equipment
۰۹۱۴۳۲۳۶۲۳۵,میانه,mianeh,businesses,business-equipment
۰۹۱۴۵۶۵۷۴۱۳,میانه,mianeh,businesses,business-equipment
۰۹۰۵۹۸۹۲۰۰۱,میانه,mianeh,businesses,business-equipment
۰۹۱۴۷۷۹۱۵۸۷,میانه,mianeh,businesses,business-equipment
۰۹۳۶۶۶۶۱۲۲۳,میانه,mianeh,businesses,business-equipment
۰۹۱۴۷۷۰۴۸۵۵,میانه,mianeh,businesses,business-equipment
۰۹۱۴۸۶۱۰۱۴۵,میانه,mianeh,businesses,business-equipment
۰۹۱۲۰۸۸۶۲۳۰,میانه,mianeh,businesses,business-equipment
۰۹۱۹۷۳۷۵۴۷۲,میانه,mianeh,businesses,wholesale
۰۹۱۴۵۷۴۷۳۰۳,میانه,mianeh,businesses,wholesale
۰۹۱۲۸۴۱۸۶۶۵,میانه,mianeh,businesses,wholesale
(پنهان‌شده؛ چت کنید),میانه,mianeh,businesses,wholesale
۰۹۱۰۸۶۷۹۹۲۴,میانه,mianeh,businesses,wholesale
۰۹۱۰۸۶۷۹۹۲۴,میانه,mianeh,businesses,wholesale
۰۹۱۴۹۲۳۲۲۷۰,میانه,mianeh,businesses,wholesale
۰۹۳۷۷۴۴۳۸۳۸,میانه,mianeh,businesses,wholesale
۰۹۹۱۰۴۰۰۵۹۲,میانه,mianeh,businesses,wholesale
۰۹۳۶۸۳۴۴۸۷۳,میانه,mianeh,businesses,wholesale
۰۹۱۴۷۴۳۱۳۶۱,میانه,mianeh,businesses,wholesale
۰۹۱۴۷۵۸۷۲۵۷,میانه,mianeh,businesses,wholesale
(پنهان‌شده؛ چت کنید),میانه,mianeh,businesses,wholesale
۰۹۲۲۳۰۸۷۶۳۶,میانه,mianeh,businesses,wholesale
۰۹۱۴۵۰۱۲۵۸۰,میانه,mianeh,businesses,wholesale
۰۹۳۷۷۴۳۲۶۶۵,میانه,mianeh,businesses,wholesale
۰۹۹۲۷۶۷۸۳۶۵,میانه,mianeh,businesses,wholesale
۰۹۱۴۴۰۸۴۳۹۳,میانه,mianeh,businesses,wholesale
۰۹۱۰۸۴۷۹۷۱۱,میانه,mianeh,businesses,wholesale
۰۹۹۱۷۳۸۰۲۹۱,میانه,mianeh,businesses,wholesale
۰۹۹۲۷۷۵۴۷۷۱,میانه,mianeh,businesses,wholesale
۰۹۰۱۹۷۳۸۸۴۰,میانه,mianeh,businesses,wholesale
۰۹۹۲۸۷۰۴۸۹۶,میانه,mianeh,businesses,wholesale
۰۹۱۴۸۰۵۵۱۷۷,میانه,mianeh,businesses,wholesale
۰۹۳۸۵۴۳۳۳۱۳,میانه,mianeh,businesses,wholesale
۰۹۱۴۸۶۱۰۸۸۵,میانه,mianeh,businesses,wholesale
۰۹۹۲۸۷۴۴۶۹۲,میانه,mianeh,businesses,wholesale
۰۹۹۲۸۷۴۸۸۵۸,میانه,mianeh,businesses,wholesale
۰۹۱۱۹۸۹۲۸۲۳,میانه,mianeh,businesses,wholesale
۰۹۱۹۱۴۵۹۳۰۲,میانه,mianeh,businesses,wholesale
۰۹۳۷۴۲۶۲۸۳۴,میانه,mianeh,businesses,wholesale
۰۹۱۴۹۲۳۴۷۶۲,میانه,mianeh,businesses,wholesale
۰۹۱۴۳۱۰۹۴۸۶,میانه,mianeh,businesses,wholesale
۰۹۳۷۴۲۶۲۸۳۴,میانه,mianeh,businesses,wholesale
۰۹۹۰۲۲۴۳۱۴۰,میانه,mianeh,businesses,wholesale
۰۹۱۲۰۵۰۷۰۶۶,میانه,mianeh,businesses,wholesale
۰۹۱۴۶۵۴۷۱۵۲,میانه,mianeh,businesses,wholesale
۰۹۳۹۷۵۳۳۸۸۷,میانه,mianeh,businesses,wholesale
۰۹۱۴۴۲۳۰۱۳۸,میانه,mianeh,businesses,wholesale
۰۹۱۴۴۲۳۳۱۵۵,میانه,mianeh,businesses,wholesale
۰۹۹۰۴۸۰۶۵۳۱,میانه,mianeh,businesses,wholesale
۰۹۳۳۰۷۱۹۶۸۲,میانه,mianeh,businesses,wholesale
۰۹۲۲۹۳۴۳۲۵۸,میانه,mianeh,businesses,wholesale
۰۹۹۱۱۸۵۲۴۵۱,میانه,mianeh,businesses,wholesale
۰۹۱۲۱۲۳۱۵۳۲,میانه,mianeh,businesses,wholesale
۰۹۱۹۷۸۶۱۷۲۵,میانه,mianeh,businesses,wholesale
۰۹۲۲۶۳۶۵۴۹۸,میانه,mianeh,businesses,wholesale
۰۹۱۴۴۲۳۱۹۵۰,میانه,mianeh,businesses,wholesale
۰۹۱۴۸۱۵۱۲۹۱,میانه,mianeh,businesses,wholesale
۰۹۳۷۶۶۷۵۰۷۵,میانه,mianeh,businesses,wholesale
۰۹۱۴۱۲۴۷۱۹۲,میانه,mianeh,businesses,wholesale
۰۹۱۴۶۱۱۹۵۲۲,میانه,mianeh,businesses,wholesale
۰۹۱۴۲۹۸۳۵۷۸,میانه,mianeh,businesses,wholesale
