۰۹۳۶۰۱۵۰۸۶۱,میاندوآب,miandoab,jobs,service-jobs
۰۹۳۷۴۰۰۷۶۱۸,میاندوآب,miandoab,jobs,marketing-jobs
۰۹۱۴۲۰۶۰۸۲۸,میاندوآب,miandoab,jobs,marketing-jobs
۰۹۰۵۷۱۰۹۸۳۸,میاندوآب,miandoab,jobs,technical-jobs
۰۹۱۴۸۲۴۷۹۱۶,میاندوآب,miandoab,jobs,technical-jobs
۰۹۰۵۶۸۵۶۰۰۲,میاندوآب,miandoab,real-estate,buy-residential
۰۹۱۵۳۲۵۰۹۵۶,میاندوآب,miandoab,real-estate,buy-residential
۰۹۱۴۳۸۰۸۸۷۲,میاندوآب,miandoab,real-estate,buy-residential
۰۹۳۵۷۲۰۴۰۱۸,میاندوآب,miandoab,real-estate,buy-residential
۰۹۱۴۳۸۷۱۱۲۰,میاندوآب,miandoab,real-estate,buy-residential
۰۹۱۴۳۸۰۸۸۷۲,میاندوآب,miandoab,real-estate,buy-residential
۰۹۳۳۲۹۲۱۰۶۱,میاندوآب,miandoab,real-estate,buy-residential
۰۹۰۲۹۱۴۹۲۶۶,میاندوآب,miandoab,real-estate,buy-residential
۰۹۳۷۹۹۶۴۳۰۲,میاندوآب,miandoab,real-estate,buy-residential
۰۹۳۰۴۷۶۷۴۶۰,میاندوآب,miandoab,real-estate,buy-residential
۰۹۱۴۳۸۰۲۶۹۲,میاندوآب,miandoab,real-estate,buy-residential
۰۹۳۸۵۹۰۵۰۲۳,میاندوآب,miandoab,real-estate,buy-residential
۰۹۱۴۶۷۹۳۹۵۲,میاندوآب,miandoab,real-estate,buy-residential
۰۹۱۴۱۰۰۴۴۱۴,میاندوآب,miandoab,real-estate,buy-residential
۰۹۱۴۵۰۹۴۲۰۱,میاندوآب,miandoab,real-estate,buy-residential
۰۹۱۴۶۸۶۹۷۸۴,میاندوآب,miandoab,real-estate,buy-residential
۰۹۱۴۳۲۲۶۴۸۱,میاندوآب,miandoab,real-estate,buy-residential
۰۹۱۴۴۹۶۵۴۵۰,میاندوآب,miandoab,real-estate,buy-residential
۰۹۰۱۲۴۱۲۷۲۷,میاندوآب,miandoab,real-estate,buy-residential
۰۹۱۴۵۴۱۵۱۶۷,میاندوآب,miandoab,real-estate,buy-residential
۰۹۱۴۸۷۰۱۱۲۸,میاندوآب,miandoab,real-estate,buy-residential
۰۹۹۰۳۷۵۶۱۲۳,میاندوآب,miandoab,real-estate,buy-residential
۰۹۰۱۶۳۷۵۲۲۶,میاندوآب,miandoab,real-estate,buy-residential
۰۹۹۱۶۸۸۰۲۱۳,میاندوآب,miandoab,real-estate,buy-residential
۰۹۱۴۱۸۳۹۸۳۶,میاندوآب,miandoab,real-estate,buy-residential
۰۹۱۴۸۵۵۵۱۶۹,میاندوآب,miandoab,real-estate,buy-residential
۰۹۱۴۸۵۵۵۱۶۹,میاندوآب,miandoab,real-estate,buy-residential
۰۹۱۴۳۸۰۸۸۷۲,میاندوآب,miandoab,real-estate,buy-residential
۰۹۳۳۸۱۴۲۴۵۷,میاندوآب,miandoab,real-estate,buy-residential
۰۹۱۴۱۸۵۶۲۷۰,میاندوآب,miandoab,real-estate,buy-residential
۰۹۲۲۸۷۰۳۹۱۳,میاندوآب,miandoab,real-estate,buy-residential
۰۹۳۶۳۰۷۶۰۱۴,میاندوآب,miandoab,real-estate,buy-residential
۰۹۳۹۳۱۳۳۵۰۰,میاندوآب,miandoab,real-estate,buy-residential
۰۹۱۴۱۸۰۴۳۲۵,میاندوآب,miandoab,real-estate,buy-residential
۰۹۱۴۴۸۱۱۳۰۹,میاندوآب,miandoab,real-estate,buy-residential
۰۹۹۱۶۸۸۰۲۱۳,میاندوآب,miandoab,real-estate,buy-residential
۰۹۱۴۳۸۰۳۴۰۱,میاندوآب,miandoab,real-estate,buy-residential
۰۹۱۴۱۸۳۷۹۰۳,میاندوآب,miandoab,real-estate,buy-residential
۰۹۳۶۲۸۲۱۱۸۲,میاندوآب,miandoab,real-estate,buy-residential
۰۹۱۴۴۸۸۵۴۲۱,میاندوآب,miandoab,real-estate,buy-residential
۰۹۱۴۳۲۱۲۵۶۴,میاندوآب,miandoab,real-estate,buy-residential
۰۹۱۴۲۳۹۴۷۱۹,میاندوآب,miandoab,real-estate,buy-residential
۰۹۱۴۹۶۸۷۸۶۷,میاندوآب,miandoab,real-estate,buy-residential
۰۹۱۴۲۴۶۳۰۳۴,میاندوآب,miandoab,real-estate,buy-residential
۰۹۳۹۸۳۷۴۷۱۱,میاندوآب,miandoab,real-estate,buy-residential
۰۹۱۹۸۱۹۲۲۸۶,میاندوآب,miandoab,real-estate,buy-residential
۰۹۱۴۱۸۳۸۰۸۵,میاندوآب,miandoab,real-estate,buy-residential
۰۹۳۵۹۴۱۱۴۲۸,میاندوآب,miandoab,real-estate,buy-residential
۰۹۱۴۴۸۲۸۰۸۳,میاندوآب,miandoab,real-estate,buy-residential
۰۹۱۴۹۰۱۷۴۹۱,میاندوآب,miandoab,real-estate,buy-residential
۰۹۱۴۸۷۲۵۵۰۴,میاندوآب,miandoab,real-estate,buy-residential
۰۹۰۳۰۸۳۷۲۳۳,میاندوآب,miandoab,real-estate,buy-residential
۰۹۲۲۷۳۱۰۷۴۵,میاندوآب,miandoab,real-estate,buy-residential
۰۹۱۴۳۸۰۸۸۷۹,میاندوآب,miandoab,real-estate,buy-residential
۰۹۱۴۲۳۹۴۷۱۹,میاندوآب,miandoab,real-estate,buy-residential
۰۹۱۴۸۶۵۹۵۳۵,میاندوآب,miandoab,real-estate,buy-residential
۰۹۳۶۹۵۷۳۳۴۶,میاندوآب,miandoab,real-estate,buy-residential
۰۹۱۴۷۹۳۶۴۶۲,میاندوآب,miandoab,real-estate,buy-residential
۰۹۰۳۹۷۹۱۶۴۶,میاندوآب,miandoab,real-estate,buy-residential
۰۹۳۸۴۸۱۱۰۸۷,میاندوآب,miandoab,real-estate,buy-residential
۰۹۱۴۱۸۴۰۳۹۴,میاندوآب,miandoab,real-estate,buy-residential
۰۹۱۴۵۷۲۳۵۸۴,میاندوآب,miandoab,real-estate,buy-residential
۰۹۲۲۰۱۸۴۰۳۲,میاندوآب,miandoab,real-estate,buy-residential
۰۹۳۰۰۷۴۳۲۹۵,میاندوآب,miandoab,real-estate,buy-residential
۰۹۱۴۴۸۱۸۳۰۸,میاندوآب,miandoab,real-estate,buy-residential
۰۹۳۷۴۰۵۱۴۶۱,میاندوآب,miandoab,real-estate,buy-residential
۰۹۱۴۹۸۲۵۷۳۳,میاندوآب,miandoab,real-estate,buy-residential
۰۹۱۴۳۸۱۱۳۶۶,میاندوآب,miandoab,real-estate,rent-residential
۰۹۱۴۹۰۱۹۹۴۳,میاندوآب,miandoab,real-estate,rent-residential
۰۹۱۴۷۱۹۸۰۳۱,میاندوآب,miandoab,real-estate,rent-residential
۰۹۱۴۳۰۶۷۴۷۸,میاندوآب,miandoab,real-estate,rent-residential
۰۹۳۹۹۳۱۷۴۰۳,میاندوآب,miandoab,real-estate,rent-residential
۰۹۳۸۴۶۶۷۳۴۴,میاندوآب,miandoab,real-estate,rent-residential
۰۹۳۸۰۴۵۸۷۷۸,میاندوآب,miandoab,real-estate,rent-residential
۰۹۱۰۴۴۱۷۴۴۹,میاندوآب,miandoab,real-estate,rent-residential
۰۹۲۱۴۴۳۴۵۸۲,میاندوآب,miandoab,real-estate,rent-residential
۰۹۰۲۰۵۶۴۲۹۶,میاندوآب,miandoab,real-estate,rent-residential
۰۹۱۲۳۱۷۸۴۶۰,میاندوآب,miandoab,real-estate,buy-commercial-property
۰۹۱۴۵۲۵۰۹۲۱,میاندوآب,miandoab,real-estate,buy-commercial-property
۰۹۳۷۶۱۸۴۵۷۴,میاندوآب,miandoab,real-estate,buy-commercial-property
۰۹۱۴۹۴۱۱۷۸۳,میاندوآب,miandoab,real-estate,buy-commercial-property
۰۹۱۳۶۹۷۱۵۵۶,میاندوآب,miandoab,real-estate,buy-commercial-property
۰۹۱۰۲۹۴۱۵۳۵,میاندوآب,miandoab,real-estate,buy-commercial-property
۰۹۳۸۴۹۵۳۹۰۶,میاندوآب,miandoab,real-estate,buy-commercial-property
۰۹۱۴۳۲۱۲۵۶۴,میاندوآب,miandoab,real-estate,buy-commercial-property
۰۹۱۴۵۲۵۸۸۹۸,میاندوآب,miandoab,real-estate,buy-commercial-property
۰۹۱۴۲۴۸۳۳۰۳,میاندوآب,miandoab,real-estate,buy-commercial-property
۰۹۱۴۹۰۱۷۴۹۱,میاندوآب,miandoab,real-estate,buy-commercial-property
۰۹۱۴۳۸۰۲۵۸۰,میاندوآب,miandoab,real-estate,buy-commercial-property
۰۹۰۲۸۰۲۹۰۶۳,میاندوآب,miandoab,real-estate,buy-commercial-property
۰۹۰۲۶۱۱۶۷۷۷,میاندوآب,miandoab,real-estate,buy-commercial-property
۰۹۳۹۱۶۰۳۹۰۵,میاندوآب,miandoab,real-estate,buy-commercial-property
۰۹۱۲۳۲۶۶۲۷۸,میاندوآب,miandoab,real-estate,buy-commercial-property
۰۹۰۳۲۹۰۷۷۱۸,میاندوآب,miandoab,real-estate,buy-commercial-property
۰۹۱۴۳۸۲۴۵۵۹,میاندوآب,miandoab,real-estate,buy-commercial-property
۰۹۱۴۲۴۲۸۸۹۸,میاندوآب,miandoab,real-estate,buy-commercial-property
۰۹۱۴۴۸۱۸۴۲۷,میاندوآب,miandoab,real-estate,buy-commercial-property
۰۹۰۱۳۷۴۸۸۶۴,میاندوآب,miandoab,real-estate,buy-commercial-property
۰۹۲۱۵۵۸۰۴۸۶,میاندوآب,miandoab,real-estate,buy-commercial-property
۰۹۳۳۴۹۶۷۲۶۶,میاندوآب,miandoab,real-estate,buy-commercial-property
۰۹۳۸۷۹۶۶۹۸۵,میاندوآب,miandoab,real-estate,buy-commercial-property
۰۹۳۸۰۵۹۰۲۸۱,میاندوآب,miandoab,real-estate,rent-commercial-property
۰۹۳۸۲۱۴۰۶۹۹,میاندوآب,miandoab,real-estate,rent-commercial-property
۰۹۳۸۳۱۲۰۶۰۱,میاندوآب,miandoab,real-estate,rent-commercial-property
۰۹۱۲۳۲۶۶۲۷۸,میاندوآب,miandoab,real-estate,rent-commercial-property
۰۹۱۴۹۸۴۵۹۹۶,میاندوآب,miandoab,real-estate,rent-commercial-property
۰۹۱۴۱۸۵۸۵۵۶,میاندوآب,miandoab,real-estate,rent-commercial-property
۰۹۳۰۰۸۷۱۱۱۹,میاندوآب,miandoab,real-estate,rent-commercial-property
۰۹۳۹۹۷۳۵۴۴۸,میاندوآب,miandoab,real-estate,rent-commercial-property
۰۹۳۹۹۷۳۵۴۴۸,میاندوآب,miandoab,real-estate,rent-commercial-property
۰۹۳۷۷۵۴۵۷۵۵,میاندوآب,miandoab,real-estate,rent-temporary
۰۹۳۶۰۲۵۸۶۶۲,میاندوآب,miandoab,real-estate,rent-temporary
۰۹۱۴۲۸۱۱۶۳۸,میاندوآب,miandoab,real-estate,real-estate-services
۰۹۱۴۹۸۴۶۰۱۷,میاندوآب,miandoab,real-estate,real-estate-services
۰۹۰۵۵۳۱۴۰۶۹,میاندوآب,miandoab,real-estate,real-estate-services
۰۹۳۰۴۵۹۵۳۰۱,میاندوآب,miandoab,vehicles,auto
۰۹۰۵۱۹۴۷۱۹۹,میاندوآب,miandoab,vehicles,auto
۰۹۳۶۳۷۰۰۳۰۴,میاندوآب,miandoab,vehicles,auto
۰۹۳۶۲۸۳۶۱۳۷,میاندوآب,miandoab,vehicles,auto
۰۹۹۱۸۰۹۰۷۵۴,میاندوآب,miandoab,vehicles,auto
۰۹۰۳۵۰۵۴۹۷۸,میاندوآب,miandoab,vehicles,auto
۰۹۳۳۴۸۳۳۹۰۹,میاندوآب,miandoab,vehicles,auto
۰۹۳۰۲۰۷۴۸۹۵,میاندوآب,miandoab,vehicles,auto
۰۹۰۱۹۷۳۹۶۹۰,میاندوآب,miandoab,vehicles,auto
۰۹۱۴۴۲۲۱۷۵۵,میاندوآب,miandoab,vehicles,auto
۰۹۲۱۴۶۵۷۱۱۴,میاندوآب,miandoab,vehicles,auto
۰۹۱۴۱۸۳۱۰۴۵,میاندوآب,miandoab,vehicles,auto
۰۹۱۴۹۸۲۰۲۶۵,میاندوآب,miandoab,vehicles,auto
۰۹۳۷۴۶۹۹۰۹۸,میاندوآب,miandoab,vehicles,auto
۰۹۰۱۰۹۱۹۸۹۳,میاندوآب,miandoab,vehicles,auto
۰۹۱۴۷۱۸۷۰۱۱,میاندوآب,miandoab,vehicles,auto
۰۹۳۶۳۳۷۳۴۱۶,میاندوآب,miandoab,vehicles,auto
۰۹۱۴۱۷۸۴۳۰۳,میاندوآب,miandoab,vehicles,auto
۰۹۰۵۵۷۴۸۶۳۰,میاندوآب,miandoab,vehicles,auto
۰۹۳۳۳۸۱۲۷۷۲,میاندوآب,miandoab,vehicles,auto
۰۹۱۴۴۸۲۸۸۱۹,میاندوآب,miandoab,vehicles,auto
۰۹۰۳۱۵۳۹۶۴۶,میاندوآب,miandoab,vehicles,auto
۰۹۹۰۲۰۸۹۸۶۲,میاندوآب,miandoab,vehicles,auto
۰۹۳۶۱۳۳۲۲۶۲,میاندوآب,miandoab,vehicles,auto
۰۹۱۴۹۸۲۳۱۰۹,میاندوآب,miandoab,vehicles,auto
۰۹۰۵۵۱۵۲۳۰۰,میاندوآب,miandoab,vehicles,auto
۰۹۱۴۸۰۸۳۲۱۵,میاندوآب,miandoab,vehicles,auto
۰۹۳۹۴۱۲۹۷۷۰,میاندوآب,miandoab,vehicles,auto
۰۹۱۴۴۸۱۹۶۶۵,میاندوآب,miandoab,vehicles,auto
۰۹۰۱۹۵۸۸۰۲۱,میاندوآب,miandoab,vehicles,auto
۰۹۳۷۰۸۸۸۷۰۹,میاندوآب,miandoab,vehicles,auto
۰۹۳۸۴۸۱۱۱۸۵,میاندوآب,miandoab,vehicles,auto
۰۹۳۳۲۶۲۵۲۶۰,میاندوآب,miandoab,vehicles,auto
۰۹۱۴۹۷۹۲۹۳۴,میاندوآب,miandoab,vehicles,auto
۰۹۱۴۴۹۰۲۴۵۳,میاندوآب,miandoab,vehicles,auto
۰۹۱۴۴۸۲۷۶۳۵,میاندوآب,miandoab,vehicles,auto
۰۹۱۴۷۲۴۸۳۸۱,میاندوآب,miandoab,vehicles,auto
۰۹۱۴۱۸۳۸۸۵۰,میاندوآب,miandoab,vehicles,auto
۰۹۱۴۱۸۰۳۰۰۲,میاندوآب,miandoab,vehicles,auto
۰۹۳۵۸۵۸۴۶۹۰,میاندوآب,miandoab,vehicles,auto
۰۹۱۴۴۸۱۸۲۳۱,میاندوآب,miandoab,vehicles,auto
۰۹۳۷۴۳۷۶۶۸۱,میاندوآب,miandoab,vehicles,auto
۰۹۹۰۲۱۷۱۸۳۹,میاندوآب,miandoab,vehicles,auto
۰۹۳۹۴۳۲۲۱۳۶,میاندوآب,miandoab,vehicles,auto
۰۹۰۵۴۱۸۵۵۹۶,میاندوآب,miandoab,vehicles,auto
۰۹۱۴۱۸۰۴۲۴۶,میاندوآب,miandoab,vehicles,auto
۰۹۱۰۴۴۳۰۳۳۴,میاندوآب,miandoab,vehicles,auto
۰۹۱۴۲۶۶۰۰۹۶,میاندوآب,miandoab,vehicles,auto
۰۹۰۳۱۷۱۶۶۷۳,میاندوآب,miandoab,vehicles,auto
۰۹۱۹۱۳۷۳۷۴۵,میاندوآب,miandoab,vehicles,auto
۰۹۲۱۴۵۳۷۳۹۵,میاندوآب,miandoab,vehicles,auto
۰۹۳۷۰۲۱۵۶۱۵,میاندوآب,miandoab,vehicles,auto
۰۹۳۸۰۵۰۱۷۶۴,میاندوآب,miandoab,vehicles,auto
۰۹۳۰۸۱۵۴۵۷۲,میاندوآب,miandoab,vehicles,auto
۰۹۱۴۳۸۱۱۱۳۷,میاندوآب,miandoab,vehicles,auto
۰۹۰۱۰۸۱۹۲۹۷,میاندوآب,miandoab,vehicles,auto
۰۹۰۱۱۰۴۷۴۰۸,میاندوآب,miandoab,vehicles,auto
۰۹۰۵۴۵۹۷۱۰۱,میاندوآب,miandoab,vehicles,auto
۰۹۳۵۵۹۵۱۰۷۶,میاندوآب,miandoab,vehicles,auto
۰۹۱۴۳۸۱۸۶۴۹,میاندوآب,miandoab,vehicles,auto
۰۹۱۴۳۸۱۸۳۴۲,میاندوآب,miandoab,vehicles,car-accessories
۰۹۱۴۳۸۱۸۳۴۲,میاندوآب,miandoab,vehicles,car-accessories
۰۹۱۴۳۲۱۴۶۰۹,میاندوآب,miandoab,vehicles,car-accessories
۰۹۱۴۳۲۱۴۶۰۹,میاندوآب,miandoab,vehicles,car-accessories
۰۹۰۳۸۲۶۰۷۲۳,میاندوآب,miandoab,vehicles,car-accessories
۰۹۲۲۷۳۶۶۲۵۰,میاندوآب,miandoab,vehicles,car-accessories
۰۹۳۵۹۸۶۸۰۵۴,میاندوآب,miandoab,vehicles,car-accessories
۰۹۱۴۱۸۵۶۰۶۲,میاندوآب,miandoab,vehicles,car-accessories
۰۹۳۵۵۴۸۲۸۴۹,میاندوآب,miandoab,vehicles,car-accessories
۰۹۱۴۵۰۷۰۳۵۷,میاندوآب,miandoab,vehicles,car-accessories
۰۹۰۳۳۶۳۷۰۵۸,میاندوآب,miandoab,vehicles,car-accessories
۰۹۱۷۱۷۶۸۹۵۷,میاندوآب,miandoab,vehicles,car-accessories
۰۹۱۴۷۲۰۴۴۳۱,میاندوآب,miandoab,vehicles,car-accessories
۰۹۲۱۴۶۵۹۳۸۳,میاندوآب,miandoab,vehicles,car-accessories
۰۹۲۱۴۶۵۹۳۸۳,میاندوآب,miandoab,vehicles,car-accessories
۰۹۱۴۸۴۳۶۵۸۵,میاندوآب,miandoab,vehicles,car-accessories
۰۹۳۵۵۴۸۲۸۴۹,میاندوآب,miandoab,vehicles,car-accessories
۰۹۳۵۲۶۰۳۸۵۶,میاندوآب,miandoab,vehicles,car-accessories
۰۹۳۵۲۶۰۳۸۵۶,میاندوآب,miandoab,vehicles,car-accessories
۰۹۳۵۳۸۱۰۰۱۹,میاندوآب,miandoab,vehicles,car-accessories
۰۹۱۴۶۹۰۵۶۲۴,میاندوآب,miandoab,vehicles,car-accessories
۰۹۰۱۶۰۹۴۵۷۱,میاندوآب,miandoab,vehicles,car-accessories
۰۹۳۶۳۵۲۴۷۲۰,میاندوآب,miandoab,vehicles,car-accessories
۰۹۳۳۳۵۲۸۴۵۷,میاندوآب,miandoab,vehicles,car-accessories
۰۹۱۴۳۸۰۲۶۲۹,میاندوآب,miandoab,vehicles,car-accessories
۰۹۳۸۲۱۲۴۸۴۴,میاندوآب,miandoab,vehicles,car-accessories
۰۹۱۴۹۴۷۳۶۴۷,میاندوآب,miandoab,vehicles,car-accessories
۰۹۰۵۵۱۵۲۳۰۰,میاندوآب,miandoab,vehicles,car-accessories
۰۹۰۲۷۳۶۰۴۴۷,میاندوآب,miandoab,vehicles,car-accessories
۰۹۳۸۵۷۸۳۶۴۰,میاندوآب,miandoab,vehicles,car-accessories
۰۹۱۴۴۸۴۱۵۳۶,میاندوآب,miandoab,vehicles,car-accessories
۰۹۱۴۷۱۳۱۹۷۴,میاندوآب,miandoab,vehicles,car-accessories
۰۹۱۴۴۸۸۲۷۹۷,میاندوآب,miandoab,vehicles,car-accessories
۰۹۱۴۴۸۸۲۷۹۷,میاندوآب,miandoab,vehicles,car-accessories
۰۹۹۱۸۹۴۵۹۶۹,میاندوآب,miandoab,vehicles,car-accessories
۰۹۳۵۶۲۴۴۶۷۰,میاندوآب,miandoab,vehicles,car-accessories
۰۹۳۰۸۶۶۰۴۵۴,میاندوآب,miandoab,vehicles,car-accessories
۰۹۳۰۲۰۷۷۵۰۳,میاندوآب,miandoab,vehicles,car-accessories
۰۹۱۴۸۳۷۱۵۶۷,میاندوآب,miandoab,vehicles,car-accessories
۰۹۳۰۳۰۸۵۵۶۶,میاندوآب,miandoab,vehicles,car-accessories
۰۹۱۴۸۰۰۴۳۹۲,میاندوآب,miandoab,vehicles,car-accessories
۰۹۰۲۷۹۸۱۷۱۷,میاندوآب,miandoab,vehicles,car-accessories
۰۹۳۶۸۳۴۷۴۰۲,میاندوآب,miandoab,vehicles,car-accessories
۰۹۳۳۴۴۹۸۷۴۳,میاندوآب,miandoab,vehicles,car-accessories
۰۹۰۵۲۵۶۸۵۱۵,میاندوآب,miandoab,vehicles,car-accessories
۰۹۱۴۴۸۱۱۹۳۴,میاندوآب,miandoab,vehicles,car-accessories
۰۹۱۴۸۲۴۳۱۹۷,میاندوآب,miandoab,vehicles,car-accessories
۰۹۱۴۸۲۴۳۱۹۷,میاندوآب,miandoab,vehicles,car-accessories
۰۹۳۶۲۹۶۲۷۴۸,میاندوآب,miandoab,vehicles,car-accessories
۰۹۱۴۵۱۹۵۸۰۵,میاندوآب,miandoab,vehicles,car-accessories
۰۹۱۴۹۲۸۸۵۳۴,میاندوآب,miandoab,vehicles,car-accessories
۰۹۱۴۴۸۲۶۳۲۸,میاندوآب,miandoab,vehicles,car-accessories
۰۹۳۰۱۲۱۵۸۵۶,میاندوآب,miandoab,vehicles,car-accessories
۰۹۰۳۳۳۶۵۹۳۹,میاندوآب,miandoab,vehicles,car-accessories
۰۹۱۴۴۲۰۵۷۱۸,میاندوآب,miandoab,vehicles,car-accessories
۰۹۱۴۵۱۰۵۸۰۴,میاندوآب,miandoab,vehicles,car-accessories
۰۹۱۲۹۲۶۰۴۹۸,میاندوآب,miandoab,vehicles,car-accessories
۰۹۳۰۸۷۲۶۳۶۲,میاندوآب,miandoab,vehicles,car-accessories
۰۹۳۵۵۵۳۷۰۶۸,میاندوآب,miandoab,vehicles,car-accessories
۰۹۳۹۱۸۱۰۰۸۸,میاندوآب,miandoab,vehicles,car-accessories
۰۹۱۴۲۵۳۷۸۹۰,میاندوآب,miandoab,vehicles,car-accessories
۰۹۰۱۶۹۳۱۰۳۴,میاندوآب,miandoab,vehicles,car-accessories
۰۹۳۵۹۲۳۱۰۳۰,میاندوآب,miandoab,vehicles,car-accessories
۰۹۰۱۰۳۵۳۰۲۹,میاندوآب,miandoab,vehicles,car-accessories
۰۹۱۴۷۲۰۴۴۳۱,میاندوآب,miandoab,vehicles,car-accessories
۰۹۳۶۹۷۳۹۵۳۱,میاندوآب,miandoab,vehicles,motorcycles
۰۹۱۴۵۱۴۴۸۳۲,میاندوآب,miandoab,vehicles,motorcycles
۰۹۰۳۸۱۸۶۳۱۲,میاندوآب,miandoab,vehicles,motorcycles
۰۹۰۵۲۳۱۶۴۷۸,میاندوآب,miandoab,vehicles,motorcycles
۰۹۱۴۴۸۲۹۴۹۷,میاندوآب,miandoab,vehicles,motorcycles
۰۹۰۱۵۴۵۲۷۱۸,میاندوآب,miandoab,vehicles,motorcycles
۰۹۱۴۶۶۲۵۱۴۵,میاندوآب,miandoab,vehicles,motorcycles
۰۹۳۶۰۹۴۹۶۵۱,میاندوآب,miandoab,vehicles,motorcycles
۰۹۳۷۱۵۰۷۰۱۴,میاندوآب,miandoab,vehicles,motorcycles
۰۹۳۷۳۵۱۸۸۱۳,میاندوآب,miandoab,vehicles,motorcycles
۰۹۰۱۲۴۱۲۷۵۴,میاندوآب,miandoab,vehicles,motorcycles
۰۹۳۷۲۵۲۹۴۹۶,میاندوآب,miandoab,vehicles,motorcycles
۰۹۳۹۳۱۳۳۵۰۰,میاندوآب,miandoab,vehicles,motorcycles
۰۹۳۳۴۸۶۹۳۹۲,میاندوآب,miandoab,vehicles,motorcycles
۰۹۲۲۱۰۴۴۱۷۹,میاندوآب,miandoab,vehicles,motorcycles
۰۹۳۶۰۲۰۶۴۷۱,میاندوآب,miandoab,vehicles,motorcycles
۰۹۳۰۲۵۸۷۸۴۰,میاندوآب,miandoab,vehicles,motorcycles
۰۹۳۰۳۴۴۱۷۹۴,میاندوآب,miandoab,vehicles,motorcycles
۰۹۳۰۳۴۴۱۷۹۴,میاندوآب,miandoab,vehicles,motorcycles
۰۹۰۱۳۹۷۰۱۶۹,میاندوآب,miandoab,vehicles,motorcycles
۰۹۰۲۹۴۹۲۷۲۸,میاندوآب,miandoab,vehicles,motorcycles
۰۹۱۴۸۸۴۴۸۵۰,میاندوآب,miandoab,vehicles,motorcycles
۰۹۳۳۳۸۱۶۹۰۷,میاندوآب,miandoab,vehicles,motorcycles
۰۹۱۴۶۳۸۱۹۰۶,میاندوآب,miandoab,vehicles,motorcycles
۰۹۳۶۸۱۲۴۰۰۷,میاندوآب,miandoab,vehicles,motorcycles
۰۹۳۸۹۸۹۱۰۳۳,میاندوآب,miandoab,vehicles,motorcycles
۰۹۱۴۹۴۹۰۵۶۸,میاندوآب,miandoab,vehicles,motorcycles
۰۹۰۳۱۷۸۰۲۵۸,میاندوآب,miandoab,vehicles,motorcycles
۰۹۳۳۳۹۱۴۸۱۲,میاندوآب,miandoab,vehicles,motorcycles
۰۹۰۵۰۵۵۶۶۷۶,میاندوآب,miandoab,vehicles,motorcycles
۰۹۱۴۵۰۷۰۳۵۷,میاندوآب,miandoab,vehicles,motorcycles
۰۹۰۱۵۷۹۴۸۰۰,میاندوآب,miandoab,vehicles,motorcycles
۰۹۰۱۰۵۱۷۵۶۱,میاندوآب,miandoab,vehicles,motorcycles
۰۹۱۴۱۴۱۷۹۹۹,میاندوآب,miandoab,vehicles,motorcycles
۰۹۳۶۴۵۲۹۳۸۶,میاندوآب,miandoab,vehicles,motorcycles
۰۹۳۸۴۶۹۳۰۹۹,میاندوآب,miandoab,vehicles,motorcycles
۰۹۳۶۱۰۸۵۳۲۸,میاندوآب,miandoab,vehicles,motorcycles
۰۹۳۵۶۹۸۹۸۹۷,میاندوآب,miandoab,vehicles,motorcycles
۰۹۳۶۳۴۴۸۷۵۱,میاندوآب,miandoab,vehicles,motorcycles
۰۹۰۳۵۹۷۳۴۲۲,میاندوآب,miandoab,vehicles,motorcycles
۰۹۰۱۵۴۱۴۵۸۱,میاندوآب,miandoab,vehicles,motorcycles
۰۹۲۱۴۷۶۵۸۷۰,میاندوآب,miandoab,vehicles,motorcycles
۰۹۳۷۳۸۵۲۹۰۳,میاندوآب,miandoab,vehicles,motorcycles
۰۹۳۳۱۱۶۷۰۵۳,میاندوآب,miandoab,vehicles,motorcycles
۰۹۱۰۴۴۲۶۴۹۱,میاندوآب,miandoab,vehicles,motorcycles
۰۹۱۴۶۳۳۹۶۶۳,میاندوآب,miandoab,vehicles,motorcycles
۰۹۰۲۰۳۰۷۲۴۲,میاندوآب,miandoab,vehicles,motorcycles
۰۹۱۴۷۹۴۱۱۵۷,میاندوآب,miandoab,vehicles,motorcycles
۰۹۳۶۳۰۱۸۵۴۳,میاندوآب,miandoab,vehicles,motorcycles
۰۹۱۴۸۶۰۶۸۴۱,میاندوآب,miandoab,vehicles,motorcycles
۰۹۳۰۱۲۱۷۰۸۵,میاندوآب,miandoab,vehicles,motorcycles
۰۹۱۲۷۶۵۵۳۹۰,میاندوآب,miandoab,vehicles,motorcycles
۰۹۳۸۷۵۹۲۴۳۹,میاندوآب,miandoab,vehicles,motorcycles
۰۹۳۹۵۸۶۹۲۸۷,میاندوآب,miandoab,vehicles,motorcycles
۰۹۳۸۹۹۷۴۵۵۹,میاندوآب,miandoab,vehicles,motorcycles
۰۹۹۰۷۵۹۳۹۰۱,میاندوآب,miandoab,vehicles,motorcycles
۰۹۳۸۰۹۶۷۲۱۳,میاندوآب,miandoab,vehicles,motorcycles
۰۹۱۴۷۹۶۹۴۳۶,میاندوآب,miandoab,vehicles,motorcycles
۰۹۱۴۶۰۵۷۸۳۸,میاندوآب,miandoab,vehicles,motorcycles
۰۹۳۵۱۹۰۹۱۳۳,میاندوآب,miandoab,vehicles,motorcycles
۰۹۳۰۹۹۴۹۷۸۸,میاندوآب,miandoab,vehicles,motorcycles
۰۹۹۰۵۴۲۳۷۶۰,میاندوآب,miandoab,vehicles,motorcycles
۰۹۹۱۰۵۸۵۵۹۵,میاندوآب,miandoab,vehicles,motorcycles
(پنهان‌شده؛ چت کنید),میاندوآب,miandoab,electronic-devices,mobile-tablet
۰۹۱۴۳۸۱۸۳۴۲,میاندوآب,miandoab,electronic-devices,mobile-tablet
۰۹۱۴۹۳۵۴۳۷۱,میاندوآب,miandoab,electronic-devices,mobile-tablet
۰۹۱۰۴۲۸۵۷۹۷,میاندوآب,miandoab,electronic-devices,mobile-tablet
۰۹۱۰۴۲۸۵۷۹۷,میاندوآب,miandoab,electronic-devices,mobile-tablet
۰۹۱۰۴۲۸۵۷۹۷,میاندوآب,miandoab,electronic-devices,mobile-tablet
۰۹۱۰۴۲۸۵۷۹۷,میاندوآب,miandoab,electronic-devices,mobile-tablet
۰۹۱۰۴۲۸۵۷۹۷,میاندوآب,miandoab,electronic-devices,mobile-tablet
۰۹۰۱۱۴۴۴۷۲۶,میاندوآب,miandoab,electronic-devices,mobile-tablet
۰۹۰۱۱۸۹۰۷۰۸,میاندوآب,miandoab,electronic-devices,mobile-tablet
۰۹۰۲۳۵۹۸۲۱۷,میاندوآب,miandoab,electronic-devices,mobile-tablet
۰۹۱۴۸۰۸۰۳۰۹,میاندوآب,miandoab,electronic-devices,mobile-tablet
۰۹۱۲۰۹۶۰۲۹۹,میاندوآب,miandoab,electronic-devices,mobile-tablet
۰۹۳۶۶۸۸۰۳۵۰,میاندوآب,miandoab,electronic-devices,mobile-tablet
۰۹۱۴۸۰۸۰۳۰۹,میاندوآب,miandoab,electronic-devices,mobile-tablet
(پنهان‌شده؛ چت کنید),میاندوآب,miandoab,electronic-devices,mobile-tablet
۰۹۳۷۶۰۴۸۷۵۲,میاندوآب,miandoab,electronic-devices,mobile-tablet
(پنهان‌شده؛ چت کنید),میاندوآب,miandoab,electronic-devices,mobile-tablet
(پنهان‌شده؛ چت کنید),میاندوآب,miandoab,electronic-devices,mobile-tablet
۰۹۳۸۶۸۸۰۳۳۹,میاندوآب,miandoab,electronic-devices,mobile-tablet
۰۹۱۴۶۳۳۱۰۳۷,میاندوآب,miandoab,electronic-devices,mobile-tablet
۰۹۳۹۳۲۱۲۲۲۸,میاندوآب,miandoab,electronic-devices,mobile-tablet
۰۹۳۳۹۲۷۷۵۱۴,میاندوآب,miandoab,electronic-devices,mobile-tablet
۰۹۱۴۴۸۱۲۷۶۴,میاندوآب,miandoab,electronic-devices,mobile-tablet
۰۹۳۸۰۴۰۸۸۰۷,میاندوآب,miandoab,electronic-devices,mobile-tablet
۰۹۰۲۰۴۰۳۹۴۱,میاندوآب,miandoab,electronic-devices,mobile-tablet
۰۹۳۳۹۲۷۷۵۱۴,میاندوآب,miandoab,electronic-devices,mobile-tablet
۰۹۱۴۶۰۲۸۷۷۲,میاندوآب,miandoab,electronic-devices,mobile-tablet
۰۹۱۴۹۸۲۱۹۱۳,میاندوآب,miandoab,electronic-devices,mobile-tablet
۰۹۰۵۵۸۱۳۸۲۷,میاندوآب,miandoab,electronic-devices,mobile-tablet
۰۹۹۰۳۷۹۴۴۵۰,میاندوآب,miandoab,electronic-devices,mobile-tablet
۰۹۱۹۷۲۱۹۰۵۴,میاندوآب,miandoab,electronic-devices,mobile-tablet
۰۹۰۵۲۸۰۵۴۲۳,میاندوآب,miandoab,electronic-devices,mobile-tablet
۰۹۱۴۵۵۶۱۲۳۵,میاندوآب,miandoab,electronic-devices,mobile-tablet
۰۹۰۲۹۹۰۸۱۷۷,میاندوآب,miandoab,electronic-devices,mobile-tablet
۰۹۱۴۸۷۰۱۱۲۸,میاندوآب,miandoab,electronic-devices,mobile-tablet
۰۹۳۶۷۹۴۶۴۰۱,میاندوآب,miandoab,electronic-devices,mobile-tablet
(پنهان‌شده؛ چت کنید),میاندوآب,miandoab,electronic-devices,mobile-tablet
۰۹۰۳۱۲۴۳۶۳۷,میاندوآب,miandoab,electronic-devices,mobile-tablet
۰۹۰۱۵۴۶۳۱۱۳,میاندوآب,miandoab,electronic-devices,mobile-tablet
۰۹۱۴۵۴۱۵۱۵۵,میاندوآب,miandoab,electronic-devices,mobile-tablet
۰۹۳۰۴۷۷۳۴۶۵,میاندوآب,miandoab,electronic-devices,mobile-tablet
۰۹۳۵۱۳۸۹۴۴۶,میاندوآب,miandoab,electronic-devices,mobile-tablet
۰۹۰۳۹۱۵۷۸۵۵,میاندوآب,miandoab,electronic-devices,mobile-tablet
۰۹۳۶۴۱۹۴۶۱۰,میاندوآب,miandoab,electronic-devices,mobile-tablet
۰۹۱۴۵۵۲۱۸۶۵,میاندوآب,miandoab,electronic-devices,mobile-tablet
۰۹۱۳۸۷۴۳۵۹۷,میاندوآب,miandoab,electronic-devices,mobile-tablet
۰۹۱۴۸۲۴۱۸۸۰,میاندوآب,miandoab,electronic-devices,mobile-tablet
۰۹۱۵۲۲۸۲۱۷۲,میاندوآب,miandoab,electronic-devices,mobile-tablet
۰۹۰۳۳۳۳۷۲۱۱,میاندوآب,miandoab,electronic-devices,mobile-tablet
۰۹۰۳۳۳۳۷۲۱۱,میاندوآب,miandoab,electronic-devices,mobile-tablet
۰۹۰۳۱۷۴۳۳۱۳,میاندوآب,miandoab,electronic-devices,mobile-tablet
۰۹۰۳۱۷۴۳۳۱۳,میاندوآب,miandoab,electronic-devices,mobile-tablet
۰۹۰۳۱۷۴۳۳۱۳,میاندوآب,miandoab,electronic-devices,mobile-tablet
۰۹۰۳۱۷۴۳۳۱۳,میاندوآب,miandoab,electronic-devices,mobile-tablet
۰۹۱۴۸۰۸۱۲۴۲,میاندوآب,miandoab,electronic-devices,mobile-tablet
۰۹۰۱۳۶۴۴۱۰۸,میاندوآب,miandoab,electronic-devices,mobile-tablet
۰۹۳۰۷۷۶۰۴۹۱,میاندوآب,miandoab,electronic-devices,mobile-tablet
۰۹۱۴۶۰۵۳۲۲۶,میاندوآب,miandoab,electronic-devices,mobile-tablet
۰۹۰۵۱۹۳۹۴۷۲,میاندوآب,miandoab,electronic-devices,mobile-tablet
(پنهان‌شده؛ چت کنید),میاندوآب,miandoab,electronic-devices,mobile-tablet
(پنهان‌شده؛ چت کنید),میاندوآب,miandoab,electronic-devices,mobile-tablet
۰۹۰۳۱۳۵۳۲۷۲,میاندوآب,miandoab,electronic-devices,mobile-tablet
۰۹۱۴۷۲۶۸۲۲۵,میاندوآب,miandoab,electronic-devices,mobile-tablet
(پنهان‌شده؛ چت کنید),میاندوآب,miandoab,electronic-devices,mobile-tablet
۰۹۳۸۶۰۵۲۵۸۹,میاندوآب,miandoab,electronic-devices,mobile-tablet
۰۹۰۱۳۴۷۷۹۵۴,میاندوآب,miandoab,electronic-devices,mobile-tablet
۰۹۳۷۷۴۷۲۰۶۶,میاندوآب,miandoab,electronic-devices,mobile-tablet
۰۹۳۸۰۸۶۰۷۹۸,میاندوآب,miandoab,electronic-devices,mobile-tablet
۰۹۳۰۹۱۰۶۱۳۲,میاندوآب,miandoab,electronic-devices,computers
(پنهان‌شده؛ چت کنید),میاندوآب,miandoab,electronic-devices,computers
۰۹۱۸۰۸۰۶۵۶۷,میاندوآب,miandoab,electronic-devices,computers
(پنهان‌شده؛ چت کنید),میاندوآب,miandoab,electronic-devices,computers
۰۹۰۲۳۰۸۶۲۳۸,میاندوآب,miandoab,electronic-devices,computers
۰۹۳۹۵۵۶۳۸۲۵,میاندوآب,miandoab,electronic-devices,computers
۰۹۰۱۱۸۱۴۰۴۲,میاندوآب,miandoab,electronic-devices,computers
۰۹۳۸۱۲۷۰۶۵۷,میاندوآب,miandoab,electronic-devices,computers
۰۹۱۴۳۸۱۸۸۷۵,میاندوآب,miandoab,electronic-devices,computers
۰۹۱۴۹۸۴۱۱۳۹,میاندوآب,miandoab,electronic-devices,computers
۰۹۲۱۶۳۵۹۷۹۴,میاندوآب,miandoab,electronic-devices,computers
۰۹۳۸۹۶۳۹۵۵۹,میاندوآب,miandoab,electronic-devices,computers
۰۹۳۸۹۶۳۹۵۵۹,میاندوآب,miandoab,electronic-devices,computers
۰۹۳۸۹۶۳۹۵۵۹,میاندوآب,miandoab,electronic-devices,computers
۰۹۲۱۶۳۵۹۷۹۴,میاندوآب,miandoab,electronic-devices,computers
۰۹۲۱۶۳۵۹۷۹۴,میاندوآب,miandoab,electronic-devices,computers
۰۹۲۱۶۳۵۹۷۹۴,میاندوآب,miandoab,electronic-devices,computers
۰۹۱۴۷۹۶۶۹۴۵,میاندوآب,miandoab,electronic-devices,computers
۰۹۳۸۹۶۳۹۵۵۹,میاندوآب,miandoab,electronic-devices,computers
۰۹۳۳۲۳۷۸۶۳۳,میاندوآب,miandoab,electronic-devices,computers
۰۹۳۳۸۸۹۱۵۲۰,میاندوآب,miandoab,electronic-devices,computers
۰۹۰۱۱۸۱۴۰۴۲,میاندوآب,miandoab,electronic-devices,computers
۰۹۳۶۹۸۶۹۲۸۰,میاندوآب,miandoab,electronic-devices,computers
۰۹۰۲۳۱۹۹۰۶۹,میاندوآب,miandoab,electronic-devices,computers
۰۹۳۹۸۳۴۰۵۸۸,میاندوآب,miandoab,electronic-devices,computers
۰۹۳۶۰۳۳۶۷۰۸,میاندوآب,miandoab,electronic-devices,computers
۰۹۱۴۸۵۴۴۹۹۵,میاندوآب,miandoab,electronic-devices,computers
۰۹۱۱۶۱۱۲۲۱۲,میاندوآب,miandoab,electronic-devices,computers
۰۹۳۷۸۵۹۷۲۶۲,میاندوآب,miandoab,electronic-devices,computers
۰۹۳۷۸۵۹۷۲۶۲,میاندوآب,miandoab,electronic-devices,computers
۰۹۳۸۸۷۷۷۳۹۱,میاندوآب,miandoab,electronic-devices,computers
۰۹۱۴۹۲۱۶۶۰۶,میاندوآب,miandoab,electronic-devices,computers
۰۹۳۹۷۰۲۵۷۸۷,میاندوآب,miandoab,electronic-devices,computers
۰۹۰۳۷۵۰۱۵۲۸,میاندوآب,miandoab,electronic-devices,computers
(پنهان‌شده؛ چت کنید),میاندوآب,miandoab,electronic-devices,game-consoles
۰۹۰۵۹۵۷۱۵۶۶,میاندوآب,miandoab,electronic-devices,game-consoles
۰۹۱۴۲۸۱۸۵۱۳,میاندوآب,miandoab,electronic-devices,game-consoles
۰۹۱۴۱۸۵۸۳۲۳,میاندوآب,miandoab,electronic-devices,game-consoles
۰۹۱۴۷۲۶۷۸۳۹,میاندوآب,miandoab,electronic-devices,game-consoles
۰۹۱۴۸۵۴۴۹۹۵,میاندوآب,miandoab,electronic-devices,video-audio-device
۰۹۰۳۶۸۷۲۱۲۹,میاندوآب,miandoab,electronic-devices,video-audio-device
۰۹۹۱۴۰۶۰۰۷۳,میاندوآب,miandoab,electronic-devices,video-audio-device
۰۹۱۴۲۷۷۷۰۹۹,میاندوآب,miandoab,electronic-devices,video-audio-device
(پنهان‌شده؛ چت کنید),میاندوآب,miandoab,electronic-devices,video-audio-device
۰۹۳۰۹۱۴۶۵۴۰,میاندوآب,miandoab,electronic-devices,video-audio-device
(پنهان‌شده؛ چت کنید),میاندوآب,miandoab,electronic-devices,video-audio-device
۰۹۳۷۱۷۷۰۷۳۳,میاندوآب,miandoab,electronic-devices,video-audio-device
۰۹۰۳۷۴۶۹۷۹۶,میاندوآب,miandoab,electronic-devices,video-audio-device
۰۹۱۴۸۵۴۴۹۹۵,میاندوآب,miandoab,electronic-devices,video-audio-device
۰۹۱۴۱۸۱۱۲۷۸,میاندوآب,miandoab,electronic-devices,video-audio-device
۰۹۲۱۴۶۸۴۱۰۸,میاندوآب,miandoab,electronic-devices,video-audio-device
۰۹۳۸۶۲۸۱۱۶۲,میاندوآب,miandoab,electronic-devices,video-audio-device
۰۹۱۴۹۵۳۲۶۶۰,میاندوآب,miandoab,electronic-devices,video-audio-device
۰۹۳۷۵۴۹۰۷۶۰,میاندوآب,miandoab,electronic-devices,video-audio-device
۰۹۰۳۱۶۴۰۶۵۸,میاندوآب,miandoab,electronic-devices,video-audio-device
۰۹۳۳۶۹۶xxxx,میاندوآب,miandoab,electronic-devices,telephone
۰۹۳۷۳۵۱۸۸۸۰,میاندوآب,miandoab,electronic-devices,telephone
۰۹۱۴۴۸۰۸۵۵۶,میاندوآب,miandoab,electronic-devices,telephone
(پنهان‌شده؛ چت کنید),میاندوآب,miandoab,home-and-kitchen,home-decor-furniture
۰۹۱۸۸۱۲۶۶۰۲,میاندوآب,miandoab,home-and-kitchen,home-decor-furniture
۰۹۱۹۹۶۰۴۱۱۷,میاندوآب,miandoab,home-and-kitchen,home-decor-furniture
۰۹۳۷۶۵۶۰۲۰۳,میاندوآب,miandoab,home-and-kitchen,home-decor-furniture
۰۹۳۷۶۵۶۰۲۰۳,میاندوآب,miandoab,home-and-kitchen,home-decor-furniture
۰۹۱۴۴۸۱۵۳۰۰,میاندوآب,miandoab,home-and-kitchen,home-decor-furniture
۰۹۲۲۲۹۲۱۸۱۵,میاندوآب,miandoab,home-and-kitchen,home-decor-furniture
۰۹۲۲۲۹۲۱۸۱۵,میاندوآب,miandoab,home-and-kitchen,home-decor-furniture
۰۹۱۴۱۸۳۶۵۲۶,میاندوآب,miandoab,home-and-kitchen,home-decor-furniture
(پنهان‌شده؛ چت کنید),میاندوآب,miandoab,home-and-kitchen,home-decor-furniture
۰۹۱۴۶۷۱۲۰۴۲,میاندوآب,miandoab,home-and-kitchen,home-decor-furniture
۰۹۰۵۸۱۷۸۱۰۵,میاندوآب,miandoab,home-and-kitchen,home-decor-furniture
(پنهان‌شده؛ چت کنید),میاندوآب,miandoab,home-and-kitchen,home-decor-furniture
۰۹۳۳۸۷۱۲۳۷۵,میاندوآب,miandoab,home-and-kitchen,home-decor-furniture
۰۹۱۴۴۹۶۰۷۵۰,میاندوآب,miandoab,home-and-kitchen,home-decor-furniture
۰۹۱۴۵۵۸۸۴۲۲,میاندوآب,miandoab,home-and-kitchen,home-decor-furniture
۰۹۳۳۸۷۱۲۳۷۵,میاندوآب,miandoab,home-and-kitchen,home-decor-furniture
(پنهان‌شده؛ چت کنید),میاندوآب,miandoab,home-and-kitchen,home-decor-furniture
۰۹۱۴۸۰۸۳۲۶۲,میاندوآب,miandoab,home-and-kitchen,home-decor-furniture
۰۹۱۴۲۲۶۸۰۴۷,میاندوآب,miandoab,home-and-kitchen,home-decor-furniture
(پنهان‌شده؛ چت کنید),میاندوآب,miandoab,home-and-kitchen,home-decor-furniture
۰۹۱۴۱۸۳۵۹۸۸,میاندوآب,miandoab,home-and-kitchen,home-decor-furniture
۰۹۰۵۷۴۷۰۹۲۴,میاندوآب,miandoab,home-and-kitchen,home-decor-furniture
۰۹۱۴۳۲۱۴۶۰۹,میاندوآب,miandoab,home-and-kitchen,home-decor-furniture
(پنهان‌شده؛ چت کنید),میاندوآب,miandoab,home-and-kitchen,home-decor-furniture
(پنهان‌شده؛ چت کنید),میاندوآب,miandoab,home-and-kitchen,home-decor-furniture
۰۹۳۰۸۳۴۹۷۶۴,میاندوآب,miandoab,home-and-kitchen,home-decor-furniture
۰۹۲۲۶۹۷۷۱۶۸,میاندوآب,miandoab,home-and-kitchen,home-decor-furniture
۰۹۳۸۶۰۸۳۷۶۵,میاندوآب,miandoab,home-and-kitchen,home-decor-furniture
(پنهان‌شده؛ چت کنید),میاندوآب,miandoab,home-and-kitchen,home-decor-furniture
۰۹۱۴۱۸۵۵۰۳۳,میاندوآب,miandoab,home-and-kitchen,home-decor-furniture
۰۹۱۴۴۸۶۱۰۴۶,میاندوآب,miandoab,home-and-kitchen,home-decor-furniture
۰۹۱۴۹۸۲۲۹۸۱,میاندوآب,miandoab,home-and-kitchen,home-decor-furniture
(پنهان‌شده؛ چت کنید),میاندوآب,miandoab,home-and-kitchen,home-decor-furniture
۰۹۱۷۲۶۶۳۲۹۸,میاندوآب,miandoab,home-and-kitchen,home-decor-furniture
۰۹۰۲۹۵۴۸۸۴۶,میاندوآب,miandoab,home-and-kitchen,home-decor-furniture
۰۹۳۵۴۵۷۳۸۸۹,میاندوآب,miandoab,home-and-kitchen,home-decor-furniture
(پنهان‌شده؛ چت کنید),میاندوآب,miandoab,home-and-kitchen,home-decor-furniture
۰۹۱۴۱۸۳۸۹۷۰,میاندوآب,miandoab,home-and-kitchen,home-decor-furniture
۰۹۱۴۴۸۱۳۲۶۲,میاندوآب,miandoab,home-and-kitchen,home-decor-furniture
۰۹۱۴۴۸۲۵۸۱۳,میاندوآب,miandoab,home-and-kitchen,home-decor-furniture
(پنهان‌شده؛ چت کنید),میاندوآب,miandoab,home-and-kitchen,home-decor-furniture
۰۹۳۷۷۹۹۹۱۱۶,میاندوآب,miandoab,home-and-kitchen,home-decor-furniture
۰۹۱۴۵۸۵۳۱۷۳,میاندوآب,miandoab,home-and-kitchen,home-decor-furniture
۰۹۱۴۱۸۱۱۲۷۸,میاندوآب,miandoab,home-and-kitchen,home-decor-furniture
۰۹۱۴۱۸۱۱۲۷۸,میاندوآب,miandoab,home-and-kitchen,home-decor-furniture
۰۹۱۴۳۸۱۸۳۴۲,میاندوآب,miandoab,home-and-kitchen,kitchen-appliances
۰۹۲۲۲۷۱۶۸۵۵,میاندوآب,miandoab,home-and-kitchen,kitchen-appliances
۰۹۱۴۲۰۹۷۰۹۰,میاندوآب,miandoab,home-and-kitchen,kitchen-appliances
۰۹۳۶۷۹۷۲۸۲۹,میاندوآب,miandoab,home-and-kitchen,kitchen-appliances
۰۹۱۴۱۸۳۶۵۱۰,میاندوآب,miandoab,home-and-kitchen,kitchen-appliances
۰۹۹۰۵۲۷۷۸۰۰,میاندوآب,miandoab,home-and-kitchen,kitchen-appliances
۰۹۱۲۹۴۱۰۳۶۰,میاندوآب,miandoab,home-and-kitchen,kitchen-appliances
۰۹۳۷۵۳۶۳۶۳۴,میاندوآب,miandoab,home-and-kitchen,kitchen-appliances
۰۹۱۴۷۹۶۶۹۴۵,میاندوآب,miandoab,home-and-kitchen,kitchen-appliances
۰۹۱۴۹۶۸۹۵۶۵,میاندوآب,miandoab,home-and-kitchen,kitchen-appliances
۰۹۱۴۹۸۰۵۴۰۳,میاندوآب,miandoab,home-and-kitchen,kitchen-appliances
۰۹۱۴۹۳۵۵۴۲۷,میاندوآب,miandoab,home-and-kitchen,kitchen-appliances
۰۹۳۶۶۲۶۵۸۱۶,میاندوآب,miandoab,home-and-kitchen,kitchen-appliances
۰۹۱۱۴۵۸۰۸۳۶,میاندوآب,miandoab,home-and-kitchen,kitchen-appliances
۰۹۱۴۱۸۱۱۲۷۸,میاندوآب,miandoab,home-and-kitchen,kitchen-appliances
۰۹۱۴۱۸۱۱۲۷۸,میاندوآب,miandoab,home-and-kitchen,kitchen-appliances
۰۹۱۹۰۸۸۱۳۴۹,میاندوآب,miandoab,home-and-kitchen,kitchen-appliances
۰۹۳۷۸۹۰۴۸۴۰,میاندوآب,miandoab,home-and-kitchen,kitchen-appliances
۰۹۱۲۸۴۹۳۳۷۸,میاندوآب,miandoab,home-and-kitchen,kitchen-appliances
۰۹۱۴۹۸۱۶۷۶۳,میاندوآب,miandoab,home-and-kitchen,kitchen-appliances
۰۹۳۸۴۸۲۳۹۹۹,میاندوآب,miandoab,home-and-kitchen,kitchen-appliances
۰۹۱۴۹۶۸۹۵۶۵,میاندوآب,miandoab,home-and-kitchen,kitchen-appliances
۰۹۳۹۸۲۷۲۶۶۷,میاندوآب,miandoab,home-and-kitchen,kitchen-appliances
۰۹۰۵۰۲۷۲۰۴۶,میاندوآب,miandoab,home-and-kitchen,kitchen-appliances
(پنهان‌شده؛ چت کنید),میاندوآب,miandoab,home-and-kitchen,kitchen-appliances
(پنهان‌شده؛ چت کنید),میاندوآب,miandoab,home-and-kitchen,kitchen-appliances
۰۹۳۹۵۸۶۹۲۸۷,میاندوآب,miandoab,home-and-kitchen,kitchen-appliances
۰۹۱۸۹۷۵۷۱۱۹,میاندوآب,miandoab,home-and-kitchen,kitchen-appliances
۰۹۱۴۳۸۰۷۲۴۴,میاندوآب,miandoab,home-and-kitchen,kitchen-appliances
۰۹۱۴۴۸۷۸۴۰۶,میاندوآب,miandoab,home-and-kitchen,kitchen-appliances
۰۹۳۶۴۱۹۱۴۴۷,میاندوآب,miandoab,home-and-kitchen,kitchen-appliances
۰۹۱۸۴۰۱۴۴۰۳,میاندوآب,miandoab,home-and-kitchen,kitchen-appliances
۰۹۰۵۹۵۷۱۵۴۹,میاندوآب,miandoab,home-and-kitchen,kitchen-appliances
۰۹۹۰۳۷۵۶۰۳۰,میاندوآب,miandoab,home-and-kitchen,kitchen-appliances
۰۹۰۱۲۹۷۴۱۴۵,میاندوآب,miandoab,home-and-kitchen,kitchen-appliances
۰۹۳۳۵۱۲۳۵۱۶,میاندوآب,miandoab,home-and-kitchen,kitchen-appliances
۰۹۱۴۴۸۲۴۸۸۵,میاندوآب,miandoab,home-and-kitchen,kitchen-appliances
۰۹۳۸۰۳۷۵۱۰۱,میاندوآب,miandoab,home-and-kitchen,home-appliances
(پنهان‌شده؛ چت کنید),میاندوآب,miandoab,home-and-kitchen,building-garden
۰۹۱۴۴۸۱۳۱۲۳,میاندوآب,miandoab,home-and-kitchen,building-garden
(پنهان‌شده؛ چت کنید),میاندوآب,miandoab,home-and-kitchen,building-garden
۰۹۱۴۵۴۵۴۱۷۷,میاندوآب,miandoab,home-and-kitchen,building-garden
۰۹۰۳۹۶۸۷۶۴۴,میاندوآب,miandoab,home-and-kitchen,building-garden
۰۹۱۴۴۸۲۰۵۶۳,میاندوآب,miandoab,home-and-kitchen,building-garden
۰۹۱۴۴۸۲۰۵۶۳,میاندوآب,miandoab,home-and-kitchen,building-garden
۰۹۱۴۷۹۶۶۹۴۵,میاندوآب,miandoab,home-and-kitchen,building-garden
۰۹۱۴۴۸۲۲۷۹۱,میاندوآب,miandoab,home-and-kitchen,building-garden
۰۹۳۹۳۸۱۳۰۱۷,میاندوآب,miandoab,home-and-kitchen,building-garden
۰۹۹۲۷۷۸۳۸۱۲,میاندوآب,miandoab,home-and-kitchen,building-garden
۰۹۱۴۶۰۵۳۲۲۶,میاندوآب,miandoab,home-and-kitchen,building-garden
۰۹۰۳۰۸۳۴۱۴۸,میاندوآب,miandoab,home-and-kitchen,building-garden
۰۹۱۴۴۸۲۵۸۱۳,میاندوآب,miandoab,home-and-kitchen,building-garden
۰۹۱۴۹۸۱۶۷۶۳,میاندوآب,miandoab,home-and-kitchen,building-garden
۰۹۱۴۹۸۱۶۷۶۳,میاندوآب,miandoab,home-and-kitchen,building-garden
۰۹۱۴۹۸۱۶۷۶۳,میاندوآب,miandoab,home-and-kitchen,building-garden
۰۹۳۹۷۱۶۰۹۸۰,میاندوآب,miandoab,home-and-kitchen,building-garden
۰۹۳۵۵۸۰۷۷۲۵,میاندوآب,miandoab,home-and-kitchen,building-garden
۰۹۱۴۶۰۵۳۲۲۶,میاندوآب,miandoab,home-and-kitchen,building-garden
۰۹۱۴۷۹۲۵۱۳۰,میاندوآب,miandoab,home-and-kitchen,building-garden
۰۹۱۴۹۸۵۰۶۳۷,میاندوآب,miandoab,home-and-kitchen,building-garden
۰۹۱۴۴۸۱۳۶۱۳,میاندوآب,miandoab,services,vehicles-services
۰۹۱۴۹۸۱۸۵۰۹,میاندوآب,miandoab,services,vehicles-services
۰۹۱۴۸۰۵۱۹۰۴,میاندوآب,miandoab,services,vehicles-services
۰۹۳۷۰۲۹۸۶۳۸,میاندوآب,miandoab,services,catering-services
۰۹۰۳۱۵۳۹۶۴۶,میاندوآب,miandoab,services,catering-services
۰۹۱۹۴۹۲۱۳۹۴,میاندوآب,miandoab,services,catering-services
۰۹۳۷۸۶۸۹۳۹۱,میاندوآب,miandoab,services,catering-services
۰۹۱۴۸۴۹۴۳۸۴,میاندوآب,miandoab,services,catering-services
۰۹۰۵۴۳۲۹۸۰۷,میاندوآب,miandoab,services,technology-services
۰۹۰۵۴۳۲۹۸۰۷,میاندوآب,miandoab,services,technology-services
۰۹۲۱۶۳۵۹۷۹۴,میاندوآب,miandoab,services,technology-services
۰۹۰۵۴۳۲۹۸۰۷,میاندوآب,miandoab,services,technology-services
۰۹۰۲۶۴۸۸۵۷۰,میاندوآب,miandoab,services,technology-services
۰۹۰۵۴۳۲۹۸۰۸,میاندوآب,miandoab,services,technology-services
۰۹۰۵۴۳۲۹۸۰۷,میاندوآب,miandoab,services,technology-services
۰۹۳۸۹۵۶۴۸۷۴,میاندوآب,miandoab,services,technology-services
۰۹۰۵۴۳۲۹۸۰۷,میاندوآب,miandoab,services,technology-services
۰۹۰۵۴۳۲۹۸۰۷,میاندوآب,miandoab,services,technology-services
۰۹۳۸۹۵۶۴۸۷۴,میاندوآب,miandoab,services,technology-services
۰۹۳۸۹۵۶۴۸۷۴,میاندوآب,miandoab,services,technology-services
۰۹۰۵۴۳۲۹۸۰۷,میاندوآب,miandoab,services,technology-services
۰۹۰۵۴۳۲۹۸۰۷,میاندوآب,miandoab,services,technology-services
۰۹۰۵۴۳۲۹۸۰۷,میاندوآب,miandoab,services,technology-services
۰۹۳۳۴۷۲۷۵۳۰,میاندوآب,miandoab,services,technology-services
۰۹۰۵۴۳۲۹۸۰۶,میاندوآب,miandoab,services,technology-services
۰۹۰۵۱۴۹۵۹۶۱,میاندوآب,miandoab,services,financial-services
۰۹۱۴۵۱۲۱۸۹۱,میاندوآب,miandoab,services,financial-services
۰۹۱۴۱۸۰۷۴۶۹,میاندوآب,miandoab,services,financial-services
۰۹۳۹۳۸۱۳۰۱۷,میاندوآب,miandoab,services,financial-services
۰۹۳۹۹۱۷۱۰۰۸,میاندوآب,miandoab,services,financial-services
۰۹۱۴۲۶۳۹۶۰۵,میاندوآب,miandoab,services,financial-services
۰۹۱۴۲۷۷۷۰۹۹,میاندوآب,miandoab,services,transport-logistic-services
۰۹۳۳۰۹۸۴۴۳۴,میاندوآب,miandoab,services,transport-logistic-services
۰۹۳۷۵۴۷۳۶۶۰,میاندوآب,miandoab,services,transport-logistic-services
۰۹۱۴۹۷۹۶۷۷۰,میاندوآب,miandoab,services,transport-logistic-services
۰۹۱۴۵۲۶۲۷۳۰,میاندوآب,miandoab,services,craft-skill-services
(پنهان‌شده؛ چت کنید),میاندوآب,miandoab,services,craft-skill-services
۰۹۳۵۶۲۲۹۳۶۵,میاندوآب,miandoab,services,craft-skill-services
۰۹۰۵۱۴۹۵۹۶۱,میاندوآب,miandoab,services,craft-skill-services
۰۹۱۴۷۲۶۸۷۰۶,میاندوآب,miandoab,services,craft-skill-services
۰۹۱۴۴۱۲۹۰۷۹,میاندوآب,miandoab,services,craft-skill-services
۰۹۱۴۸۸۲۳۰۳۳,میاندوآب,miandoab,services,craft-skill-services
۰۹۳۵۴۵۷۳۸۸۹,میاندوآب,miandoab,services,craft-skill-services
۰۹۳۶۲۸۳۶۶۷۵,میاندوآب,miandoab,services,craft-skill-services
۰۹۰۱۱۴۷۷۷۸۱,میاندوآب,miandoab,services,craft-skill-services
۰۹۳۸۴۸۲۳۹۹۹,میاندوآب,miandoab,services,craft-skill-services
۰۹۱۴۱۸۰۳۵۲۷,میاندوآب,miandoab,services,craft-skill-services
۰۹۰۱۳۷۹۴۰۶۱,میاندوآب,miandoab,services,craft-skill-services
۰۹۱۴۱۸۰۳۵۲۷,میاندوآب,miandoab,services,craft-skill-services
۰۹۱۴۴۹۶۵۵۲۰,میاندوآب,miandoab,services,craft-skill-services
۰۹۱۴۶۸۰۹۱۸۱,میاندوآب,miandoab,services,beauty-services
۰۹۰۳۱۷۸۹۴۷۱,میاندوآب,miandoab,services,entertaining-services
(پنهان‌شده؛ چت کنید),میاندوآب,miandoab,services,cleaning-services
۰۹۳۳۱۷۶۹۴۳۵,میاندوآب,miandoab,services,gardening-services
۰۹۱۴۶۴۸۰۵۹۱,میاندوآب,miandoab,services,gardening-services
۰۹۱۴۶۳۸۱۶۶۷,میاندوآب,miandoab,services,gardening-services
۰۹۳۸۳۷۸۹۱۳۳,میاندوآب,miandoab,services,gardening-services
(پنهان‌شده؛ چت کنید),میاندوآب,miandoab,services,gardening-services
(پنهان‌شده؛ چت کنید),میاندوآب,miandoab,services,gardening-services
(پنهان‌شده؛ چت کنید),میاندوآب,miandoab,services,gardening-services
۰۹۱۴۹۲۸۷۸۲۲,میاندوآب,miandoab,services,gardening-services
۰۹۳۹۴۹۳۴۶۶۳,میاندوآب,miandoab,services,gardening-services
۰۹۱۴۲۷۷۷۰۹۹,میاندوآب,miandoab,services,gardening-services
۰۹۳۵۵۶۱۱۷۵۳,میاندوآب,miandoab,services,gardening-services
۰۹۳۵۹۳۴۴۱۴۹,میاندوآب,miandoab,services,gardening-services
۰۹۱۴۵۶۰۱۷۹۱,میاندوآب,miandoab,services,gardening-services
۰۹۰۱۹۵۸۵۴۱۶,میاندوآب,miandoab,services,gardening-services
۰۹۱۴۸۹۷۸۳۳۲,میاندوآب,miandoab,services,gardening-services
۰۹۰۱۹۱۶۲۷۸۴,میاندوآب,miandoab,services,gardening-services
۰۹۱۴۹۸۲۱۵۶۵,میاندوآب,miandoab,services,gardening-services
۰۹۱۴۱۸۱۰۰۰۷,میاندوآب,miandoab,services,gardening-services
۰۹۱۴۹۲۱۶۶۰۶,میاندوآب,miandoab,services,gardening-services
۰۹۱۲۲۵۸۴۶۲۷,میاندوآب,miandoab,services,gardening-services
۰۹۱۴۲۷۷۷۰۹۹,میاندوآب,miandoab,services,gardening-services
۰۹۳۹۸۶۷۷۴۱۰,میاندوآب,miandoab,services,gardening-services
۰۹۰۳۰۶۷۷۴۹۱,میاندوآب,miandoab,services,gardening-services
۰۹۱۴۷۹۹۱۸۸۶,میاندوآب,miandoab,services,gardening-services
۰۹۰۵۸۷۷۴۰۹۲,میاندوآب,miandoab,services,gardening-services
(پنهان‌شده؛ چت کنید),میاندوآب,miandoab,services,teaching-services
۰۹۱۴۶۳۳۸۸۰۱,میاندوآب,miandoab,services,teaching-services
۰۹۳۰۸۶۹۵۶۴۶,میاندوآب,miandoab,services,teaching-services
۰۹۳۶۶۰۹۱۷۸۰,میاندوآب,miandoab,services,teaching-services
۰۹۲۱۴۳۵۸۷۶۳,میاندوآب,miandoab,services,teaching-services
۰۹۱۴۲۷۷۲۰۷۷,میاندوآب,miandoab,services,teaching-services
۰۹۰۳۱۰۹۳۲۱۹,میاندوآب,miandoab,services,teaching-services
۰۹۱۴۴۸۴۱۵۳۶,میاندوآب,miandoab,personal-goods,apparel
۰۹۳۶۵۲۲۲۵۴۰,میاندوآب,miandoab,personal-goods,apparel
(پنهان‌شده؛ چت کنید),میاندوآب,miandoab,personal-goods,apparel
(پنهان‌شده؛ چت کنید),میاندوآب,miandoab,personal-goods,apparel
(پنهان‌شده؛ چت کنید),میاندوآب,miandoab,personal-goods,apparel
۰۹۰۵۲۵۴۲۵۱۵,میاندوآب,miandoab,personal-goods,apparel
(پنهان‌شده؛ چت کنید),میاندوآب,miandoab,personal-goods,apparel
(پنهان‌شده؛ چت کنید),میاندوآب,miandoab,personal-goods,apparel
۰۹۳۳۶۶۴۱۲۱۳,میاندوآب,miandoab,personal-goods,apparel
(پنهان‌شده؛ چت کنید),میاندوآب,miandoab,personal-goods,apparel
۰۹۱۹۶۸۳۹۵۶۹,میاندوآب,miandoab,personal-goods,apparel
(پنهان‌شده؛ چت کنید),میاندوآب,miandoab,personal-goods,apparel
۰۹۰۱۴۰۲۴۱۴۵,میاندوآب,miandoab,personal-goods,apparel
۰۹۱۴۴۸۴۱۵۳۶,میاندوآب,miandoab,personal-goods,apparel
۰۹۱۲۷۵۳۹۱۵۸,میاندوآب,miandoab,personal-goods,apparel
۰۹۱۲۷۵۳۹۱۵۸,میاندوآب,miandoab,personal-goods,apparel
۰۹۱۲۷۵۳۹۱۵۸,میاندوآب,miandoab,personal-goods,apparel
(پنهان‌شده؛ چت کنید),میاندوآب,miandoab,personal-goods,apparel
۰۹۰۳۹۱۵۷۸۵۵,میاندوآب,miandoab,personal-goods,apparel
(پنهان‌شده؛ چت کنید),میاندوآب,miandoab,personal-goods,apparel
۰۹۰۱۶۵۰۲۸۰۷,میاندوآب,miandoab,personal-goods,apparel
۰۹۱۴۸۵۴۴۹۹۵,میاندوآب,miandoab,personal-goods,apparel
۰۹۱۴۸۵۴۴۹۹۵,میاندوآب,miandoab,personal-goods,apparel
۰۹۱۴۲۶۰۲۷۶۰,میاندوآب,miandoab,personal-goods,apparel
۰۹۹۱۴۵۳۴۴۵۹,میاندوآب,miandoab,personal-goods,apparel
۰۹۱۴۸۱۸۰۹۵۹,میاندوآب,miandoab,personal-goods,apparel
۰۹۱۴۸۱۸۰۹۵۹,میاندوآب,miandoab,personal-goods,apparel
۰۹۱۴۲۶۰۲۷۶۰,میاندوآب,miandoab,personal-goods,apparel
۰۹۱۴۲۶۰۲۷۶۰,میاندوآب,miandoab,personal-goods,apparel
(پنهان‌شده؛ چت کنید),میاندوآب,miandoab,personal-goods,apparel
(پنهان‌شده؛ چت کنید),میاندوآب,miandoab,personal-goods,apparel
۰۹۱۴۴۸۷۸۴۰۶,میاندوآب,miandoab,personal-goods,apparel
۰۹۹۱۵۲۸۴۷۰۳,میاندوآب,miandoab,personal-goods,apparel
۰۹۳۷۵۰۶۳۸۵۵,میاندوآب,miandoab,personal-goods,apparel
۰۹۳۳۲۰۰۶۰۶۸,میاندوآب,miandoab,personal-goods,apparel
۰۹۱۴۵۲۵۲۷۲۵,میاندوآب,miandoab,personal-goods,apparel
(پنهان‌شده؛ چت کنید),میاندوآب,miandoab,personal-goods,apparel
(پنهان‌شده؛ چت کنید),میاندوآب,miandoab,personal-goods,apparel
۰۹۱۴۸۰۸۰۴۱۴,میاندوآب,miandoab,personal-goods,apparel
(پنهان‌شده؛ چت کنید),میاندوآب,miandoab,personal-goods,apparel
۰۹۳۷۲۱۴۳۴۵۵,میاندوآب,miandoab,personal-goods,apparel
۰۹۱۲۷۵۳۹۱۵۸,میاندوآب,miandoab,personal-goods,apparel
۰۹۱۲۷۵۳۹۱۵۸,میاندوآب,miandoab,personal-goods,apparel
۰۹۰۲۳۸۸۲۷۴۵,میاندوآب,miandoab,personal-goods,apparel
۰۹۳۵۵۸۰۷۷۲۵,میاندوآب,miandoab,personal-goods,apparel
۰۹۳۵۵۸۰۷۷۲۵,میاندوآب,miandoab,personal-goods,apparel
(پنهان‌شده؛ چت کنید),میاندوآب,miandoab,personal-goods,apparel
(پنهان‌شده؛ چت کنید),میاندوآب,miandoab,personal-goods,apparel
(پنهان‌شده؛ چت کنید),میاندوآب,miandoab,personal-goods,apparel
(پنهان‌شده؛ چت کنید),میاندوآب,miandoab,personal-goods,apparel
(پنهان‌شده؛ چت کنید),میاندوآب,miandoab,personal-goods,apparel
(پنهان‌شده؛ چت کنید),میاندوآب,miandoab,personal-goods,apparel
(پنهان‌شده؛ چت کنید),میاندوآب,miandoab,personal-goods,apparel
(پنهان‌شده؛ چت کنید),میاندوآب,miandoab,personal-goods,apparel
(پنهان‌شده؛ چت کنید),میاندوآب,miandoab,personal-goods,apparel
۰۹۱۱۶۱۱۲۲۱۲,میاندوآب,miandoab,personal-goods,apparel
(پنهان‌شده؛ چت کنید),میاندوآب,miandoab,personal-goods,apparel
۰۹۱۴۹۸۴۱۲۲۳,میاندوآب,miandoab,personal-goods,apparel
۰۹۳۹۳۳۴۲۹۹۰,میاندوآب,miandoab,personal-goods,apparel
۰۹۳۹۳۳۴۲۹۹۰,میاندوآب,miandoab,personal-goods,apparel
۰۹۳۹۳۳۴۲۹۹۰,میاندوآب,miandoab,personal-goods,apparel
۰۹۱۴۱۸۰۸۱۹۶,میاندوآب,miandoab,personal-goods,apparel
۰۹۳۳۱۴۸۹۹۸۹,میاندوآب,miandoab,personal-goods,accessories
۰۹۱۴۹۷۳۰۰۴۶,میاندوآب,miandoab,personal-goods,accessories
۰۹۳۶۱۵۳۵۲۳۷,میاندوآب,miandoab,personal-goods,accessories
۰۹۱۴۹۸۱۹۳۴۶,میاندوآب,miandoab,personal-goods,accessories
۰۹۱۴۲۶۰۲۷۶۰,میاندوآب,miandoab,personal-goods,accessories
(پنهان‌شده؛ چت کنید),میاندوآب,miandoab,personal-goods,accessories
۰۹۳۳۲۰۱۶۹۲۸,میاندوآب,miandoab,personal-goods,accessories
۰۹۱۴۳۸۰۹۳۵۰,میاندوآب,miandoab,personal-goods,accessories
۰۹۰۲۶۱۱۶۷۷۷,میاندوآب,miandoab,personal-goods,accessories
۰۹۳۷۷۳۲۷۲۷۸,میاندوآب,miandoab,personal-goods,accessories
۰۹۳۷۷۳۲۷۲۷۸,میاندوآب,miandoab,personal-goods,accessories
۰۹۲۲۶۹۷۷۱۶۸,میاندوآب,miandoab,personal-goods,accessories
۰۹۳۶۶۰۷۱۲۴۵,میاندوآب,miandoab,personal-goods,accessories
۰۹۳۶۲۵۶۷۵۸۱,میاندوآب,miandoab,personal-goods,accessories
۰۹۰۲۰۴۰۱۲۲۸,میاندوآب,miandoab,personal-goods,beauty-and-personal-care
(پنهان‌شده؛ چت کنید),میاندوآب,miandoab,personal-goods,beauty-and-personal-care
۰۹۳۷۳۵۱۸۸۸۰,میاندوآب,miandoab,personal-goods,beauty-and-personal-care
۰۹۳۷۳۵۱۸۸۸۰,میاندوآب,miandoab,personal-goods,beauty-and-personal-care
(پنهان‌شده؛ چت کنید),میاندوآب,miandoab,personal-goods,beauty-and-personal-care
۰۹۳۶۴۱۹۴۶۱۰,میاندوآب,miandoab,personal-goods,beauty-and-personal-care
۰۹۳۷۱۴۰۲۴۹۴,میاندوآب,miandoab,personal-goods,beauty-and-personal-care
۰۹۱۸۷۸۰۳۷۶۶,میاندوآب,miandoab,personal-goods,beauty-and-personal-care
۰۹۳۶۳۹۴۸۹۹۱,میاندوآب,miandoab,personal-goods,beauty-and-personal-care
۰۹۳۳۲۰۱۶۹۲۸,میاندوآب,miandoab,personal-goods,beauty-and-personal-care
۰۹۱۴۴۸۷۸۴۰۶,میاندوآب,miandoab,personal-goods,beauty-and-personal-care
۰۹۱۲۷۵۳۹۱۵۸,میاندوآب,miandoab,personal-goods,child-apparel
۰۹۳۹۴۳۹۵۳۵۸,میاندوآب,miandoab,personal-goods,child-apparel
۰۹۱۲۷۵۳۹۱۵۸,میاندوآب,miandoab,personal-goods,child-apparel
(پنهان‌شده؛ چت کنید),میاندوآب,miandoab,personal-goods,child-apparel
(پنهان‌شده؛ چت کنید),میاندوآب,miandoab,personal-goods,child-apparel
۰۹۰۲۰۸۶۵۲۹۰,میاندوآب,miandoab,personal-goods,child-apparel
۰۹۳۰۷۷۱۱۵۷۸,میاندوآب,miandoab,personal-goods,child-products
۰۹۱۴۸۰۸۳۲۶۲,میاندوآب,miandoab,personal-goods,child-products
۰۹۳۰۹۱۸۱۴۳۸,میاندوآب,miandoab,personal-goods,child-products
۰۹۱۴۸۱۸۰۹۵۹,میاندوآب,miandoab,personal-goods,child-products
۰۹۲۱۴۶۵۹۳۸۳,میاندوآب,miandoab,personal-goods,child-products
۰۹۳۵۵۶۵۴۷۰۶,میاندوآب,miandoab,personal-goods,child-products
۰۹۰۵۱۸۲۹۱۹۸,میاندوآب,miandoab,personal-goods,stationery
۰۹۰۲۹۵۲۵۹۷۰,میاندوآب,miandoab,personal-goods,stationery
۰۹۱۴۹۸۴۱۲۲۳,میاندوآب,miandoab,personal-goods,stationery
۰۹۰۲۶۲۶۳۸۱۰,میاندوآب,miandoab,personal-goods,stationery
(پنهان‌شده؛ چت کنید),میاندوآب,miandoab,entertainment,publication
۰۹۱۴۵۲۵۲۱۸۲,میاندوآب,miandoab,entertainment,publication
۰۹۱۵۲۲۸۲۱۷۲,میاندوآب,miandoab,entertainment,publication
۰۹۲۱۴۰۴۴۶۸۶,میاندوآب,miandoab,entertainment,publication
۰۹۳۹۸۴۴۷۸۷۸,میاندوآب,miandoab,entertainment,publication
۰۹۰۳۹۱۵۷۸۵۵,میاندوآب,miandoab,entertainment,publication
۰۹۰۳۷۱۴۳۵۹۷,میاندوآب,miandoab,entertainment,publication
۰۹۳۵۵۴۷۱۵۲۸,میاندوآب,miandoab,entertainment,publication
۰۹۳۵۳۸۵۷۲۷۰,میاندوآب,miandoab,entertainment,publication
۰۹۱۴۲۶۸۲۵۸۸,میاندوآب,miandoab,entertainment,publication
۰۹۱۴۳۸۱۸۳۴۲,میاندوآب,miandoab,entertainment,bike-skate-scooter
۰۹۰۵۰۶۱۱۳۴۱,میاندوآب,miandoab,entertainment,bike-skate-scooter
۰۹۳۰۱۰۰۱۰۵۶,میاندوآب,miandoab,entertainment,bike-skate-scooter
۰۹۹۱۰۱۶۹۲۷۹,میاندوآب,miandoab,entertainment,bike-skate-scooter
۰۹۹۱۰۱۶۹۲۷۹,میاندوآب,miandoab,entertainment,bike-skate-scooter
۰۹۹۱۰۱۶۹۲۷۹,میاندوآب,miandoab,entertainment,bike-skate-scooter
۰۹۹۱۰۱۶۹۲۷۹,میاندوآب,miandoab,entertainment,bike-skate-scooter
۰۹۰۱۹۴۵۹۹۵۳,میاندوآب,miandoab,entertainment,bike-skate-scooter
۰۹۹۰۳۸۶۰۹۲۸,میاندوآب,miandoab,entertainment,bike-skate-scooter
۰۹۳۰۴۲۴۴۲۲۷,میاندوآب,miandoab,entertainment,bike-skate-scooter
۰۹۱۴۲۶۰۲۷۶۰,میاندوآب,miandoab,entertainment,bike-skate-scooter
(پنهان‌شده؛ چت کنید),میاندوآب,miandoab,entertainment,bike-skate-scooter
۰۹۹۱۹۲۹۳۸۰۸,میاندوآب,miandoab,entertainment,bike-skate-scooter
۰۹۳۶۴۵۲۹۳۸۶,میاندوآب,miandoab,entertainment,bike-skate-scooter
۰۹۰۱۰۲۷۸۷۰۴,میاندوآب,miandoab,entertainment,bike-skate-scooter
۰۹۳۸۴۰۵۶۶۲۲,میاندوآب,miandoab,entertainment,bike-skate-scooter
۰۹۲۱۵۴۸۱۶۸۵,میاندوآب,miandoab,entertainment,bike-skate-scooter
۰۹۳۶۸۳۴۶۳۸۹,میاندوآب,miandoab,entertainment,bike-skate-scooter
۰۹۱۳۶۴۰۳۷۷۵,میاندوآب,miandoab,entertainment,bike-skate-scooter
۰۹۹۱۱۷۵۷۶۹۷,میاندوآب,miandoab,entertainment,bike-skate-scooter
۰۹۲۲۳۷۴۳۰۰۵,میاندوآب,miandoab,entertainment,bike-skate-scooter
۰۹۳۰۹۱۰۶۱۳۲,میاندوآب,miandoab,entertainment,pets-animals
۰۹۱۴۳۸۱۸۴۲۳,میاندوآب,miandoab,entertainment,pets-animals
۰۹۳۳۵۰۹۲۱۷۲,میاندوآب,miandoab,entertainment,pets-animals
۰۹۱۴۱۸۳۱۹۶۱,میاندوآب,miandoab,entertainment,pets-animals
۰۹۳۸۴۸۱۱۱۸۵,میاندوآب,miandoab,entertainment,pets-animals
۰۹۲۱۰۰۳۶۵۶۰,میاندوآب,miandoab,entertainment,pets-animals
۰۹۳۷۳۶۷۲۵۷۶,میاندوآب,miandoab,entertainment,pets-animals
۰۹۳۶۵۹۴۲۱۱۷,میاندوآب,miandoab,entertainment,pets-animals
۰۹۱۴۲۴۲۰۶۶۱,میاندوآب,miandoab,entertainment,pets-animals
۰۹۳۳۲۵۲۲۴۴۲,میاندوآب,miandoab,entertainment,pets-animals
۰۹۳۳۲۵۲۲۴۴۲,میاندوآب,miandoab,entertainment,pets-animals
۰۹۰۱۷۹۲۰۱۷۱,میاندوآب,miandoab,entertainment,pets-animals
۰۹۳۰۵۰۶۶۲۹۹,میاندوآب,miandoab,entertainment,pets-animals
۰۹۳۳۷۳۲۵۶۳۵,میاندوآب,miandoab,entertainment,pets-animals
۰۹۰۱۰۳۴۶۸۹۱,میاندوآب,miandoab,entertainment,pets-animals
۰۹۳۸۰۱۳۱۵۸۱,میاندوآب,miandoab,entertainment,pets-animals
۰۹۱۰۴۲۸۶۸۵۲,میاندوآب,miandoab,entertainment,pets-animals
(پنهان‌شده؛ چت کنید),میاندوآب,miandoab,entertainment,pets-animals
(پنهان‌شده؛ چت کنید),میاندوآب,miandoab,entertainment,pets-animals
۰۹۰۱۶۱۵۲۰۴۲,میاندوآب,miandoab,entertainment,pets-animals
(پنهان‌شده؛ چت کنید),میاندوآب,miandoab,entertainment,pets-animals
۰۹۳۹۴۵۸۵۳۰۶,میاندوآب,miandoab,entertainment,pets-animals
۰۹۳۹۴۵۸۵۳۰۶,میاندوآب,miandoab,entertainment,pets-animals
۰۹۳۹۹۷۶۱۱۶۰,میاندوآب,miandoab,entertainment,pets-animals
۰۹۱۱۵۵۷۵۷۴۱,میاندوآب,miandoab,entertainment,pets-animals
۰۹۳۹۹۶۰۱۳۲۹,میاندوآب,miandoab,entertainment,pets-animals
۰۹۰۲۸۱۸۳۴۵۸,میاندوآب,miandoab,entertainment,pets-animals
۰۹۰۳۰۷۲۶۱۰۴,میاندوآب,miandoab,entertainment,pets-animals
۰۹۱۴۴۸۱۹۶۷۹,میاندوآب,miandoab,entertainment,pets-animals
۰۹۰۲۸۰۲۹۰۷۹,میاندوآب,miandoab,entertainment,pets-animals
۰۹۱۴۳۸۱۷۷۲۹,میاندوآب,miandoab,entertainment,pets-animals
۰۹۳۳۹۸۰۵۷۶۳,میاندوآب,miandoab,entertainment,pets-animals
۰۹۹۰۱۷۳۱۹۲۳,میاندوآب,miandoab,entertainment,pets-animals
۰۹۱۴۷۲۱۷۲۲۰,میاندوآب,miandoab,entertainment,pets-animals
۰۹۱۴۵۴۱۹۰۵۴,میاندوآب,miandoab,entertainment,pets-animals
۰۹۰۳۴۸۸۹۴۴۵,میاندوآب,miandoab,entertainment,pets-animals
۰۹۱۴۷۶۲۴۵۷۱,میاندوآب,miandoab,entertainment,pets-animals
۰۹۱۴۹۷۹۰۰۹۷,میاندوآب,miandoab,entertainment,pets-animals
۰۹۳۸۲۱۹۷۱۵۸,میاندوآب,miandoab,entertainment,pets-animals
(پنهان‌شده؛ چت کنید),میاندوآب,miandoab,entertainment,pets-animals
(پنهان‌شده؛ چت کنید),میاندوآب,miandoab,entertainment,pets-animals
۰۹۳۰۲۲۷۳۷۱۹,میاندوآب,miandoab,entertainment,pets-animals
۰۹۳۹۶۰۹۷۳۷۴,میاندوآب,miandoab,entertainment,pets-animals
۰۹۰۲۳۶۵۷۹۱۳,میاندوآب,miandoab,entertainment,collecting
۰۹۱۴۸۸۳۸۸۱۰,میاندوآب,miandoab,entertainment,collecting
۰۹۰۱۴۷۰۷۱۶۶,میاندوآب,miandoab,entertainment,collecting
۰۹۳۷۱۳۲۱۷۳۲,میاندوآب,miandoab,entertainment,collecting
۰۹۳۸۷۳۹۸۰۹۸,میاندوآب,miandoab,entertainment,collecting
(پنهان‌شده؛ چت کنید),میاندوآب,miandoab,entertainment,musical-instruments
(پنهان‌شده؛ چت کنید),میاندوآب,miandoab,entertainment,musical-instruments
۰۹۱۴۲۹۹۸۵۵۹,میاندوآب,miandoab,entertainment,musical-instruments
۰۹۱۴۶۳۱۴۰۱۶,میاندوآب,miandoab,entertainment,musical-instruments
۰۹۳۵۷۷۱۰۸۲۲,میاندوآب,miandoab,entertainment,musical-instruments
۰۹۱۴۸۰۸۰۴۱۴,میاندوآب,miandoab,entertainment,sport-entertainment
۰۹۳۵۹۵۷۷۰۶۶,میاندوآب,miandoab,entertainment,sport-entertainment
۰۹۳۶۹۲۸۸۳۶۰,میاندوآب,miandoab,entertainment,sport-entertainment
۰۹۳۰۹۸۳۰۷۵۷,میاندوآب,miandoab,entertainment,sport-entertainment
۰۹۰۳۸۰۵۶۲۸۷,میاندوآب,miandoab,entertainment,sport-entertainment
۰۹۲۲۲۷۹۴۶۶۸,میاندوآب,miandoab,entertainment,sport-entertainment
۰۹۲۲۲۷۹۴۶۶۸,میاندوآب,miandoab,entertainment,sport-entertainment
۰۹۱۴۲۲۶۸۹۸۴,میاندوآب,miandoab,entertainment,sport-entertainment
۰۹۱۴۸۰۵۱۹۰۴,میاندوآب,miandoab,entertainment,sport-entertainment
۰۹۹۰۲۲۴۳۱۴۰,میاندوآب,miandoab,entertainment,game-and-toys
۰۹۹۲۷۷۱۰۸۶۴,میاندوآب,miandoab,social-services,event
۰۹۹۲۷۶۸۳۵۰۹,میاندوآب,miandoab,social-services,event
۰۹۰۱۳۶۹۰۸۶۵,میاندوآب,miandoab,social-services,event
۰۹۹۱۴۵۳۴۴۸۷,میاندوآب,miandoab,social-services,event
۰۹۳۶۴۹۹۸۸۷۴,میاندوآب,miandoab,social-services,event
۰۹۰۵۶۴۸۳۸۹۹,میاندوآب,miandoab,social-services,event
۰۹۰۱۴۸۱۴۰۸۸,میاندوآب,miandoab,social-services,event
۰۹۹۲۸۳۸۶۲۳۶,میاندوآب,miandoab,social-services,event
(پنهان‌شده؛ چت کنید),میاندوآب,miandoab,social-services,voluntary
(پنهان‌شده؛ چت کنید),میاندوآب,miandoab,social-services,voluntary
۰۹۳۰۱۲۱۵۸۵۶,میاندوآب,miandoab,social-services,voluntary
۰۹۳۶۵۸۴۱۱۸۲,میاندوآب,miandoab,social-services,voluntary
(پنهان‌شده؛ چت کنید),میاندوآب,miandoab,social-services,voluntary
۰۹۱۴۲۱۷۲۸۵۹,میاندوآب,miandoab,social-services,missing
(پنهان‌شده؛ چت کنید),میاندوآب,miandoab,social-services,missing
۰۹۱۴۲۶۰۱۵۰۵,میاندوآب,miandoab,social-services,missing
۰۹۳۹۹۵۰۱۰۶۱,میاندوآب,miandoab,businesses,business-equipment
۰۹۱۴۶۵۴۲۱۷۳,میاندوآب,miandoab,businesses,business-equipment
۰۹۳۳۰۶۰۴۷۵۳,میاندوآب,miandoab,businesses,business-equipment
۰۹۱۴۵۲۸۱۸۰۷,میاندوآب,miandoab,businesses,business-equipment
۰۹۱۴۵۱۳۶۵۲۳,میاندوآب,miandoab,businesses,business-equipment
۰۹۹۰۲۵۷۹۱۷۸,میاندوآب,miandoab,businesses,business-equipment
۰۹۳۹۱۵۳۹۰۷۵,میاندوآب,miandoab,businesses,business-equipment
۰۹۳۹۴۳۴۳۲۶۷,میاندوآب,miandoab,businesses,business-equipment
۰۹۳۶۳۶۵۲۶۸۰,میاندوآب,miandoab,businesses,business-equipment
۰۹۳۸۲۲۰۶۵۴۹,میاندوآب,miandoab,businesses,business-equipment
۰۹۳۷۷۷۸۷۹۶۶,میاندوآب,miandoab,businesses,business-equipment
۰۹۳۰۲۸۷۲۶۸۶,میاندوآب,miandoab,businesses,business-equipment
(پنهان‌شده؛ چت کنید),میاندوآب,miandoab,businesses,business-equipment
۰۹۱۴۲۷۲۰۴۲۵,میاندوآب,miandoab,businesses,business-equipment
۰۹۳۷۸۳۲۹۹۱۶,میاندوآب,miandoab,businesses,business-equipment
۰۹۳۹۳۰۶۴۱۷۳,میاندوآب,miandoab,businesses,business-equipment
۰۹۰۵۷۱۰۹۸۲۳,میاندوآب,miandoab,businesses,business-equipment
۰۹۱۴۱۸۰۳۷۵۳,میاندوآب,miandoab,businesses,business-equipment
(پنهان‌شده؛ چت کنید),میاندوآب,miandoab,businesses,business-equipment
۰۹۱۴۹۸۵۰۶۳۷,میاندوآب,miandoab,businesses,business-equipment
۰۹۱۴۸۲۴۵۸۰۸,میاندوآب,miandoab,businesses,business-equipment
۰۹۱۴۴۸۲۳۱۲۰,میاندوآب,miandoab,businesses,business-equipment
۰۹۱۴۹۷۹۳۱۶۸,میاندوآب,miandoab,businesses,business-equipment
(پنهان‌شده؛ چت کنید),میاندوآب,miandoab,businesses,business-equipment
۰۹۳۸۲۲۰۶۵۸۱,میاندوآب,miandoab,businesses,business-equipment
۰۹۳۶۳۶۵۲۶۸۰,میاندوآب,miandoab,businesses,business-equipment
(پنهان‌شده؛ چت کنید),میاندوآب,miandoab,businesses,business-equipment
۰۹۳۰۴۲۴۴۲۲۷,میاندوآب,miandoab,businesses,business-equipment
۰۹۳۷۰۵۷۳۷۸۸,میاندوآب,miandoab,businesses,business-equipment
۰۹۲۲۹۵۶۵۱۶۱,میاندوآب,miandoab,businesses,business-equipment
۰۹۱۴۷۱۵۸۰۶۴,میاندوآب,miandoab,businesses,business-equipment
۰۹۱۲۰۲۷۸۶۵۴,میاندوآب,miandoab,businesses,business-equipment
۰۹۳۰۲۸۷۲۶۸۶,میاندوآب,miandoab,businesses,business-equipment
۰۹۳۵۶۹۸۹۸۹۷,میاندوآب,miandoab,businesses,business-equipment
۰۹۹۲۳۴۲۸۴۳۱,میاندوآب,miandoab,businesses,business-equipment
۰۹۱۴۴۸۷۸۴۰۶,میاندوآب,miandoab,businesses,business-equipment
۰۹۱۴۸۵۱۷۹۰۱,میاندوآب,miandoab,businesses,business-equipment
(پنهان‌شده؛ چت کنید),میاندوآب,miandoab,businesses,business-equipment
۰۹۱۴۳۸۱۹۳۸۶,میاندوآب,miandoab,businesses,business-equipment
۰۹۳۳۷۴۲۱۳۳۱,میاندوآب,miandoab,businesses,business-equipment
۰۹۳۶۲۸۵۰۹۶۵,میاندوآب,miandoab,businesses,business-equipment
۰۹۳۸۲۸۳۲۷۰۳,میاندوآب,miandoab,businesses,business-equipment
۰۹۲۲۹۵۶۵۱۶۲,میاندوآب,miandoab,businesses,business-equipment
۰۹۱۴۹۸۵۳۲۷۱,میاندوآب,miandoab,businesses,wholesale
۰۹۱۴۵۰۹۲۰۵۹,میاندوآب,miandoab,businesses,wholesale
۰۹۱۴۴۸۱۱۶۳۱,میاندوآب,miandoab,businesses,wholesale
۰۹۰۲۹۵۵۲۶۳۶,میاندوآب,miandoab,businesses,wholesale
۰۹۱۴۴۸۱۵۴۹۰,میاندوآب,miandoab,businesses,wholesale
(پنهان‌شده؛ چت کنید),میاندوآب,miandoab,businesses,wholesale
(پنهان‌شده؛ چت کنید),میاندوآب,miandoab,businesses,wholesale
(پنهان‌شده؛ چت کنید),میاندوآب,miandoab,businesses,wholesale
۰۹۱۴۴۸۱۵۴۹۰,میاندوآب,miandoab,businesses,wholesale
۰۹۱۵۸۶۶۹۸۵۵,میاندوآب,miandoab,businesses,wholesale
۰۹۱۴۱۰۰۰۹۳۱,میاندوآب,miandoab,businesses,wholesale
۰۹۳۳۴۲۳۲۷۶۴,میاندوآب,miandoab,businesses,wholesale
۰۹۱۴۴۸۱۳۸۱۶,میاندوآب,miandoab,businesses,wholesale
۰۹۳۸۳۰۴۷۰۰۳,میاندوآب,miandoab,businesses,wholesale
۰۹۱۴۳۸۱۰۴۱۸,میاندوآب,miandoab,businesses,wholesale
(پنهان‌شده؛ چت کنید),میاندوآب,miandoab,businesses,wholesale
۰۹۱۴۴۱۴۴۱۶۵,میاندوآب,miandoab,businesses,wholesale
۰۹۱۴۲۲۶۸۰۴۷,میاندوآب,miandoab,businesses,wholesale
(پنهان‌شده؛ چت کنید),میاندوآب,miandoab,businesses,wholesale
۰۹۹۱۹۹۶۶۳۰۰,میاندوآب,miandoab,businesses,wholesale
(پنهان‌شده؛ چت کنید),میاندوآب,miandoab,businesses,wholesale
۰۹۳۶۹۰۱۹۴۹۵,میاندوآب,miandoab,businesses,wholesale
۰۹۳۰۸۶۵۶۴۶۳,میاندوآب,miandoab,businesses,wholesale
۰۹۱۴۱۸۳۰۱۲۵,میاندوآب,miandoab,businesses,wholesale
۰۹۳۹۲۰۵۹۱۰۷,میاندوآب,miandoab,businesses,wholesale
(پنهان‌شده؛ چت کنید),میاندوآب,miandoab,businesses,wholesale
۰۹۳۷۹۱۸۹۶۳۸,میاندوآب,miandoab,businesses,wholesale
۰۹۲۱۷۸۸۹۲۰۷,میاندوآب,miandoab,businesses,wholesale
۰۹۳۳۴۴۹۷۷۴۵,میاندوآب,miandoab,businesses,wholesale
۰۹۹۱۶۸۸۰۲۱۳,میاندوآب,miandoab,businesses,wholesale
۰۹۳۰۲۲۷۳۷۱۹,میاندوآب,miandoab,businesses,wholesale
۰۹۳۵۳۸۵۰۶۱۳,میاندوآب,miandoab,businesses,wholesale
۰۹۱۴۹۶۹۸۲۸۹,میاندوآب,miandoab,businesses,wholesale
۰۹۰۱۹۷۳۸۸۴۰,میاندوآب,miandoab,businesses,wholesale
۰۹۹۲۸۷۰۴۸۹۶,میاندوآب,miandoab,businesses,wholesale
۰۹۳۹۲۰۵۹۱۰۷,میاندوآب,miandoab,businesses,wholesale
۰۹۰۱۰۸۵۸۹۲۹,میاندوآب,miandoab,businesses,wholesale
۰۹۱۴۳۸۱۷۹۸۰,میاندوآب,miandoab,businesses,wholesale
۰۹۳۷۴۴۱۲۵۶۰,میاندوآب,miandoab,businesses,wholesale
۰۹۳۰۸۶۵۶۴۶۳,میاندوآب,miandoab,businesses,wholesale
۰۹۱۹۱۶۹۴۴۱۵,میاندوآب,miandoab,businesses,wholesale
۰۹۳۰۵۹۰۸۲۵۶,میاندوآب,miandoab,businesses,wholesale
۰۹۰۵۰۲۷۲۰۴۶,میاندوآب,miandoab,businesses,wholesale
۰۹۳۹۸۱۴۹۲۹۷,میاندوآب,miandoab,businesses,wholesale
۰۹۱۴۲۹۳۲۰۱۹,میاندوآب,miandoab,businesses,wholesale
۰۹۰۳۶۱۷۰۹۰۴,میاندوآب,miandoab,businesses,wholesale
۰۹۱۴۵۴۱۸۸۱۷,میاندوآب,miandoab,businesses,wholesale
۰۹۰۱۶۴۶۶۷۹۰,میاندوآب,miandoab,businesses,wholesale
۰۹۱۴۹۳۷۰۳۶۴,میاندوآب,miandoab,businesses,wholesale
۰۹۱۴۶۳۴۱۲۹۰,میاندوآب,miandoab,businesses,wholesale
۰۹۲۲۲۹۲۱۸۱۵,میاندوآب,miandoab,businesses,wholesale
۰۹۳۷۱۹۸۴۴۹۸,میاندوآب,miandoab,businesses,wholesale
۰۹۱۴۹۸۴۱۴۵۲,میاندوآب,miandoab,businesses,wholesale
۰۹۱۴۲۴۰۴۵۵۶,میاندوآب,miandoab,businesses,wholesale
۰۹۳۳۶۴۷۷۸۰۷,میاندوآب,miandoab,businesses,wholesale
۰۹۳۵۲۵۴۶۸۴۱,میاندوآب,miandoab,businesses,wholesale
۰۹۱۴۶۳۲۹۲۳۵,میاندوآب,miandoab,businesses,wholesale
۰۹۳۶۷۱۴۱۵۲۹,میاندوآب,miandoab,businesses,wholesale
۰۹۳۷۶۵۷۲۹۰۱,میاندوآب,miandoab,businesses,wholesale
۰۹۱۴۵۴۱۸۹۵۵,میاندوآب,miandoab,businesses,wholesale
۰۹۳۶۵۴۳۲۲۱۱,میاندوآب,miandoab,businesses,wholesale
۰۹۳۶۰۹۶۵۱۸۱,میاندوآب,miandoab,businesses,wholesale
۰۹۰۱۴۷۵۰۴۸۱,میاندوآب,miandoab,businesses,wholesale
۰۹۳۶۰۹۶۵۱۸۱,میاندوآب,miandoab,businesses,wholesale
۰۹۱۴۶۲۳۸۳۹۹,میاندوآب,miandoab,businesses,wholesale
۰۹۰۳۴۰۹۱۴۶۸,میاندوآب,miandoab,businesses,wholesale
۰۹۳۶۱۵۲۶۶۱۰,میاندوآب,miandoab,businesses,wholesale
۰۹۳۰۲۴۶۰۰۶۶,میاندوآب,miandoab,businesses,wholesale
