۰۹۳۰۷۰۶۴۴۴۱,میناب,minab,jobs,administrative-jobs
۰۹۹۲۸۷۹۸۱۱۶,میناب,minab,jobs,administrative-jobs
۰۹۰۲۱۶۵۷۰۰۷,میناب,minab,jobs,administrative-jobs
۰۹۱۷۳۱۱۴۷۲۱,میناب,minab,jobs,janitorial-jobs
۰۹۰۱۹۲۵۱۲۳۳,میناب,minab,jobs,architect-jobs
۰۹۲۱۱۵۶۸۴۲۴,میناب,minab,jobs,architect-jobs
۰۹۰۱۰۴۶۲۰۶۶,میناب,minab,jobs,service-jobs
۰۹۳۸۱۶۵۲۹۸۳,میناب,minab,jobs,service-jobs
۰۹۳۶۵۳۰۶۱۵۱,میناب,minab,jobs,service-jobs
۰۹۳۶۴۹۱۵۹۳۹,میناب,minab,jobs,finance-legal-jobs
۰۹۱۷۳۶۵۴۷۳۳,میناب,minab,jobs,technical-jobs
(پنهان‌شده؛ چت کنید),میناب,minab,jobs,technical-jobs
۰۹۰۲۱۶۵۷۰۰۷,میناب,minab,jobs,technical-jobs
۰۹۰۲۱۶۵۷۰۰۷,میناب,minab,jobs,teaching-jobs
(پنهان‌شده؛ چت کنید),میناب,minab,jobs,teaching-jobs
۰۹۳۹۰۴۷۵۲۵۳,میناب,minab,jobs,teaching-jobs
۰۹۱۷۳۶۵۴۰۰۱,میناب,minab,real-estate,buy-residential
۰۹۳۶۹۳۹۴۴۱۱,میناب,minab,real-estate,buy-residential
۰۹۰۱۶۰۷۳۷۸۱,میناب,minab,real-estate,buy-residential
۰۹۱۳۱۵۴۶۲۳۰,میناب,minab,real-estate,buy-residential
۰۹۱۷۱۶۶۵۷۸۹,میناب,minab,real-estate,buy-residential
۰۹۱۷۲۱۱۳۹۲۱,میناب,minab,real-estate,buy-residential
۰۹۱۷۳۶۵۹۵۳۳,میناب,minab,real-estate,buy-residential
۰۹۰۱۱۹۳۲۰۶۶,میناب,minab,real-estate,buy-residential
۰۹۱۷۶۵۸۳۴۷۸,میناب,minab,real-estate,buy-residential
۰۹۳۹۶۹۹۳۱۰۰,میناب,minab,real-estate,buy-residential
۰۹۳۷۶۱۴۲۱۷۷,میناب,minab,real-estate,buy-residential
۰۹۰۱۳۶۳۲۴۵۳,میناب,minab,real-estate,buy-residential
۰۹۳۶۸۴۷۴۲۴۳,میناب,minab,real-estate,buy-residential
۰۹۱۳۱۵۴۶۲۳۰,میناب,minab,real-estate,buy-residential
۰۹۱۷۰۶۹۰۴۳۳,میناب,minab,real-estate,buy-residential
۰۹۱۷۳۶۵۶۸۱۲,میناب,minab,real-estate,buy-residential
۰۹۱۷۳۶۵۸۰۴۳,میناب,minab,real-estate,buy-residential
۰۹۱۷۳۶۵۸۰۴۳,میناب,minab,real-estate,buy-residential
۰۹۳۷۹۳۰۹۴۶۲,میناب,minab,real-estate,buy-residential
۰۹۱۷۷۶۵۳۶۶۷,میناب,minab,real-estate,buy-residential
۰۹۱۷۱۶۶۶۹۳۵,میناب,minab,real-estate,buy-residential
۰۹۲۱۶۵۹۸۴۷۱,میناب,minab,real-estate,buy-residential
۰۹۳۳۰۹۰۸۲۰۱,میناب,minab,real-estate,buy-residential
۰۹۳۷۰۸۰۸۷۷۳,میناب,minab,real-estate,buy-residential
۰۹۳۷۱۶۳۶۰۱۳,میناب,minab,real-estate,buy-residential
۰۹۰۲۱۶۵۲۱۰۳,میناب,minab,real-estate,buy-residential
۰۹۳۶۴۹۸۱۲۳۵,میناب,minab,real-estate,buy-residential
۰۹۱۷۹۴۵۲۹۶۹,میناب,minab,real-estate,buy-residential
۰۹۱۷۲۱۲۳۸۴۶,میناب,minab,real-estate,buy-residential
۰۹۱۶۴۲۵۱۴۶۵,میناب,minab,real-estate,buy-residential
۰۹۱۷۹۶۴۳۲۶۰,میناب,minab,real-estate,buy-residential
۰۹۱۷۹۵۵۷۲۹۳,میناب,minab,real-estate,buy-residential
۰۹۱۷۱۹۷۰۱۱۷,میناب,minab,real-estate,buy-residential
۰۹۱۷۱۹۷۰۱۱۷,میناب,minab,real-estate,buy-residential
۰۹۱۷۱۹۷۰۱۱۷,میناب,minab,real-estate,buy-residential
۰۹۱۷۴۳۸۳۴۷۰,میناب,minab,real-estate,buy-residential
۰۹۱۷۳۶۵۹۶۳۳,میناب,minab,real-estate,buy-residential
۰۹۳۹۱۸۵۴۱۷۲,میناب,minab,real-estate,buy-residential
۰۹۰۲۷۶۵۳۱۱۷,میناب,minab,real-estate,buy-residential
۰۹۱۳۵۲۴۶۹۸۸,میناب,minab,real-estate,buy-residential
۰۹۱۷۶۴۴۶۴۳۷,میناب,minab,real-estate,buy-residential
۰۹۳۷۳۸۹۴۰۶۵,میناب,minab,real-estate,buy-residential
۰۹۳۶۹۴۳۰۷۴۳,میناب,minab,real-estate,buy-residential
۰۹۰۱۷۹۸۱۷۴۷,میناب,minab,real-estate,buy-residential
۰۹۱۷۲۰۸۷۱۱۶,میناب,minab,real-estate,buy-residential
۰۹۰۱۰۷۰۹۴۷۴,میناب,minab,real-estate,buy-residential
۰۹۱۷۹۸۴۲۰۴۱,میناب,minab,real-estate,buy-residential
۰۹۳۰۱۸۷۰۳۶۴,میناب,minab,real-estate,buy-residential
۰۹۰۳۶۱۰۵۷۹۳,میناب,minab,real-estate,buy-residential
۰۹۳۰۲۸۶۲۲۲۰,میناب,minab,real-estate,buy-residential
۰۹۳۶۳۳۷۸۳۲۳,میناب,minab,real-estate,buy-residential
۰۹۳۰۷۰۷۴۲۶۳,میناب,minab,real-estate,buy-residential
۰۹۱۲۰۳۰۶۴۰۰,میناب,minab,real-estate,buy-residential
۰۹۱۷۵۲۱۵۱۱۴,میناب,minab,real-estate,buy-residential
۰۹۱۷۱۶۵۴۲۹۸,میناب,minab,real-estate,buy-residential
۰۹۲۱۱۸۳۱۵۹۴,میناب,minab,real-estate,buy-residential
۰۹۳۶۱۶۵۳۰۱۰,میناب,minab,real-estate,buy-residential
۰۹۰۱۵۲۳۳۸۸۷,میناب,minab,real-estate,buy-residential
۰۹۱۷۱۶۵۱۱۳۹,میناب,minab,real-estate,buy-residential
۰۹۳۷۰۸۰۸۷۷۳,میناب,minab,real-estate,buy-residential
۰۹۳۶۹۷۵۰۶۸۳,میناب,minab,real-estate,buy-residential
۰۹۱۷۷۶۵۳۳۹۳,میناب,minab,real-estate,buy-residential
۰۹۱۷۷۶۵۰۰۸۶,میناب,minab,real-estate,buy-residential
۰۹۱۷۵۴۸۳۹۰۵,میناب,minab,real-estate,buy-residential
۰۹۳۹۷۵۶۵۸۷۱,میناب,minab,real-estate,rent-residential
۰۹۳۸۳۱۸۸۱۸۵,میناب,minab,real-estate,rent-residential
۰۹۱۷۳۶۵۹۷۲۲,میناب,minab,real-estate,rent-residential
۰۹۳۶۴۹۸۱۲۳۵,میناب,minab,real-estate,rent-residential
۰۹۱۹۶۳۱۵۷۵۴,میناب,minab,real-estate,rent-residential
۰۹۱۷۷۶۵۹۱۶۹,میناب,minab,real-estate,rent-residential
۰۹۱۶۴۲۱۶۷۲۳,میناب,minab,real-estate,rent-residential
۰۹۱۷۰۹۵۵۰۰۷,میناب,minab,real-estate,rent-residential
۰۹۱۷۷۹۷۸۰۸۸,میناب,minab,real-estate,rent-residential
۰۹۲۱۲۸۸۵۷۰۹,میناب,minab,real-estate,buy-commercial-property
۰۹۱۷۹۹۶۱۸۶۲,میناب,minab,real-estate,buy-commercial-property
۰۹۳۷۸۱۶۱۳۱۸,میناب,minab,real-estate,buy-commercial-property
۰۹۱۶۰۹۴۸۰۱۵,میناب,minab,real-estate,buy-commercial-property
۰۹۱۳۱۵۷۹۵۹۱,میناب,minab,real-estate,buy-commercial-property
۰۹۱۷۳۶۱۱۴۹۲,میناب,minab,real-estate,buy-commercial-property
۰۹۱۷۹۶۶۵۰۳۵,میناب,minab,real-estate,buy-commercial-property
۰۹۱۷۲۹۸۷۴۵۵,میناب,minab,real-estate,buy-commercial-property
۰۹۱۷۹۷۶۶۷۱۴,میناب,minab,real-estate,buy-commercial-property
۰۹۱۷۲۹۸۷۴۵۵,میناب,minab,real-estate,buy-commercial-property
۰۹۰۱۶۵۷۸۶۸۴,میناب,minab,real-estate,buy-commercial-property
۰۹۳۵۷۷۱۰۴۱۱,میناب,minab,real-estate,buy-commercial-property
۰۹۱۷۹۴۶۷۳۱۵,میناب,minab,real-estate,buy-commercial-property
۰۹۱۷۹۸۴۷۹۲۳,میناب,minab,real-estate,buy-commercial-property
۰۹۰۱۲۵۲۱۱۷۹,میناب,minab,real-estate,buy-commercial-property
۰۹۱۳۷۴۸۶۸۴۴,میناب,minab,real-estate,buy-commercial-property
۰۹۱۷۹۸۴۷۹۲۳,میناب,minab,real-estate,buy-commercial-property
۰۹۳۵۳۵۷۸۷۰۸,میناب,minab,real-estate,rent-commercial-property
۰۹۰۱۰۴۶۲۰۶۶,میناب,minab,real-estate,rent-commercial-property
۰۹۱۹۶۳۱۵۷۵۴,میناب,minab,real-estate,rent-commercial-property
۰۹۰۱۰۹۸۵۵۹۰,میناب,minab,real-estate,rent-commercial-property
۰۹۳۹۹۶۰۵۳۸۸,میناب,minab,real-estate,rent-commercial-property
۰۹۱۹۵۱۲۴۲۵۵,میناب,minab,real-estate,rent-commercial-property
۰۹۳۸۹۷۹۷۱۰۶,میناب,minab,real-estate,rent-commercial-property
۰۹۱۹۷۲۷۶۳۰۲,میناب,minab,real-estate,rent-commercial-property
۰۹۱۹۷۲۷۶۳۰۲,میناب,minab,real-estate,rent-commercial-property
۰۹۱۹۷۲۷۶۳۰۲,میناب,minab,real-estate,rent-commercial-property
۰۹۳۵۵۷۸۶۰۱۳,میناب,minab,real-estate,rent-commercial-property
۰۹۳۵۵۷۸۶۰۱۳,میناب,minab,real-estate,rent-commercial-property
۰۹۰۱۰۶۳۰۰۲۶,میناب,minab,real-estate,rent-commercial-property
۰۹۳۵۵۷۸۶۰۱۳,میناب,minab,real-estate,rent-commercial-property
۰۹۱۹۷۲۷۶۳۰۲,میناب,minab,real-estate,rent-commercial-property
۰۹۳۶۱۷۶۰۰۴۷,میناب,minab,real-estate,rent-commercial-property
۰۹۰۳۹۵۶۲۵۶۹,میناب,minab,real-estate,rent-commercial-property
۰۹۱۷۹۶۰۲۷۱۰,میناب,minab,real-estate,rent-commercial-property
۰۹۰۳۱۶۵۱۰۳۱,میناب,minab,real-estate,rent-commercial-property
۰۹۹۰۷۸۲۳۴۸۶,میناب,minab,real-estate,rent-temporary
۰۹۱۷۹۸۴۷۷۵۱,میناب,minab,real-estate,rent-temporary
۰۹۱۶۲۱۵۰۰۲۳,میناب,minab,real-estate,rent-temporary
۰۹۳۶۳۶۶۷۷۳۰,میناب,minab,real-estate,rent-temporary
۰۹۰۱۷۸۲۰۷۴۳,میناب,minab,real-estate,rent-temporary
۰۹۳۰۲۵۹۶۵۳۲,میناب,minab,real-estate,rent-temporary
۰۹۰۲۶۴۴۴۸۳۱,میناب,minab,real-estate,rent-temporary
۰۹۱۷۰۹۶۶۴۰۶,میناب,minab,real-estate,rent-temporary
۰۹۳۸۵۰۱۴۵۳۱,میناب,minab,real-estate,rent-temporary
۰۹۰۲۱۶۵۲۰۹۰,میناب,minab,real-estate,real-estate-services
۰۹۳۰۵۳۰۴۱۳۵,میناب,minab,real-estate,real-estate-services
۰۹۱۷۵۴۷۴۳۸۴,میناب,minab,real-estate,real-estate-services
۰۹۱۷۱۶۶۱۲۰۲,میناب,minab,real-estate,real-estate-services
۰۹۱۷۹۴۷۹۹۰۶,میناب,minab,real-estate,real-estate-services
۰۹۱۷۵۴۵۰۳۴۱,میناب,minab,vehicles,auto
۰۹۳۳۰۲۴۲۳۴۴,میناب,minab,vehicles,auto
۰۹۳۹۲۸۵۰۴۷۴,میناب,minab,vehicles,auto
۰۹۳۹۲۴۳۲۸۱۹,میناب,minab,vehicles,auto
۰۹۱۷۶۳۱۳۹۵۸,میناب,minab,vehicles,auto
۰۹۱۷۶۵۳۱۲۰۲,میناب,minab,vehicles,auto
۰۹۱۶۴۲۰۵۰۸۶,میناب,minab,vehicles,auto
۰۹۱۷۱۷۳۰۳۵۳,میناب,minab,vehicles,auto
۰۹۰۳۶۱۶۵۳۴۲,میناب,minab,vehicles,auto
۰۹۱۷۳۶۵۵۵۷۰,میناب,minab,vehicles,auto
۰۹۱۷۷۶۵۳۱۶۰,میناب,minab,vehicles,auto
۰۹۱۷۰۹۱۱۷۱۳,میناب,minab,vehicles,auto
۰۹۱۷۹۴۷۹۹۸۹,میناب,minab,vehicles,auto
۰۹۰۵۵۴۶۴۱۱۵,میناب,minab,vehicles,auto
۰۹۰۵۹۱۷۶۹۷۰,میناب,minab,vehicles,auto
۰۹۱۷۹۵۶۲۳۸۷,میناب,minab,vehicles,auto
۰۹۳۹۷۲۴۳۳۷۷,میناب,minab,vehicles,auto
۰۹۰۵۵۳۴۳۵۷۷,میناب,minab,vehicles,auto
۰۹۰۵۹۰۳۸۷۳۲,میناب,minab,vehicles,auto
۰۹۳۸۷۶۹۲۸۴۹,میناب,minab,vehicles,auto
۰۹۰۳۹۴۲۹۹۲۹,میناب,minab,vehicles,auto
۰۹۳۹۴۲۸۲۶۸۳,میناب,minab,vehicles,auto
۰۹۰۵۶۳۱۷۲۱۵,میناب,minab,vehicles,auto
۰۹۱۷۷۶۰۱۵۹۲,میناب,minab,vehicles,auto
۰۹۱۷۹۰۵۵۵۸۰,میناب,minab,vehicles,auto
۰۹۳۹۶۳۳۴۲۵۵,میناب,minab,vehicles,auto
۰۹۰۵۵۷۴۴۳۷۴,میناب,minab,vehicles,auto
۰۹۱۷۹۴۶۲۸۴۴,میناب,minab,vehicles,auto
۰۹۱۷۹۴۶۲۰۶۴,میناب,minab,vehicles,auto
۰۹۳۹۷۹۷۴۵۴۶,میناب,minab,vehicles,auto
۰۹۱۷۲۰۹۵۴۶۴,میناب,minab,vehicles,auto
۰۹۱۷۶۸۵۰۳۲۳,میناب,minab,vehicles,auto
۰۹۱۷۸۹۲۵۰۹۶,میناب,minab,vehicles,auto
۰۹۰۳۵۷۳۱۸۰۹,میناب,minab,vehicles,auto
۰۹۰۲۹۹۰۴۶۰۲,میناب,minab,vehicles,auto
۰۹۳۶۱۹۷۴۵۷۵,میناب,minab,vehicles,auto
۰۹۱۷۹۸۵۰۸۱۶,میناب,minab,vehicles,auto
۰۹۳۶۳۷۶۴۶۴۲,میناب,minab,vehicles,auto
۰۹۱۷۴۳۸۱۳۰۵,میناب,minab,vehicles,auto
۰۹۳۹۰۳۸۹۱۲۴,میناب,minab,vehicles,auto
۰۹۰۱۸۵۳۲۰۹۰,میناب,minab,vehicles,auto
۰۹۳۹۶۴۲۴۶۴۳,میناب,minab,vehicles,auto
۰۹۹۰۶۱۰۸۸۱۸,میناب,minab,vehicles,auto
۰۹۰۵۴۸۱۶۸۲۲,میناب,minab,vehicles,car-accessories
۰۹۱۷۹۸۴۲۰۹۱,میناب,minab,vehicles,car-accessories
۰۹۳۷۲۱۴۲۸۷۳,میناب,minab,vehicles,car-accessories
۰۹۱۶۹۵۷۸۶۳۳,میناب,minab,vehicles,car-accessories
۰۹۳۳۷۹۱۹۹۶۹,میناب,minab,vehicles,car-accessories
۰۹۳۶۳۷۶۴۶۴۲,میناب,minab,vehicles,car-accessories
۰۹۳۰۵۰۹۵۱۶۸,میناب,minab,vehicles,car-accessories
۰۹۱۷۵۲۲۰۶۶۹,میناب,minab,vehicles,car-accessories
۰۹۳۸۶۴۵۸۸۸۵,میناب,minab,vehicles,car-accessories
۰۹۱۷۱۵۸۷۴۲۴,میناب,minab,vehicles,car-accessories
۰۹۹۰۴۹۶۴۷۱۹,میناب,minab,vehicles,car-accessories
۰۹۳۹۹۷۱۹۶۰۰,میناب,minab,vehicles,car-accessories
۰۹۳۸۶۰۱۵۴۱۶,میناب,minab,vehicles,car-accessories
۰۹۳۹۶۳۳۴۲۵۵,میناب,minab,vehicles,car-accessories
۰۹۳۸۳۴۴۹۸۸۳,میناب,minab,vehicles,car-accessories
۰۹۳۸۵۶۵۷۱۰۳,میناب,minab,vehicles,car-accessories
۰۹۳۸۹۵۶۱۶۴۵,میناب,minab,vehicles,car-accessories
۰۹۱۶۴۳۶۸۶۸۲,میناب,minab,vehicles,car-accessories
۰۹۳۷۶۶۱۱۱۳۰,میناب,minab,vehicles,car-accessories
۰۹۱۷۶۵۰۴۴۰۳,میناب,minab,vehicles,car-accessories
۰۹۳۷۶۴۴۱۸۷۰,میناب,minab,vehicles,car-accessories
۰۹۳۷۶۴۴۱۸۷۰,میناب,minab,vehicles,car-accessories
۰۹۱۷۹۸۴۱۹۹۳,میناب,minab,vehicles,car-accessories
۰۹۲۲۰۵۱۹۳۳۱,میناب,minab,vehicles,car-accessories
۰۹۰۱۲۴۷۹۶۹۰,میناب,minab,vehicles,car-accessories
۰۹۰۵۸۱۴۶۶۳۲,میناب,minab,vehicles,car-accessories
۰۹۰۲۹۵۳۷۰۱۵,میناب,minab,vehicles,car-accessories
۰۹۰۱۰۹۸۵۵۹۰,میناب,minab,vehicles,car-accessories
۰۹۱۷۰۹۲۸۷۸۳,میناب,minab,vehicles,car-accessories
۰۹۱۷۹۹۴۶۷۵۲,میناب,minab,vehicles,car-accessories
۰۹۳۶۱۵۵۵۲۸۷,میناب,minab,vehicles,car-accessories
۰۹۳۳۴۱۲۰۲۲۷,میناب,minab,vehicles,car-accessories
۰۹۳۰۵۳۸۱۹۹۱,میناب,minab,vehicles,car-accessories
۰۹۳۷۶۲۴۰۶۰۷,میناب,minab,vehicles,car-accessories
۰۹۱۷۱۵۹۷۵۳۳,میناب,minab,vehicles,car-accessories
۰۹۰۲۴۲۶۷۹۲۲,میناب,minab,vehicles,car-accessories
۰۹۱۷۹۰۴۲۲۹۷,میناب,minab,vehicles,car-accessories
۰۹۳۰۶۹۹۷۷۵۷,میناب,minab,vehicles,car-accessories
۰۹۳۰۸۹۷۰۱۸۲,میناب,minab,vehicles,car-accessories
۰۹۱۰۹۹۰۲۴۰۴,میناب,minab,vehicles,car-accessories
۰۹۰۵۳۸۷۹۰۸۷,میناب,minab,vehicles,car-accessories
۰۹۹۱۵۴۸۹۹۱۷,میناب,minab,vehicles,car-accessories
۰۹۳۶۷۶۵۴۴۷۵,میناب,minab,vehicles,car-accessories
۰۹۳۸۰۹۸۱۸۵۴,میناب,minab,vehicles,car-accessories
۰۹۳۹۵۹۵۶۷۲۰,میناب,minab,vehicles,motorcycles
۰۹۰۲۷۱۴۵۱۲۹,میناب,minab,vehicles,motorcycles
۰۹۳۰۷۴۱۱۵۷۴,میناب,minab,vehicles,motorcycles
۰۹۰۳۰۶۴۶۳۶۵,میناب,minab,vehicles,motorcycles
۰۹۳۹۲۴۶۹۷۵۹,میناب,minab,vehicles,motorcycles
۰۹۱۷۴۹۷۴۷۲۸,میناب,minab,vehicles,motorcycles
۰۹۳۹۳۲۶۳۰۳۲,میناب,minab,vehicles,motorcycles
۰۹۰۳۳۵۴۳۲۴۷,میناب,minab,vehicles,motorcycles
۰۹۳۰۶۳۳۷۳۱۵,میناب,minab,vehicles,motorcycles
۰۹۰۵۹۲۲۹۳۳۶,میناب,minab,vehicles,motorcycles
۰۹۱۷۰۹۵۱۹۷۱,میناب,minab,vehicles,motorcycles
۰۹۰۱۷۷۰۲۶۹۱,میناب,minab,vehicles,motorcycles
۰۹۳۹۰۸۰۸۴۰۳,میناب,minab,vehicles,motorcycles
۰۹۲۱۵۷۲۵۸۸۳,میناب,minab,vehicles,motorcycles
۰۹۱۷۶۵۰۴۵۰۹,میناب,minab,vehicles,motorcycles
۰۹۳۰۰۲۱۴۶۳۴,میناب,minab,vehicles,motorcycles
۰۹۱۷۸۶۵۵۵۲۰,میناب,minab,vehicles,motorcycles
۰۹۰۵۳۷۲۹۶۶۴,میناب,minab,vehicles,motorcycles
۰۹۹۰۲۱۱۶۶۰۶,میناب,minab,vehicles,motorcycles
۰۹۱۷۰۷۷۴۰۲۱,میناب,minab,vehicles,motorcycles
۰۹۱۷۴۱۸۲۹۵۵,میناب,minab,vehicles,motorcycles
۰۹۳۸۶۴۵۵۳۷۰,میناب,minab,vehicles,motorcycles
۰۹۱۷۴۵۷۹۲۶۳,میناب,minab,vehicles,motorcycles
۰۹۳۹۲۲۶۷۲۸۲,میناب,minab,vehicles,motorcycles
۰۹۰۵۲۰۷۸۷۴۳,میناب,minab,vehicles,motorcycles
۰۹۰۱۹۹۴۳۲۸۸,میناب,minab,vehicles,motorcycles
۰۹۰۵۴۶۰۸۰۴۶,میناب,minab,vehicles,motorcycles
۰۹۱۷۵۰۹۸۰۳۲,میناب,minab,vehicles,motorcycles
۰۹۱۷۶۵۵۱۹۸۳,میناب,minab,vehicles,motorcycles
۰۹۱۶۲۷۰۵۰۳۱,میناب,minab,vehicles,motorcycles
۰۹۳۸۵۶۶۲۵۵۷,میناب,minab,vehicles,motorcycles
۰۹۳۰۴۷۹۳۴۸۱,میناب,minab,vehicles,motorcycles
۰۹۳۸۴۲۶۲۷۴۴,میناب,minab,vehicles,motorcycles
۰۹۰۲۵۹۳۲۶۹۷,میناب,minab,vehicles,motorcycles
۰۹۱۷۰۰۱۲۲۹۷,میناب,minab,vehicles,motorcycles
۰۹۱۴۰۷۳۳۸۸۶,میناب,minab,vehicles,motorcycles
۰۹۰۲۹۹۲۶۱۴۵,میناب,minab,vehicles,motorcycles
۰۹۳۶۱۴۱۱۳۰۵,میناب,minab,vehicles,motorcycles
۰۹۱۷۰۹۵۱۹۸۲,میناب,minab,vehicles,motorcycles
۰۹۳۹۵۸۶۹۵۶۷,میناب,minab,vehicles,motorcycles
۰۹۳۸۶۷۱۱۷۶۲,میناب,minab,vehicles,motorcycles
۰۹۳۸۴۴۸۰۲۸۴,میناب,minab,vehicles,motorcycles
۰۹۳۶۵۸۸۸۱۷۹,میناب,minab,vehicles,motorcycles
۰۹۳۹۰۸۶۹۹۷۲,میناب,minab,vehicles,motorcycles
۰۹۱۷۹۴۶۹۶۹۰,میناب,minab,vehicles,motorcycles
۰۹۳۳۵۱۴۹۵۲۶,میناب,minab,vehicles,boat
۰۹۳۳۵۱۴۹۵۲۶,میناب,minab,vehicles,boat
۰۹۳۵۵۸۱۸۷۰۷,میناب,minab,vehicles,boat
۰۹۱۷۷۶۵۳۶۲۶,میناب,minab,vehicles,boat
۰۹۱۷۹۸۹۹۳۱۷,میناب,minab,vehicles,boat
۰۹۳۵۶۷۷۹۹۸۱,میناب,minab,vehicles,boat
۰۹۰۳۰۷۴۸۰۳۹,میناب,minab,vehicles,boat
۰۹۱۷۷۶۵۷۰۰۱,میناب,minab,vehicles,boat
۰۹۳۸۹۱۱۳۳۶۰,میناب,minab,vehicles,boat
۰۹۳۶۰۶۲۴۲۴۶,میناب,minab,vehicles,boat
۰۹۳۳۳۵۱۱۳۴۴,میناب,minab,vehicles,boat
۰۹۱۷۳۶۶۹۹۲۴,میناب,minab,vehicles,boat
۰۹۱۷۱۹۷۳۰۴۷,میناب,minab,vehicles,boat
۰۹۱۲۱۹۵۵۴۲۱,میناب,minab,vehicles,boat
۰۹۳۰۱۴۴۸۶۴۵,میناب,minab,vehicles,boat
۰۹۰۳۶۰۲۶۲۱۱,میناب,minab,electronic-devices,mobile-tablet
۰۹۹۲۱۹۶۶۲۰۳,میناب,minab,electronic-devices,mobile-tablet
۰۹۰۲۱۶۰۸۶۶۴,میناب,minab,electronic-devices,mobile-tablet
۰۹۰۱۶۹۶۸۱۰۹,میناب,minab,electronic-devices,mobile-tablet
۰۹۳۹۸۳۴۵۸۶۶,میناب,minab,electronic-devices,mobile-tablet
۰۹۳۸۲۲۰۳۰۶۱,میناب,minab,electronic-devices,mobile-tablet
۰۹۳۳۹۴۷۸۳۹۴,میناب,minab,electronic-devices,mobile-tablet
۰۹۱۷۹۷۷۶۵۷۸,میناب,minab,electronic-devices,mobile-tablet
۰۹۳۰۵۸۴۸۵۷۸,میناب,minab,electronic-devices,mobile-tablet
۰۹۰۳۲۹۹۲۴۶۱,میناب,minab,electronic-devices,mobile-tablet
۰۹۳۳۴۹۹۷۹۱۷,میناب,minab,electronic-devices,mobile-tablet
۰۹۳۳۷۶۲۷۰۶۹,میناب,minab,electronic-devices,mobile-tablet
۰۹۳۵۷۷۱۰۴۱۱,میناب,minab,electronic-devices,mobile-tablet
۰۹۳۵۷۶۶۴۵۵۵,میناب,minab,electronic-devices,mobile-tablet
۰۹۰۳۹۱۵۷۸۰۶,میناب,minab,electronic-devices,mobile-tablet
۰۹۳۳۸۹۷۵۷۱۷,میناب,minab,electronic-devices,mobile-tablet
۰۹۳۳۸۹۷۵۷۱۷,میناب,minab,electronic-devices,mobile-tablet
۰۹۰۵۴۶۰۷۸۲۶,میناب,minab,electronic-devices,mobile-tablet
(پنهان‌شده؛ چت کنید),میناب,minab,electronic-devices,mobile-tablet
۰۹۳۰۰۵۸۲۱۴۸,میناب,minab,electronic-devices,mobile-tablet
۰۹۳۹۴۵۵۸۵۹۶,میناب,minab,electronic-devices,mobile-tablet
۰۹۳۹۴۲۳۶۸۴۴,میناب,minab,electronic-devices,mobile-tablet
۰۹۱۷۳۶۵۹۹۸۵,میناب,minab,electronic-devices,mobile-tablet
۰۹۰۲۵۱۱۹۶۹۶,میناب,minab,electronic-devices,mobile-tablet
۰۹۰۲۴۷۶۳۶۶۳,میناب,minab,electronic-devices,mobile-tablet
۰۹۹۰۹۲۸۴۷۱۲,میناب,minab,electronic-devices,mobile-tablet
۰۹۳۳۲۸۳۷۹۱۱,میناب,minab,electronic-devices,mobile-tablet
(پنهان‌شده؛ چت کنید),میناب,minab,electronic-devices,mobile-tablet
۰۹۳۳۷۶۸۹۹۱۵,میناب,minab,electronic-devices,mobile-tablet
۰۹۱۷۰۷۶۹۲۶۰,میناب,minab,electronic-devices,mobile-tablet
۰۹۳۵۳۵۵۰۹۱۷,میناب,minab,electronic-devices,mobile-tablet
۰۹۳۵۳۵۵۰۹۱۷,میناب,minab,electronic-devices,mobile-tablet
۰۹۰۱۵۳۹۱۴۳۳,میناب,minab,electronic-devices,mobile-tablet
۰۹۰۳۳۱۹۷۵۶۲,میناب,minab,electronic-devices,mobile-tablet
۰۹۰۵۲۹۴۷۲۶۱,میناب,minab,electronic-devices,mobile-tablet
۰۹۳۶۲۳۰۴۱۴۹,میناب,minab,electronic-devices,mobile-tablet
(پنهان‌شده؛ چت کنید),میناب,minab,electronic-devices,mobile-tablet
(پنهان‌شده؛ چت کنید),میناب,minab,electronic-devices,mobile-tablet
(پنهان‌شده؛ چت کنید),میناب,minab,electronic-devices,mobile-tablet
۰۹۰۳۷۳۲۱۳۱۵,میناب,minab,electronic-devices,mobile-tablet
۰۹۳۸۵۷۲۲۴۳۹,میناب,minab,electronic-devices,mobile-tablet
۰۹۳۳۹۰۱۶۱۸۲,میناب,minab,electronic-devices,mobile-tablet
(پنهان‌شده؛ چت کنید),میناب,minab,electronic-devices,mobile-tablet
۰۹۳۶۵۵۵۴۲۵۱,میناب,minab,electronic-devices,computers
(پنهان‌شده؛ چت کنید),میناب,minab,electronic-devices,computers
۰۹۳۵۷۵۴۴۶۰۲,میناب,minab,electronic-devices,computers
۰۹۱۶۴۱۷۵۱۳۵,میناب,minab,electronic-devices,computers
(پنهان‌شده؛ چت کنید),میناب,minab,electronic-devices,computers
۰۹۱۷۰۳۲۰۳۶۵,میناب,minab,electronic-devices,computers
۰۹۳۹۳۳۱۱۲۸۲,میناب,minab,electronic-devices,computers
۰۹۰۳۳۷۰۶۲۲۷,میناب,minab,electronic-devices,computers
۰۹۳۷۶۷۰۷۲۵۸,میناب,minab,electronic-devices,computers
۰۹۱۷۹۶۶۶۸۶۴,میناب,minab,electronic-devices,computers
۰۹۱۶۴۳۶۸۳۰۷,میناب,minab,electronic-devices,computers
۰۹۳۶۲۳۰۴۱۴۹,میناب,minab,electronic-devices,computers
۰۹۱۶۴۳۶۸۳۰۷,میناب,minab,electronic-devices,computers
۰۹۱۷۹۹۳۶۱۳۳,میناب,minab,electronic-devices,computers
۰۹۳۰۸۰۱۵۴۸۲,میناب,minab,electronic-devices,computers
۰۹۳۷۷۶۵۰۳۹۳,میناب,minab,electronic-devices,computers
۰۹۳۶۷۸۸۵۰۰۵,میناب,minab,electronic-devices,computers
۰۹۰۱۲۵۳۵۳۱۳,میناب,minab,electronic-devices,computers
۰۹۱۷۶۸۵۰۵۱۸,میناب,minab,electronic-devices,computers
۰۹۱۷۷۶۵۱۲۹۸,میناب,minab,electronic-devices,computers
۰۹۱۷۱۹۷۵۲۶۹,میناب,minab,electronic-devices,computers
۰۹۳۷۴۱۷۴۳۲۶,میناب,minab,electronic-devices,computers
(پنهان‌شده؛ چت کنید),میناب,minab,electronic-devices,game-consoles
۰۹۰۵۹۲۳۷۲۷۹,میناب,minab,electronic-devices,game-consoles
(پنهان‌شده؛ چت کنید),میناب,minab,electronic-devices,game-consoles
۰۹۰۳۳۶۶۲۰۱۴,میناب,minab,electronic-devices,game-consoles
۰۹۳۰۸۵۴۶۹۹۳,میناب,minab,electronic-devices,game-consoles
۰۹۹۱۰۹۹۷۶۷۴,میناب,minab,electronic-devices,game-consoles
۰۹۰۳۷۳۲۱۳۳۴,میناب,minab,electronic-devices,game-consoles
۰۹۰۳۷۳۲۱۳۳۴,میناب,minab,electronic-devices,game-consoles
(پنهان‌شده؛ چت کنید),میناب,minab,electronic-devices,game-consoles
(پنهان‌شده؛ چت کنید),میناب,minab,electronic-devices,game-consoles
(پنهان‌شده؛ چت کنید),میناب,minab,electronic-devices,game-consoles
۰۹۰۳۸۶۲۳۵۵۹,میناب,minab,electronic-devices,game-consoles
۰۹۳۹۷۶۵۵۹۵۰,میناب,minab,electronic-devices,game-consoles
(پنهان‌شده؛ چت کنید),میناب,minab,electronic-devices,game-consoles
۰۹۳۰۵۱۰۰۸۲۰,میناب,minab,electronic-devices,game-consoles
(پنهان‌شده؛ چت کنید),میناب,minab,electronic-devices,game-consoles
(پنهان‌شده؛ چت کنید),میناب,minab,electronic-devices,game-consoles
۰۹۱۶۴۳۴۶۸۷۵,میناب,minab,electronic-devices,game-consoles
۰۹۲۲۴۳۹۱۰۶۵,میناب,minab,electronic-devices,game-consoles
۰۹۰۵۷۲۸۷۰۶۶,میناب,minab,electronic-devices,game-consoles
۰۹۰۲۷۲۵۸۱۳۱,میناب,minab,electronic-devices,game-consoles
۰۹۰۲۷۲۵۸۱۳۱,میناب,minab,electronic-devices,game-consoles
۰۹۳۹۹۱۸۲۴۳۷,میناب,minab,electronic-devices,video-audio-device
۰۹۳۸۳۸۹۰۱۶۹,میناب,minab,electronic-devices,video-audio-device
۰۹۱۷۵۱۶۸۷۱۸,میناب,minab,electronic-devices,video-audio-device
۰۹۳۹۲۶۷۱۴۱۲,میناب,minab,electronic-devices,video-audio-device
۰۹۳۰۶۳۹۶۵۴۱,میناب,minab,electronic-devices,video-audio-device
(پنهان‌شده؛ چت کنید),میناب,minab,electronic-devices,video-audio-device
۰۹۹۰۶۷۰۷۵۱۵,میناب,minab,electronic-devices,video-audio-device
۰۹۳۶۰۳۰۵۴۵۸,میناب,minab,electronic-devices,video-audio-device
۰۹۰۳۸۴۱۴۵۳۷,میناب,minab,electronic-devices,video-audio-device
۰۹۳۶۴۶۲۲۰۳۰,میناب,minab,electronic-devices,video-audio-device
۰۹۳۸۵۰۵۱۳۸۹,میناب,minab,electronic-devices,video-audio-device
۰۹۲۱۰۳۳۴۱۹۲,میناب,minab,electronic-devices,video-audio-device
۰۹۳۰۸۹۷۰۱۸۲,میناب,minab,electronic-devices,video-audio-device
۰۹۳۰۱۲۰۲۸۶۷,میناب,minab,electronic-devices,video-audio-device
۰۹۹۱۷۱۴۰۵۶۵,میناب,minab,electronic-devices,video-audio-device
۰۹۳۰۸۹۷۰۱۸۲,میناب,minab,electronic-devices,video-audio-device
۰۹۳۸۱۷۴۸۳۹۵,میناب,minab,electronic-devices,video-audio-device
۰۹۱۷۹۸۴۹۳۹۹,میناب,minab,electronic-devices,video-audio-device
(پنهان‌شده؛ چت کنید),میناب,minab,electronic-devices,video-audio-device
۰۹۱۲۰۲۸۹۶۱۵,میناب,minab,electronic-devices,video-audio-device
(پنهان‌شده؛ چت کنید),میناب,minab,electronic-devices,telephone
۰۹۳۳۶۲۳۷۸۲۰,میناب,minab,electronic-devices,telephone
۰۹۱۷۵۲۵۹۱۶۳,میناب,minab,electronic-devices,telephone
۰۹۱۷۷۳۴۷۳۶۸,میناب,minab,home-and-kitchen,home-decor-furniture
۰۹۹۲۴۳۵۰۶۲۴,میناب,minab,home-and-kitchen,home-decor-furniture
۰۹۱۳۲۶۴۰۵۳۶,میناب,minab,home-and-kitchen,home-decor-furniture
۰۹۳۶۴۵۴۰۹۲۵,میناب,minab,home-and-kitchen,home-decor-furniture
۰۹۰۲۹۵۱۸۶۲۰,میناب,minab,home-and-kitchen,home-decor-furniture
۰۹۱۷۶۹۵۸۶۸۱,میناب,minab,home-and-kitchen,home-decor-furniture
۰۹۳۸۸۷۴۱۲۹۵,میناب,minab,home-and-kitchen,home-decor-furniture
۰۹۹۲۴۵۳۹۳۰۵,میناب,minab,home-and-kitchen,home-decor-furniture
۰۹۳۵۹۹۴۰۳۰۷,میناب,minab,home-and-kitchen,home-decor-furniture
۰۹۱۷۱۶۶۹۸۷۵,میناب,minab,home-and-kitchen,home-decor-furniture
(پنهان‌شده؛ چت کنید),میناب,minab,home-and-kitchen,home-decor-furniture
۰۹۳۰۸۴۹۶۶۰۴,میناب,minab,home-and-kitchen,home-decor-furniture
۰۹۳۷۲۴۵۵۴۰۳,میناب,minab,home-and-kitchen,home-decor-furniture
۰۹۱۷۷۳۴۷۳۶۸,میناب,minab,home-and-kitchen,home-decor-furniture
۰۹۳۳۵۳۸۰۱۳۷,میناب,minab,home-and-kitchen,home-decor-furniture
۰۹۱۳۴۹۳۴۸۳۸,میناب,minab,home-and-kitchen,home-decor-furniture
۰۹۳۳۸۴۹۰۶۳۸,میناب,minab,home-and-kitchen,home-decor-furniture
۰۹۰۱۰۹۹۶۵۸۷,میناب,minab,home-and-kitchen,home-decor-furniture
۰۹۰۵۷۴۱۸۸۰۸,میناب,minab,home-and-kitchen,home-decor-furniture
۰۹۱۷۴۳۸۲۰۶۸,میناب,minab,home-and-kitchen,home-decor-furniture
۰۹۳۸۳۴۴۹۸۸۳,میناب,minab,home-and-kitchen,home-decor-furniture
۰۹۳۶۴۵۸۹۴۱۱,میناب,minab,home-and-kitchen,home-decor-furniture
۰۹۲۲۳۳۸۱۳۰۹,میناب,minab,home-and-kitchen,home-decor-furniture
۰۹۳۷۴۷۳۱۱۷۳,میناب,minab,home-and-kitchen,home-decor-furniture
۰۹۳۷۱۰۰۷۰۸۸,میناب,minab,home-and-kitchen,home-decor-furniture
۰۹۳۳۲۶۳۸۸۸۵,میناب,minab,home-and-kitchen,home-decor-furniture
(پنهان‌شده؛ چت کنید),میناب,minab,home-and-kitchen,home-decor-furniture
۰۹۳۶۴۵۸۹۴۱۱,میناب,minab,home-and-kitchen,home-decor-furniture
۰۹۱۷۸۸۹۶۳۰۰,میناب,minab,home-and-kitchen,home-decor-furniture
۰۹۰۱۷۳۲۳۵۶۴,میناب,minab,home-and-kitchen,home-decor-furniture
۰۹۰۱۷۳۲۳۵۶۴,میناب,minab,home-and-kitchen,home-decor-furniture
۰۹۰۱۷۳۲۳۵۶۴,میناب,minab,home-and-kitchen,home-decor-furniture
۰۹۰۱۷۳۲۳۵۶۴,میناب,minab,home-and-kitchen,home-decor-furniture
۰۹۳۳۸۴۹۰۶۳۸,میناب,minab,home-and-kitchen,home-decor-furniture
۰۹۱۶۵۷۳۹۵۰۵,میناب,minab,home-and-kitchen,home-decor-furniture
۰۹۳۸۳۲۵۸۷۲۷,میناب,minab,home-and-kitchen,home-decor-furniture
۰۹۰۱۵۲۱۳۱۳۶,میناب,minab,home-and-kitchen,home-decor-furniture
۰۹۱۰۳۲۶۷۷۹۷,میناب,minab,home-and-kitchen,home-decor-furniture
۰۹۱۷۱۶۶۸۱۳۴,میناب,minab,home-and-kitchen,home-decor-furniture
۰۹۲۱۲۶۹۰۵۸۶,میناب,minab,home-and-kitchen,home-decor-furniture
۰۹۱۷۷۸۷۴۳۴۰,میناب,minab,home-and-kitchen,home-decor-furniture
۰۹۹۰۴۳۰۴۶۵۱,میناب,minab,home-and-kitchen,home-decor-furniture
(پنهان‌شده؛ چت کنید),میناب,minab,home-and-kitchen,home-decor-furniture
۰۹۳۳۳۵۹۹۶۵۴,میناب,minab,home-and-kitchen,home-decor-furniture
(پنهان‌شده؛ چت کنید),میناب,minab,home-and-kitchen,kitchen-appliances
۰۹۱۷۱۶۶۷۵۵۶,میناب,minab,home-and-kitchen,kitchen-appliances
۰۹۰۳۱۳۵۳۹۸۷,میناب,minab,home-and-kitchen,kitchen-appliances
۰۹۳۶۷۳۲۲۶۳۶,میناب,minab,home-and-kitchen,kitchen-appliances
۰۹۲۲۷۱۶۳۶۸۲,میناب,minab,home-and-kitchen,kitchen-appliances
۰۹۱۷۸۶۵۲۷۱۷,میناب,minab,home-and-kitchen,kitchen-appliances
۰۹۳۶۴۵۸۹۴۱۱,میناب,minab,home-and-kitchen,kitchen-appliances
۰۹۰۲۳۹۴۳۳۶۸,میناب,minab,home-and-kitchen,kitchen-appliances
۰۹۱۳۰۹۹۳۲۹۴,میناب,minab,home-and-kitchen,kitchen-appliances
۰۹۱۷۱۹۷۵۱۵۴,میناب,minab,home-and-kitchen,kitchen-appliances
۰۹۱۳۲۷۸۵۷۶۰,میناب,minab,home-and-kitchen,kitchen-appliances
(پنهان‌شده؛ چت کنید),میناب,minab,home-and-kitchen,kitchen-appliances
۰۹۳۰۹۷۵۵۴۲۱,میناب,minab,home-and-kitchen,kitchen-appliances
۰۹۰۳۴۳۵۲۳۲۰,میناب,minab,home-and-kitchen,kitchen-appliances
۰۹۰۳۴۳۵۲۳۲۰,میناب,minab,home-and-kitchen,kitchen-appliances
۰۹۰۳۴۳۵۲۳۲۰,میناب,minab,home-and-kitchen,kitchen-appliances
(پنهان‌شده؛ چت کنید),میناب,minab,home-and-kitchen,kitchen-appliances
۰۹۳۳۰۱۰۸۴۱۵,میناب,minab,home-and-kitchen,kitchen-appliances
۰۹۳۳۰۱۰۸۴۱۵,میناب,minab,home-and-kitchen,kitchen-appliances
۰۹۳۳۰۱۰۸۴۱۵,میناب,minab,home-and-kitchen,kitchen-appliances
۰۹۱۷۹۳۶۰۹۶۰,میناب,minab,home-and-kitchen,kitchen-appliances
۰۹۳۶۷۸۷۵۹۹۴,میناب,minab,home-and-kitchen,kitchen-appliances
۰۹۱۸۶۳۸۳۰۱۰,میناب,minab,home-and-kitchen,kitchen-appliances
۰۹۱۷۱۶۶۱۲۰۲,میناب,minab,home-and-kitchen,kitchen-appliances
۰۹۹۱۹۹۴۵۵۱۸,میناب,minab,home-and-kitchen,kitchen-appliances
۰۹۳۸۲۰۵۱۷۳۳,میناب,minab,home-and-kitchen,kitchen-appliances
۰۹۳۶۷۸۷۵۹۹۴,میناب,minab,home-and-kitchen,kitchen-appliances
۰۹۳۶۷۸۷۵۹۹۴,میناب,minab,home-and-kitchen,kitchen-appliances
۰۹۳۶۷۸۷۵۹۹۴,میناب,minab,home-and-kitchen,kitchen-appliances
۰۹۳۰۱۹۴۵۷۴۲,میناب,minab,home-and-kitchen,kitchen-appliances
۰۹۳۶۱۲۶۳۹۱۱,میناب,minab,home-and-kitchen,kitchen-appliances
۰۹۳۰۸۱۵۷۲۱۹,میناب,minab,home-and-kitchen,kitchen-appliances
۰۹۱۲۰۲۸۹۶۱۵,میناب,minab,home-and-kitchen,kitchen-appliances
۰۹۳۷۴۰۸۳۸۹۲,میناب,minab,home-and-kitchen,kitchen-appliances
۰۹۰۳۸۱۲۳۵۷۶,میناب,minab,home-and-kitchen,kitchen-appliances
۰۹۳۰۵۳۲۲۵۹۳,میناب,minab,home-and-kitchen,kitchen-appliances
۰۹۳۷۰۹۰۱۴۸۰,میناب,minab,home-and-kitchen,kitchen-appliances
۰۹۱۷۵۷۹۵۵۱۴,میناب,minab,home-and-kitchen,kitchen-appliances
(پنهان‌شده؛ چت کنید),میناب,minab,home-and-kitchen,kitchen-appliances
(پنهان‌شده؛ چت کنید),میناب,minab,home-and-kitchen,home-appliances
۰۹۰۳۸۴۱۱۵۲۹,میناب,minab,home-and-kitchen,home-appliances
۰۹۰۳۴۳۵۲۳۲۰,میناب,minab,home-and-kitchen,home-appliances
۰۹۰۵۴۷۷۸۲۲۸,میناب,minab,home-and-kitchen,home-appliances
۰۹۰۲۷۳۱۶۹۶۹,میناب,minab,home-and-kitchen,home-appliances
(پنهان‌شده؛ چت کنید),میناب,minab,home-and-kitchen,home-appliances
۰۹۰۵۷۵۰۴۷۹۴,میناب,minab,home-and-kitchen,home-appliances
۰۹۱۷۹۶۸۰۰۷۴,میناب,minab,home-and-kitchen,home-appliances
۰۹۳۸۴۶۹۱۸۷۸,میناب,minab,home-and-kitchen,building-garden
(پنهان‌شده؛ چت کنید),میناب,minab,home-and-kitchen,building-garden
۰۹۳۶۵۶۳۱۳۴۳,میناب,minab,home-and-kitchen,building-garden
۰۹۱۳۰۹۹۳۲۹۴,میناب,minab,home-and-kitchen,building-garden
۰۹۱۳۰۹۹۳۲۹۴,میناب,minab,home-and-kitchen,building-garden
(پنهان‌شده؛ چت کنید),میناب,minab,home-and-kitchen,building-garden
۰۹۰۳۴۳۵۲۳۲۰,میناب,minab,home-and-kitchen,building-garden
۰۹۰۳۴۳۵۲۳۲۰,میناب,minab,home-and-kitchen,building-garden
۰۹۱۷۹۶۶۰۹۶۹,میناب,minab,home-and-kitchen,building-garden
۰۹۱۳۰۹۹۳۲۹۴,میناب,minab,home-and-kitchen,building-garden
۰۹۳۶۷۸۷۵۹۹۴,میناب,minab,home-and-kitchen,building-garden
۰۹۳۷۶۱۰۴۵۵۵,میناب,minab,home-and-kitchen,building-garden
(پنهان‌شده؛ چت کنید),میناب,minab,home-and-kitchen,building-garden
۰۹۳۵۹۵۴۷۰۷۶,میناب,minab,home-and-kitchen,building-garden
۰۹۱۷۱۶۶۷۳۵۲,میناب,minab,home-and-kitchen,building-garden
۰۹۱۳۰۹۹۳۲۹۴,میناب,minab,home-and-kitchen,building-garden
۰۹۱۷۲۱۲۰۱۷۶,میناب,minab,home-and-kitchen,building-garden
۰۹۳۶۷۶۵۵۶۰۴,میناب,minab,home-and-kitchen,building-garden
۰۹۰۳۴۲۲۳۶۸۱,میناب,minab,home-and-kitchen,building-garden
۰۹۳۳۸۰۶۷۳۲۳,میناب,minab,home-and-kitchen,building-garden
۰۹۰۵۳۰۳۶۴۴۵,میناب,minab,home-and-kitchen,building-garden
۰۹۰۳۷۵۱۷۰۴۵,میناب,minab,home-and-kitchen,building-garden
۰۹۰۵۰۹۶۴۰۸۳,میناب,minab,services,vehicles-services
۰۹۳۳۷۱۵۶۰۰۸,میناب,minab,services,vehicles-services
۰۹۲۱۵۷۲۵۸۸۳,میناب,minab,services,vehicles-services
۰۹۰۱۶۱۹۷۶۴۰,میناب,minab,services,vehicles-services
۰۹۳۰۶۲۰۶۸۷۶,میناب,minab,services,vehicles-services
۰۹۱۷۹۴۰۵۰۹۱,میناب,minab,services,vehicles-services
۰۹۳۷۲۲۷۳۷۷۹,میناب,minab,services,catering-services
۰۹۱۷۹۴۶۲۸۴۴,میناب,minab,services,catering-services
۰۹۳۰۵۷۰۴۰۴۹,میناب,minab,services,catering-services
۰۹۰۱۴۴۶۵۰۱۵,میناب,minab,services,catering-services
۰۹۳۹۶۳۳۴۸۱۲,میناب,minab,services,catering-services
۰۹۳۹۹۷۳۳۶۴۷,میناب,minab,services,catering-services
۰۹۲۱۷۵۳۴۷۰۴,میناب,minab,services,catering-services
۰۹۹۴۴۵۴۲۸۵۰,میناب,minab,services,catering-services
۰۹۳۹۷۴۹۳۸۳۴,میناب,minab,services,catering-services
۰۹۱۷۹۰۵۰۹۲۸,میناب,minab,services,catering-services
۰۹۰۵۴۳۲۹۸۱۰,میناب,minab,services,technology-services
۰۹۰۵۴۳۲۹۸۱۱,میناب,minab,services,technology-services
۰۹۰۵۴۳۲۹۸۱۰,میناب,minab,services,technology-services
۰۹۰۵۴۳۲۹۸۱۱,میناب,minab,services,technology-services
۰۹۰۵۴۳۲۹۸۱۰,میناب,minab,services,technology-services
۰۹۳۳۲۲۸۹۹۶۰,میناب,minab,services,technology-services
۰۹۰۵۴۳۲۹۸۱۱,میناب,minab,services,technology-services
۰۹۰۵۴۳۲۹۸۱۰,میناب,minab,services,technology-services
۰۹۳۳۲۲۸۹۹۶۰,میناب,minab,services,technology-services
۰۹۳۳۲۲۸۹۹۶۰,میناب,minab,services,technology-services
۰۹۳۳۲۲۸۹۹۶۰,میناب,minab,services,technology-services
۰۹۰۵۴۳۲۹۸۱۰,میناب,minab,services,technology-services
۰۹۰۵۴۳۲۹۸۱۰,میناب,minab,services,technology-services
۰۹۰۳۸۶۶۲۵۵۰,میناب,minab,services,technology-services
۰۹۰۵۴۳۲۹۸۱۱,میناب,minab,services,technology-services
۰۹۰۵۴۳۲۹۸۱۰,میناب,minab,services,technology-services
۰۹۳۳۲۲۸۹۹۶۰,میناب,minab,services,technology-services
۰۹۳۳۲۲۸۹۹۶۰,میناب,minab,services,technology-services
۰۹۰۵۴۳۲۹۸۱۱,میناب,minab,services,technology-services
۰۹۳۳۲۲۸۹۹۶۰,میناب,minab,services,technology-services
۰۹۰۵۴۳۲۹۸۱۱,میناب,minab,services,technology-services
۰۹۳۳۲۲۸۹۹۶۰,میناب,minab,services,technology-services
۰۹۰۵۴۳۲۹۸۱۱,میناب,minab,services,technology-services
۰۹۰۵۴۳۲۹۸۱۰,میناب,minab,services,technology-services
۰۹۰۱۲۳۹۷۴۹۰,میناب,minab,services,financial-services
(پنهان‌شده؛ چت کنید),میناب,minab,services,financial-services
۰۹۱۷۷۶۶۱۰۲۱,میناب,minab,services,financial-services
۰۹۱۷۹۶۶۱۰۲۱,میناب,minab,services,financial-services
۰۹۰۵۳۶۱۹۵۱۰,میناب,minab,services,financial-services
(پنهان‌شده؛ چت کنید),میناب,minab,services,financial-services
۰۹۱۳۳۴۵۲۸۱۸,میناب,minab,services,financial-services
۰۹۰۱۶۴۶۶۷۸۷,میناب,minab,services,financial-services
۰۹۳۷۸۱۹۴۱۰۲,میناب,minab,services,financial-services
۰۹۳۰۴۵۱۶۳۰۰,میناب,minab,services,financial-services
۰۹۲۱۱۲۸۱۹۶۲,میناب,minab,services,financial-services
۰۹۳۰۶۹۷۹۹۶۱,میناب,minab,services,financial-services
۰۹۰۳۱۸۵۷۱۷۶,میناب,minab,services,financial-services
۰۹۲۱۱۵۷۹۶۰۴,میناب,minab,services,financial-services
۰۹۱۷۰۹۶۶۴۰۶,میناب,minab,services,transport-logistic-services
۰۹۳۳۴۶۰۳۳۳۹,میناب,minab,services,transport-logistic-services
۰۹۰۱۲۴۷۵۵۱۶,میناب,minab,services,transport-logistic-services
۰۹۱۷۰۹۶۶۴۰۶,میناب,minab,services,transport-logistic-services
۰۹۳۶۸۰۰۶۳۶۲,میناب,minab,services,transport-logistic-services
۰۹۳۹۰۵۴۱۴۱۵,میناب,minab,services,transport-logistic-services
۰۹۰۱۷۸۲۰۷۷۴,میناب,minab,services,transport-logistic-services
۰۹۱۷۴۶۵۸۲۸۷,میناب,minab,services,transport-logistic-services
۰۹۰۵۱۶۲۸۰۵۸,میناب,minab,services,transport-logistic-services
۰۹۳۸۱۸۲۱۸۰۲,میناب,minab,services,transport-logistic-services
۰۹۱۹۰۲۷۶۲۳۰,میناب,minab,services,craft-skill-services
۰۹۱۶۴۱۷۳۵۴۶,میناب,minab,services,craft-skill-services
۰۹۳۰۳۰۶۴۲۵۷,میناب,minab,services,craft-skill-services
۰۹۰۵۸۱۵۹۶۱۹,میناب,minab,services,craft-skill-services
۰۹۳۹۹۶۱۲۸۰۳,میناب,minab,services,craft-skill-services
۰۹۱۷۹۸۴۳۶۸۲,میناب,minab,services,craft-skill-services
(پنهان‌شده؛ چت کنید),میناب,minab,services,craft-skill-services
۰۹۳۸۲۷۶۷۷۹۲,میناب,minab,services,craft-skill-services
۰۹۳۰۴۲۰۰۵۰۶,میناب,minab,services,craft-skill-services
۰۹۳۹۸۷۴۲۳۵۴,میناب,minab,services,craft-skill-services
۰۹۳۶۳۷۸۰۰۸۹,میناب,minab,services,craft-skill-services
۰۹۹۲۱۰۶۵۴۱۱,میناب,minab,services,craft-skill-services
۰۹۳۹۳۶۲۴۰۱۸,میناب,minab,services,craft-skill-services
۰۹۰۲۳۸۲۳۳۸۰,میناب,minab,services,craft-skill-services
۰۹۱۹۹۲۵۸۸۶۳,میناب,minab,services,craft-skill-services
۰۹۰۳۳۰۰۶۹۷۰,میناب,minab,services,craft-skill-services
۰۹۰۲۳۸۲۳۳۸۰,میناب,minab,services,craft-skill-services
۰۹۱۷۸۴۹۰۹۵۶,میناب,minab,services,craft-skill-services
۰۹۱۷۱۹۷۴۸۲۸,میناب,minab,services,craft-skill-services
۰۹۳۹۴۲۴۶۹۸۴,میناب,minab,services,craft-skill-services
۰۹۰۵۸۳۵۷۳۴۷,میناب,minab,services,craft-skill-services
۰۹۰۵۸۳۵۷۳۴۷,میناب,minab,services,craft-skill-services
۰۹۳۶۴۵۸۰۰۸۹,میناب,minab,services,craft-skill-services
۰۹۳۹۸۵۸۹۸۶۸,میناب,minab,services,craft-skill-services
۰۹۱۷۹۶۶۱۷۳۴,میناب,minab,services,craft-skill-services
(پنهان‌شده؛ چت کنید),میناب,minab,services,craft-skill-services
(پنهان‌شده؛ چت کنید),میناب,minab,services,craft-skill-services
(پنهان‌شده؛ چت کنید),میناب,minab,services,craft-skill-services
۰۹۳۹۳۸۴۰۵۴۵,میناب,minab,services,craft-skill-services
۰۹۱۷۵۴۹۷۷۰۴,میناب,minab,services,craft-skill-services
۰۹۰۳۹۷۲۱۴۷۱,میناب,minab,services,craft-skill-services
۰۹۳۶۸۵۶۲۰۶۲,میناب,minab,services,craft-skill-services
۰۹۱۳۳۸۷۱۹۵۱,میناب,minab,services,craft-skill-services
۰۹۳۳۰۹۶۵۷۴۷,میناب,minab,services,craft-skill-services
۰۹۰۳۷۸۷۴۵۵۵,میناب,minab,services,craft-skill-services
۰۹۳۳۰۶۸۵۷۰۰,میناب,minab,services,craft-skill-services
۰۹۳۶۲۴۸۴۴۱۶,میناب,minab,services,craft-skill-services
۰۹۱۷۶۵۲۰۱۵۵,میناب,minab,services,craft-skill-services
۰۹۱۴۹۸۳۳۲۷۳,میناب,minab,services,craft-skill-services
۰۹۰۲۹۹۵۳۵۰۷,میناب,minab,services,craft-skill-services
۰۹۳۵۹۹۰۶۳۰۷,میناب,minab,services,craft-skill-services
۰۹۳۵۴۶۹۹۰۰۲,میناب,minab,services,craft-skill-services
۰۹۲۱۷۶۷۵۱۰۱,میناب,minab,services,craft-skill-services
۰۹۳۹۲۸۹۰۴۰۲,میناب,minab,services,craft-skill-services
۰۹۳۶۵۴۱۲۶۰۲,میناب,minab,services,craft-skill-services
۰۹۰۱۷۱۲۹۳۱۱,میناب,minab,services,craft-skill-services
۰۹۳۶۳۴۸۸۵۶۵,میناب,minab,services,craft-skill-services
۰۹۳۸۱۹۸۷۹۲۱,میناب,minab,services,craft-skill-services
۰۹۳۰۹۲۵۸۹۸۹,میناب,minab,services,craft-skill-services
۰۹۱۳۳۸۳۲۵۳۵,میناب,minab,services,craft-skill-services
۰۹۱۶۷۴۳۵۹۰۵,میناب,minab,services,craft-skill-services
۰۹۳۹۲۷۶۳۰۰۴,میناب,minab,services,craft-skill-services
۰۹۳۹۴۰۲۱۱۴۹,میناب,minab,services,craft-skill-services
۰۹۳۶۵۶۳۱۲۹۹,میناب,minab,services,craft-skill-services
۰۹۳۳۵۲۰۷۶۴۶,میناب,minab,services,craft-skill-services
۰۹۱۷۹۸۵۲۰۱۵,میناب,minab,services,craft-skill-services
۰۹۳۹۴۱۶۰۴۴۰,میناب,minab,services,craft-skill-services
۰۹۱۷۶۸۵۳۰۶۹,میناب,minab,services,craft-skill-services
۰۹۳۷۹۶۲۹۶۶۷,میناب,minab,services,craft-skill-services
۰۹۰۱۳۵۶۱۱۶۰,میناب,minab,services,craft-skill-services
۰۹۳۳۸۹۸۱۴۳۰,میناب,minab,services,craft-skill-services
۰۹۱۷۲۲۹۲۴۵۲,میناب,minab,services,craft-skill-services
۰۹۱۷۲۲۹۲۴۵۲,میناب,minab,services,craft-skill-services
۰۹۳۶۴۵۰۶۰۰۹,میناب,minab,services,craft-skill-services
۰۹۱۷۰۳۲۰۳۶۵,میناب,minab,services,craft-skill-services
۰۹۰۵۴۳۸۲۲۴۴,میناب,minab,services,craft-skill-services
۰۹۰۵۲۰۸۴۱۵۴,میناب,minab,services,craft-skill-services
۰۹۳۶۳۵۰۵۸۴۷,میناب,minab,services,beauty-services
۰۹۱۶۴۲۶۰۸۲۱,میناب,minab,services,beauty-services
۰۹۹۰۶۴۵۲۵۸۵,میناب,minab,services,beauty-services
۰۹۳۷۹۰۸۸۲۵۱,میناب,minab,services,beauty-services
۰۹۳۷۶۶۸۹۵۶۱,میناب,minab,services,beauty-services
۰۹۹۱۷۱۸۹۱۷۸,میناب,minab,services,beauty-services
۰۹۳۳۴۴۲۰۲۱۴,میناب,minab,services,beauty-services
۰۹۱۷۶۷۷۶۰۸۷,میناب,minab,services,beauty-services
۰۹۹۰۶۴۵۲۵۸۵,میناب,minab,services,beauty-services
۰۹۰۵۳۶۱۴۰۳۷,میناب,minab,services,beauty-services
۰۹۱۷۰۹۶۶۹۵۷,میناب,minab,services,beauty-services
۰۹۳۰۸۲۱۸۸۹۶,میناب,minab,services,beauty-services
۰۹۰۵۱۳۲۹۰۷۴,میناب,minab,services,beauty-services
۰۹۳۸۱۸۲۱۸۰۲,میناب,minab,services,beauty-services
(پنهان‌شده؛ چت کنید),میناب,minab,services,gardening-services
۰۹۳۷۲۴۵۰۱۶۳,میناب,minab,services,gardening-services
۰۹۰۵۴۶۰۷۸۲۶,میناب,minab,services,gardening-services
۰۹۰۱۱۳۳۶۰۰۱,میناب,minab,services,gardening-services
۰۹۳۶۱۷۱۹۵۶۱,میناب,minab,services,gardening-services
۰۹۱۷۹۷۷۱۱۳۵,میناب,minab,services,gardening-services
۰۹۱۹۸۱۹۳۱۱۵,میناب,minab,services,gardening-services
۰۹۳۰۹۸۴۱۳۵۷,میناب,minab,services,gardening-services
۰۹۱۰۷۱۳۲۰۱۳,میناب,minab,services,gardening-services
۰۹۱۷۱۶۶۶۲۸۰,میناب,minab,services,teaching-services
(پنهان‌شده؛ چت کنید),میناب,minab,services,teaching-services
۰۹۳۵۳۵۳۷۳۴۴,میناب,minab,services,teaching-services
۰۹۳۸۹۲۶۹۳۷۱,میناب,minab,services,teaching-services
۰۹۱۷۹۵۹۶۸۲۹,میناب,minab,services,teaching-services
۰۹۰۳۶۴۲۳۴۲۸,میناب,minab,services,teaching-services
۰۹۰۳۶۴۲۳۴۲۸,میناب,minab,services,teaching-services
۰۹۳۹۵۰۹۸۵۹۳,میناب,minab,services,teaching-services
۰۹۹۲۴۹۲۱۱۷۱,میناب,minab,services,teaching-services
۰۹۰۲۱۶۵۷۰۰۷,میناب,minab,services,teaching-services
۰۹۰۲۹۸۸۹۱۵۴,میناب,minab,services,teaching-services
۰۹۳۳۳۲۸۲۱۸۶,میناب,minab,personal-goods,apparel
۰۹۱۶۴۲۰۴۶۸۴,میناب,minab,personal-goods,apparel
۰۹۱۶۴۲۰۴۶۸۴,میناب,minab,personal-goods,apparel
۰۹۱۶۴۲۰۴۶۸۴,میناب,minab,personal-goods,apparel
۰۹۱۶۴۲۰۴۶۸۴,میناب,minab,personal-goods,apparel
۰۹۳۰۷۱۹۴۶۰۹,میناب,minab,personal-goods,apparel
(پنهان‌شده؛ چت کنید),میناب,minab,personal-goods,apparel
۰۹۱۷۹۰۲۱۰۲۲,میناب,minab,personal-goods,apparel
(پنهان‌شده؛ چت کنید),میناب,minab,personal-goods,apparel
۰۹۹۰۹۵۴۰۱۵۷,میناب,minab,personal-goods,apparel
۰۹۰۵۷۴۷۳۳۲۱,میناب,minab,personal-goods,apparel
۰۹۰۳۰۶۱۲۵۰۱,میناب,minab,personal-goods,apparel
(پنهان‌شده؛ چت کنید),میناب,minab,personal-goods,apparel
۰۹۰۵۷۴۷۳۳۲۱,میناب,minab,personal-goods,apparel
۰۹۳۳۳۱۱۰۷۸۷,میناب,minab,personal-goods,apparel
(پنهان‌شده؛ چت کنید),میناب,minab,personal-goods,apparel
(پنهان‌شده؛ چت کنید),میناب,minab,personal-goods,apparel
۰۹۳۳۳۱۱۰۷۸۷,میناب,minab,personal-goods,apparel
۰۹۰۵۵۶۵۲۶۰۷,میناب,minab,personal-goods,apparel
۰۹۰۱۸۱۵۲۶۱۲,میناب,minab,personal-goods,apparel
۰۹۹۱۵۲۸۴۶۸۷,میناب,minab,personal-goods,apparel
۰۹۰۳۸۲۶۹۴۴۵,میناب,minab,personal-goods,apparel
(پنهان‌شده؛ چت کنید),میناب,minab,personal-goods,apparel
۰۹۰۱۳۶۹۰۸۶۵,میناب,minab,personal-goods,apparel
۰۹۰۳۸۲۶۹۴۴۵,میناب,minab,personal-goods,apparel
(پنهان‌شده؛ چت کنید),میناب,minab,personal-goods,apparel
(پنهان‌شده؛ چت کنید),میناب,minab,personal-goods,apparel
۰۹۱۷۵۰۸۶۴۵۹,میناب,minab,personal-goods,apparel
۰۹۳۷۸۵۳۲۱۰۵,میناب,minab,personal-goods,apparel
۰۹۳۷۸۵۳۲۱۰۵,میناب,minab,personal-goods,apparel
۰۹۰۳۹۵۸۷۶۰۶,میناب,minab,personal-goods,apparel
۰۹۹۲۸۹۸۸۰۵۲,میناب,minab,personal-goods,apparel
۰۹۹۲۸۹۸۸۰۵۲,میناب,minab,personal-goods,apparel
۰۹۹۲۸۹۸۸۰۵۲,میناب,minab,personal-goods,apparel
۰۹۹۲۸۹۸۸۰۵۲,میناب,minab,personal-goods,apparel
۰۹۹۲۸۹۸۸۰۵۲,میناب,minab,personal-goods,apparel
۰۹۹۲۸۹۸۸۰۵۲,میناب,minab,personal-goods,apparel
۰۹۹۲۸۴۳۵۱۶۲,میناب,minab,personal-goods,apparel
۰۹۹۲۸۹۸۸۰۵۲,میناب,minab,personal-goods,apparel
۰۹۹۲۸۹۸۸۰۵۲,میناب,minab,personal-goods,apparel
۰۹۱۷۴۵۷۸۳۶۰,میناب,minab,personal-goods,apparel
۰۹۱۷۴۵۷۸۳۶۰,میناب,minab,personal-goods,apparel
۰۹۳۷۳۴۱۶۸۵۹,میناب,minab,personal-goods,apparel
۰۹۰۱۱۰۶۸۶۴۳,میناب,minab,personal-goods,apparel
۰۹۹۰۰۴۵۱۴۱۲,میناب,minab,personal-goods,apparel
۰۹۹۱۷۳۸۵۰۲۹,میناب,minab,personal-goods,apparel
۰۹۰۲۷۰۹۰۳۷۴,میناب,minab,personal-goods,apparel
۰۹۱۷۲۹۰۰۰۵۷,میناب,minab,personal-goods,accessories
۰۹۰۳۷۴۸۵۹۱۸,میناب,minab,personal-goods,accessories
(پنهان‌شده؛ چت کنید),میناب,minab,personal-goods,accessories
(پنهان‌شده؛ چت کنید),میناب,minab,personal-goods,accessories
۰۹۰۳۳۴۲۹۲۰۷,میناب,minab,personal-goods,accessories
۰۹۳۹۵۲۴۵۶۳۰,میناب,minab,personal-goods,accessories
۰۹۳۶۱۶۶۶۱۶۲,میناب,minab,personal-goods,accessories
۰۹۳۹۰۷۰۳۴۹۱,میناب,minab,personal-goods,accessories
۰۹۳۷۳۰۹۷۷۲۸,میناب,minab,personal-goods,accessories
۰۹۰۳۷۲۲۱۴۳۹,میناب,minab,personal-goods,accessories
۰۹۰۵۷۴۷۳۳۲۱,میناب,minab,personal-goods,beauty-and-personal-care
۰۹۳۳۳۱۱۰۷۸۷,میناب,minab,personal-goods,beauty-and-personal-care
۰۹۳۳۳۱۱۰۷۸۷,میناب,minab,personal-goods,beauty-and-personal-care
۰۹۳۶۳۲۱۹۰۸۳,میناب,minab,personal-goods,beauty-and-personal-care
۰۹۰۵۴۷۷۸۲۲۸,میناب,minab,personal-goods,beauty-and-personal-care
۰۹۱۷۰۹۵۵۲۱۳,میناب,minab,personal-goods,beauty-and-personal-care
۰۹۳۷۶۲۷۹۷۵۵,میناب,minab,personal-goods,beauty-and-personal-care
۰۹۱۷۲۲۲۱۳۱۱,میناب,minab,personal-goods,beauty-and-personal-care
۰۹۰۳۶۰۲۶۱۴۴,میناب,minab,personal-goods,beauty-and-personal-care
۰۹۱۶۴۳۴۶۸۷۵,میناب,minab,personal-goods,beauty-and-personal-care
۰۹۲۲۱۴۰۶۶۳۴,میناب,minab,personal-goods,beauty-and-personal-care
۰۹۰۳۸۱۳۶۳۹۶,میناب,minab,personal-goods,beauty-and-personal-care
۰۹۲۱۵۷۲۳۷۷۹,میناب,minab,personal-goods,beauty-and-personal-care
۰۹۳۳۵۱۷۵۵۹۰,میناب,minab,personal-goods,beauty-and-personal-care
۰۹۳۶۷۳۴۱۴۵۶,میناب,minab,personal-goods,beauty-and-personal-care
۰۹۱۷۹۴۶۷۴۹۸,میناب,minab,personal-goods,child-apparel
۰۹۳۰۸۳۷۴۱۵۱,میناب,minab,personal-goods,child-apparel
۰۹۱۷۹۴۶۰۱۴۶,میناب,minab,personal-goods,child-apparel
۰۹۰۱۴۳۸۶۹۶۵,میناب,minab,personal-goods,child-products
۰۹۱۵۰۷۸۶۱۱۸,میناب,minab,personal-goods,child-products
۰۹۱۷۱۶۶۹۸۷۵,میناب,minab,personal-goods,child-products
۰۹۳۸۸۰۸۵۸۶۴,میناب,minab,personal-goods,child-products
۰۹۳۶۹۷۷۹۸۵۹,میناب,minab,personal-goods,child-products
۰۹۱۷۹۸۴۲۴۴۹,میناب,minab,personal-goods,child-products
۰۹۲۱۰۷۸۳۷۲۷,میناب,minab,personal-goods,child-products
۰۹۰۱۲۵۹۰۲۶۸,میناب,minab,personal-goods,stationery
۰۹۰۲۷۴۳۱۹۲۵,میناب,minab,personal-goods,stationery
۰۹۰۱۰۹۹۶۵۸۷,میناب,minab,entertainment,publication
۰۹۳۰۷۹۹۷۸۸۹,میناب,minab,entertainment,publication
(پنهان‌شده؛ چت کنید),میناب,minab,entertainment,publication
۰۹۳۸۷۲۱۱۲۷۸,میناب,minab,entertainment,publication
۰۹۳۸۷۲۱۱۲۷۸,میناب,minab,entertainment,publication
۰۹۳۹۷۶۹۸۹۲۹,میناب,minab,entertainment,publication
(پنهان‌شده؛ چت کنید),میناب,minab,entertainment,publication
۰۹۰۳۷۲۰۵۳۳۰,میناب,minab,entertainment,publication
۰۹۰۳۷۲۰۵۳۳۰,میناب,minab,entertainment,publication
۰۹۰۳۷۲۰۵۳۳۰,میناب,minab,entertainment,publication
(پنهان‌شده؛ چت کنید),میناب,minab,entertainment,bike-skate-scooter
۰۹۳۳۰۵۴۰۷۶۲,میناب,minab,entertainment,bike-skate-scooter
۰۹۳۰۲۳۵۷۷۵۲,میناب,minab,entertainment,bike-skate-scooter
۰۹۳۶۰۰۸۶۸۱۱,میناب,minab,entertainment,bike-skate-scooter
۰۹۹۱۰۰۱۷۴۶۷,میناب,minab,entertainment,bike-skate-scooter
۰۹۹۱۰۰۱۷۴۶۷,میناب,minab,entertainment,bike-skate-scooter
۰۹۹۱۰۰۱۷۴۶۷,میناب,minab,entertainment,bike-skate-scooter
۰۹۹۱۰۰۱۷۴۶۷,میناب,minab,entertainment,bike-skate-scooter
۰۹۳۳۸۳۷۷۷۰۳,میناب,minab,entertainment,bike-skate-scooter
۰۹۹۲۶۸۷۸۴۵۲,میناب,minab,entertainment,bike-skate-scooter
۰۹۰۱۴۲۹۷۵۷۲,میناب,minab,entertainment,bike-skate-scooter
۰۹۰۲۹۸۹۰۹۹۶,میناب,minab,entertainment,bike-skate-scooter
۰۹۳۳۹۶۲۴۵۷۸,میناب,minab,entertainment,bike-skate-scooter
۰۹۹۱۰۰۱۷۴۶۷,میناب,minab,entertainment,bike-skate-scooter
۰۹۹۱۰۰۱۷۴۶۷,میناب,minab,entertainment,bike-skate-scooter
۰۹۹۱۰۰۱۷۴۶۷,میناب,minab,entertainment,bike-skate-scooter
۰۹۰۵۰۴۹۱۶۶۸,میناب,minab,entertainment,bike-skate-scooter
۰۹۰۲۸۲۳۹۰۸۴,میناب,minab,entertainment,bike-skate-scooter
۰۹۰۱۵۳۰۷۸۲۶,میناب,minab,entertainment,bike-skate-scooter
۰۹۳۷۳۶۴۶۴۱۷,میناب,minab,entertainment,bike-skate-scooter
۰۹۳۶۶۵۳۵۲۷۱,میناب,minab,entertainment,bike-skate-scooter
۰۹۹۱۰۰۱۷۴۶۷,میناب,minab,entertainment,bike-skate-scooter
۰۹۹۱۰۰۱۷۴۶۷,میناب,minab,entertainment,bike-skate-scooter
۰۹۹۱۰۱۶۹۶۳۷,میناب,minab,entertainment,bike-skate-scooter
۰۹۰۲۸۴۰۸۰۹۵,میناب,minab,entertainment,bike-skate-scooter
۰۹۱۷۹۸۴۲۴۴۹,میناب,minab,entertainment,bike-skate-scooter
۰۹۳۳۳۱۰۰۷۵۵,میناب,minab,entertainment,bike-skate-scooter
۰۹۱۷۹۸۵۵۷۸۵,میناب,minab,entertainment,bike-skate-scooter
۰۹۰۲۶۳۱۹۶۵۹,میناب,minab,entertainment,pets-animals
۰۹۳۰۰۲۱۴۸۸۳,میناب,minab,entertainment,pets-animals
۰۹۳۰۱۸۲۶۱۹۴,میناب,minab,entertainment,pets-animals
۰۹۰۲۶۴۴۴۸۳۹,میناب,minab,entertainment,pets-animals
(پنهان‌شده؛ چت کنید),میناب,minab,entertainment,pets-animals
۰۹۹۴۴۰۰۵۹۹۷,میناب,minab,entertainment,pets-animals
۰۹۳۸۱۶۲۹۹۸۴,میناب,minab,entertainment,pets-animals
۰۹۳۸۵۳۴۱۴۲۵,میناب,minab,entertainment,pets-animals
۰۹۳۶۷۶۵۶۱۷۴,میناب,minab,entertainment,pets-animals
۰۹۳۳۷۵۰۷۶۰۰,میناب,minab,entertainment,pets-animals
۰۹۳۸۴۶۵۸۶۲۶,میناب,minab,entertainment,pets-animals
۰۹۱۷۴۳۸۲۲۰۲,میناب,minab,entertainment,pets-animals
۰۹۳۸۴۹۵۴۱۰۹,میناب,minab,entertainment,pets-animals
۰۹۳۷۸۶۸۳۸۲۲,میناب,minab,entertainment,pets-animals
(پنهان‌شده؛ چت کنید),میناب,minab,entertainment,pets-animals
۰۹۰۳۰۱۰۴۷۷۶,میناب,minab,entertainment,pets-animals
۰۹۱۷۵۰۹۲۱۷۸,میناب,minab,entertainment,pets-animals
۰۹۱۵۷۳۹۵۴۸۸,میناب,minab,entertainment,pets-animals
۰۹۰۲۶۴۴۴۸۳۹,میناب,minab,entertainment,pets-animals
۰۹۹۰۰۵۸۸۵۷۲,میناب,minab,entertainment,pets-animals
(پنهان‌شده؛ چت کنید),میناب,minab,entertainment,pets-animals
(پنهان‌شده؛ چت کنید),میناب,minab,entertainment,pets-animals
۰۹۳۳۷۶۳۰۲۷۹,میناب,minab,entertainment,pets-animals
(پنهان‌شده؛ چت کنید),میناب,minab,entertainment,pets-animals
۰۹۰۲۸۶۳۰۲۷۰,میناب,minab,entertainment,pets-animals
(پنهان‌شده؛ چت کنید),میناب,minab,entertainment,pets-animals
(پنهان‌شده؛ چت کنید),میناب,minab,entertainment,pets-animals
(پنهان‌شده؛ چت کنید),میناب,minab,entertainment,pets-animals
۰۹۱۷۹۷۷۷۰۵۳,میناب,minab,entertainment,pets-animals
۰۹۳۰۶۷۴۳۷۷۲,میناب,minab,entertainment,pets-animals
۰۹۳۹۴۳۲۰۶۹۰,میناب,minab,entertainment,pets-animals
۰۹۰۳۵۳۵۴۳۰۷,میناب,minab,entertainment,pets-animals
۰۹۳۷۴۷۴۲۴۴۳,میناب,minab,entertainment,pets-animals
۰۹۰۳۲۹۵۵۰۰۳,میناب,minab,entertainment,pets-animals
۰۹۳۶۳۴۸۸۵۶۵,میناب,minab,entertainment,pets-animals
۰۹۰۲۶۴۴۴۸۳۹,میناب,minab,entertainment,pets-animals
۰۹۰۱۰۸۷۶۱۸۴,میناب,minab,entertainment,pets-animals
۰۹۳۹۴۳۲۰۶۹۰,میناب,minab,entertainment,pets-animals
(پنهان‌شده؛ چت کنید),میناب,minab,entertainment,pets-animals
۰۹۳۹۱۹۷۰۱۹۱,میناب,minab,entertainment,pets-animals
۰۹۱۷۰۹۵۳۷۶۷,میناب,minab,entertainment,pets-animals
۰۹۳۸۷۳۹۸۰۹۸,میناب,minab,entertainment,collecting
۰۹۰۱۳۱۲۸۲۲۷,میناب,minab,entertainment,musical-instruments
۰۹۳۳۰۸۲۷۴۷۸,میناب,minab,entertainment,musical-instruments
۰۹۳۰۹۵۸۵۲۴۶,میناب,minab,entertainment,musical-instruments
۰۹۳۹۲۷۶۳۰۰۴,میناب,minab,entertainment,musical-instruments
۰۹۳۳۵۱۴۹۵۱۶,میناب,minab,entertainment,musical-instruments
۰۹۱۷۹۸۳۰۱۴۹,میناب,minab,entertainment,musical-instruments
۰۹۱۷۱۶۶۷۱۴۴,میناب,minab,entertainment,musical-instruments
۰۹۳۹۲۷۶۳۰۰۴,میناب,minab,entertainment,musical-instruments
۰۹۳۸۱۳۹۲۰۰۸,میناب,minab,entertainment,musical-instruments
۰۹۳۶۴۵۷۸۰۱۹,میناب,minab,entertainment,musical-instruments
۰۹۳۳۳۰۸۵۱۷۱,میناب,minab,entertainment,musical-instruments
۰۹۱۶۴۵۹۲۳۶۴,میناب,minab,entertainment,sport-entertainment
۰۹۲۲۱۷۵۲۸۷۶,میناب,minab,entertainment,sport-entertainment
۰۹۱۷۳۶۵۹۴۴۷,میناب,minab,entertainment,sport-entertainment
۰۹۲۲۳۵۱۶۱۵۸,میناب,minab,entertainment,sport-entertainment
۰۹۰۱۰۲۷۹۰۱۷,میناب,minab,entertainment,sport-entertainment
۰۹۰۲۵۱۳۶۷۶۹,میناب,minab,social-services,event
۰۹۹۲۷۶۹۶۱۳۰,میناب,minab,social-services,event
۰۹۹۲۸۷۰۴۸۹۶,میناب,minab,social-services,event
۰۹۰۲۴۱۷۸۱۸۹,میناب,minab,social-services,event
۰۹۳۸۸۵۲۷۲۳۳,میناب,minab,social-services,event
۰۹۹۸۱۱۶۷۴۷۹,میناب,minab,social-services,event
۰۹۰۲۵۴۸۶۶۸۰,میناب,minab,social-services,event
۰۹۱۶۴۵۹۲۴۱۱,میناب,minab,social-services,event
۰۹۳۳۵۰۸۷۹۰۷,میناب,minab,social-services,event
۰۹۰۲۴۱۱۴۳۲۷,میناب,minab,social-services,event
۰۹۳۰۳۱۴۸۱۷۳,میناب,minab,social-services,event
۰۹۱۶۴۵۹۲۳۵۳,میناب,minab,social-services,event
۰۹۰۲۵۴۸۶۶۷۶,میناب,minab,social-services,event
۰۹۰۵۷۱۵۶۹۵۷,میناب,minab,social-services,voluntary
۰۹۰۲۷۶۵۳۱۱۹,میناب,minab,social-services,voluntary
۰۹۳۶۵۹۶۳۰۸۰,میناب,minab,social-services,voluntary
۰۹۳۷۷۶۵۴۴۲۰,میناب,minab,social-services,voluntary
۰۹۰۲۹۵۰۵۳۳۱,میناب,minab,social-services,voluntary
۰۹۳۶۳۴۸۸۵۶۵,میناب,minab,social-services,missing
۰۹۱۷۷۶۵۷۶۰۶,میناب,minab,social-services,missing
۰۹۳۳۱۹۶۱۰۹۶,میناب,minab,social-services,missing
۰۹۳۷۱۶۵۸۲۷۶,میناب,minab,social-services,missing
۰۹۱۷۲۳۱۲۲۰۹,میناب,minab,social-services,missing
۰۹۱۷۶۵۲۰۲۷۷,میناب,minab,social-services,missing
۰۹۳۹۸۶۹۶۱۳۴,میناب,minab,social-services,missing
۰۹۳۳۰۶۱۰۲۸۲,میناب,minab,social-services,missing
۰۹۱۷۴۹۷۱۹۱۱,میناب,minab,social-services,missing
۰۹۱۷۵۴۹۴۹۰۶,میناب,minab,social-services,missing
۰۹۳۸۳۶۹۱۱۴۶,میناب,minab,social-services,missing
۰۹۰۱۹۴۲۷۵۵۸,میناب,minab,social-services,missing
۰۹۱۷۱۶۶۹۷۷۵,میناب,minab,social-services,missing
۰۹۳۰۴۴۳۰۲۴۳,میناب,minab,businesses,business-equipment
۰۹۳۰۴۴۳۰۲۴۳,میناب,minab,businesses,business-equipment
۰۹۳۰۴۴۳۰۲۴۳,میناب,minab,businesses,business-equipment
۰۹۳۶۰۴۷۶۴۰۸,میناب,minab,businesses,business-equipment
۰۹۳۶۸۲۴۷۲۰۰,میناب,minab,businesses,business-equipment
۰۹۳۶۲۶۸۳۰۵۷,میناب,minab,businesses,business-equipment
۰۹۹۱۷۱۸۶۹۲۶,میناب,minab,businesses,business-equipment
۰۹۳۰۲۵۸۹۲۲۳,میناب,minab,businesses,business-equipment
۰۹۱۶۴۲۰۴۶۸۴,میناب,minab,businesses,business-equipment
(پنهان‌شده؛ چت کنید),میناب,minab,businesses,business-equipment
۰۹۳۰۸۹۷۰۱۸۲,میناب,minab,businesses,business-equipment
۰۹۰۳۷۶۲۹۰۲۰,میناب,minab,businesses,business-equipment
۰۹۰۲۴۹۱۲۵۲۲,میناب,minab,businesses,business-equipment
۰۹۳۳۳۱۱۰۷۸۷,میناب,minab,businesses,business-equipment
۰۹۳۳۳۱۱۰۷۸۷,میناب,minab,businesses,business-equipment
۰۹۱۷۷۶۵۵۸۲۶,میناب,minab,businesses,business-equipment
۰۹۱۷۷۶۵۵۸۲۶,میناب,minab,businesses,business-equipment
۰۹۰۱۷۹۵۶۵۳۳,میناب,minab,businesses,business-equipment
۰۹۱۷۱۶۶۱۰۰۲,میناب,minab,businesses,business-equipment
۰۹۱۳۱۵۴۶۲۳۰,میناب,minab,businesses,business-equipment
۰۹۹۰۱۵۹۷۴۱۷,میناب,minab,businesses,business-equipment
۰۹۱۷۹۹۳۶۸۷۹,میناب,minab,businesses,business-equipment
۰۹۳۷۰۸۰۸۷۷۳,میناب,minab,businesses,business-equipment
۰۹۰۱۷۳۸۲۴۷۲,میناب,minab,businesses,business-equipment
۰۹۳۶۶۵۳۷۱۴۸,میناب,minab,businesses,business-equipment
۰۹۱۷۸۶۳۲۶۷۴,میناب,minab,businesses,business-equipment
۰۹۱۷۹۸۵۱۲۸۱,میناب,minab,businesses,business-equipment
۰۹۳۷۲۳۰۷۳۸۴,میناب,minab,businesses,business-equipment
۰۹۰۱۵۴۰۰۵۳۳,میناب,minab,businesses,business-equipment
۰۹۹۲۴۷۳۴۹۶۹,میناب,minab,businesses,business-equipment
۰۹۳۶۰۳۰۱۰۸۳,میناب,minab,businesses,business-equipment
۰۹۳۸۱۹۰۸۷۳۷,میناب,minab,businesses,business-equipment
۰۹۰۲۰۵۵۲۲۷۰,میناب,minab,businesses,business-equipment
۰۹۳۶۳۶۰۳۳۰۴,میناب,minab,businesses,business-equipment
۰۹۰۲۰۵۵۲۳۱۲,میناب,minab,businesses,business-equipment
۰۹۹۲۴۸۸۴۱۷۷,میناب,minab,businesses,business-equipment
۰۹۹۹۱۴۹۰۸۴۳,میناب,minab,businesses,business-equipment
۰۹۹۲۴۹۶۲۱۳۸,میناب,minab,businesses,business-equipment
۰۹۱۷۸۶۵۶۴۲۹,میناب,minab,businesses,business-equipment
۰۹۳۰۳۱۹۷۱۵۰,میناب,minab,businesses,business-equipment
۰۹۲۲۹۵۶۵۱۲۴,میناب,minab,businesses,business-equipment
۰۹۰۲۰۵۵۲۲۵۱,میناب,minab,businesses,business-equipment
۰۹۱۹۱۹۲۲۱۴۵,میناب,minab,businesses,business-equipment
۰۹۱۹۱۹۲۲۱۴۵,میناب,minab,businesses,business-equipment
۰۹۱۹۱۹۲۲۱۴۵,میناب,minab,businesses,business-equipment
۰۹۳۹۴۰۱۲۱۲۹,میناب,minab,businesses,business-equipment
۰۹۳۹۸۸۰۵۶۵۲,میناب,minab,businesses,business-equipment
۰۹۳۹۸۸۰۵۶۵۲,میناب,minab,businesses,business-equipment
۰۹۳۹۸۸۰۵۶۵۲,میناب,minab,businesses,business-equipment
۰۹۰۱۰۴۶۲۰۶۶,میناب,minab,businesses,business-equipment
۰۹۱۷۹۴۵۹۱۸۸,میناب,minab,businesses,business-equipment
۰۹۱۷۰۳۲۰۵۳۲,میناب,minab,businesses,business-equipment
۰۹۳۸۳۷۶۶۰۰۴,میناب,minab,businesses,business-equipment
۰۹۱۶۸۸۰۹۸۷۴,میناب,minab,businesses,business-equipment
۰۹۱۷۶۲۵۷۵۰۵,میناب,minab,businesses,business-equipment
۰۹۳۶۴۹۸۷۰۵۳,میناب,minab,businesses,business-equipment
۰۹۳۸۱۶۱۸۱۶۵,میناب,minab,businesses,business-equipment
۰۹۰۱۷۹۵۶۵۳۳,میناب,minab,businesses,business-equipment
۰۹۰۵۵۷۵۵۹۹۰,میناب,minab,businesses,business-equipment
۰۹۹۸۱۴۰۱۱۹۵,میناب,minab,businesses,business-equipment
۰۹۳۸۱۹۰۷۸۸۳,میناب,minab,businesses,business-equipment
۰۹۰۵۵۷۵۵۹۹۰,میناب,minab,businesses,business-equipment
۰۹۱۷۹۷۶۰۶۷۹,میناب,minab,businesses,business-equipment
۰۹۹۸۱۴۸۵۰۳۶,میناب,minab,businesses,business-equipment
۰۹۳۷۹۰۹۶۴۰۵,میناب,minab,businesses,business-equipment
۰۹۰۲۰۸۵۱۶۶۸,میناب,minab,businesses,business-equipment
۰۹۳۶۰۹۶۷۲۱۲,میناب,minab,businesses,business-equipment
۰۹۰۲۰۸۵۱۶۶۲,میناب,minab,businesses,business-equipment
۰۹۳۸۱۶۷۵۹۷۱,میناب,minab,businesses,business-equipment
۰۹۳۷۳۵۳۰۸۰۳,میناب,minab,businesses,business-equipment
۰۹۹۸۱۴۰۱۳۴۸,میناب,minab,businesses,business-equipment
۰۹۳۶۱۷۴۳۶۲۲,میناب,minab,businesses,wholesale
(پنهان‌شده؛ چت کنید),میناب,minab,businesses,wholesale
۰۹۳۸۱۴۷۰۹۶۲,میناب,minab,businesses,wholesale
۰۹۹۱۵۹۲۰۰۸۶,میناب,minab,businesses,wholesale
۰۹۰۱۶۸۵۵۶۳۴,میناب,minab,businesses,wholesale
۰۹۳۹۰۸۰۸۴۰۳,میناب,minab,businesses,wholesale
۰۹۱۷۷۶۹۰۰۳۱,میناب,minab,businesses,wholesale
۰۹۳۳۳۱۱۰۷۸۷,میناب,minab,businesses,wholesale
۰۹۳۳۳۱۱۰۷۸۷,میناب,minab,businesses,wholesale
(پنهان‌شده؛ چت کنید),میناب,minab,businesses,wholesale
۰۹۲۲۹۱۱۵۴۳۷,میناب,minab,businesses,wholesale
۰۹۰۲۴۶۲۱۱۳۲,میناب,minab,businesses,wholesale
۰۹۱۶۴۲۰۴۶۸۴,میناب,minab,businesses,wholesale
۰۹۱۷۹۸۵۴۳۵۲,میناب,minab,businesses,wholesale
۰۹۳۷۶۷۴۳۵۱۹,میناب,minab,businesses,wholesale
۰۹۳۶۳۷۴۸۵۰۵,میناب,minab,businesses,wholesale
۰۹۱۷۹۸۴۶۲۳۵,میناب,minab,businesses,wholesale
۰۹۰۱۰۵۸۳۸۱۱,میناب,minab,businesses,wholesale
۰۹۳۸۳۵۷۰۵۵۳,میناب,minab,businesses,wholesale
۰۹۰۱۷۶۵۵۱۹۸,میناب,minab,businesses,wholesale
۰۹۱۷۶۲۳۶۴۶۹,میناب,minab,businesses,wholesale
۰۹۱۲۰۲۸۹۶۱۵,میناب,minab,businesses,wholesale
۰۹۰۱۵۲۳۳۸۸۷,میناب,minab,businesses,wholesale
۰۹۳۳۳۱۱۰۷۸۷,میناب,minab,businesses,wholesale
۰۹۱۷۰۹۶۶۹۵۷,میناب,minab,businesses,wholesale
۰۹۱۷۷۱۹۵۱۴۴,میناب,minab,businesses,wholesale
۰۹۹۸۱۱۸۱۷۲۰,میناب,minab,businesses,wholesale
۰۹۳۹۸۵۷۳۰۲۱,میناب,minab,businesses,wholesale
۰۹۳۶۱۲۹۱۲۶۵,میناب,minab,businesses,wholesale
۰۹۱۶۴۳۲۱۱۲۸,میناب,minab,businesses,wholesale
۰۹۳۰۹۸۴۰۷۲۱,میناب,minab,businesses,wholesale
(پنهان‌شده؛ چت کنید),میناب,minab,businesses,wholesale
۰۹۱۲۰۳۵۱۵۱۱,میناب,minab,businesses,wholesale
۰۹۱۷۲۸۳۸۲۵۶,میناب,minab,businesses,wholesale
۰۹۳۸۵۶۳۶۳۹۰,میناب,minab,businesses,wholesale
۰۹۱۷۶۵۰۴۴۰۳,میناب,minab,businesses,wholesale
۰۹۱۷۳۶۹۸۷۳۸,میناب,minab,businesses,wholesale
۰۹۹۰۶۲۶۵۷۷۸,میناب,minab,businesses,wholesale
۰۹۹۸۱۱۴۲۳۴۸,میناب,minab,businesses,wholesale
۰۹۳۳۷۲۲۴۴۴۲,میناب,minab,businesses,wholesale
۰۹۳۰۶۷۲۴۳۱۴,میناب,minab,businesses,wholesale
۰۹۱۷۰۹۲۷۹۸۹,میناب,minab,businesses,wholesale
۰۹۹۱۷۳۸۰۲۹۱,میناب,minab,businesses,wholesale
۰۹۹۲۷۷۵۴۷۷۱,میناب,minab,businesses,wholesale
۰۹۰۱۹۷۳۸۸۴۰,میناب,minab,businesses,wholesale
۰۹۰۳۴۸۴۱۸۷۳,میناب,minab,businesses,wholesale
۰۹۹۲۸۷۰۴۸۹۶,میناب,minab,businesses,wholesale
۰۹۹۰۴۹۶۵۴۶۰,میناب,minab,businesses,wholesale
۰۹۹۰۴۹۶۵۴۶۰,میناب,minab,businesses,wholesale
۰۹۹۰۴۹۶۵۴۶۰,میناب,minab,businesses,wholesale
۰۹۲۱۶۵۹۹۱۷۹,میناب,minab,businesses,wholesale
۰۹۱۷۶۴۷۰۸۱۷,میناب,minab,businesses,wholesale
۰۹۳۸۱۳۴۸۶۹۳,میناب,minab,businesses,wholesale
۰۹۳۶۸۳۲۹۳۹۸,میناب,minab,businesses,wholesale
۰۹۹۸۱۱۰۴۸۶۲,میناب,minab,businesses,wholesale
۰۹۳۳۴۶۸۸۳۲۹,میناب,minab,businesses,wholesale
۰۹۹۱۷۳۸۵۰۲۹,میناب,minab,businesses,wholesale
۰۹۹۱۷۳۸۵۰۲۹,میناب,minab,businesses,wholesale
۰۹۹۱۷۱۲۶۰۰۹,میناب,minab,businesses,wholesale
۰۹۱۲۰۳۵۱۵۱۱,میناب,minab,businesses,wholesale
۰۹۳۸۵۰۵۰۳۶۴,میناب,minab,businesses,wholesale
۰۹۱۷۱۹۷۰۱۱۵,میناب,minab,businesses,wholesale
۰۹۳۳۳۷۷۳۷۲۷,میناب,minab,businesses,wholesale
۰۹۹۱۸۹۳۱۴۵۹,میناب,minab,businesses,wholesale
۰۹۳۸۱۰۶۶۱۹۸,میناب,minab,businesses,wholesale
۰۹۱۷۲۹۴۴۶۲۵,میناب,minab,businesses,wholesale
۰۹۲۱۱۴۲۸۹۸۲,میناب,minab,businesses,wholesale
۰۹۰۵۴۰۲۵۸۲۸,میناب,minab,businesses,wholesale
۰۹۱۷۰۲۸۸۲۳۷,میناب,minab,businesses,wholesale
