۰۹۰۲۲۸۱۹۲۰۷,محمدیه-قزوین,mohammadiyeh,jobs,administrative-jobs
۰۹۳۵۹۸۰۲۳۱۹,محمدیه-قزوین,mohammadiyeh,jobs,service-jobs
۰۹۱۹۲۸۲۴۹۲۰,محمدیه-قزوین,mohammadiyeh,jobs,service-jobs
(پنهان‌شده؛ چت کنید),محمدیه-قزوین,mohammadiyeh,jobs,service-jobs
۰۹۱۲۸۶۱۵۲۵۷,محمدیه-قزوین,mohammadiyeh,jobs,service-jobs
(پنهان‌شده؛ چت کنید),محمدیه-قزوین,mohammadiyeh,jobs,marketing-jobs
۰۹۱۹۱۸۵۸۵۸۱,محمدیه-قزوین,mohammadiyeh,jobs,marketing-jobs
۰۹۱۲۳۸۱۶۷۲۱,محمدیه-قزوین,mohammadiyeh,jobs,marketing-jobs
۰۹۱۴۹۳۳۹۰۲۲,محمدیه-قزوین,mohammadiyeh,jobs,marketing-jobs
۰۹۱۲۳۰۴۲۷۹۵,محمدیه-قزوین,mohammadiyeh,jobs,technical-jobs
۰۹۳۳۷۵۳۴۸۷۷,محمدیه-قزوین,mohammadiyeh,jobs,teaching-jobs
۰۹۹۱۸۲۳۲۰۶۵,محمدیه-قزوین,mohammadiyeh,jobs,health-beauty-jobs
۰۹۱۹۶۵۹۲۶۴۶,محمدیه-قزوین,mohammadiyeh,real-estate,buy-residential
۰۹۱۲۸۸۲۵۵۰۷,محمدیه-قزوین,mohammadiyeh,real-estate,buy-residential
۰۹۱۹۲۸۵۲۰۵۲,محمدیه-قزوین,mohammadiyeh,real-estate,buy-residential
۰۹۱۱۳۴۲۸۰۳۸,محمدیه-قزوین,mohammadiyeh,real-estate,buy-residential
۰۹۹۰۵۵۴۶۱۷۲,محمدیه-قزوین,mohammadiyeh,real-estate,buy-residential
۰۹۱۹۲۸۱۵۳۳۶,محمدیه-قزوین,mohammadiyeh,real-estate,buy-residential
۰۹۱۲۰۹۰۷۸۰۴,محمدیه-قزوین,mohammadiyeh,real-estate,buy-residential
۰۹۱۹۱۹۰۸۱۵۳,محمدیه-قزوین,mohammadiyeh,real-estate,buy-residential
۰۹۱۹۳۸۹۷۲۸۱,محمدیه-قزوین,mohammadiyeh,real-estate,buy-residential
۰۹۳۵۳۲۱۶۳۲۱,محمدیه-قزوین,mohammadiyeh,real-estate,buy-residential
۰۹۱۰۶۹۶۸۷۱۴,محمدیه-قزوین,mohammadiyeh,real-estate,buy-residential
۰۹۱۹۳۸۸۸۰۰۵,محمدیه-قزوین,mohammadiyeh,real-estate,buy-residential
۰۹۳۵۷۸۱۵۳۷۵,محمدیه-قزوین,mohammadiyeh,real-estate,buy-residential
۰۹۳۸۰۸۰۵۱۷۶,محمدیه-قزوین,mohammadiyeh,real-estate,buy-residential
۰۹۱۵۳۲۵۰۹۵۶,محمدیه-قزوین,mohammadiyeh,real-estate,buy-residential
۰۹۱۲۲۸۲۵۷۰۱,محمدیه-قزوین,mohammadiyeh,real-estate,buy-residential
۰۹۱۲۵۸۱۹۱۰۹,محمدیه-قزوین,mohammadiyeh,real-estate,buy-residential
۰۹۱۰۸۳۵۴۵۲۰,محمدیه-قزوین,mohammadiyeh,real-estate,buy-residential
۰۹۹۰۵۵۴۵۵۸۹,محمدیه-قزوین,mohammadiyeh,real-estate,buy-residential
۰۹۱۹۵۸۷۵۱۱۶,محمدیه-قزوین,mohammadiyeh,real-estate,buy-residential
۰۹۱۲۷۸۰۰۱۳۲,محمدیه-قزوین,mohammadiyeh,real-estate,buy-residential
۰۹۱۲۷۶۳۱۶۷۵,محمدیه-قزوین,mohammadiyeh,real-estate,buy-residential
۰۹۱۹۸۷۸۵۰۰۶,محمدیه-قزوین,mohammadiyeh,real-estate,buy-residential
۰۹۰۵۸۷۰۷۱۹۴,محمدیه-قزوین,mohammadiyeh,real-estate,buy-residential
۰۹۱۲۶۸۱۵۵۱۰,محمدیه-قزوین,mohammadiyeh,real-estate,buy-residential
۰۹۱۹۲۸۴۱۰۲۵,محمدیه-قزوین,mohammadiyeh,real-estate,buy-residential
۰۹۱۲۱۸۲۸۷۸۰,محمدیه-قزوین,mohammadiyeh,real-estate,buy-residential
۰۹۱۴۹۱۱۹۹۲۹,محمدیه-قزوین,mohammadiyeh,real-estate,buy-residential
۰۹۹۱۸۲۴۶۶۷۶,محمدیه-قزوین,mohammadiyeh,real-estate,buy-residential
۰۹۰۳۴۳۰۵۸۱۴,محمدیه-قزوین,mohammadiyeh,real-estate,buy-residential
۰۹۹۱۵۶۳۹۹۰۵,محمدیه-قزوین,mohammadiyeh,real-estate,buy-residential
۰۹۱۰۷۵۰۱۴۸۵,محمدیه-قزوین,mohammadiyeh,real-estate,buy-residential
۰۹۳۳۸۹۵۶۵۱۸,محمدیه-قزوین,mohammadiyeh,real-estate,buy-residential
۰۹۳۳۱۸۲۹۷۳۶,محمدیه-قزوین,mohammadiyeh,real-estate,buy-residential
۰۹۹۱۲۰۶۳۶۱۴,محمدیه-قزوین,mohammadiyeh,real-estate,buy-residential
۰۹۱۲۳۸۱۷۹۹۸,محمدیه-قزوین,mohammadiyeh,real-estate,buy-residential
۰۹۹۱۹۶۱۷۰۹۴,محمدیه-قزوین,mohammadiyeh,real-estate,buy-residential
۰۹۱۹۱۸۵۰۹۲۴,محمدیه-قزوین,mohammadiyeh,real-estate,buy-residential
۰۹۱۹۲۸۷۲۲۰۹,محمدیه-قزوین,mohammadiyeh,real-estate,buy-residential
۰۹۱۲۸۸۳۴۶۶۳,محمدیه-قزوین,mohammadiyeh,real-estate,buy-residential
۰۹۱۹۲۸۷۲۲۰۹,محمدیه-قزوین,mohammadiyeh,real-estate,buy-residential
۰۹۹۰۲۱۱۹۱۰۴,محمدیه-قزوین,mohammadiyeh,real-estate,buy-residential
۰۹۱۹۹۸۸۲۸۴۶,محمدیه-قزوین,mohammadiyeh,real-estate,buy-residential
۰۹۳۷۷۶۷۷۳۳۰,محمدیه-قزوین,mohammadiyeh,real-estate,buy-residential
۰۹۱۲۱۸۱۶۱۴۴,محمدیه-قزوین,mohammadiyeh,real-estate,buy-residential
۰۹۱۰۴۶۷۳۲۳۵,محمدیه-قزوین,mohammadiyeh,real-estate,buy-residential
۰۹۱۲۶۸۱۶۴۳۶,محمدیه-قزوین,mohammadiyeh,real-estate,buy-residential
۰۹۳۷۳۵۶۸۷۵۲,محمدیه-قزوین,mohammadiyeh,real-estate,buy-residential
۰۹۳۰۴۱۷۴۴۵۰,محمدیه-قزوین,mohammadiyeh,real-estate,buy-residential
۰۹۱۹۳۸۷۶۳۰۷,محمدیه-قزوین,mohammadiyeh,real-estate,buy-residential
۰۹۱۲۲۸۱۳۳۱۶,محمدیه-قزوین,mohammadiyeh,real-estate,buy-residential
۰۹۱۲۲۸۱۸۰۱۲,محمدیه-قزوین,mohammadiyeh,real-estate,buy-residential
۰۹۹۱۲۰۶۳۶۱۴,محمدیه-قزوین,mohammadiyeh,real-estate,buy-residential
۰۹۹۰۱۵۲۶۱۵۱,محمدیه-قزوین,mohammadiyeh,real-estate,buy-residential
۰۹۱۰۸۳۷۶۲۵۲,محمدیه-قزوین,mohammadiyeh,real-estate,buy-residential
۰۹۹۲۸۸۵۲۱۲۵,محمدیه-قزوین,mohammadiyeh,real-estate,buy-residential
۰۹۲۲۰۷۲۳۷۶۶,محمدیه-قزوین,mohammadiyeh,real-estate,buy-residential
۰۹۱۲۳۸۲۴۵۲۱,محمدیه-قزوین,mohammadiyeh,real-estate,buy-residential
۰۹۱۹۸۲۷۵۸۵۲,محمدیه-قزوین,mohammadiyeh,real-estate,buy-residential
۰۹۱۹۳۸۲۹۱۵۰,محمدیه-قزوین,mohammadiyeh,real-estate,buy-residential
۰۹۱۹۲۸۴۰۱۳۴,محمدیه-قزوین,mohammadiyeh,real-estate,buy-residential
۰۹۱۱۳۴۲۸۰۳۸,محمدیه-قزوین,mohammadiyeh,real-estate,buy-residential
۰۹۱۱۳۴۲۸۰۳۸,محمدیه-قزوین,mohammadiyeh,real-estate,buy-residential
۰۹۱۹۶۶۲۱۵۵۶,محمدیه-قزوین,mohammadiyeh,real-estate,buy-residential
۰۹۱۲۶۸۲۴۲۰۸,محمدیه-قزوین,mohammadiyeh,real-estate,buy-residential
۰۹۹۱۸۲۶۲۹۲۰,محمدیه-قزوین,mohammadiyeh,real-estate,buy-residential
۰۹۱۹۱۸۱۰۴۶۵,محمدیه-قزوین,mohammadiyeh,real-estate,buy-residential
۰۹۱۱۳۴۲۸۰۳۸,محمدیه-قزوین,mohammadiyeh,real-estate,rent-residential
۰۹۱۱۳۴۲۸۰۳۸,محمدیه-قزوین,mohammadiyeh,real-estate,rent-residential
۰۹۱۰۲۰۸۱۳۶۸,محمدیه-قزوین,mohammadiyeh,real-estate,rent-residential
۰۹۱۹۶۱۶۴۵۰۱,محمدیه-قزوین,mohammadiyeh,real-estate,rent-residential
۰۹۱۲۲۴۲۶۹۴۹,محمدیه-قزوین,mohammadiyeh,real-estate,rent-residential
۰۹۱۲۹۴۹۶۱۴۳,محمدیه-قزوین,mohammadiyeh,real-estate,rent-residential
۰۹۲۱۹۴۷۴۴۹۱,محمدیه-قزوین,mohammadiyeh,real-estate,rent-residential
۰۹۳۵۱۴۱۱۹۸۸,محمدیه-قزوین,mohammadiyeh,real-estate,rent-residential
۰۹۳۷۷۸۸۰۰۴۸,محمدیه-قزوین,mohammadiyeh,real-estate,rent-residential
۰۹۹۱۲۰۶۳۶۱۴,محمدیه-قزوین,mohammadiyeh,real-estate,rent-residential
۰۹۱۲۲۸۱۳۳۱۶,محمدیه-قزوین,mohammadiyeh,real-estate,rent-residential
۰۹۱۹۳۸۸۸۳۹۴,محمدیه-قزوین,mohammadiyeh,real-estate,rent-residential
۰۹۱۹۳۸۸۸۳۹۴,محمدیه-قزوین,mohammadiyeh,real-estate,rent-residential
۰۹۱۹۱۸۴۱۳۸۶,محمدیه-قزوین,mohammadiyeh,real-estate,rent-residential
۰۹۱۹۱۹۰۷۰۸۸,محمدیه-قزوین,mohammadiyeh,real-estate,rent-residential
۰۹۰۵۰۹۵۴۸۵۴,محمدیه-قزوین,mohammadiyeh,real-estate,rent-residential
۰۹۳۳۴۶۹۶۳۴۷,محمدیه-قزوین,mohammadiyeh,real-estate,rent-residential
۰۹۱۹۱۹۳۹۸۳۹,محمدیه-قزوین,mohammadiyeh,real-estate,rent-residential
۰۹۱۲۶۸۱۶۴۳۶,محمدیه-قزوین,mohammadiyeh,real-estate,rent-residential
۰۹۱۲۱۸۲۷۶۲۱,محمدیه-قزوین,mohammadiyeh,real-estate,rent-residential
۰۹۱۲۹۲۶۰۶۵۹,محمدیه-قزوین,mohammadiyeh,real-estate,rent-residential
۰۹۱۲۶۸۱۰۸۹۵,محمدیه-قزوین,mohammadiyeh,real-estate,rent-residential
۰۹۹۱۲۰۶۳۶۱۴,محمدیه-قزوین,mohammadiyeh,real-estate,rent-residential
۰۹۹۱۲۰۶۳۶۱۴,محمدیه-قزوین,mohammadiyeh,real-estate,rent-residential
۰۹۱۹۱۹۰۷۸۶۸,محمدیه-قزوین,mohammadiyeh,real-estate,rent-residential
۰۹۱۹۱۹۰۷۸۶۸,محمدیه-قزوین,mohammadiyeh,real-estate,rent-residential
۰۹۱۹۱۹۰۷۸۶۸,محمدیه-قزوین,mohammadiyeh,real-estate,rent-residential
۰۹۱۲۸۸۷۷۲۵۱,محمدیه-قزوین,mohammadiyeh,real-estate,rent-residential
۰۹۳۰۰۹۶۰۶۴۶,محمدیه-قزوین,mohammadiyeh,real-estate,rent-residential
۰۹۲۱۴۷۳۴۱۹۰,محمدیه-قزوین,mohammadiyeh,real-estate,rent-residential
۰۹۳۷۵۱۵۵۰۶۹,محمدیه-قزوین,mohammadiyeh,real-estate,rent-residential
۰۹۱۲۲۸۱۸۰۱۲,محمدیه-قزوین,mohammadiyeh,real-estate,rent-residential
۰۹۱۹۶۵۹۳۴۵۵,محمدیه-قزوین,mohammadiyeh,real-estate,rent-residential
۰۹۱۰۲۰۸۱۳۶۸,محمدیه-قزوین,mohammadiyeh,real-estate,rent-residential
۰۹۱۲۴۸۲۶۰۴۵,محمدیه-قزوین,mohammadiyeh,real-estate,rent-residential
۰۹۱۹۸۹۶۸۰۷۴,محمدیه-قزوین,mohammadiyeh,real-estate,rent-residential
۰۹۳۳۴۵۲۷۰۰۷,محمدیه-قزوین,mohammadiyeh,real-estate,rent-residential
۰۹۱۹۸۸۷۲۶۲۹,محمدیه-قزوین,mohammadiyeh,real-estate,rent-residential
۰۹۱۰۰۴۷۱۳۴۸,محمدیه-قزوین,mohammadiyeh,real-estate,rent-residential
۰۹۱۹۲۸۵۶۸۲۰,محمدیه-قزوین,mohammadiyeh,real-estate,rent-residential
۰۹۱۹۶۹۸۵۰۴۵,محمدیه-قزوین,mohammadiyeh,real-estate,rent-residential
۰۹۳۰۲۱۳۳۷۷۴,محمدیه-قزوین,mohammadiyeh,real-estate,rent-residential
۰۹۱۲۷۸۵۶۱۸۷,محمدیه-قزوین,mohammadiyeh,real-estate,rent-residential
۰۹۱۲۴۴۳۷۸۲۵,محمدیه-قزوین,mohammadiyeh,real-estate,rent-residential
۰۹۳۶۶۵۸۳۲۷۲,محمدیه-قزوین,mohammadiyeh,real-estate,rent-residential
۰۹۱۲۰۹۶۸۹۷۶,محمدیه-قزوین,mohammadiyeh,real-estate,rent-residential
۰۹۱۲۶۸۲۵۴۷۷,محمدیه-قزوین,mohammadiyeh,real-estate,rent-residential
۰۹۱۹۲۸۵۵۹۰۴,محمدیه-قزوین,mohammadiyeh,real-estate,rent-residential
۰۹۲۲۷۲۵۴۶۲۴,محمدیه-قزوین,mohammadiyeh,real-estate,rent-residential
۰۹۳۶۶۰۱۷۰۰۶,محمدیه-قزوین,mohammadiyeh,real-estate,rent-residential
۰۹۱۲۸۸۱۲۱۹۳,محمدیه-قزوین,mohammadiyeh,real-estate,rent-residential
۰۹۳۶۶۵۸۳۲۷۲,محمدیه-قزوین,mohammadiyeh,real-estate,rent-residential
۰۹۰۳۹۸۷۴۲۵۸,محمدیه-قزوین,mohammadiyeh,real-estate,rent-residential
۰۹۱۹۱۹۳۶۴۶۹,محمدیه-قزوین,mohammadiyeh,real-estate,rent-residential
۰۹۱۹۱۹۳۶۴۶۹,محمدیه-قزوین,mohammadiyeh,real-estate,rent-residential
۰۹۳۵۸۴۰۹۱۰۹,محمدیه-قزوین,mohammadiyeh,real-estate,rent-residential
۰۹۱۲۰۳۳۶۱۳۰,محمدیه-قزوین,mohammadiyeh,real-estate,rent-residential
۰۹۱۲۰۳۳۶۱۳۰,محمدیه-قزوین,mohammadiyeh,real-estate,rent-residential
۰۹۱۹۱۹۰۷۸۶۸,محمدیه-قزوین,mohammadiyeh,real-estate,rent-residential
۰۹۱۹۱۹۰۷۸۶۸,محمدیه-قزوین,mohammadiyeh,real-estate,rent-residential
۰۹۳۹۴۴۶۸۲۷۷,محمدیه-قزوین,mohammadiyeh,real-estate,rent-residential
۰۹۱۹۱۹۰۷۸۶۸,محمدیه-قزوین,mohammadiyeh,real-estate,rent-residential
۰۹۱۹۱۹۰۷۸۶۸,محمدیه-قزوین,mohammadiyeh,real-estate,rent-residential
۰۹۱۲۶۸۱۶۴۳۶,محمدیه-قزوین,mohammadiyeh,real-estate,rent-residential
۰۹۱۲۳۸۲۱۳۳۶,محمدیه-قزوین,mohammadiyeh,real-estate,buy-commercial-property
۰۹۱۲۱۸۲۰۷۵۶,محمدیه-قزوین,mohammadiyeh,real-estate,buy-commercial-property
۰۹۳۶۳۹۶۰۴۰۳,محمدیه-قزوین,mohammadiyeh,real-estate,buy-commercial-property
۰۹۱۲۷۸۵۹۷۰۳,محمدیه-قزوین,mohammadiyeh,real-estate,buy-commercial-property
۰۹۹۰۳۵۵۴۹۵۰,محمدیه-قزوین,mohammadiyeh,real-estate,buy-commercial-property
۰۹۳۹۸۲۸۰۰۶۱,محمدیه-قزوین,mohammadiyeh,real-estate,buy-commercial-property
۰۹۱۲۶۸۲۰۲۴۲,محمدیه-قزوین,mohammadiyeh,real-estate,buy-commercial-property
۰۹۱۲۷۸۱۴۵۶۲,محمدیه-قزوین,mohammadiyeh,real-estate,buy-commercial-property
۰۹۹۱۲۰۶۳۶۱۴,محمدیه-قزوین,mohammadiyeh,real-estate,buy-commercial-property
۰۹۱۹۲۸۷۲۱۰۷,محمدیه-قزوین,mohammadiyeh,real-estate,buy-commercial-property
۰۹۳۶۵۳۰۹۵۹۵,محمدیه-قزوین,mohammadiyeh,real-estate,buy-commercial-property
۰۹۱۹۲۸۶۷۳۲۳,محمدیه-قزوین,mohammadiyeh,real-estate,buy-commercial-property
۰۹۱۹۳۰۳۵۴۲۳,محمدیه-قزوین,mohammadiyeh,real-estate,buy-commercial-property
۰۹۲۲۶۶۵۴۶۱۸,محمدیه-قزوین,mohammadiyeh,real-estate,buy-commercial-property
۰۹۳۸۲۹۴۳۲۴۰,محمدیه-قزوین,mohammadiyeh,real-estate,buy-commercial-property
۰۹۱۲۷۸۵۵۹۴۷,محمدیه-قزوین,mohammadiyeh,real-estate,buy-commercial-property
۰۹۳۷۶۴۶۷۱۵۲,محمدیه-قزوین,mohammadiyeh,real-estate,buy-commercial-property
۰۹۹۱۶۲۴۱۵۴۰,محمدیه-قزوین,mohammadiyeh,real-estate,buy-commercial-property
۰۹۱۲۷۸۵۵۹۴۷,محمدیه-قزوین,mohammadiyeh,real-estate,buy-commercial-property
۰۹۱۹۲۸۵۵۹۰۴,محمدیه-قزوین,mohammadiyeh,real-estate,buy-commercial-property
۰۹۳۶۳۹۶۰۰۲۵,محمدیه-قزوین,mohammadiyeh,real-estate,buy-commercial-property
۰۹۱۰۲۸۲۴۷۲۹,محمدیه-قزوین,mohammadiyeh,real-estate,buy-commercial-property
۰۹۱۲۷۸۲۲۴۳۷,محمدیه-قزوین,mohammadiyeh,real-estate,buy-commercial-property
۰۹۱۹۸۴۸۲۰۴۲,محمدیه-قزوین,mohammadiyeh,real-estate,buy-commercial-property
۰۹۱۲۵۸۲۵۷۶۲,محمدیه-قزوین,mohammadiyeh,real-estate,buy-commercial-property
۰۹۹۱۶۲۴۱۵۴۰,محمدیه-قزوین,mohammadiyeh,real-estate,buy-commercial-property
۰۹۱۲۲۸۱۲۷۰۸,محمدیه-قزوین,mohammadiyeh,real-estate,buy-commercial-property
۰۹۲۲۷۲۵۵۴۳۴,محمدیه-قزوین,mohammadiyeh,real-estate,rent-commercial-property
۰۹۱۹۸۸۷۴۶۱۰,محمدیه-قزوین,mohammadiyeh,real-estate,rent-commercial-property
۰۹۱۲۷۸۶۸۳۵۷,محمدیه-قزوین,mohammadiyeh,real-estate,rent-commercial-property
۰۹۱۱۸۰۶۳۲۸۰,محمدیه-قزوین,mohammadiyeh,real-estate,rent-commercial-property
۰۹۱۲۶۸۲۶۸۲۶,محمدیه-قزوین,mohammadiyeh,real-estate,rent-commercial-property
۰۹۱۲۲۸۱۸۰۱۲,محمدیه-قزوین,mohammadiyeh,real-estate,rent-commercial-property
۰۹۳۰۲۱۳۳۷۷۴,محمدیه-قزوین,mohammadiyeh,real-estate,rent-commercial-property
۰۹۱۹۱۸۵۹۳۵۲,محمدیه-قزوین,mohammadiyeh,real-estate,rent-commercial-property
۰۹۳۳۹۶۷۹۸۷۳,محمدیه-قزوین,mohammadiyeh,real-estate,rent-commercial-property
۰۹۳۶۷۹۱۸۶۲۶,محمدیه-قزوین,mohammadiyeh,real-estate,rent-commercial-property
۰۹۱۰۲۸۲۴۷۲۹,محمدیه-قزوین,mohammadiyeh,real-estate,rent-commercial-property
۰۹۳۳۱۸۲۸۵۳۳,محمدیه-قزوین,mohammadiyeh,real-estate,rent-commercial-property
۰۹۳۷۷۶۰۸۷۱۵,محمدیه-قزوین,mohammadiyeh,real-estate,rent-commercial-property
۰۹۱۲۷۸۲۲۴۳۷,محمدیه-قزوین,mohammadiyeh,real-estate,rent-commercial-property
۰۹۱۲۶۷۵۹۲۸۱,محمدیه-قزوین,mohammadiyeh,real-estate,rent-commercial-property
۰۹۱۲۲۸۱۳۳۱۶,محمدیه-قزوین,mohammadiyeh,real-estate,rent-commercial-property
۰۹۳۷۰۵۴۵۸۸۰,محمدیه-قزوین,mohammadiyeh,real-estate,real-estate-services
۰۹۹۰۱۵۲۶۱۵۱,محمدیه-قزوین,mohammadiyeh,real-estate,real-estate-services
۰۹۱۲۶۸۹۶۸۳۱,محمدیه-قزوین,mohammadiyeh,real-estate,real-estate-services
۰۹۳۷۰۵۴۵۸۸۰,محمدیه-قزوین,mohammadiyeh,real-estate,real-estate-services
۰۹۹۱۲۰۶۳۶۱۴,محمدیه-قزوین,mohammadiyeh,real-estate,real-estate-services
۰۹۱۲۵۸۱۹۱۰۹,محمدیه-قزوین,mohammadiyeh,real-estate,real-estate-services
۰۹۱۹۱۹۰۷۰۸۸,محمدیه-قزوین,mohammadiyeh,real-estate,real-estate-services
۰۹۳۳۴۵۲۷۰۰۷,محمدیه-قزوین,mohammadiyeh,real-estate,real-estate-services
۰۹۱۲۹۲۶۷۹۴۸,محمدیه-قزوین,mohammadiyeh,real-estate,real-estate-services
۰۹۱۹۲۸۶۷۳۲۳,محمدیه-قزوین,mohammadiyeh,real-estate,real-estate-services
۰۹۱۹۲۸۶۷۳۲۳,محمدیه-قزوین,mohammadiyeh,real-estate,real-estate-services
۰۹۱۲۷۸۲۰۳۲۰,محمدیه-قزوین,mohammadiyeh,real-estate,real-estate-services
۰۹۱۰۲۰۸۱۳۶۸,محمدیه-قزوین,mohammadiyeh,real-estate,real-estate-services
۰۹۱۹۳۸۱۹۴۲۸,محمدیه-قزوین,mohammadiyeh,real-estate,real-estate-services
۰۹۳۸۶۵۰۶۶۴۸,محمدیه-قزوین,mohammadiyeh,vehicles,auto
۰۹۱۲۷۸۳۱۲۲۶,محمدیه-قزوین,mohammadiyeh,vehicles,auto
۰۹۰۱۱۸۱۹۲۷۸,محمدیه-قزوین,mohammadiyeh,vehicles,auto
۰۹۱۹۳۸۶۲۰۶۰,محمدیه-قزوین,mohammadiyeh,vehicles,auto
۰۹۱۹۲۸۴۸۲۵۱,محمدیه-قزوین,mohammadiyeh,vehicles,auto
۰۹۱۹۳۸۷۷۳۲۶,محمدیه-قزوین,mohammadiyeh,vehicles,auto
۰۹۳۷۲۵۸۳۴۹۴,محمدیه-قزوین,mohammadiyeh,vehicles,auto
۰۹۱۴۷۶۳۷۳۴۳,محمدیه-قزوین,mohammadiyeh,vehicles,auto
۰۹۲۱۵۵۹۵۰۹۵,محمدیه-قزوین,mohammadiyeh,vehicles,auto
۰۹۱۴۴۲۳۸۶۷۵,محمدیه-قزوین,mohammadiyeh,vehicles,auto
۰۹۱۹۵۴۸۰۵۲۴,محمدیه-قزوین,mohammadiyeh,vehicles,auto
۰۹۲۱۶۷۹۵۸۳۸,محمدیه-قزوین,mohammadiyeh,vehicles,auto
۰۹۳۹۰۶۲۴۳۱۶,محمدیه-قزوین,mohammadiyeh,vehicles,auto
۰۹۱۹۷۶۶۵۵۶۹,محمدیه-قزوین,mohammadiyeh,vehicles,auto
۰۹۳۳۲۵۶۱۰۰۱,محمدیه-قزوین,mohammadiyeh,vehicles,auto
۰۹۱۹۱۸۵۸۹۹۲,محمدیه-قزوین,mohammadiyeh,vehicles,auto
۰۹۱۰۴۶۷۶۹۳۴,محمدیه-قزوین,mohammadiyeh,vehicles,auto
۰۹۱۹۲۸۲۵۷۶۷,محمدیه-قزوین,mohammadiyeh,vehicles,auto
۰۹۱۳۱۷۸۴۰۴۳,محمدیه-قزوین,mohammadiyeh,vehicles,auto
۰۹۱۲۱۸۱۳۶۹۴,محمدیه-قزوین,mohammadiyeh,vehicles,auto
۰۹۱۹۱۸۶۹۱۲۱,محمدیه-قزوین,mohammadiyeh,vehicles,auto
۰۹۱۹۱۸۲۱۲۰۴,محمدیه-قزوین,mohammadiyeh,vehicles,auto
۰۹۲۱۳۴۲۱۲۰۷,محمدیه-قزوین,mohammadiyeh,vehicles,auto
۰۹۱۹۰۴۵۶۵۸۵,محمدیه-قزوین,mohammadiyeh,vehicles,auto
۰۹۳۶۷۶۵۷۳۳۴,محمدیه-قزوین,mohammadiyeh,vehicles,auto
۰۹۱۲۲۸۲۱۲۵۶,محمدیه-قزوین,mohammadiyeh,vehicles,auto
۰۹۳۵۲۴۱۲۲۰۵,محمدیه-قزوین,mohammadiyeh,vehicles,auto
۰۹۱۲۱۷۹۹۷۱۴,محمدیه-قزوین,mohammadiyeh,vehicles,auto
۰۹۱۹۰۴۶۶۱۳۳,محمدیه-قزوین,mohammadiyeh,vehicles,auto
۰۹۱۲۵۸۲۹۷۹۵,محمدیه-قزوین,mohammadiyeh,vehicles,auto
۰۹۱۰۰۴۹۰۳۳۲,محمدیه-قزوین,mohammadiyeh,vehicles,auto
۰۹۱۲۷۸۲۴۸۵۹,محمدیه-قزوین,mohammadiyeh,vehicles,auto
۰۹۳۵۲۶۴۸۷۴۸,محمدیه-قزوین,mohammadiyeh,vehicles,auto
۰۹۳۶۱۳۲۸۴۶۶,محمدیه-قزوین,mohammadiyeh,vehicles,auto
۰۹۱۲۷۸۹۲۲۵۰,محمدیه-قزوین,mohammadiyeh,vehicles,auto
۰۹۳۳۴۴۰۳۲۳۱,محمدیه-قزوین,mohammadiyeh,vehicles,auto
۰۹۱۹۲۸۲۸۳۴۲,محمدیه-قزوین,mohammadiyeh,vehicles,auto
۰۹۱۰۰۴۵۸۶۱۶,محمدیه-قزوین,mohammadiyeh,vehicles,auto
۰۹۳۹۷۷۰۴۶۴۱,محمدیه-قزوین,mohammadiyeh,vehicles,auto
۰۹۰۳۴۸۶۳۸۲۹,محمدیه-قزوین,mohammadiyeh,vehicles,auto
۰۹۲۲۹۶۰۳۱۷۷,محمدیه-قزوین,mohammadiyeh,vehicles,auto
۰۹۳۳۲۳۸۲۴۰۴,محمدیه-قزوین,mohammadiyeh,vehicles,auto
۰۹۳۵۶۹۷۴۶۷۷,محمدیه-قزوین,mohammadiyeh,vehicles,auto
۰۹۳۸۰۸۹۷۲۴۷,محمدیه-قزوین,mohammadiyeh,vehicles,auto
۰۹۱۹۷۴۱۶۰۳۳,محمدیه-قزوین,mohammadiyeh,vehicles,auto
۰۹۳۹۴۰۲۸۰۸۲,محمدیه-قزوین,mohammadiyeh,vehicles,auto
۰۹۱۱۹۷۱۰۶۷۰,محمدیه-قزوین,mohammadiyeh,vehicles,auto
۰۹۱۲۸۸۶۰۹۳۷,محمدیه-قزوین,mohammadiyeh,vehicles,auto
۰۹۱۹۶۱۷۲۵۷۹,محمدیه-قزوین,mohammadiyeh,vehicles,auto
۰۹۱۲۸۸۳۲۳۵۶,محمدیه-قزوین,mohammadiyeh,vehicles,auto
۰۹۱۲۰۰۶۳۷۷۹,محمدیه-قزوین,mohammadiyeh,vehicles,car-accessories
۰۹۳۶۷۵۳۸۹۶۳,محمدیه-قزوین,mohammadiyeh,vehicles,car-accessories
۰۹۱۲۹۲۶۸۷۶۳,محمدیه-قزوین,mohammadiyeh,vehicles,car-accessories
۰۹۳۰۲۴۷۸۸۳۷,محمدیه-قزوین,mohammadiyeh,vehicles,car-accessories
۰۹۱۱۴۸۶۰۴۱۳,محمدیه-قزوین,mohammadiyeh,vehicles,car-accessories
۰۹۱۲۷۸۹۲۶۵۳,محمدیه-قزوین,mohammadiyeh,vehicles,car-accessories
۰۹۰۳۵۶۴۷۵۶۸,محمدیه-قزوین,mohammadiyeh,vehicles,car-accessories
۰۹۱۹۲۸۸۱۱۳۶,محمدیه-قزوین,mohammadiyeh,vehicles,car-accessories
۰۹۱۲۷۸۸۱۲۹۸,محمدیه-قزوین,mohammadiyeh,vehicles,car-accessories
۰۹۱۹۱۸۰۹۴۸۹,محمدیه-قزوین,mohammadiyeh,vehicles,car-accessories
۰۹۱۹۱۸۰۹۴۸۹,محمدیه-قزوین,mohammadiyeh,vehicles,car-accessories
۰۹۱۹۳۸۷۶۱۸۴,محمدیه-قزوین,mohammadiyeh,vehicles,car-accessories
۰۹۰۳۳۵۳۷۵۹۳,محمدیه-قزوین,mohammadiyeh,vehicles,car-accessories
۰۹۰۳۹۲۰۵۵۳۱,محمدیه-قزوین,mohammadiyeh,vehicles,car-accessories
۰۹۳۹۰۷۲۵۵۹۲,محمدیه-قزوین,mohammadiyeh,vehicles,car-accessories
۰۹۱۹۹۷۳۲۹۶۶,محمدیه-قزوین,mohammadiyeh,vehicles,car-accessories
۰۹۹۰۹۵۹۶۴۷۱,محمدیه-قزوین,mohammadiyeh,vehicles,car-accessories
۰۹۱۰۴۶۹۴۲۴۱,محمدیه-قزوین,mohammadiyeh,vehicles,car-accessories
۰۹۳۰۰۸۹۴۸۴۴,محمدیه-قزوین,mohammadiyeh,vehicles,car-accessories
۰۹۱۲۷۸۲۶۹۲۷,محمدیه-قزوین,mohammadiyeh,vehicles,car-accessories
۰۹۲۱۴۸۸۶۹۵۶,محمدیه-قزوین,mohammadiyeh,vehicles,car-accessories
۰۹۰۱۶۰۸۷۹۰۳,محمدیه-قزوین,mohammadiyeh,vehicles,car-accessories
۰۹۰۳۵۶۴۷۵۶۸,محمدیه-قزوین,mohammadiyeh,vehicles,car-accessories
۰۹۰۲۹۵۴۴۸۳۲,محمدیه-قزوین,mohammadiyeh,vehicles,car-accessories
۰۹۱۹۳۸۱۳۶۵۹,محمدیه-قزوین,mohammadiyeh,vehicles,car-accessories
۰۹۱۲۸۸۰۶۳۳۵,محمدیه-قزوین,mohammadiyeh,vehicles,car-accessories
۰۹۱۲۷۸۷۳۵۹۷,محمدیه-قزوین,mohammadiyeh,vehicles,car-accessories
۰۹۱۹۲۸۶۷۳۲۳,محمدیه-قزوین,mohammadiyeh,vehicles,car-accessories
۰۹۱۹۲۸۶۷۳۲۳,محمدیه-قزوین,mohammadiyeh,vehicles,car-accessories
۰۹۱۲۷۸۹۲۱۷۰,محمدیه-قزوین,mohammadiyeh,vehicles,car-accessories
۰۹۹۰۰۴۱۳۹۲۳,محمدیه-قزوین,mohammadiyeh,vehicles,car-accessories
۰۹۳۷۰۸۳۱۹۲۵,محمدیه-قزوین,mohammadiyeh,vehicles,car-accessories
۰۹۱۲۷۸۲۲۵۲۸,محمدیه-قزوین,mohammadiyeh,vehicles,car-accessories
۰۹۹۰۵۵۳۰۷۵۳,محمدیه-قزوین,mohammadiyeh,vehicles,car-accessories
۰۹۱۰۰۴۷۳۱۸۱,محمدیه-قزوین,mohammadiyeh,vehicles,car-accessories
۰۹۱۹۲۸۸۱۱۳۶,محمدیه-قزوین,mohammadiyeh,vehicles,car-accessories
۰۹۱۹۰۳۴۶۱۱۲,محمدیه-قزوین,mohammadiyeh,vehicles,car-accessories
۰۹۱۹۶۶۰۸۵۰۱,محمدیه-قزوین,mohammadiyeh,vehicles,car-accessories
۰۹۳۹۳۷۶۶۰۲۴,محمدیه-قزوین,mohammadiyeh,vehicles,car-accessories
۰۹۰۱۷۹۷۹۰۹۱,محمدیه-قزوین,mohammadiyeh,vehicles,car-accessories
۰۹۱۲۶۰۳۴۹۸۰,محمدیه-قزوین,mohammadiyeh,vehicles,car-accessories
۰۹۳۵۸۶۹۹۴۳۴,محمدیه-قزوین,mohammadiyeh,vehicles,car-accessories
۰۹۱۹۵۷۲۵۱۶۳,محمدیه-قزوین,mohammadiyeh,vehicles,car-accessories
۰۹۱۹۱۸۶۷۱۸۰,محمدیه-قزوین,mohammadiyeh,vehicles,car-accessories
۰۹۳۵۹۹۷۰۹۹۲,محمدیه-قزوین,mohammadiyeh,vehicles,car-accessories
۰۹۳۵۹۹۷۰۹۹۲,محمدیه-قزوین,mohammadiyeh,vehicles,car-accessories
۰۹۳۵۹۹۷۰۹۹۲,محمدیه-قزوین,mohammadiyeh,vehicles,car-accessories
۰۹۳۵۹۹۷۰۹۹۲,محمدیه-قزوین,mohammadiyeh,vehicles,car-accessories
۰۹۳۰۸۷۷۶۹۴۳,محمدیه-قزوین,mohammadiyeh,vehicles,car-accessories
۰۹۱۹۱۸۷۳۰۰۷,محمدیه-قزوین,mohammadiyeh,vehicles,car-accessories
۰۹۰۱۷۹۷۹۰۹۱,محمدیه-قزوین,mohammadiyeh,vehicles,car-accessories
۰۹۱۰۰۵۸۳۷۸۲,محمدیه-قزوین,mohammadiyeh,vehicles,car-accessories
۰۹۱۲۷۸۴۳۰۴۳,محمدیه-قزوین,mohammadiyeh,vehicles,car-accessories
۰۹۳۵۸۳۰۸۰۶۳,محمدیه-قزوین,mohammadiyeh,vehicles,car-accessories
۰۹۱۹۲۸۷۹۲۳۲,محمدیه-قزوین,mohammadiyeh,vehicles,car-accessories
۰۹۱۹۱۹۳۹۳۲۳,محمدیه-قزوین,mohammadiyeh,vehicles,car-accessories
۰۹۱۹۴۳۶۸۸۴۶,محمدیه-قزوین,mohammadiyeh,vehicles,car-accessories
۰۹۱۲۵۸۲۲۳۰۵,محمدیه-قزوین,mohammadiyeh,vehicles,car-accessories
۰۹۱۲۵۶۳۹۷۴۲,محمدیه-قزوین,mohammadiyeh,vehicles,car-accessories
۰۹۳۹۵۴۵۰۷۵۰,محمدیه-قزوین,mohammadiyeh,vehicles,car-accessories
۰۹۳۷۴۸۴۷۲۵۹,محمدیه-قزوین,mohammadiyeh,vehicles,car-accessories
۰۹۱۹۳۸۵۶۹۹۱,محمدیه-قزوین,mohammadiyeh,vehicles,car-accessories
۰۹۳۹۵۴۹۰۳۸۴,محمدیه-قزوین,mohammadiyeh,vehicles,car-accessories
۰۹۳۵۷۹۵۳۴۵۱,محمدیه-قزوین,mohammadiyeh,vehicles,car-accessories
۰۹۳۵۵۲۲۳۱۳۳,محمدیه-قزوین,mohammadiyeh,vehicles,car-accessories
۰۹۱۰۰۴۳۶۶۷۰,محمدیه-قزوین,mohammadiyeh,vehicles,car-accessories
۰۹۳۶۷۵۳۸۹۶۳,محمدیه-قزوین,mohammadiyeh,vehicles,motorcycles
۰۹۱۱۴۶۸۴۱۹۴,محمدیه-قزوین,mohammadiyeh,vehicles,motorcycles
۰۹۰۵۴۵۵۸۲۸۴,محمدیه-قزوین,mohammadiyeh,vehicles,motorcycles
۰۹۳۹۰۹۵۲۶۹۶,محمدیه-قزوین,mohammadiyeh,vehicles,motorcycles
۰۹۳۸۹۷۸۷۱۹۳,محمدیه-قزوین,mohammadiyeh,vehicles,motorcycles
۰۹۱۲۶۸۱۱۴۴۶,محمدیه-قزوین,mohammadiyeh,vehicles,motorcycles
۰۹۰۱۷۰۲۱۹۹۷,محمدیه-قزوین,mohammadiyeh,vehicles,motorcycles
۰۹۱۹۶۱۷۶۸۲۳,محمدیه-قزوین,mohammadiyeh,vehicles,motorcycles
۰۹۲۱۶۸۰۷۱۹۱,محمدیه-قزوین,mohammadiyeh,vehicles,motorcycles
۰۹۱۹۱۸۰۹۴۴۰,محمدیه-قزوین,mohammadiyeh,vehicles,motorcycles
۰۹۱۲۰۹۷۳۱۰۱,محمدیه-قزوین,mohammadiyeh,vehicles,motorcycles
۰۹۱۹۵۴۸۵۱۹۸,محمدیه-قزوین,mohammadiyeh,vehicles,motorcycles
۰۹۱۹۱۸۴۰۹۳۲,محمدیه-قزوین,mohammadiyeh,vehicles,motorcycles
۰۹۱۹۰۹۲۹۹۰۵,محمدیه-قزوین,mohammadiyeh,vehicles,motorcycles
۰۹۰۲۹۴۱۵۷۰۲,محمدیه-قزوین,mohammadiyeh,vehicles,motorcycles
۰۹۰۳۸۵۱۷۵۴۷,محمدیه-قزوین,mohammadiyeh,vehicles,motorcycles
۰۹۳۸۴۷۷۸۴۱۳,محمدیه-قزوین,mohammadiyeh,vehicles,motorcycles
۰۹۱۹۲۸۱۳۶۱۹,محمدیه-قزوین,mohammadiyeh,vehicles,motorcycles
۰۹۳۹۵۴۹۰۳۸۴,محمدیه-قزوین,mohammadiyeh,vehicles,motorcycles
۰۹۳۳۶۰۱۶۵۹۷,محمدیه-قزوین,mohammadiyeh,vehicles,motorcycles
۰۹۳۸۶۰۲۰۱۸۵,محمدیه-قزوین,mohammadiyeh,vehicles,motorcycles
۰۹۳۵۲۷۵۴۸۹۵,محمدیه-قزوین,mohammadiyeh,electronic-devices,mobile-tablet
۰۹۱۹۶۶۰۳۷۸۷,محمدیه-قزوین,mohammadiyeh,electronic-devices,mobile-tablet
۰۹۱۹۸۸۷۳۵۶۰,محمدیه-قزوین,mohammadiyeh,electronic-devices,mobile-tablet
۰۹۰۲۶۵۰۸۴۳۳,محمدیه-قزوین,mohammadiyeh,electronic-devices,mobile-tablet
۰۹۱۹۰۴۶۵۳۳۸,محمدیه-قزوین,mohammadiyeh,electronic-devices,mobile-tablet
۰۹۳۵۶۹۹۷۴۷۲,محمدیه-قزوین,mohammadiyeh,electronic-devices,mobile-tablet
(پنهان‌شده؛ چت کنید),محمدیه-قزوین,mohammadiyeh,electronic-devices,mobile-tablet
۰۹۹۲۸۸۴۳۶۲۷,محمدیه-قزوین,mohammadiyeh,electronic-devices,mobile-tablet
(پنهان‌شده؛ چت کنید),محمدیه-قزوین,mohammadiyeh,electronic-devices,mobile-tablet
(پنهان‌شده؛ چت کنید),محمدیه-قزوین,mohammadiyeh,electronic-devices,mobile-tablet
۰۹۱۱۴۷۹۳۰۰۱,محمدیه-قزوین,mohammadiyeh,electronic-devices,mobile-tablet
(پنهان‌شده؛ چت کنید),محمدیه-قزوین,mohammadiyeh,electronic-devices,mobile-tablet
۰۹۹۰۰۴۱۷۵۸۶,محمدیه-قزوین,mohammadiyeh,electronic-devices,mobile-tablet
(پنهان‌شده؛ چت کنید),محمدیه-قزوین,mohammadiyeh,electronic-devices,mobile-tablet
۰۹۹۰۸۸۸۶۴۸۴,محمدیه-قزوین,mohammadiyeh,electronic-devices,mobile-tablet
۰۹۱۹۶۶۱۴۴۲۸,محمدیه-قزوین,mohammadiyeh,electronic-devices,mobile-tablet
۰۹۰۳۲۸۱۴۵۹۱,محمدیه-قزوین,mohammadiyeh,electronic-devices,mobile-tablet
۰۹۰۵۵۹۲۷۴۷۷,محمدیه-قزوین,mohammadiyeh,electronic-devices,mobile-tablet
۰۹۰۳۴۷۰۲۲۶۱,محمدیه-قزوین,mohammadiyeh,electronic-devices,mobile-tablet
۰۹۱۰۰۹۰۴۸۳۱,محمدیه-قزوین,mohammadiyeh,electronic-devices,mobile-tablet
۰۹۳۰۲۶۵۳۲۸۸,محمدیه-قزوین,mohammadiyeh,electronic-devices,mobile-tablet
۰۹۱۹۲۸۳۳۶۹۱,محمدیه-قزوین,mohammadiyeh,electronic-devices,mobile-tablet
۰۹۱۰۷۵۲۵۱۲۸,محمدیه-قزوین,mohammadiyeh,electronic-devices,mobile-tablet
۰۹۳۶۵۷۴۱۵۳۷,محمدیه-قزوین,mohammadiyeh,electronic-devices,mobile-tablet
۰۹۱۹۲۸۷۱۲۹۱,محمدیه-قزوین,mohammadiyeh,electronic-devices,mobile-tablet
۰۹۳۶۴۹۴۳۱۰۷,محمدیه-قزوین,mohammadiyeh,electronic-devices,mobile-tablet
۰۹۳۸۳۱۴۰۵۱۷,محمدیه-قزوین,mohammadiyeh,electronic-devices,mobile-tablet
۰۹۰۱۷۰۳۷۸۹۳,محمدیه-قزوین,mohammadiyeh,electronic-devices,mobile-tablet
۰۹۱۹۰۴۳۶۱۷۳,محمدیه-قزوین,mohammadiyeh,electronic-devices,mobile-tablet
۰۹۰۵۷۶۵۸۹۸۷,محمدیه-قزوین,mohammadiyeh,electronic-devices,mobile-tablet
۰۹۰۵۷۶۵۸۹۸۷,محمدیه-قزوین,mohammadiyeh,electronic-devices,mobile-tablet
۰۹۳۵۰۸۰۳۲۵۲,محمدیه-قزوین,mohammadiyeh,electronic-devices,mobile-tablet
۰۹۳۶۰۱۵۶۳۶۰,محمدیه-قزوین,mohammadiyeh,electronic-devices,mobile-tablet
۰۹۹۲۸۹۴۹۴۳۲,محمدیه-قزوین,mohammadiyeh,electronic-devices,mobile-tablet
۰۹۱۹۸۴۹۲۶۸۶,محمدیه-قزوین,mohammadiyeh,electronic-devices,mobile-tablet
۰۹۱۰۰۴۱۶۱۷۴,محمدیه-قزوین,mohammadiyeh,electronic-devices,mobile-tablet
۰۹۳۸۹۹۷۳۶۹۴,محمدیه-قزوین,mohammadiyeh,electronic-devices,mobile-tablet
۰۹۱۹۱۸۳۴۵۲۳,محمدیه-قزوین,mohammadiyeh,electronic-devices,mobile-tablet
۰۹۳۷۶۸۰۱۸۵۵,محمدیه-قزوین,mohammadiyeh,electronic-devices,mobile-tablet
۰۹۱۹۱۸۵۹۴۱۴,محمدیه-قزوین,mohammadiyeh,electronic-devices,mobile-tablet
۰۹۱۹۱۸۵۹۴۱۴,محمدیه-قزوین,mohammadiyeh,electronic-devices,mobile-tablet
۰۹۰۲۹۸۵۷۲۳۷,محمدیه-قزوین,mohammadiyeh,electronic-devices,mobile-tablet
۰۹۱۰۰۴۷۰۶۲۰,محمدیه-قزوین,mohammadiyeh,electronic-devices,mobile-tablet
۰۹۱۲۶۸۹۶۷۳۵,محمدیه-قزوین,mohammadiyeh,electronic-devices,mobile-tablet
۰۹۳۳۰۲۶۹۷۶۵,محمدیه-قزوین,mohammadiyeh,electronic-devices,mobile-tablet
۰۹۳۷۷۸۳۰۷۲۱,محمدیه-قزوین,mohammadiyeh,electronic-devices,mobile-tablet
۰۹۰۳۶۵۲۶۴۴۱,محمدیه-قزوین,mohammadiyeh,electronic-devices,mobile-tablet
۰۹۳۳۸۷۶۵۰۰۴,محمدیه-قزوین,mohammadiyeh,electronic-devices,mobile-tablet
۰۹۱۹۲۸۷۱۲۰۷,محمدیه-قزوین,mohammadiyeh,electronic-devices,mobile-tablet
۰۹۱۶۳۶۲۷۷۴۰,محمدیه-قزوین,mohammadiyeh,electronic-devices,mobile-tablet
۰۹۹۴۴۸۹۸۶۱۰,محمدیه-قزوین,mohammadiyeh,electronic-devices,mobile-tablet
۰۹۲۲۲۶۹۱۶۹۹,محمدیه-قزوین,mohammadiyeh,electronic-devices,mobile-tablet
۰۹۳۶۲۴۵۲۳۳۵,محمدیه-قزوین,mohammadiyeh,electronic-devices,computers
۰۹۳۰۶۲۰۵۱۹۸,محمدیه-قزوین,mohammadiyeh,electronic-devices,computers
۰۹۳۶۴۹۴۳۱۰۷,محمدیه-قزوین,mohammadiyeh,electronic-devices,computers
۰۹۳۷۷۸۳۰۷۲۱,محمدیه-قزوین,mohammadiyeh,electronic-devices,computers
(پنهان‌شده؛ چت کنید),محمدیه-قزوین,mohammadiyeh,electronic-devices,computers
۰۹۹۱۸۲۶۱۴۸۱,محمدیه-قزوین,mohammadiyeh,electronic-devices,computers
۰۹۳۹۳۶۴۰۰۷۶,محمدیه-قزوین,mohammadiyeh,electronic-devices,computers
۰۹۱۲۶۸۲۷۴۶۸,محمدیه-قزوین,mohammadiyeh,electronic-devices,computers
۰۹۱۲۶۸۲۷۴۶۸,محمدیه-قزوین,mohammadiyeh,electronic-devices,computers
۰۹۱۰۸۳۹۸۸۷۸,محمدیه-قزوین,mohammadiyeh,electronic-devices,computers
۰۹۳۶۳۳۴۷۰۷۱,محمدیه-قزوین,mohammadiyeh,electronic-devices,computers
۰۹۱۹۱۸۴۵۴۲۵,محمدیه-قزوین,mohammadiyeh,electronic-devices,computers
۰۹۳۸۶۳۴۴۴۷۱,محمدیه-قزوین,mohammadiyeh,electronic-devices,computers
۰۹۲۲۶۴۲۵۲۹۵,محمدیه-قزوین,mohammadiyeh,electronic-devices,computers
۰۹۱۹۹۸۶۲۳۱۸,محمدیه-قزوین,mohammadiyeh,electronic-devices,computers
۰۹۱۹۶۹۳۴۵۶۰,محمدیه-قزوین,mohammadiyeh,electronic-devices,computers
۰۹۳۶۴۳۰۶۵۲۳,محمدیه-قزوین,mohammadiyeh,electronic-devices,computers
(پنهان‌شده؛ چت کنید),محمدیه-قزوین,mohammadiyeh,electronic-devices,computers
(پنهان‌شده؛ چت کنید),محمدیه-قزوین,mohammadiyeh,electronic-devices,computers
۰۹۳۵۳۵۶۴۹۴۸,محمدیه-قزوین,mohammadiyeh,electronic-devices,computers
۰۹۱۰۲۹۱۷۶۹۴,محمدیه-قزوین,mohammadiyeh,electronic-devices,computers
۰۹۱۲۵۶۳۹۷۴۲,محمدیه-قزوین,mohammadiyeh,electronic-devices,computers
۰۹۱۰۸۳۹۳۵۶۶,محمدیه-قزوین,mohammadiyeh,electronic-devices,computers
۰۹۳۷۴۵۷۱۹۹۴,محمدیه-قزوین,mohammadiyeh,electronic-devices,game-consoles
۰۹۳۹۳۶۴۰۰۷۶,محمدیه-قزوین,mohammadiyeh,electronic-devices,game-consoles
۰۹۱۹۱۸۰۹۴۸۹,محمدیه-قزوین,mohammadiyeh,electronic-devices,game-consoles
۰۹۰۳۸۷۸۵۴۹۰,محمدیه-قزوین,mohammadiyeh,electronic-devices,game-consoles
(پنهان‌شده؛ چت کنید),محمدیه-قزوین,mohammadiyeh,electronic-devices,game-consoles
۰۹۱۹۹۷۹۷۲۵۶,محمدیه-قزوین,mohammadiyeh,electronic-devices,game-consoles
۰۹۱۹۶۹۳۹۵۲۸,محمدیه-قزوین,mohammadiyeh,electronic-devices,game-consoles
۰۹۱۲۷۸۷۳۴۶۹,محمدیه-قزوین,mohammadiyeh,electronic-devices,game-consoles
۰۹۰۳۹۷۵۹۳۸۶,محمدیه-قزوین,mohammadiyeh,electronic-devices,game-consoles
۰۹۱۹۱۸۴۱۱۲۳,محمدیه-قزوین,mohammadiyeh,electronic-devices,game-consoles
۰۹۱۰۴۶۹۴۲۴۱,محمدیه-قزوین,mohammadiyeh,electronic-devices,video-audio-device
۰۹۳۷۶۲۹۰۷۱۴,محمدیه-قزوین,mohammadiyeh,electronic-devices,video-audio-device
۰۹۱۹۱۸۴۲۶۶۴,محمدیه-قزوین,mohammadiyeh,electronic-devices,video-audio-device
(پنهان‌شده؛ چت کنید),محمدیه-قزوین,mohammadiyeh,electronic-devices,video-audio-device
۰۹۱۹۱۸۵۶۰۴۶,محمدیه-قزوین,mohammadiyeh,electronic-devices,video-audio-device
(پنهان‌شده؛ چت کنید),محمدیه-قزوین,mohammadiyeh,electronic-devices,video-audio-device
۰۹۱۰۲۹۱۷۶۹۴,محمدیه-قزوین,mohammadiyeh,electronic-devices,video-audio-device
۰۹۱۲۷۸۷۸۶۰۵,محمدیه-قزوین,mohammadiyeh,electronic-devices,video-audio-device
۰۹۱۹۸۰۰۵۷۲۷,محمدیه-قزوین,mohammadiyeh,electronic-devices,video-audio-device
۰۹۳۷۱۰۷۷۳۷۶,محمدیه-قزوین,mohammadiyeh,electronic-devices,video-audio-device
۰۹۱۹۳۸۸۴۷۵۵,محمدیه-قزوین,mohammadiyeh,electronic-devices,telephone
۰۹۳۸۳۴۲۹۱۲۰,محمدیه-قزوین,mohammadiyeh,electronic-devices,telephone
(پنهان‌شده؛ چت کنید),محمدیه-قزوین,mohammadiyeh,electronic-devices,telephone
۰۹۰۵۶۴۱۸۸۴۷,محمدیه-قزوین,mohammadiyeh,electronic-devices,telephone
۰۹۱۹۱۹۰۷۲۰۱,محمدیه-قزوین,mohammadiyeh,home-and-kitchen,home-decor-furniture
۰۹۱۱۲۴۱۱۵۷۶,محمدیه-قزوین,mohammadiyeh,home-and-kitchen,home-decor-furniture
۰۹۱۰۴۷۰۱۶۰۰,محمدیه-قزوین,mohammadiyeh,home-and-kitchen,home-decor-furniture
۰۹۱۰۴۷۰۱۶۰۰,محمدیه-قزوین,mohammadiyeh,home-and-kitchen,home-decor-furniture
۰۹۱۹۲۸۸۹۵۵۶,محمدیه-قزوین,mohammadiyeh,home-and-kitchen,home-decor-furniture
۰۹۱۰۹۹۳۵۷۶۸,محمدیه-قزوین,mohammadiyeh,home-and-kitchen,home-decor-furniture
۰۹۰۳۶۸۷۲۴۸۶,محمدیه-قزوین,mohammadiyeh,home-and-kitchen,home-decor-furniture
۰۹۱۹۰۴۵۰۹۰۱,محمدیه-قزوین,mohammadiyeh,home-and-kitchen,home-decor-furniture
۰۹۱۰۰۴۷۰۶۲۰,محمدیه-قزوین,mohammadiyeh,home-and-kitchen,home-decor-furniture
۰۹۱۰۰۴۷۰۶۲۰,محمدیه-قزوین,mohammadiyeh,home-and-kitchen,home-decor-furniture
۰۹۰۵۸۷۷۲۱۰۶,محمدیه-قزوین,mohammadiyeh,home-and-kitchen,home-decor-furniture
۰۹۱۰۴۶۷۵۷۵۹,محمدیه-قزوین,mohammadiyeh,home-and-kitchen,home-decor-furniture
(پنهان‌شده؛ چت کنید),محمدیه-قزوین,mohammadiyeh,home-and-kitchen,home-decor-furniture
۰۹۰۵۱۸۱۴۳۳۷,محمدیه-قزوین,mohammadiyeh,home-and-kitchen,home-decor-furniture
۰۹۱۹۲۸۶۱۵۳۸,محمدیه-قزوین,mohammadiyeh,home-and-kitchen,home-decor-furniture
۰۹۲۲۴۴۵۶۵۹۴,محمدیه-قزوین,mohammadiyeh,home-and-kitchen,home-decor-furniture
۰۹۱۰۶۹۵۸۵۳۷,محمدیه-قزوین,mohammadiyeh,home-and-kitchen,home-decor-furniture
۰۹۱۹۵۲۰۲۱۱۳,محمدیه-قزوین,mohammadiyeh,home-and-kitchen,home-decor-furniture
۰۹۳۶۵۳۵۹۸۵۴,محمدیه-قزوین,mohammadiyeh,home-and-kitchen,home-decor-furniture
۰۹۳۷۸۶۵۱۲۴۴,محمدیه-قزوین,mohammadiyeh,home-and-kitchen,home-decor-furniture
۰۹۱۲۷۸۲۷۰۱۱,محمدیه-قزوین,mohammadiyeh,home-and-kitchen,home-decor-furniture
۰۹۱۲۷۸۲۷۰۱۱,محمدیه-قزوین,mohammadiyeh,home-and-kitchen,home-decor-furniture
۰۹۱۲۷۸۲۷۰۱۱,محمدیه-قزوین,mohammadiyeh,home-and-kitchen,home-decor-furniture
۰۹۱۹۶۶۱۱۹۱۵,محمدیه-قزوین,mohammadiyeh,home-and-kitchen,home-decor-furniture
۰۹۰۵۴۵۵۸۲۸۴,محمدیه-قزوین,mohammadiyeh,home-and-kitchen,home-decor-furniture
۰۹۱۱۴۷۹۰۷۸۸,محمدیه-قزوین,mohammadiyeh,home-and-kitchen,home-decor-furniture
۰۹۱۱۴۷۹۰۷۸۸,محمدیه-قزوین,mohammadiyeh,home-and-kitchen,home-decor-furniture
۰۹۰۵۴۲۵۴۳۸۴,محمدیه-قزوین,mohammadiyeh,home-and-kitchen,home-decor-furniture
۰۹۱۹۵۲۰۶۳۶۸,محمدیه-قزوین,mohammadiyeh,home-and-kitchen,home-decor-furniture
۰۹۰۵۴۲۵۴۳۸۴,محمدیه-قزوین,mohammadiyeh,home-and-kitchen,home-decor-furniture
۰۹۱۴۹۱۱۹۹۲۹,محمدیه-قزوین,mohammadiyeh,home-and-kitchen,home-decor-furniture
۰۹۹۱۸۲۱۶۷۲۲,محمدیه-قزوین,mohammadiyeh,home-and-kitchen,home-decor-furniture
۰۹۱۹۱۹۰۷۷۸۵,محمدیه-قزوین,mohammadiyeh,home-and-kitchen,home-decor-furniture
۰۹۱۹۱۹۰۷۷۸۵,محمدیه-قزوین,mohammadiyeh,home-and-kitchen,home-decor-furniture
۰۹۱۹۱۹۰۷۷۸۵,محمدیه-قزوین,mohammadiyeh,home-and-kitchen,home-decor-furniture
۰۹۱۲۴۸۲۴۱۷۳,محمدیه-قزوین,mohammadiyeh,home-and-kitchen,home-decor-furniture
۰۹۱۲۰۸۲۲۹۰۹,محمدیه-قزوین,mohammadiyeh,home-and-kitchen,home-decor-furniture
۰۹۳۷۱۳۱۲۸۱۲,محمدیه-قزوین,mohammadiyeh,home-and-kitchen,kitchen-appliances
۰۹۱۹۱۸۸۲۰۹۱,محمدیه-قزوین,mohammadiyeh,home-and-kitchen,kitchen-appliances
۰۹۱۹۱۸۳۹۴۵۲,محمدیه-قزوین,mohammadiyeh,home-and-kitchen,kitchen-appliances
۰۹۳۷۶۶۰۵۹۰۸,محمدیه-قزوین,mohammadiyeh,home-and-kitchen,kitchen-appliances
۰۹۱۰۰۴۹۸۴۶۰,محمدیه-قزوین,mohammadiyeh,home-and-kitchen,kitchen-appliances
۰۹۳۳۹۸۲۰۶۷۲,محمدیه-قزوین,mohammadiyeh,home-and-kitchen,kitchen-appliances
۰۹۳۸۱۳۸۵۲۹۴,محمدیه-قزوین,mohammadiyeh,home-and-kitchen,kitchen-appliances
۰۹۱۸۵۹۸۷۴۸۹,محمدیه-قزوین,mohammadiyeh,home-and-kitchen,kitchen-appliances
۰۹۳۷۸۶۵۱۲۴۴,محمدیه-قزوین,mohammadiyeh,home-and-kitchen,kitchen-appliances
۰۹۰۲۰۴۲۸۲۳۸,محمدیه-قزوین,mohammadiyeh,home-and-kitchen,kitchen-appliances
(پنهان‌شده؛ چت کنید),محمدیه-قزوین,mohammadiyeh,home-and-kitchen,kitchen-appliances
۰۹۳۶۸۶۲۳۶۳۸,محمدیه-قزوین,mohammadiyeh,home-and-kitchen,kitchen-appliances
۰۹۱۹۹۷۳۰۰۱۵,محمدیه-قزوین,mohammadiyeh,home-and-kitchen,kitchen-appliances
(پنهان‌شده؛ چت کنید),محمدیه-قزوین,mohammadiyeh,home-and-kitchen,kitchen-appliances
۰۹۱۸۷۷۵۷۳۹۲,محمدیه-قزوین,mohammadiyeh,home-and-kitchen,kitchen-appliances
(پنهان‌شده؛ چت کنید),محمدیه-قزوین,mohammadiyeh,home-and-kitchen,kitchen-appliances
۰۹۳۹۹۶۵۰۴۶۶,محمدیه-قزوین,mohammadiyeh,home-and-kitchen,kitchen-appliances
(پنهان‌شده؛ چت کنید),محمدیه-قزوین,mohammadiyeh,home-and-kitchen,kitchen-appliances
۰۹۱۹۰۰۵۹۷۳۹,محمدیه-قزوین,mohammadiyeh,home-and-kitchen,kitchen-appliances
(پنهان‌شده؛ چت کنید),محمدیه-قزوین,mohammadiyeh,home-and-kitchen,kitchen-appliances
۰۹۳۸۷۳۳۲۱۰۴,محمدیه-قزوین,mohammadiyeh,home-and-kitchen,kitchen-appliances
(پنهان‌شده؛ چت کنید),محمدیه-قزوین,mohammadiyeh,home-and-kitchen,kitchen-appliances
(پنهان‌شده؛ چت کنید),محمدیه-قزوین,mohammadiyeh,home-and-kitchen,kitchen-appliances
۰۹۱۰۰۷۳۴۰۲۳,محمدیه-قزوین,mohammadiyeh,home-and-kitchen,kitchen-appliances
۰۹۳۶۱۹۱۲۰۷۸,محمدیه-قزوین,mohammadiyeh,home-and-kitchen,kitchen-appliances
۰۹۳۷۴۲۷۳۴۰۹,محمدیه-قزوین,mohammadiyeh,home-and-kitchen,kitchen-appliances
۰۹۱۹۰۸۸۱۳۴۹,محمدیه-قزوین,mohammadiyeh,home-and-kitchen,kitchen-appliances
۰۹۱۲۴۶۵۱۵۴۰,محمدیه-قزوین,mohammadiyeh,home-and-kitchen,kitchen-appliances
۰۹۳۸۳۴۲۹۱۲۰,محمدیه-قزوین,mohammadiyeh,home-and-kitchen,kitchen-appliances
۰۹۱۹۱۸۹۹۴۱۶,محمدیه-قزوین,mohammadiyeh,home-and-kitchen,kitchen-appliances
۰۹۱۹۷۴۲۰۷۵۸,محمدیه-قزوین,mohammadiyeh,home-and-kitchen,kitchen-appliances
۰۹۰۳۶۲۸۳۸۹۸,محمدیه-قزوین,mohammadiyeh,home-and-kitchen,kitchen-appliances
۰۹۱۲۴۸۲۳۳۶۹,محمدیه-قزوین,mohammadiyeh,home-and-kitchen,kitchen-appliances
۰۹۱۲۷۵۸۱۵۲۲,محمدیه-قزوین,mohammadiyeh,home-and-kitchen,kitchen-appliances
۰۹۱۰۹۵۸۰۸۰۱,محمدیه-قزوین,mohammadiyeh,home-and-kitchen,kitchen-appliances
۰۹۱۰۴۷۱۸۱۵۶,محمدیه-قزوین,mohammadiyeh,home-and-kitchen,kitchen-appliances
۰۹۳۸۵۵۴۵۶۴۲,محمدیه-قزوین,mohammadiyeh,home-and-kitchen,kitchen-appliances
۰۹۰۵۷۶۵۹۰۴۸,محمدیه-قزوین,mohammadiyeh,home-and-kitchen,kitchen-appliances
۰۹۱۹۴۳۶۸۸۴۶,محمدیه-قزوین,mohammadiyeh,home-and-kitchen,kitchen-appliances
۰۹۱۹۶۵۸۰۵۰۲,محمدیه-قزوین,mohammadiyeh,home-and-kitchen,kitchen-appliances
۰۹۱۹۱۸۴۱۵۲۶,محمدیه-قزوین,mohammadiyeh,home-and-kitchen,kitchen-appliances
۰۹۱۰۰۴۱۳۱۰۸,محمدیه-قزوین,mohammadiyeh,home-and-kitchen,kitchen-appliances
۰۹۳۸۵۱۵۳۶۱۶,محمدیه-قزوین,mohammadiyeh,home-and-kitchen,kitchen-appliances
۰۹۱۲۷۸۷۸۶۰۵,محمدیه-قزوین,mohammadiyeh,home-and-kitchen,kitchen-appliances
۰۹۱۲۱۸۱۰۵۳۵,محمدیه-قزوین,mohammadiyeh,home-and-kitchen,kitchen-appliances
۰۹۱۲۱۸۱۰۵۳۵,محمدیه-قزوین,mohammadiyeh,home-and-kitchen,kitchen-appliances
۰۹۳۶۴۹۶۲۷۳۴,محمدیه-قزوین,mohammadiyeh,home-and-kitchen,kitchen-appliances
۰۹۱۲۷۸۵۹۰۶۷,محمدیه-قزوین,mohammadiyeh,home-and-kitchen,kitchen-appliances
۰۹۱۲۷۸۰۹۳۳۲,محمدیه-قزوین,mohammadiyeh,home-and-kitchen,home-appliances
۰۹۱۹۱۹۰۷۷۸۵,محمدیه-قزوین,mohammadiyeh,home-and-kitchen,home-appliances
(پنهان‌شده؛ چت کنید),محمدیه-قزوین,mohammadiyeh,home-and-kitchen,home-appliances
۰۹۱۹۲۸۲۹۵۴۳,محمدیه-قزوین,mohammadiyeh,home-and-kitchen,home-appliances
(پنهان‌شده؛ چت کنید),محمدیه-قزوین,mohammadiyeh,home-and-kitchen,home-appliances
(پنهان‌شده؛ چت کنید),محمدیه-قزوین,mohammadiyeh,home-and-kitchen,home-appliances
۰۹۹۰۵۸۰۸۱۷۶,محمدیه-قزوین,mohammadiyeh,home-and-kitchen,home-appliances
۰۹۱۰۴۶۹۴۲۴۱,محمدیه-قزوین,mohammadiyeh,home-and-kitchen,home-appliances
۰۹۱۸۷۷۴۷۳۰۳,محمدیه-قزوین,mohammadiyeh,home-and-kitchen,building-garden
۰۹۰۲۸۷۱۹۹۴۲,محمدیه-قزوین,mohammadiyeh,home-and-kitchen,building-garden
۰۹۱۰۰۴۹۸۴۶۰,محمدیه-قزوین,mohammadiyeh,home-and-kitchen,building-garden
۰۹۱۹۱۸۷۳۳۸۰,محمدیه-قزوین,mohammadiyeh,home-and-kitchen,building-garden
۰۹۳۰۲۸۷۵۲۹۵,محمدیه-قزوین,mohammadiyeh,home-and-kitchen,building-garden
۰۹۱۹۳۸۸۵۷۴۵,محمدیه-قزوین,mohammadiyeh,home-and-kitchen,building-garden
۰۹۱۹۳۸۲۶۰۹۴,محمدیه-قزوین,mohammadiyeh,home-and-kitchen,building-garden
۰۹۱۰۸۸۶۹۱۲۷,محمدیه-قزوین,mohammadiyeh,home-and-kitchen,building-garden
۰۹۱۲۷۸۴۶۱۴۱,محمدیه-قزوین,mohammadiyeh,home-and-kitchen,building-garden
۰۹۱۲۵۸۱۰۷۴۴,محمدیه-قزوین,mohammadiyeh,home-and-kitchen,building-garden
۰۹۱۲۹۲۶۰۴۱۷,محمدیه-قزوین,mohammadiyeh,home-and-kitchen,building-garden
۰۹۱۲۹۲۶۰۴۱۷,محمدیه-قزوین,mohammadiyeh,home-and-kitchen,building-garden
۰۹۱۹۳۸۸۸۵۲۲,محمدیه-قزوین,mohammadiyeh,home-and-kitchen,building-garden
۰۹۲۱۶۷۹۵۸۳۸,محمدیه-قزوین,mohammadiyeh,home-and-kitchen,building-garden
۰۹۳۵۷۹۱۱۹۵۶,محمدیه-قزوین,mohammadiyeh,home-and-kitchen,building-garden
۰۹۱۹۳۸۸۸۸۷۴,محمدیه-قزوین,mohammadiyeh,home-and-kitchen,building-garden
۰۹۱۰۲۹۱۲۷۶۶,محمدیه-قزوین,mohammadiyeh,home-and-kitchen,building-garden
۰۹۱۹۲۸۶۱۲۲۳,محمدیه-قزوین,mohammadiyeh,home-and-kitchen,building-garden
۰۹۳۶۳۷۸۵۸۶۳,محمدیه-قزوین,mohammadiyeh,home-and-kitchen,building-garden
۰۹۱۲۷۸۰۹۲۷۶,محمدیه-قزوین,mohammadiyeh,home-and-kitchen,building-garden
۰۹۱۹۲۸۶۱۲۲۳,محمدیه-قزوین,mohammadiyeh,home-and-kitchen,building-garden
۰۹۱۸۰۰۵۱۸۹۰,محمدیه-قزوین,mohammadiyeh,home-and-kitchen,building-garden
۰۹۲۱۴۸۹۱۷۴۶,محمدیه-قزوین,mohammadiyeh,home-and-kitchen,building-garden
۰۹۱۹۶۹۸۰۱۴۵,محمدیه-قزوین,mohammadiyeh,home-and-kitchen,building-garden
۰۹۱۲۲۸۱۰۴۲۵,محمدیه-قزوین,mohammadiyeh,home-and-kitchen,building-garden
۰۹۱۲۷۸۶۷۴۲۴,محمدیه-قزوین,mohammadiyeh,home-and-kitchen,building-garden
۰۹۱۹۲۸۴۲۰۱۴,محمدیه-قزوین,mohammadiyeh,home-and-kitchen,building-garden
۰۹۱۲۳۸۲۱۷۸۲,محمدیه-قزوین,mohammadiyeh,home-and-kitchen,building-garden
۰۹۱۲۵۸۱۰۰۲۱,محمدیه-قزوین,mohammadiyeh,home-and-kitchen,building-garden
۰۹۱۲۷۸۳۵۹۸۰,محمدیه-قزوین,mohammadiyeh,home-and-kitchen,building-garden
۰۹۱۰۰۴۱۷۸۱۸,محمدیه-قزوین,mohammadiyeh,home-and-kitchen,building-garden
۰۹۱۰۷۵۲۰۵۷۱,محمدیه-قزوین,mohammadiyeh,home-and-kitchen,building-garden
۰۹۱۲۸۸۶۷۸۰۸,محمدیه-قزوین,mohammadiyeh,home-and-kitchen,building-garden
۰۹۱۲۷۸۷۸۶۰۵,محمدیه-قزوین,mohammadiyeh,home-and-kitchen,building-garden
۰۹۱۹۳۸۳۵۸۶۱,محمدیه-قزوین,mohammadiyeh,services,vehicles-services
۰۹۳۸۹۲۰۵۳۵۴,محمدیه-قزوین,mohammadiyeh,services,vehicles-services
۰۹۳۵۷۴۱۴۸۳۷,محمدیه-قزوین,mohammadiyeh,services,vehicles-services
۰۹۱۲۳۸۱۶۸۰۹,محمدیه-قزوین,mohammadiyeh,services,vehicles-services
(پنهان‌شده؛ چت کنید),محمدیه-قزوین,mohammadiyeh,services,catering-services
۰۹۰۳۶۲۴۲۵۵۲,محمدیه-قزوین,mohammadiyeh,services,catering-services
۰۹۲۲۲۹۴۰۷۱۲,محمدیه-قزوین,mohammadiyeh,services,catering-services
۰۹۹۰۳۱۷۸۹۳۲,محمدیه-قزوین,mohammadiyeh,services,catering-services
۰۹۳۶۵۸۹۵۰۱۰,محمدیه-قزوین,mohammadiyeh,services,catering-services
۰۹۳۵۰۸۳۲۶۵۸,محمدیه-قزوین,mohammadiyeh,services,catering-services
۰۹۳۶۹۴۳۹۶۹۲,محمدیه-قزوین,mohammadiyeh,services,catering-services
۰۹۰۵۴۳۲۹۸۱۳,محمدیه-قزوین,mohammadiyeh,services,technology-services
۰۹۰۵۴۳۲۹۸۱۳,محمدیه-قزوین,mohammadiyeh,services,technology-services
۰۹۰۵۴۳۲۹۸۱۲,محمدیه-قزوین,mohammadiyeh,services,technology-services
۰۹۰۵۴۳۲۹۸۱۲,محمدیه-قزوین,mohammadiyeh,services,technology-services
۰۹۰۵۴۳۲۹۸۱۳,محمدیه-قزوین,mohammadiyeh,services,technology-services
۰۹۰۵۴۳۲۹۸۱۳,محمدیه-قزوین,mohammadiyeh,services,technology-services
۰۹۰۵۴۳۲۹۸۱۳,محمدیه-قزوین,mohammadiyeh,services,technology-services
۰۹۳۰۵۵۶۶۱۷۶,محمدیه-قزوین,mohammadiyeh,services,technology-services
(پنهان‌شده؛ چت کنید),محمدیه-قزوین,mohammadiyeh,services,financial-services
۰۹۹۰۵۳۸۶۴۷۵,محمدیه-قزوین,mohammadiyeh,services,financial-services
۰۹۱۰۲۹۱۴۳۰۸,محمدیه-قزوین,mohammadiyeh,services,financial-services
۰۹۳۳۶۰۸۹۲۴۳,محمدیه-قزوین,mohammadiyeh,services,transport-logistic-services
(پنهان‌شده؛ چت کنید),محمدیه-قزوین,mohammadiyeh,services,transport-logistic-services
۰۹۳۶۶۳۷۰۲۵۷,محمدیه-قزوین,mohammadiyeh,services,transport-logistic-services
۰۹۹۰۵۹۲۸۴۷۶,محمدیه-قزوین,mohammadiyeh,services,transport-logistic-services
(پنهان‌شده؛ چت کنید),محمدیه-قزوین,mohammadiyeh,services,transport-logistic-services
۰۹۱۰۲۸۲۴۷۲۹,محمدیه-قزوین,mohammadiyeh,services,transport-logistic-services
۰۹۱۹۱۹۰۷۶۴۹,محمدیه-قزوین,mohammadiyeh,services,transport-logistic-services
۰۹۱۹۷۴۰۲۰۹۸,محمدیه-قزوین,mohammadiyeh,services,transport-logistic-services
۰۹۱۹۰۴۵۰۷۱۸,محمدیه-قزوین,mohammadiyeh,services,transport-logistic-services
۰۹۲۱۳۲۵۴۲۲۵,محمدیه-قزوین,mohammadiyeh,services,transport-logistic-services
۰۹۱۹۸۴۸۷۸۳۸,محمدیه-قزوین,mohammadiyeh,services,transport-logistic-services
۰۹۹۰۸۷۴۹۶۱۵,محمدیه-قزوین,mohammadiyeh,services,transport-logistic-services
۰۹۹۱۹۲۵۷۱۰۴,محمدیه-قزوین,mohammadiyeh,services,transport-logistic-services
۰۹۱۲۶۸۲۳۷۷۹,محمدیه-قزوین,mohammadiyeh,services,transport-logistic-services
۰۹۳۶۲۹۷۲۰۴۳,محمدیه-قزوین,mohammadiyeh,services,craft-skill-services
۰۹۲۱۴۶۶۳۵۰۲,محمدیه-قزوین,mohammadiyeh,services,craft-skill-services
۰۹۱۰۹۰۴۵۳۰۷,محمدیه-قزوین,mohammadiyeh,services,craft-skill-services
۰۹۱۲۰۸۲۹۳۰۴,محمدیه-قزوین,mohammadiyeh,services,craft-skill-services
۰۹۱۲۵۸۱۷۸۱۶,محمدیه-قزوین,mohammadiyeh,services,craft-skill-services
(پنهان‌شده؛ چت کنید),محمدیه-قزوین,mohammadiyeh,services,craft-skill-services
(پنهان‌شده؛ چت کنید),محمدیه-قزوین,mohammadiyeh,services,craft-skill-services
۰۹۱۹۲۸۲۹۳۹۰,محمدیه-قزوین,mohammadiyeh,services,craft-skill-services
۰۹۱۲۹۶۳۷۵۸۴,محمدیه-قزوین,mohammadiyeh,services,craft-skill-services
(پنهان‌شده؛ چت کنید),محمدیه-قزوین,mohammadiyeh,services,craft-skill-services
(پنهان‌شده؛ چت کنید),محمدیه-قزوین,mohammadiyeh,services,craft-skill-services
۰۹۱۹۶۱۶۳۰۸۶,محمدیه-قزوین,mohammadiyeh,services,craft-skill-services
۰۹۳۸۲۶۶۱۰۱۲,محمدیه-قزوین,mohammadiyeh,services,craft-skill-services
۰۹۳۸۲۶۶۱۰۱۲,محمدیه-قزوین,mohammadiyeh,services,craft-skill-services
۰۹۱۲۵۸۱۳۸۳۴,محمدیه-قزوین,mohammadiyeh,services,craft-skill-services
۰۹۳۷۳۴۶۰۳۵۷,محمدیه-قزوین,mohammadiyeh,services,craft-skill-services
۰۹۳۵۷۹۱۱۹۵۶,محمدیه-قزوین,mohammadiyeh,services,craft-skill-services
۰۹۳۸۰۸۸۳۶۴۱,محمدیه-قزوین,mohammadiyeh,services,craft-skill-services
۰۹۹۰۵۵۲۹۴۴۱,محمدیه-قزوین,mohammadiyeh,services,craft-skill-services
۰۹۳۳۵۳۳۰۲۳۵,محمدیه-قزوین,mohammadiyeh,services,craft-skill-services
۰۹۹۰۳۵۲۹۱۲۱,محمدیه-قزوین,mohammadiyeh,services,craft-skill-services
۰۹۰۱۵۰۵۴۰۵۶,محمدیه-قزوین,mohammadiyeh,services,craft-skill-services
۰۹۰۳۹۲۱۶۸۳۰,محمدیه-قزوین,mohammadiyeh,services,craft-skill-services
۰۹۱۹۱۸۲۳۲۹۶,محمدیه-قزوین,mohammadiyeh,services,craft-skill-services
۰۹۱۹۰۴۵۰۳۲۹,محمدیه-قزوین,mohammadiyeh,services,craft-skill-services
۰۹۱۲۰۸۳۸۳۲۷,محمدیه-قزوین,mohammadiyeh,services,craft-skill-services
۰۹۱۰۴۴۵۴۰۶۱,محمدیه-قزوین,mohammadiyeh,services,craft-skill-services
۰۹۱۹۲۵۶۳۸۵۹,محمدیه-قزوین,mohammadiyeh,services,craft-skill-services
۰۹۲۲۳۴۱۲۳۹۰,محمدیه-قزوین,mohammadiyeh,services,craft-skill-services
۰۹۳۰۵۵۶۶۱۷۶,محمدیه-قزوین,mohammadiyeh,services,craft-skill-services
۰۹۱۹۲۸۴۳۸۶۹,محمدیه-قزوین,mohammadiyeh,services,craft-skill-services
۰۹۳۸۰۸۹۷۲۴۷,محمدیه-قزوین,mohammadiyeh,services,craft-skill-services
۰۹۰۲۳۷۰۲۱۶۶,محمدیه-قزوین,mohammadiyeh,services,craft-skill-services
۰۹۱۱۱۷۷۸۵۵۲,محمدیه-قزوین,mohammadiyeh,services,craft-skill-services
۰۹۱۹۳۸۵۳۹۶۹,محمدیه-قزوین,mohammadiyeh,services,craft-skill-services
۰۹۱۰۰۴۲۱۲۲۸,محمدیه-قزوین,mohammadiyeh,services,craft-skill-services
۰۹۳۸۶۸۶۱۳۸۷,محمدیه-قزوین,mohammadiyeh,services,craft-skill-services
۰۹۱۹۲۸۴۴۰۷۱,محمدیه-قزوین,mohammadiyeh,services,craft-skill-services
۰۹۱۲۳۸۲۴۶۳۶,محمدیه-قزوین,mohammadiyeh,services,beauty-services
۰۹۲۲۷۳۶۷۵۰۹,محمدیه-قزوین,mohammadiyeh,services,beauty-services
(پنهان‌شده؛ چت کنید),محمدیه-قزوین,mohammadiyeh,services,beauty-services
۰۹۱۰۷۵۰۱۴۹۸,محمدیه-قزوین,mohammadiyeh,services,beauty-services
۰۹۱۹۷۴۲۴۴۶۰,محمدیه-قزوین,mohammadiyeh,services,beauty-services
۰۹۰۵۵۰۴۱۹۲۷,محمدیه-قزوین,mohammadiyeh,services,beauty-services
۰۹۹۱۷۳۳۹۶۳۵,محمدیه-قزوین,mohammadiyeh,services,beauty-services
۰۹۳۶۰۳۷۱۸۶۳,محمدیه-قزوین,mohammadiyeh,services,beauty-services
(پنهان‌شده؛ چت کنید),محمدیه-قزوین,mohammadiyeh,services,beauty-services
(پنهان‌شده؛ چت کنید),محمدیه-قزوین,mohammadiyeh,services,beauty-services
(پنهان‌شده؛ چت کنید),محمدیه-قزوین,mohammadiyeh,services,beauty-services
۰۹۱۲۳۸۱۷۷۹۷,محمدیه-قزوین,mohammadiyeh,services,beauty-services
۰۹۳۸۸۷۱۲۴۸۷,محمدیه-قزوین,mohammadiyeh,services,beauty-services
۰۹۱۰۹۹۵۰۱۵۵,محمدیه-قزوین,mohammadiyeh,services,beauty-services
۰۹۲۲۲۱۲۹۸۴۱,محمدیه-قزوین,mohammadiyeh,services,beauty-services
۰۹۱۰۹۹۵۰۱۵۵,محمدیه-قزوین,mohammadiyeh,services,beauty-services
۰۹۹۱۴۸۹۹۷۳۳,محمدیه-قزوین,mohammadiyeh,services,beauty-services
۰۹۱۹۷۴۲۸۵۹۱,محمدیه-قزوین,mohammadiyeh,services,beauty-services
۰۹۲۱۴۸۸۰۷۸۰,محمدیه-قزوین,mohammadiyeh,services,beauty-services
۰۹۱۰۹۵۹۲۶۱۹,محمدیه-قزوین,mohammadiyeh,services,beauty-services
۰۹۹۰۰۰۶۴۰۶۸,محمدیه-قزوین,mohammadiyeh,services,beauty-services
۰۹۳۸۳۸۰۱۴۷۴,محمدیه-قزوین,mohammadiyeh,services,beauty-services
۰۹۳۷۷۴۷۶۴۷۲,محمدیه-قزوین,mohammadiyeh,services,beauty-services
۰۹۱۹۷۴۰۱۷۰۷,محمدیه-قزوین,mohammadiyeh,services,beauty-services
۰۹۲۲۲۹۴۰۷۱۲,محمدیه-قزوین,mohammadiyeh,services,beauty-services
۰۹۹۲۱۹۰۷۵۶۱,محمدیه-قزوین,mohammadiyeh,services,beauty-services
۰۹۱۹۵۹۹۰۴۵۰,محمدیه-قزوین,mohammadiyeh,services,beauty-services
۰۹۹۲۱۹۰۷۵۶۱,محمدیه-قزوین,mohammadiyeh,services,beauty-services
۰۹۳۶۰۳۷۱۸۶۳,محمدیه-قزوین,mohammadiyeh,services,beauty-services
۰۹۲۲۳۱۷۱۵۸۸,محمدیه-قزوین,mohammadiyeh,services,beauty-services
۰۹۱۰۴۶۷۶۴۰۵,محمدیه-قزوین,mohammadiyeh,services,entertaining-services
۰۹۱۹۱۸۵۸۴۴۳,محمدیه-قزوین,mohammadiyeh,services,entertaining-services
۰۹۳۵۸۶۹۹۴۳۴,محمدیه-قزوین,mohammadiyeh,services,cleaning-services
۰۹۱۱۸۳۹۰۰۳۲,محمدیه-قزوین,mohammadiyeh,services,cleaning-services
(پنهان‌شده؛ چت کنید),محمدیه-قزوین,mohammadiyeh,services,gardening-services
(پنهان‌شده؛ چت کنید),محمدیه-قزوین,mohammadiyeh,services,teaching-services
۰۹۱۰۴۱۵۷۷۴۸,محمدیه-قزوین,mohammadiyeh,services,teaching-services
۰۹۱۲۷۸۲۸۹۰۱,محمدیه-قزوین,mohammadiyeh,services,teaching-services
۰۹۳۳۶۰۸۹۲۴۳,محمدیه-قزوین,mohammadiyeh,services,teaching-services
۰۹۱۹۱۹۴xxxx,محمدیه-قزوین,mohammadiyeh,services,teaching-services
۰۹۳۶۵۹۳۲۴۸۸,محمدیه-قزوین,mohammadiyeh,services,teaching-services
۰۹۱۲۸۸۳۴۰۵۵,محمدیه-قزوین,mohammadiyeh,services,teaching-services
(پنهان‌شده؛ چت کنید),محمدیه-قزوین,mohammadiyeh,services,teaching-services
۰۹۳۰۱۵۸۳۱۴۶,محمدیه-قزوین,mohammadiyeh,services,teaching-services
۰۹۱۰۶۹۲۷۰۴۳,محمدیه-قزوین,mohammadiyeh,services,teaching-services
۰۹۱۹۵۲۰۴۵۶۲,محمدیه-قزوین,mohammadiyeh,services,teaching-services
۰۹۱۹۶۱۶۴۹۳۰,محمدیه-قزوین,mohammadiyeh,services,teaching-services
۰۹۱۲۷۸۹۱۲۴۷,محمدیه-قزوین,mohammadiyeh,services,teaching-services
۰۹۰۲۶۶۹۹۴۰۷,محمدیه-قزوین,mohammadiyeh,services,teaching-services
۰۹۱۹۲۸۴۵۳۰۰,محمدیه-قزوین,mohammadiyeh,services,teaching-services
۰۹۱۰۹۵۸۷۳۶۳,محمدیه-قزوین,mohammadiyeh,services,teaching-services
۰۹۳۶۹۱۲۴۹۸۵,محمدیه-قزوین,mohammadiyeh,services,teaching-services
۰۹۳۶۵۶۱۹۷۹۴,محمدیه-قزوین,mohammadiyeh,services,teaching-services
۰۹۱۹۸۴۹۰۸۴۷,محمدیه-قزوین,mohammadiyeh,services,teaching-services
۰۹۱۹۳۸۷۷۷۳۹,محمدیه-قزوین,mohammadiyeh,services,teaching-services
۰۹۹۸۱۱۳۱۵۱۰,محمدیه-قزوین,mohammadiyeh,services,teaching-services
۰۹۲۲۷۳۶۷۵۰۹,محمدیه-قزوین,mohammadiyeh,personal-goods,apparel
۰۹۳۸۵۱۱۹۴۴۹,محمدیه-قزوین,mohammadiyeh,personal-goods,apparel
۰۹۱۲۳۸۱۵۵۹۷,محمدیه-قزوین,mohammadiyeh,personal-goods,apparel
۰۹۱۴۹۱۱۹۹۲۹,محمدیه-قزوین,mohammadiyeh,personal-goods,apparel
۰۹۱۹۲۸۸۶۱۳۴,محمدیه-قزوین,mohammadiyeh,personal-goods,apparel
۰۹۱۴۹۱۱۹۹۲۹,محمدیه-قزوین,mohammadiyeh,personal-goods,apparel
۰۹۱۴۹۱۱۹۹۲۹,محمدیه-قزوین,mohammadiyeh,personal-goods,apparel
(پنهان‌شده؛ چت کنید),محمدیه-قزوین,mohammadiyeh,personal-goods,apparel
(پنهان‌شده؛ چت کنید),محمدیه-قزوین,mohammadiyeh,personal-goods,apparel
۰۹۰۳۲۱۳۱۵۰۱,محمدیه-قزوین,mohammadiyeh,personal-goods,apparel
۰۹۳۷۲۹۹۳۲۵۰,محمدیه-قزوین,mohammadiyeh,personal-goods,apparel
(پنهان‌شده؛ چت کنید),محمدیه-قزوین,mohammadiyeh,personal-goods,apparel
۰۹۹۰۳۵۵۰۸۹۴,محمدیه-قزوین,mohammadiyeh,personal-goods,apparel
۰۹۰۳۲۳۶۸۰۸۷,محمدیه-قزوین,mohammadiyeh,personal-goods,apparel
۰۹۱۰۹۹۳۹۶۳۶,محمدیه-قزوین,mohammadiyeh,personal-goods,apparel
(پنهان‌شده؛ چت کنید),محمدیه-قزوین,mohammadiyeh,personal-goods,apparel
۰۹۱۰۴۱۶۰۰۸۵,محمدیه-قزوین,mohammadiyeh,personal-goods,apparel
۰۹۱۹۵۲۰۷۶۰۸,محمدیه-قزوین,mohammadiyeh,personal-goods,apparel
۰۹۱۹۳۸۹۷۵۷۱,محمدیه-قزوین,mohammadiyeh,personal-goods,apparel
۰۹۰۱۲۰۳۹۱۸۸,محمدیه-قزوین,mohammadiyeh,personal-goods,apparel
۰۹۰۱۷۴۲۱۷۳۸,محمدیه-قزوین,mohammadiyeh,personal-goods,apparel
۰۹۰۱۷۴۲۱۷۳۸,محمدیه-قزوین,mohammadiyeh,personal-goods,apparel
۰۹۰۱۷۴۲۱۷۳۸,محمدیه-قزوین,mohammadiyeh,personal-goods,apparel
۰۹۰۳۲۳۶۸۰۸۷,محمدیه-قزوین,mohammadiyeh,personal-goods,apparel
۰۹۰۱۷۴۲۱۷۳۸,محمدیه-قزوین,mohammadiyeh,personal-goods,apparel
۰۹۰۱۷۴۲۱۷۳۸,محمدیه-قزوین,mohammadiyeh,personal-goods,apparel
۰۹۰۱۷۴۲۱۷۳۸,محمدیه-قزوین,mohammadiyeh,personal-goods,apparel
۰۹۰۱۷۴۲۱۷۳۸,محمدیه-قزوین,mohammadiyeh,personal-goods,apparel
۰۹۱۹۱۸۱۳۹۲۰,محمدیه-قزوین,mohammadiyeh,personal-goods,apparel
۰۹۲۱۰۸۴۶۵۵۸,محمدیه-قزوین,mohammadiyeh,personal-goods,apparel
۰۹۲۱۰۸۴۶۵۵۸,محمدیه-قزوین,mohammadiyeh,personal-goods,apparel
۰۹۲۱۰۸۴۶۵۵۸,محمدیه-قزوین,mohammadiyeh,personal-goods,apparel
۰۹۰۳۱۵۳۲۸۳۷,محمدیه-قزوین,mohammadiyeh,personal-goods,apparel
۰۹۰۳۱۵۳۲۸۳۷,محمدیه-قزوین,mohammadiyeh,personal-goods,apparel
۰۹۳۵۷۴۳۳۴۸۰,محمدیه-قزوین,mohammadiyeh,personal-goods,apparel
۰۹۰۳۲۱۳۱۵۰۱,محمدیه-قزوین,mohammadiyeh,personal-goods,apparel
۰۹۳۸۶۳۶۹۸۸۱,محمدیه-قزوین,mohammadiyeh,personal-goods,apparel
۰۹۲۱۴۷۲۰۵۶۵,محمدیه-قزوین,mohammadiyeh,personal-goods,apparel
۰۹۲۱۴۷۲۰۵۶۵,محمدیه-قزوین,mohammadiyeh,personal-goods,apparel
۰۹۱۹۲۸۵۹۶۳۲,محمدیه-قزوین,mohammadiyeh,personal-goods,apparel
۰۹۱۹۲۸۵۹۶۳۲,محمدیه-قزوین,mohammadiyeh,personal-goods,apparel
۰۹۰۳۸۶۷۲۴۷۴,محمدیه-قزوین,mohammadiyeh,personal-goods,apparel
۰۹۱۹۳۸۱۵۳۴۱,محمدیه-قزوین,mohammadiyeh,personal-goods,apparel
۰۹۳۶۵۰۲۱۶۱۹,محمدیه-قزوین,mohammadiyeh,personal-goods,apparel
۰۹۳۳۸۶۲۹۴۲۴,محمدیه-قزوین,mohammadiyeh,personal-goods,apparel
۰۹۱۲۰۹۶۹۰۷۳,محمدیه-قزوین,mohammadiyeh,personal-goods,apparel
۰۹۱۰۹۹۳۹۶۳۶,محمدیه-قزوین,mohammadiyeh,personal-goods,apparel
۰۹۱۰۹۹۳۹۶۳۶,محمدیه-قزوین,mohammadiyeh,personal-goods,accessories
۰۹۲۱۰۸۴۶۵۵۸,محمدیه-قزوین,mohammadiyeh,personal-goods,accessories
۰۹۳۹۳۶۴۰۰۷۶,محمدیه-قزوین,mohammadiyeh,personal-goods,accessories
۰۹۳۵۲۸۲۷۰۰۹,محمدیه-قزوین,mohammadiyeh,personal-goods,accessories
۰۹۳۷۳۶۱۰۶۱۶,محمدیه-قزوین,mohammadiyeh,personal-goods,accessories
۰۹۳۹۷۹۹۵۵۹۳,محمدیه-قزوین,mohammadiyeh,personal-goods,accessories
۰۹۱۹۱۸۳۳۴۴۷,محمدیه-قزوین,mohammadiyeh,personal-goods,accessories
(پنهان‌شده؛ چت کنید),محمدیه-قزوین,mohammadiyeh,personal-goods,accessories
۰۹۱۹۰۴۵۰۷۱۸,محمدیه-قزوین,mohammadiyeh,personal-goods,accessories
۰۹۱۹۱۸۵۹۴۱۴,محمدیه-قزوین,mohammadiyeh,personal-goods,accessories
(پنهان‌شده؛ چت کنید),محمدیه-قزوین,mohammadiyeh,personal-goods,accessories
۰۹۹۱۷۴۶۷۷۲۳,محمدیه-قزوین,mohammadiyeh,personal-goods,accessories
۰۹۱۲۸۸۲۹۸۷۱,محمدیه-قزوین,mohammadiyeh,personal-goods,accessories
۰۹۰۵۴۵۵۸۲۸۴,محمدیه-قزوین,mohammadiyeh,personal-goods,beauty-and-personal-care
۰۹۳۵۳۹۷۳۰۸۸,محمدیه-قزوین,mohammadiyeh,personal-goods,beauty-and-personal-care
۰۹۲۲۷۳۶۷۵۰۹,محمدیه-قزوین,mohammadiyeh,personal-goods,beauty-and-personal-care
۰۹۰۵۴۵۵۸۲۸۴,محمدیه-قزوین,mohammadiyeh,personal-goods,beauty-and-personal-care
۰۹۰۵۴۵۵۸۲۸۴,محمدیه-قزوین,mohammadiyeh,personal-goods,beauty-and-personal-care
۰۹۰۵۴۵۵۸۲۸۴,محمدیه-قزوین,mohammadiyeh,personal-goods,beauty-and-personal-care
۰۹۰۵۸۱۸۶۵۷۴,محمدیه-قزوین,mohammadiyeh,personal-goods,beauty-and-personal-care
۰۹۱۹۲۸۷۹۲۹۰,محمدیه-قزوین,mohammadiyeh,personal-goods,beauty-and-personal-care
۰۹۳۵۸۳۷۳۱۳۷,محمدیه-قزوین,mohammadiyeh,personal-goods,beauty-and-personal-care
(پنهان‌شده؛ چت کنید),محمدیه-قزوین,mohammadiyeh,personal-goods,beauty-and-personal-care
۰۹۱۲۸۵۵۴۷۵۰,محمدیه-قزوین,mohammadiyeh,personal-goods,beauty-and-personal-care
۰۹۳۹۱۰۵۵۹۴۳,محمدیه-قزوین,mohammadiyeh,personal-goods,beauty-and-personal-care
۰۹۹۰۳۰۱۰۲۳۹,محمدیه-قزوین,mohammadiyeh,personal-goods,beauty-and-personal-care
(پنهان‌شده؛ چت کنید),محمدیه-قزوین,mohammadiyeh,personal-goods,beauty-and-personal-care
۰۹۱۹۷۴۰۸۹۸۸,محمدیه-قزوین,mohammadiyeh,personal-goods,beauty-and-personal-care
۰۹۳۸۰۶۲۱۵۵۳,محمدیه-قزوین,mohammadiyeh,personal-goods,beauty-and-personal-care
۰۹۳۸۰۶۲۱۵۵۳,محمدیه-قزوین,mohammadiyeh,personal-goods,beauty-and-personal-care
۰۹۹۰۲۸۹۴۷۵۸,محمدیه-قزوین,mohammadiyeh,personal-goods,beauty-and-personal-care
۰۹۱۹۲۸۸۶۱۳۴,محمدیه-قزوین,mohammadiyeh,personal-goods,child-apparel
۰۹۹۲۰۶۷۵۹۹۲,محمدیه-قزوین,mohammadiyeh,personal-goods,child-apparel
(پنهان‌شده؛ چت کنید),محمدیه-قزوین,mohammadiyeh,personal-goods,child-apparel
۰۹۲۱۰۸۴۶۵۵۸,محمدیه-قزوین,mohammadiyeh,personal-goods,child-apparel
۰۹۳۷۳۲۰۴۹۹۸,محمدیه-قزوین,mohammadiyeh,personal-goods,child-apparel
۰۹۳۷۲۴۰۴۶۷۴,محمدیه-قزوین,mohammadiyeh,personal-goods,child-apparel
۰۹۳۷۲۴۰۴۶۷۴,محمدیه-قزوین,mohammadiyeh,personal-goods,child-apparel
۰۹۳۷۲۴۰۴۶۷۴,محمدیه-قزوین,mohammadiyeh,personal-goods,child-apparel
(پنهان‌شده؛ چت کنید),محمدیه-قزوین,mohammadiyeh,personal-goods,child-apparel
(پنهان‌شده؛ چت کنید),محمدیه-قزوین,mohammadiyeh,personal-goods,child-apparel
۰۹۱۹۱۸۸۱۲۶۲,محمدیه-قزوین,mohammadiyeh,personal-goods,child-apparel
۰۹۱۲۴۸۱۹۶۴۲,محمدیه-قزوین,mohammadiyeh,personal-goods,child-apparel
۰۹۳۷۳۲۰۴۹۹۸,محمدیه-قزوین,mohammadiyeh,personal-goods,child-apparel
۰۹۱۹۶۵۹۰۴۷۳,محمدیه-قزوین,mohammadiyeh,personal-goods,child-apparel
۰۹۱۹۶۵۹۰۴۷۳,محمدیه-قزوین,mohammadiyeh,personal-goods,child-apparel
۰۹۳۹۳۶۵۲۰۱۳,محمدیه-قزوین,mohammadiyeh,personal-goods,child-apparel
۰۹۱۲۷۰۱۴۰۶۹,محمدیه-قزوین,mohammadiyeh,personal-goods,child-apparel
۰۹۱۸۳۳۸۹۱۶۵,محمدیه-قزوین,mohammadiyeh,personal-goods,child-apparel
۰۹۱۹۴۸۶۲۳۰۶,محمدیه-قزوین,mohammadiyeh,personal-goods,child-apparel
۰۹۳۵۰۷۶۳۶۰۵,محمدیه-قزوین,mohammadiyeh,personal-goods,child-apparel
۰۹۱۲۷۸۲۹۱۱۷,محمدیه-قزوین,mohammadiyeh,personal-goods,child-apparel
۰۹۳۸۶۶۰۴۶۴۶,محمدیه-قزوین,mohammadiyeh,personal-goods,child-apparel
۰۹۱۹۹۱۸۲۸۳۶,محمدیه-قزوین,mohammadiyeh,personal-goods,child-apparel
۰۹۱۹۹۱۸۲۸۳۶,محمدیه-قزوین,mohammadiyeh,personal-goods,child-apparel
۰۹۱۹۹۱۸۲۸۳۶,محمدیه-قزوین,mohammadiyeh,personal-goods,child-apparel
۰۹۳۵۵۵۵۲۴۹۸,محمدیه-قزوین,mohammadiyeh,personal-goods,child-apparel
۰۹۹۱۹۲۵۹۷۴۸,محمدیه-قزوین,mohammadiyeh,personal-goods,child-apparel
۰۹۹۱۹۲۵۹۷۴۸,محمدیه-قزوین,mohammadiyeh,personal-goods,child-apparel
۰۹۱۹۱۹۴۹۶۶۷,محمدیه-قزوین,mohammadiyeh,personal-goods,child-apparel
۰۹۲۲۴۹۱۵۲۹۴,محمدیه-قزوین,mohammadiyeh,personal-goods,child-products
۰۹۱۰۷۵۱۷۱۲۴,محمدیه-قزوین,mohammadiyeh,personal-goods,child-products
۰۹۳۳۸۴۶۵۹۵۶,محمدیه-قزوین,mohammadiyeh,personal-goods,child-products
(پنهان‌شده؛ چت کنید),محمدیه-قزوین,mohammadiyeh,personal-goods,child-products
(پنهان‌شده؛ چت کنید),محمدیه-قزوین,mohammadiyeh,personal-goods,child-products
(پنهان‌شده؛ چت کنید),محمدیه-قزوین,mohammadiyeh,personal-goods,child-products
۰۹۳۷۱۸۸۸۹۹۷,محمدیه-قزوین,mohammadiyeh,personal-goods,child-products
۰۹۳۷۱۸۸۸۹۹۷,محمدیه-قزوین,mohammadiyeh,personal-goods,child-products
(پنهان‌شده؛ چت کنید),محمدیه-قزوین,mohammadiyeh,personal-goods,child-products
۰۹۱۲۴۹۸۵۹۵۴,محمدیه-قزوین,mohammadiyeh,personal-goods,child-products
(پنهان‌شده؛ چت کنید),محمدیه-قزوین,mohammadiyeh,personal-goods,child-products
۰۹۱۹۷۵۰۶۹۵۵,محمدیه-قزوین,mohammadiyeh,personal-goods,child-products
۰۹۱۹۲۸۶۷۷۲۷,محمدیه-قزوین,mohammadiyeh,personal-goods,child-products
(پنهان‌شده؛ چت کنید),محمدیه-قزوین,mohammadiyeh,personal-goods,child-products
۰۹۱۹۵۲۰۲۱۱۳,محمدیه-قزوین,mohammadiyeh,personal-goods,child-products
۰۹۱۹۵۲۰۲۱۱۳,محمدیه-قزوین,mohammadiyeh,personal-goods,child-products
۰۹۹۰۳۱۷۴۲۸۳,محمدیه-قزوین,mohammadiyeh,personal-goods,child-products
۰۹۳۵۰۷۶۳۶۰۵,محمدیه-قزوین,mohammadiyeh,personal-goods,child-products
۰۹۱۹۵۲۰۲۱۱۳,محمدیه-قزوین,mohammadiyeh,personal-goods,child-products
۰۹۳۶۴۵۸۶۳۱۶,محمدیه-قزوین,mohammadiyeh,personal-goods,child-products
۰۹۱۹۸۰۰۵۷۲۷,محمدیه-قزوین,mohammadiyeh,personal-goods,child-products
(پنهان‌شده؛ چت کنید),محمدیه-قزوین,mohammadiyeh,personal-goods,child-products
(پنهان‌شده؛ چت کنید),محمدیه-قزوین,mohammadiyeh,personal-goods,child-products
(پنهان‌شده؛ چت کنید),محمدیه-قزوین,mohammadiyeh,personal-goods,child-products
۰۹۹۰۰۴۰۹۰۸۶,محمدیه-قزوین,mohammadiyeh,personal-goods,child-products
۰۹۱۲۸۸۰۱۷۰۲,محمدیه-قزوین,mohammadiyeh,personal-goods,stationery
۰۹۰۱۹۶۲۸۴۵۴,محمدیه-قزوین,mohammadiyeh,personal-goods,stationery
۰۹۳۷۳۱۸۳۴۵۹,محمدیه-قزوین,mohammadiyeh,personal-goods,stationery
(پنهان‌شده؛ چت کنید),محمدیه-قزوین,mohammadiyeh,personal-goods,stationery
۰۹۱۹۳۸۹۰۳۳۶,محمدیه-قزوین,mohammadiyeh,personal-goods,stationery
۰۹۲۲۷۵۹۷۱۴۶,محمدیه-قزوین,mohammadiyeh,entertainment,tours
۰۹۹۲۴۹۳۴۰۵۴,محمدیه-قزوین,mohammadiyeh,entertainment,tours
(پنهان‌شده؛ چت کنید),محمدیه-قزوین,mohammadiyeh,entertainment,tours
(پنهان‌شده؛ چت کنید),محمدیه-قزوین,mohammadiyeh,entertainment,publication
۰۹۹۲۳۰۷۷۰۶۴,محمدیه-قزوین,mohammadiyeh,entertainment,publication
(پنهان‌شده؛ چت کنید),محمدیه-قزوین,mohammadiyeh,entertainment,publication
(پنهان‌شده؛ چت کنید),محمدیه-قزوین,mohammadiyeh,entertainment,publication
۰۹۱۰۴۷۰۱۶۰۰,محمدیه-قزوین,mohammadiyeh,entertainment,publication
۰۹۱۲۸۸۳۵۶۱۷,محمدیه-قزوین,mohammadiyeh,entertainment,publication
۰۹۰۱۳۱۴۲۶۵۷,محمدیه-قزوین,mohammadiyeh,entertainment,publication
۰۹۱۲۷۸۹۳۲۴۶,محمدیه-قزوین,mohammadiyeh,entertainment,publication
(پنهان‌شده؛ چت کنید),محمدیه-قزوین,mohammadiyeh,entertainment,publication
۰۹۱۹۳۸۹۷۲۸۱,محمدیه-قزوین,mohammadiyeh,entertainment,bike-skate-scooter
۰۹۹۱۸۲۳۶۴۷۵,محمدیه-قزوین,mohammadiyeh,entertainment,bike-skate-scooter
۰۹۱۲۶۸۲۰۵۰۷,محمدیه-قزوین,mohammadiyeh,entertainment,bike-skate-scooter
۰۹۱۹۰۴۵۰۷۱۸,محمدیه-قزوین,mohammadiyeh,entertainment,bike-skate-scooter
۰۹۳۸۲۴۷۹۴۸۸,محمدیه-قزوین,mohammadiyeh,entertainment,bike-skate-scooter
۰۹۰۱۰۲۷۸۷۰۴,محمدیه-قزوین,mohammadiyeh,entertainment,bike-skate-scooter
۰۹۱۰۷۵۰۴۴۶۲,محمدیه-قزوین,mohammadiyeh,entertainment,bike-skate-scooter
۰۹۱۰۰۴۳۴۵۶۴,محمدیه-قزوین,mohammadiyeh,entertainment,bike-skate-scooter
۰۹۱۲۷۸۴۷۴۵۰,محمدیه-قزوین,mohammadiyeh,entertainment,bike-skate-scooter
۰۹۳۰۹۲۱۰۵۰۵,محمدیه-قزوین,mohammadiyeh,entertainment,bike-skate-scooter
۰۹۱۰۸۳۹۳۵۶۶,محمدیه-قزوین,mohammadiyeh,entertainment,bike-skate-scooter
۰۹۱۹۲۸۳۴۰۶۹,محمدیه-قزوین,mohammadiyeh,entertainment,pets-animals
۰۹۱۹۲۸۴۰۶۶۵,محمدیه-قزوین,mohammadiyeh,entertainment,pets-animals
۰۹۱۹۲۸۷۹۳۵۵,محمدیه-قزوین,mohammadiyeh,entertainment,pets-animals
۰۹۱۹۲۸۷۹۳۵۵,محمدیه-قزوین,mohammadiyeh,entertainment,pets-animals
۰۹۱۹۲۸۷۹۳۵۵,محمدیه-قزوین,mohammadiyeh,entertainment,pets-animals
۰۹۱۲۸۸۲۹۳۲۳,محمدیه-قزوین,mohammadiyeh,entertainment,pets-animals
۰۹۰۲۳۸۷۸۸۶۴,محمدیه-قزوین,mohammadiyeh,entertainment,pets-animals
۰۹۱۰۷۴۷۴۶۹۴,محمدیه-قزوین,mohammadiyeh,entertainment,pets-animals
۰۹۳۰۵۵۶۶۱۷۶,محمدیه-قزوین,mohammadiyeh,entertainment,pets-animals
(پنهان‌شده؛ چت کنید),محمدیه-قزوین,mohammadiyeh,entertainment,pets-animals
۰۹۱۰۷۴۷۴۶۹۴,محمدیه-قزوین,mohammadiyeh,entertainment,pets-animals
۰۹۱۸۷۰۰۲۹۳۸,محمدیه-قزوین,mohammadiyeh,entertainment,pets-animals
۰۹۱۹۱۸۲۲۳۱۳,محمدیه-قزوین,mohammadiyeh,entertainment,pets-animals
۰۹۹۱۸۲۱۴۷۵۹,محمدیه-قزوین,mohammadiyeh,entertainment,pets-animals
۰۹۳۶۶۰۴۵۶۵۸,محمدیه-قزوین,mohammadiyeh,entertainment,pets-animals
۰۹۱۰۷۵۲۳۷۱۰,محمدیه-قزوین,mohammadiyeh,entertainment,pets-animals
۰۹۱۹۶۶۲۰۴۲۴,محمدیه-قزوین,mohammadiyeh,entertainment,pets-animals
۰۹۹۱۶۲۴۱۵۴۰,محمدیه-قزوین,mohammadiyeh,entertainment,pets-animals
۰۹۳۷۳۳۷۵۷۴۳,محمدیه-قزوین,mohammadiyeh,entertainment,pets-animals
۰۹۱۹۵۹۹۰۴۷۱,محمدیه-قزوین,mohammadiyeh,entertainment,pets-animals
۰۹۱۳۷۰۰۶۵۵۸,محمدیه-قزوین,mohammadiyeh,entertainment,pets-animals
۰۹۱۲۱۸۱۳۳۸۳,محمدیه-قزوین,mohammadiyeh,entertainment,pets-animals
۰۹۱۹۸۴۷۳۰۹۴,محمدیه-قزوین,mohammadiyeh,entertainment,pets-animals
۰۹۱۹۶۶۰۹۰۲۰,محمدیه-قزوین,mohammadiyeh,entertainment,pets-animals
(پنهان‌شده؛ چت کنید),محمدیه-قزوین,mohammadiyeh,entertainment,pets-animals
۰۹۱۰۱۸۱۲۷۲۵,محمدیه-قزوین,mohammadiyeh,entertainment,pets-animals
۰۹۳۳۴۹۹۶۹۴۹,محمدیه-قزوین,mohammadiyeh,entertainment,pets-animals
۰۹۳۰۲۸۷۵۲۹۵,محمدیه-قزوین,mohammadiyeh,entertainment,pets-animals
۰۹۱۱۴۷۹۳۰۰۱,محمدیه-قزوین,mohammadiyeh,entertainment,pets-animals
۰۹۳۳۳۲۴۶۳۵۷,محمدیه-قزوین,mohammadiyeh,entertainment,pets-animals
۰۹۳۸۸۸۰۳۴۰۴,محمدیه-قزوین,mohammadiyeh,entertainment,pets-animals
۰۹۱۹۱۸۵۸۴۹۹,محمدیه-قزوین,mohammadiyeh,entertainment,pets-animals
۰۹۳۶۱۲۱۹۷۵۷,محمدیه-قزوین,mohammadiyeh,entertainment,pets-animals
۰۹۱۰۹۳۲۲۲۳۵,محمدیه-قزوین,mohammadiyeh,entertainment,pets-animals
۰۹۱۹۲۸۴۱۳۷۰,محمدیه-قزوین,mohammadiyeh,entertainment,pets-animals
۰۹۱۹۱۸۵۸۴۹۹,محمدیه-قزوین,mohammadiyeh,entertainment,pets-animals
۰۹۱۲۳۸۲۶۵۲۱,محمدیه-قزوین,mohammadiyeh,entertainment,pets-animals
۰۹۰۳۹۲۷۰۵۴۰,محمدیه-قزوین,mohammadiyeh,entertainment,pets-animals
۰۹۱۹۱۸۵۸۴۹۹,محمدیه-قزوین,mohammadiyeh,entertainment,pets-animals
۰۹۹۲۸۸۴۳۶۲۷,محمدیه-قزوین,mohammadiyeh,entertainment,pets-animals
۰۹۰۱۵۰۲۲۶۳۹,محمدیه-قزوین,mohammadiyeh,entertainment,pets-animals
۰۹۰۱۵۰۲۲۶۳۹,محمدیه-قزوین,mohammadiyeh,entertainment,pets-animals
۰۹۱۹۲۸۲۵۷۱۱,محمدیه-قزوین,mohammadiyeh,entertainment,pets-animals
۰۹۰۲۳۸۷۸۸۶۴,محمدیه-قزوین,mohammadiyeh,entertainment,pets-animals
۰۹۱۱۸۳۲۰۶۸۷,محمدیه-قزوین,mohammadiyeh,entertainment,pets-animals
۰۹۱۹۴۸۳۶۱۰۲,محمدیه-قزوین,mohammadiyeh,entertainment,pets-animals
۰۹۱۹۹۷۹۵۰۸۵,محمدیه-قزوین,mohammadiyeh,entertainment,collecting
۰۹۱۹۹۷۲۰۲۹۷,محمدیه-قزوین,mohammadiyeh,entertainment,collecting
۰۹۹۰۱۵۲۴۰۱۱,محمدیه-قزوین,mohammadiyeh,entertainment,collecting
۰۹۱۲۷۸۹۷۲۰۲,محمدیه-قزوین,mohammadiyeh,entertainment,musical-instruments
(پنهان‌شده؛ چت کنید),محمدیه-قزوین,mohammadiyeh,entertainment,musical-instruments
۰۹۱۹۷۸۶۳۲۰۱,محمدیه-قزوین,mohammadiyeh,entertainment,musical-instruments
۰۹۹۲۰۶۵۹۷۴۸,محمدیه-قزوین,mohammadiyeh,entertainment,musical-instruments
۰۹۱۹۱۸۷۲۲۸۴,محمدیه-قزوین,mohammadiyeh,entertainment,musical-instruments
۰۹۱۰۰۹۲۹۷۳۲,محمدیه-قزوین,mohammadiyeh,entertainment,sport-entertainment
۰۹۱۲۹۴۹۲۵۲۱,محمدیه-قزوین,mohammadiyeh,entertainment,sport-entertainment
۰۹۳۸۹۳۹۳۶۵۵,محمدیه-قزوین,mohammadiyeh,entertainment,sport-entertainment
۰۹۳۶۸۶۲۳۶۳۸,محمدیه-قزوین,mohammadiyeh,entertainment,sport-entertainment
۰۹۳۷۲۹۹۳۲۵۰,محمدیه-قزوین,mohammadiyeh,entertainment,sport-entertainment
۰۹۱۹۶۶۱۱۹۱۵,محمدیه-قزوین,mohammadiyeh,entertainment,sport-entertainment
۰۹۱۰۰۴۹۸۴۶۰,محمدیه-قزوین,mohammadiyeh,entertainment,sport-entertainment
۰۹۱۲۰۴۱۰۵۳۶,محمدیه-قزوین,mohammadiyeh,entertainment,sport-entertainment
۰۹۰۳۹۷۵۹۳۸۶,محمدیه-قزوین,mohammadiyeh,entertainment,sport-entertainment
۰۹۱۰۰۴۹۸۴۶۰,محمدیه-قزوین,mohammadiyeh,entertainment,sport-entertainment
۰۹۱۹۲۸۱۷۹۱۷,محمدیه-قزوین,mohammadiyeh,entertainment,sport-entertainment
۰۹۱۹۲۸۱۳۶۱۹,محمدیه-قزوین,mohammadiyeh,entertainment,sport-entertainment
۰۹۳۸۱۶۶۶۳۴۳,محمدیه-قزوین,mohammadiyeh,entertainment,sport-entertainment
۰۹۱۹۶۶۰۸۵۰۱,محمدیه-قزوین,mohammadiyeh,entertainment,sport-entertainment
۰۹۱۲۷۸۴۷۴۵۰,محمدیه-قزوین,mohammadiyeh,entertainment,sport-entertainment
۰۹۰۱۹۰۱۳۴۵۶,محمدیه-قزوین,mohammadiyeh,entertainment,sport-entertainment
۰۹۳۷۸۶۵۱۲۴۴,محمدیه-قزوین,mohammadiyeh,entertainment,game-and-toys
(پنهان‌شده؛ چت کنید),محمدیه-قزوین,mohammadiyeh,entertainment,game-and-toys
۰۹۳۹۳۶۴۰۰۷۶,محمدیه-قزوین,mohammadiyeh,entertainment,game-and-toys
۰۹۹۲۸۷۷۶۷۴۸,محمدیه-قزوین,mohammadiyeh,social-services,event
۰۹۲۲۹۳۴۳۲۵۵,محمدیه-قزوین,mohammadiyeh,social-services,event
۰۹۳۰۵۶۲۲۷۶۳,محمدیه-قزوین,mohammadiyeh,social-services,voluntary
۰۹۱۰۹۵۸۵۱۵۸,محمدیه-قزوین,mohammadiyeh,social-services,voluntary
۰۹۰۳۰۹۴۰۷۴۶,محمدیه-قزوین,mohammadiyeh,social-services,missing
(پنهان‌شده؛ چت کنید),محمدیه-قزوین,mohammadiyeh,social-services,missing
۰۹۰۳۵۹۶۸۲۵۴,محمدیه-قزوین,mohammadiyeh,social-services,missing
۰۹۲۲۳۰۶۳۶۷۸,محمدیه-قزوین,mohammadiyeh,businesses,business-equipment
۰۹۱۱۸۵۲۷۲۳۸,محمدیه-قزوین,mohammadiyeh,businesses,business-equipment
۰۹۳۷۹۱۱۵۴۴۹,محمدیه-قزوین,mohammadiyeh,businesses,business-equipment
۰۹۳۰۲۸۵۰۲۳۶,محمدیه-قزوین,mohammadiyeh,businesses,business-equipment
۰۹۱۹۳۸۹۰۷۴۲,محمدیه-قزوین,mohammadiyeh,businesses,business-equipment
۰۹۱۰۴۶۹۴۲۴۱,محمدیه-قزوین,mohammadiyeh,businesses,business-equipment
۰۹۱۰۴۷۱۸۰۸۳,محمدیه-قزوین,mohammadiyeh,businesses,business-equipment
۰۹۳۹۱۳۳۲۰۱۶,محمدیه-قزوین,mohammadiyeh,businesses,business-equipment
۰۹۲۲۲۱۶۱۴۴۵,محمدیه-قزوین,mohammadiyeh,businesses,business-equipment
۰۹۹۰۰۴۰۹۰۹۹,محمدیه-قزوین,mohammadiyeh,businesses,business-equipment
۰۹۳۷۷۸۹۱۱۳۷,محمدیه-قزوین,mohammadiyeh,businesses,business-equipment
(پنهان‌شده؛ چت کنید),محمدیه-قزوین,mohammadiyeh,businesses,business-equipment
۰۹۱۰۰۴۹۸۴۶۰,محمدیه-قزوین,mohammadiyeh,businesses,business-equipment
۰۹۱۱۱۳۰۱۰۳۸,محمدیه-قزوین,mohammadiyeh,businesses,business-equipment
۰۹۱۰۴۶۹۴۲۴۱,محمدیه-قزوین,mohammadiyeh,businesses,business-equipment
۰۹۳۷۸۶۵۱۲۴۴,محمدیه-قزوین,mohammadiyeh,businesses,business-equipment
۰۹۱۰۴۶۹۴۲۴۱,محمدیه-قزوین,mohammadiyeh,businesses,business-equipment
۰۹۱۹۲۸۲۹۵۴۳,محمدیه-قزوین,mohammadiyeh,businesses,business-equipment
۰۹۳۶۳۴۷۷۸۶۱,محمدیه-قزوین,mohammadiyeh,businesses,business-equipment
(پنهان‌شده؛ چت کنید),محمدیه-قزوین,mohammadiyeh,businesses,business-equipment
۰۹۱۹۵۹۸۹۳۳۴,محمدیه-قزوین,mohammadiyeh,businesses,business-equipment
۰۹۰۲۸۶۵۳۳۷۶,محمدیه-قزوین,mohammadiyeh,businesses,business-equipment
۰۹۱۲۸۵۵۴۷۵۰,محمدیه-قزوین,mohammadiyeh,businesses,business-equipment
۰۹۹۰۵۶۳۱۷۰۵,محمدیه-قزوین,mohammadiyeh,businesses,business-equipment
۰۹۹۰۸۰۷۸۱۸۵,محمدیه-قزوین,mohammadiyeh,businesses,business-equipment
۰۹۰۳۰۱۰۳۶۱۹,محمدیه-قزوین,mohammadiyeh,businesses,business-equipment
۰۹۹۱۴۸۹۹۷۳۳,محمدیه-قزوین,mohammadiyeh,businesses,business-equipment
۰۹۱۹۶۹۸۸۳۸۵,محمدیه-قزوین,mohammadiyeh,businesses,business-equipment
۰۹۱۹۷۴۰۱۷۰۷,محمدیه-قزوین,mohammadiyeh,businesses,business-equipment
۰۹۳۷۳۹۳۵۴۱۵,محمدیه-قزوین,mohammadiyeh,businesses,business-equipment
۰۹۱۹۶۷۴۲۵۰۲,محمدیه-قزوین,mohammadiyeh,businesses,business-equipment
۰۹۹۲۴۹۰۹۷۴۳,محمدیه-قزوین,mohammadiyeh,businesses,business-equipment
۰۹۹۱۲۰۶۰۶۲۴,محمدیه-قزوین,mohammadiyeh,businesses,business-equipment
۰۹۱۱۳۴۵۲۵۹۶,محمدیه-قزوین,mohammadiyeh,businesses,business-equipment
۰۹۱۲۵۹۷۱۸۰۹,محمدیه-قزوین,mohammadiyeh,businesses,business-equipment
۰۹۱۲۰۹۶۲۴۳۵,محمدیه-قزوین,mohammadiyeh,businesses,business-equipment
۰۹۹۱۲۳۴۵۳۲۴,محمدیه-قزوین,mohammadiyeh,businesses,business-equipment
۰۹۱۲۳۸۲۹۶۲۷,محمدیه-قزوین,mohammadiyeh,businesses,business-equipment
۰۹۱۲۸۸۲۹۸۷۱,محمدیه-قزوین,mohammadiyeh,businesses,business-equipment
۰۹۰۱۰۶۶۱۰۵۴,محمدیه-قزوین,mohammadiyeh,businesses,business-equipment
۰۹۹۰۵۶۳۱۷۰۵,محمدیه-قزوین,mohammadiyeh,businesses,business-equipment
۰۹۱۰۳۴۸۰۳۸۲,محمدیه-قزوین,mohammadiyeh,businesses,business-equipment
۰۹۳۳۳۱۹۵۲۴۹,محمدیه-قزوین,mohammadiyeh,businesses,business-equipment
۰۹۲۲۸۵۱۰۶۱۷,محمدیه-قزوین,mohammadiyeh,businesses,business-equipment
۰۹۱۹۲۸۴۷۹۷۰,محمدیه-قزوین,mohammadiyeh,businesses,business-equipment
۰۹۲۱۴۸۹۱۷۴۶,محمدیه-قزوین,mohammadiyeh,businesses,business-equipment
۰۹۱۹۳۸۸۸۳۴۰,محمدیه-قزوین,mohammadiyeh,businesses,business-equipment
۰۹۱۹۳۸۸۸۳۴۰,محمدیه-قزوین,mohammadiyeh,businesses,business-equipment
۰۹۱۲۷۸۵۶۴۹۱,محمدیه-قزوین,mohammadiyeh,businesses,business-equipment
۰۹۲۲۹۵۶۵۱۶۲,محمدیه-قزوین,mohammadiyeh,businesses,business-equipment
۰۹۱۲۴۸۲۳۳۶۹,محمدیه-قزوین,mohammadiyeh,businesses,business-equipment
۰۹۱۹۱۲۶۴۸۲۲,محمدیه-قزوین,mohammadiyeh,businesses,business-equipment
۰۹۹۲۳۴۵۵۸۴۰,محمدیه-قزوین,mohammadiyeh,businesses,business-equipment
۰۹۳۶۸۶۲۳۶۳۸,محمدیه-قزوین,mohammadiyeh,businesses,business-equipment
۰۹۹۲۴۶۱۰۵۲۴,محمدیه-قزوین,mohammadiyeh,businesses,business-equipment
۰۹۰۲۰۵۵۲۲۶۱,محمدیه-قزوین,mohammadiyeh,businesses,business-equipment
۰۹۱۰۴۶۹۴۲۴۱,محمدیه-قزوین,mohammadiyeh,businesses,business-equipment
۰۹۱۹۲۸۵۶۸۲۴,محمدیه-قزوین,mohammadiyeh,businesses,business-equipment
۰۹۰۵۳۹۷۲۳۲۹,محمدیه-قزوین,mohammadiyeh,businesses,business-equipment
۰۹۱۹۶۱۶۰۹۷۲,محمدیه-قزوین,mohammadiyeh,businesses,business-equipment
۰۹۹۲۴۸۷۶۸۰۳,محمدیه-قزوین,mohammadiyeh,businesses,business-equipment
۰۹۰۲۳۰۳۷۰۸۷,محمدیه-قزوین,mohammadiyeh,businesses,business-equipment
۰۹۱۰۰۴۱۶۱۷۴,محمدیه-قزوین,mohammadiyeh,businesses,business-equipment
۰۹۱۲۶۸۱۱۰۵۹,محمدیه-قزوین,mohammadiyeh,businesses,business-equipment
۰۹۳۶۴۲۰۲۴۴۸,محمدیه-قزوین,mohammadiyeh,businesses,business-equipment
۰۹۳۶۸۸۱۵۱۸۲,محمدیه-قزوین,mohammadiyeh,businesses,business-equipment
۰۹۰۳۶۵۴۰۹۸۵,محمدیه-قزوین,mohammadiyeh,businesses,business-equipment
۰۹۳۸۷۰۱۵۱۹۱,محمدیه-قزوین,mohammadiyeh,businesses,business-equipment
۰۹۱۹۳۸۸۸۶۱۸,محمدیه-قزوین,mohammadiyeh,businesses,business-equipment
۰۹۰۲۷۸۲۹۱۰۰,محمدیه-قزوین,mohammadiyeh,businesses,business-equipment
۰۹۰۵۹۲۳۸۶۹۹,محمدیه-قزوین,mohammadiyeh,businesses,business-equipment
۰۹۳۶۵۹۰۱۸۰۰,محمدیه-قزوین,mohammadiyeh,businesses,business-equipment
۰۹۱۹۹۱۸۲۸۳۶,محمدیه-قزوین,mohammadiyeh,businesses,wholesale
۰۹۰۲۴۸۷۴۰۵۸,محمدیه-قزوین,mohammadiyeh,businesses,wholesale
۰۹۱۹۱۸۳۰۴۹۰,محمدیه-قزوین,mohammadiyeh,businesses,wholesale
۰۹۹۰۶۵۱۵۴۳۱,محمدیه-قزوین,mohammadiyeh,businesses,wholesale
۰۹۰۵۴۵۵۸۲۸۴,محمدیه-قزوین,mohammadiyeh,businesses,wholesale
۰۹۳۷۷۷۱۶۱۹۸,محمدیه-قزوین,mohammadiyeh,businesses,wholesale
۰۹۱۷۵۵۱۴۰۷۱,محمدیه-قزوین,mohammadiyeh,businesses,wholesale
(پنهان‌شده؛ چت کنید),محمدیه-قزوین,mohammadiyeh,businesses,wholesale
۰۹۹۰۱۴۸۹۸۰۹,محمدیه-قزوین,mohammadiyeh,businesses,wholesale
۰۹۱۹۳۸۲۶۰۹۴,محمدیه-قزوین,mohammadiyeh,businesses,wholesale
۰۹۱۱۹۴۴۲۱۵۴,محمدیه-قزوین,mohammadiyeh,businesses,wholesale
۰۹۱۲۴۰۰۰۵۵۵,محمدیه-قزوین,mohammadiyeh,businesses,wholesale
۰۹۲۲۵۱۷۱۲۵۴,محمدیه-قزوین,mohammadiyeh,businesses,wholesale
۰۹۹۱۷۳۸۰۲۴۵,محمدیه-قزوین,mohammadiyeh,businesses,wholesale
۰۹۳۸۱۷۶۴۴۹۱,محمدیه-قزوین,mohammadiyeh,businesses,wholesale
۰۹۳۰۸۳۰۲۱۴۲,محمدیه-قزوین,mohammadiyeh,businesses,wholesale
۰۹۳۸۲۶۶۱۰۱۲,محمدیه-قزوین,mohammadiyeh,businesses,wholesale
۰۹۳۸۲۶۶۱۰۱۲,محمدیه-قزوین,mohammadiyeh,businesses,wholesale
۰۹۳۸۲۶۶۱۰۱۲,محمدیه-قزوین,mohammadiyeh,businesses,wholesale
۰۹۹۲۷۶۴۳۱۶۳,محمدیه-قزوین,mohammadiyeh,businesses,wholesale
۰۹۱۹۳۸۸۸۹۳۲,محمدیه-قزوین,mohammadiyeh,businesses,wholesale
۰۹۳۹۱۰۵۵۹۴۳,محمدیه-قزوین,mohammadiyeh,businesses,wholesale
۰۹۱۹۲۸۳۷۰۷۴,محمدیه-قزوین,mohammadiyeh,businesses,wholesale
۰۹۳۵۵۸۱۵۸۹۴,محمدیه-قزوین,mohammadiyeh,businesses,wholesale
۰۹۱۲۸۸۷۰۰۸۳,محمدیه-قزوین,mohammadiyeh,businesses,wholesale
۰۹۳۷۵۰۶۱۳۴۷,محمدیه-قزوین,mohammadiyeh,businesses,wholesale
۰۹۱۹۲۸۸۹۵۵۶,محمدیه-قزوین,mohammadiyeh,businesses,wholesale
۰۹۱۹۰۴۵۰۷۱۸,محمدیه-قزوین,mohammadiyeh,businesses,wholesale
۰۹۹۲۸۶۷۹۲۶۳,محمدیه-قزوین,mohammadiyeh,businesses,wholesale
۰۹۳۸۶۸۵۸۸۶۱,محمدیه-قزوین,mohammadiyeh,businesses,wholesale
۰۹۳۷۱۸۱۲۸۸۱,محمدیه-قزوین,mohammadiyeh,businesses,wholesale
۰۹۹۰۴۷۲۴۲۹۳,محمدیه-قزوین,mohammadiyeh,businesses,wholesale
۰۹۳۸۵۲۷۰۵۸۹,محمدیه-قزوین,mohammadiyeh,businesses,wholesale
۰۹۱۰۷۵۱۱۲۸۵,محمدیه-قزوین,mohammadiyeh,businesses,wholesale
۰۹۱۲۸۸۲۶۴۷۸,محمدیه-قزوین,mohammadiyeh,businesses,wholesale
۰۹۱۹۸۸۴۰۶۶۸,محمدیه-قزوین,mohammadiyeh,businesses,wholesale
۰۹۳۶۴۹۹۸۸۷۴,محمدیه-قزوین,mohammadiyeh,businesses,wholesale
۰۹۳۷۲۶۷۹۰۹۹,محمدیه-قزوین,mohammadiyeh,businesses,wholesale
۰۹۱۲۱۰۷۶۵۵۸,محمدیه-قزوین,mohammadiyeh,businesses,wholesale
۰۹۱۲۶۸۲۹۱۲۱,محمدیه-قزوین,mohammadiyeh,businesses,wholesale
۰۹۱۴۵۶۳۴۰۲۳,محمدیه-قزوین,mohammadiyeh,businesses,wholesale
۰۹۳۳۳۲۸۶۴۵۲,محمدیه-قزوین,mohammadiyeh,businesses,wholesale
۰۹۱۲۹۲۶۸۸۴۶,محمدیه-قزوین,mohammadiyeh,businesses,wholesale
۰۹۳۹۴۴۶۸۲۷۷,محمدیه-قزوین,mohammadiyeh,businesses,wholesale
۰۹۳۹۴۴۶۸۲۷۷,محمدیه-قزوین,mohammadiyeh,businesses,wholesale
۰۹۲۲۳۴۱۲۳۹۰,محمدیه-قزوین,mohammadiyeh,businesses,wholesale
۰۹۱۲۱۰۰۰۵۵۵,محمدیه-قزوین,mohammadiyeh,businesses,wholesale
۰۹۳۸۲۶۶۱۰۱۲,محمدیه-قزوین,mohammadiyeh,businesses,wholesale
۰۹۳۸۲۶۶۱۰۱۲,محمدیه-قزوین,mohammadiyeh,businesses,wholesale
۰۹۳۹۰۱۴۵۰۹۶,محمدیه-قزوین,mohammadiyeh,businesses,wholesale
۰۹۹۲۸۲۶۰۷۷۵,محمدیه-قزوین,mohammadiyeh,businesses,wholesale
۰۹۳۹۰۱۴۵۰۹۶,محمدیه-قزوین,mohammadiyeh,businesses,wholesale
۰۹۳۳۷۶۵۹۴۲۴,محمدیه-قزوین,mohammadiyeh,businesses,wholesale
۰۹۳۰۲۸۲۲۵۵۹,محمدیه-قزوین,mohammadiyeh,businesses,wholesale
۰۹۱۲۴۸۱۵۹۰۴,محمدیه-قزوین,mohammadiyeh,businesses,wholesale
۰۹۱۰۰۴۳۳۵۰۲,محمدیه-قزوین,mohammadiyeh,businesses,wholesale
۰۹۱۲۴۸۱۵۹۰۴,محمدیه-قزوین,mohammadiyeh,businesses,wholesale
۰۹۱۰۲۷۹۴۸۷۵,محمدیه-قزوین,mohammadiyeh,businesses,wholesale
۰۹۱۰۴۶۹۴۲۴۱,محمدیه-قزوین,mohammadiyeh,businesses,wholesale
