۰۹۳۶۸۵۱۶۳۶۷,نقده,naqadeh,jobs,administrative-jobs
۰۹۳۶۰۵۰xxxx,نقده,naqadeh,real-estate,buy-residential
۰۹۰۱۲۶۸۹۲۷۸,نقده,naqadeh,real-estate,buy-residential
۰۹۱۴۸۵۸۵۶۷۴,نقده,naqadeh,real-estate,buy-residential
۰۹۱۴۹۳۹۰۹۳۰,نقده,naqadeh,real-estate,buy-residential
۰۹۱۴۳۴۳۰۵۲۰,نقده,naqadeh,real-estate,buy-residential
۰۹۱۴۳۴۳۰۵۲۰,نقده,naqadeh,real-estate,buy-residential
۰۹۳۳۳۴۷۲۷۴۸,نقده,naqadeh,real-estate,buy-residential
۰۹۳۷۵۰۰۷۶۱۷,نقده,naqadeh,real-estate,buy-residential
۰۹۱۴۱۸۸۳۳۴۲,نقده,naqadeh,real-estate,buy-residential
۰۹۱۴۹۷۰۱۶۷۲,نقده,naqadeh,real-estate,buy-residential
۰۹۳۹۰۰۵۴۶۲۲,نقده,naqadeh,real-estate,buy-residential
۰۹۱۴۳۴۳۰۰۰۹,نقده,naqadeh,real-estate,buy-residential
۰۹۱۴۱۶۹۰۲۷۷,نقده,naqadeh,real-estate,buy-residential
۰۹۱۴۵۱۰۳۷۰۱,نقده,naqadeh,real-estate,buy-residential
۰۹۱۴۴۴۸۸۷۱۴,نقده,naqadeh,real-estate,buy-residential
۰۹۱۴۷۹۲۲۰۲۴,نقده,naqadeh,real-estate,buy-residential
۰۹۱۴۳۴۳۰۰۰۹,نقده,naqadeh,real-estate,buy-residential
۰۹۱۴۸۷۲۳۷۰۴,نقده,naqadeh,real-estate,buy-residential
۰۹۱۴۳۴۳۰۰۰۹,نقده,naqadeh,real-estate,buy-residential
۰۹۰۳۸۶۴۶۰۱۳,نقده,naqadeh,real-estate,buy-residential
۰۹۳۸۹۹۷۶۵۶۶,نقده,naqadeh,real-estate,buy-residential
۰۹۱۴۴۴۳۲۸۱۹,نقده,naqadeh,real-estate,buy-residential
۰۹۱۵۳۲۵۰۹۵۶,نقده,naqadeh,real-estate,buy-residential
۰۹۱۴۴۴۸۸۷۱۴,نقده,naqadeh,real-estate,buy-residential
۰۹۳۷۱۶۰۳۵۷۶,نقده,naqadeh,real-estate,buy-residential
۰۹۱۴۴۴۸۸۷۱۴,نقده,naqadeh,real-estate,buy-residential
۰۹۳۷۵۰۰۷۶۱۷,نقده,naqadeh,real-estate,buy-residential
۰۹۱۴۷۹۲۲۷۸۲,نقده,naqadeh,real-estate,buy-residential
۰۹۱۴۸۳۵۷۰۸۸,نقده,naqadeh,real-estate,buy-residential
۰۹۳۸۱۲۰۷۵۵۸,نقده,naqadeh,real-estate,buy-residential
۰۹۱۴۱۸۸۰۹۶۶,نقده,naqadeh,real-estate,buy-residential
۰۹۳۸۲۲۹۷۶۱۰,نقده,naqadeh,real-estate,buy-residential
۰۹۰۳۹۹۲۸۱۰۳,نقده,naqadeh,real-estate,buy-residential
۰۹۳۹۵۵۱۶۴۶۴,نقده,naqadeh,real-estate,buy-residential
۰۹۳۵۷۷۳۲۰۴۰,نقده,naqadeh,real-estate,buy-residential
۰۹۳۶۱۰۵۴۷۱۹,نقده,naqadeh,real-estate,buy-residential
۰۹۳۶۱۰۵۴۷۱۹,نقده,naqadeh,real-estate,buy-residential
۰۹۱۴۴۴۸۹۸۰۴,نقده,naqadeh,real-estate,buy-residential
۰۹۹۱۱۸۱۵۵۴۸,نقده,naqadeh,real-estate,buy-residential
۰۹۱۴۴۴۳۹۸۰۹,نقده,naqadeh,real-estate,buy-residential
۰۹۰۱۴۸۱۸۴۲۵,نقده,naqadeh,real-estate,buy-residential
۰۹۱۴۹۴۵۶۰۰۳,نقده,naqadeh,real-estate,buy-residential
۰۹۱۲۸۹۴۷۳۰۹,نقده,naqadeh,real-estate,buy-residential
۰۹۳۸۸۵۲۶۴۹۹,نقده,naqadeh,real-estate,buy-residential
۰۹۳۷۵۰۰۷۶۱۷,نقده,naqadeh,real-estate,buy-residential
۰۹۱۴۴۴۸۸۷۶۴,نقده,naqadeh,real-estate,buy-residential
۰۹۱۴۵۴۴۹۷۱۵,نقده,naqadeh,real-estate,buy-residential
۰۹۱۴۳۴۹۲۲۱۴,نقده,naqadeh,real-estate,buy-residential
۰۹۱۴۵۲۶۳۶۰۷,نقده,naqadeh,real-estate,buy-residential
۰۹۱۴۴۴۰۰۲۰۰,نقده,naqadeh,real-estate,buy-residential
۰۹۳۹۹۱۹۷۲۰۴,نقده,naqadeh,real-estate,rent-residential
۰۹۱۴۸۸۳۳۵۹۴,نقده,naqadeh,real-estate,rent-residential
۰۹۱۴۸۸۳۳۵۹۴,نقده,naqadeh,real-estate,rent-residential
۰۹۳۵۳۲۶۹۳۸۳,نقده,naqadeh,real-estate,rent-residential
۰۹۱۴۸۷۲۳۷۰۴,نقده,naqadeh,real-estate,rent-residential
۰۹۱۴۱۱۹۴۹۴۷,نقده,naqadeh,real-estate,rent-residential
۰۹۱۴۱۴۹۰۲۷۲,نقده,naqadeh,real-estate,rent-residential
۰۹۹۱۸۰۸۴۳۸۱,نقده,naqadeh,real-estate,rent-residential
۰۹۱۴۸۳۳۰۰۶۰,نقده,naqadeh,real-estate,rent-residential
۰۹۱۴۹۴۵۶۱۲۶,نقده,naqadeh,real-estate,rent-residential
۰۹۱۴۹۴۵۶۱۲۶,نقده,naqadeh,real-estate,rent-residential
۰۹۹۱۱۸۰۵۹۹۳,نقده,naqadeh,real-estate,rent-residential
۰۹۳۷۱۹۷۹۱۲۷,نقده,naqadeh,real-estate,rent-residential
۰۹۳۵۵۴۱۳۷۶۳,نقده,naqadeh,real-estate,rent-residential
۰۹۱۲۸۹۴۷۳۰۹,نقده,naqadeh,real-estate,rent-residential
۰۹۱۴۵۷۷۸۴۲۱,نقده,naqadeh,real-estate,buy-commercial-property
۰۹۰۳۸۶۴۶۰۱۳,نقده,naqadeh,real-estate,buy-commercial-property
۰۹۱۴۷۲۶۲۷۲۹,نقده,naqadeh,real-estate,rent-commercial-property
۰۹۳۷۵۵۱۱۹۰۱,نقده,naqadeh,real-estate,rent-commercial-property
۰۹۹۱۱۸۱۵۵۴۸,نقده,naqadeh,real-estate,rent-commercial-property
۰۹۳۹۵۱۸۰۸۳۱,نقده,naqadeh,real-estate,rent-commercial-property
۰۹۱۴۵۱۱۶۷۹۰,نقده,naqadeh,real-estate,real-estate-services
۰۹۱۴۴۴۳۰۳۲۱,نقده,naqadeh,vehicles,auto
۰۹۱۴۱۴۶۲۱۱۴,نقده,naqadeh,vehicles,auto
۰۹۰۳۳۸۴۳۴۷۰,نقده,naqadeh,vehicles,auto
۰۹۱۴۱۸۸۳۴۳۰,نقده,naqadeh,vehicles,auto
۰۹۱۴۸۱۸۸۳۳۵,نقده,naqadeh,vehicles,auto
۰۹۱۴۸۷۳۰۳۲۰,نقده,naqadeh,vehicles,auto
۰۹۱۴۱۴۶۱۹۸۲,نقده,naqadeh,vehicles,auto
۰۹۱۴۱۸۸۹۳۰۲,نقده,naqadeh,vehicles,auto
۰۹۱۴۵۰۸۸۳۰۹,نقده,naqadeh,vehicles,auto
۰۹۱۴۴۴۲۵۶۲۵,نقده,naqadeh,vehicles,auto
۰۹۱۴۲۸۳۹۴۵۸,نقده,naqadeh,vehicles,auto
۰۹۱۴۶۰۹۷۴۴۱,نقده,naqadeh,vehicles,auto
۰۹۱۴۷۱۱۷۵۰۳,نقده,naqadeh,vehicles,auto
۰۹۱۴۵۶۱۰۴۹۱,نقده,naqadeh,vehicles,auto
۰۹۳۰۶۵۵۴۲۴۸,نقده,naqadeh,vehicles,auto
۰۹۹۱۴۰۳۷۵۳۵,نقده,naqadeh,vehicles,auto
۰۹۱۴۷۲۴۷۲۲۳,نقده,naqadeh,vehicles,auto
۰۹۱۴۱۸۸۱۰۷۵,نقده,naqadeh,vehicles,auto
۰۹۹۱۸۰۶۶۵۴۴,نقده,naqadeh,vehicles,auto
۰۹۱۴۳۸۲۹۶۷۹,نقده,naqadeh,vehicles,auto
۰۹۳۶۷۶۳۹۷۳۶,نقده,naqadeh,vehicles,auto
۰۹۱۴۵۲۲۸۰۳۹,نقده,naqadeh,vehicles,auto
۰۹۱۴۵۴۰۴۷۶۲,نقده,naqadeh,vehicles,auto
۰۹۳۰۳۲۶۵۳۱۷,نقده,naqadeh,vehicles,auto
۰۹۱۴۱۵۴۵۷۹۴,نقده,naqadeh,vehicles,auto
۰۹۱۴۸۰۸۸۰۵۷,نقده,naqadeh,vehicles,auto
۰۹۱۴۶۷۶۲۲۱۰,نقده,naqadeh,vehicles,auto
۰۹۳۸۹۷۷۶۷۶۱,نقده,naqadeh,vehicles,auto
۰۹۱۶۷۴۲۷۹۳۷,نقده,naqadeh,vehicles,auto
۰۹۱۴۲۷۰۶۱۳۰,نقده,naqadeh,vehicles,auto
۰۹۱۴۶۷۴۱۴۰۶,نقده,naqadeh,vehicles,auto
۰۹۰۳۳۴۸۷۷۱۳,نقده,naqadeh,vehicles,auto
۰۹۱۴۴۴۸۸۹۳۹,نقده,naqadeh,vehicles,auto
۰۹۱۴۲۰۱۴۸۸۰,نقده,naqadeh,vehicles,auto
۰۹۳۳۷۰۹۰۷۴۶,نقده,naqadeh,vehicles,auto
۰۹۳۳۰۴۱۳۴۳۸,نقده,naqadeh,vehicles,auto
۰۹۳۵۸۳۶۵۸۳۱,نقده,naqadeh,vehicles,auto
۰۹۳۰۴۹۳۸۴۸۳,نقده,naqadeh,vehicles,car-accessories
۰۹۳۳۴۶۶۷۲۸۹,نقده,naqadeh,vehicles,car-accessories
۰۹۳۳۴۶۶۷۲۸۹,نقده,naqadeh,vehicles,car-accessories
۰۹۳۳۴۶۶۷۲۸۹,نقده,naqadeh,vehicles,car-accessories
۰۹۰۳۴۳۹۶۷۶۴,نقده,naqadeh,vehicles,car-accessories
۰۹۳۵۲۲۳۹۱۲۴,نقده,naqadeh,vehicles,car-accessories
۰۹۱۴۵۱۰۷۰۹۳,نقده,naqadeh,vehicles,car-accessories
۰۹۳۹۳۷۹۹۰۰۴,نقده,naqadeh,vehicles,car-accessories
۰۹۱۴۱۴۶۲۱۱۸,نقده,naqadeh,vehicles,car-accessories
۰۹۳۳۴۶۶۷۲۸۹,نقده,naqadeh,vehicles,car-accessories
۰۹۱۴۲۰۸۴۳۳۱,نقده,naqadeh,vehicles,car-accessories
۰۹۱۴۴۴۹۵۲۸۶,نقده,naqadeh,vehicles,car-accessories
۰۹۱۴۷۹۷۳۹۹۱,نقده,naqadeh,vehicles,car-accessories
۰۹۱۴۹۴۵۷۲۹۷,نقده,naqadeh,vehicles,car-accessories
۰۹۰۱۴۴۳۲۲۶۵,نقده,naqadeh,vehicles,car-accessories
۰۹۱۴۹۴۵۷۲۹۷,نقده,naqadeh,vehicles,car-accessories
۰۹۰۱۴۴۳۲۲۶۵,نقده,naqadeh,vehicles,car-accessories
۰۹۰۱۴۴۳۲۲۶۵,نقده,naqadeh,vehicles,car-accessories
۰۹۹۱۱۴۴۸۷۱۰,نقده,naqadeh,vehicles,car-accessories
۰۹۳۵۸۶۵۰۷۰۵,نقده,naqadeh,vehicles,car-accessories
۰۹۱۱۶۷۳۵۴۲۹,نقده,naqadeh,vehicles,car-accessories
۰۹۱۴۶۲۴۱۳۳۲,نقده,naqadeh,vehicles,car-accessories
۰۹۰۵۹۱۷۳۶۰۹,نقده,naqadeh,vehicles,car-accessories
۰۹۱۴۳۴۴۶۸۴۸,نقده,naqadeh,vehicles,car-accessories
۰۹۳۶۹۹۴۰۵۸۰,نقده,naqadeh,vehicles,car-accessories
۰۹۳۳۲۵۸۳۷۴۱,نقده,naqadeh,vehicles,car-accessories
۰۹۱۴۷۱۱۴۰۵۵,نقده,naqadeh,vehicles,car-accessories
۰۹۱۰۴۳۹۲۸۰۷,نقده,naqadeh,vehicles,car-accessories
۰۹۰۳۰۴۳۵۵۹۶,نقده,naqadeh,vehicles,car-accessories
۰۹۱۴۵۶۴۶۲۱۸,نقده,naqadeh,vehicles,car-accessories
۰۹۹۱۴۰۳۷۵۸۷,نقده,naqadeh,vehicles,car-accessories
۰۹۱۴۹۴۶۲۸۵۸,نقده,naqadeh,vehicles,car-accessories
۰۹۱۴۴۸۳۴۳۲۰,نقده,naqadeh,vehicles,car-accessories
۰۹۱۴۵۵۷۶۷۷۹,نقده,naqadeh,vehicles,car-accessories
۰۹۳۳۵۸۲۵۵۵۰,نقده,naqadeh,vehicles,car-accessories
۰۹۹۱۱۸۰۵۹۹۳,نقده,naqadeh,vehicles,motorcycles
۰۹۹۰۱۲۹۱۷۳۰,نقده,naqadeh,vehicles,motorcycles
۰۹۳۰۹۶۴۷۶۵۵,نقده,naqadeh,vehicles,motorcycles
۰۹۱۴۹۶۴۵۹۷۹,نقده,naqadeh,vehicles,motorcycles
۰۹۱۴۷۵۷۹۸۷۳,نقده,naqadeh,vehicles,motorcycles
۰۹۱۴۵۶۳۰۹۷۰,نقده,naqadeh,vehicles,motorcycles
۰۹۱۴۹۵۰۷۶۳۸,نقده,naqadeh,vehicles,motorcycles
۰۹۱۴۷۲۰۸۰۳۹,نقده,naqadeh,vehicles,motorcycles
۰۹۱۴۱۸۸۴۴۸۱,نقده,naqadeh,vehicles,motorcycles
۰۹۰۵۹۷۵۴۵۶۴,نقده,naqadeh,electronic-devices,mobile-tablet
(پنهان‌شده؛ چت کنید),نقده,naqadeh,electronic-devices,mobile-tablet
۰۹۳۳۴۶۶۴۸۵۲,نقده,naqadeh,electronic-devices,mobile-tablet
۰۹۱۴۷۲۹۷۵۲۷,نقده,naqadeh,electronic-devices,mobile-tablet
۰۹۹۰۱۳۴۹۱۴۵,نقده,naqadeh,electronic-devices,mobile-tablet
۰۹۱۴۵۴۲۴۶۴۲,نقده,naqadeh,electronic-devices,mobile-tablet
۰۹۳۶۸۱۲۹۸۶۶,نقده,naqadeh,electronic-devices,mobile-tablet
۰۹۱۴۴۸۴۶۵۹۵,نقده,naqadeh,electronic-devices,mobile-tablet
۰۹۳۳۷۰۲۲۲۴۱,نقده,naqadeh,electronic-devices,mobile-tablet
۰۹۳۹۴۷۹۵۳۶۲,نقده,naqadeh,electronic-devices,mobile-tablet
۰۹۳۶۰۱۵۱۲۵۴,نقده,naqadeh,electronic-devices,mobile-tablet
۰۹۳۸۴۵۵۴۵۳۹,نقده,naqadeh,electronic-devices,mobile-tablet
۰۹۳۵۷۱۸۲۵۱۷,نقده,naqadeh,electronic-devices,mobile-tablet
۰۹۱۴۴۴۳۸۷۱۷,نقده,naqadeh,electronic-devices,mobile-tablet
۰۹۳۵۹۱۱۵۰۳۳,نقده,naqadeh,electronic-devices,mobile-tablet
۰۹۳۰۳۰۴۱۱۹۵,نقده,naqadeh,electronic-devices,mobile-tablet
۰۹۱۴۹۴۵۷۶۴۵,نقده,naqadeh,electronic-devices,mobile-tablet
۰۹۳۵۵۵۱۴۷۳۷,نقده,naqadeh,electronic-devices,mobile-tablet
۰۹۹۰۲۱۷۹۶۲۰,نقده,naqadeh,electronic-devices,mobile-tablet
۰۹۰۵۵۹۱۸۴۷۶,نقده,naqadeh,electronic-devices,mobile-tablet
۰۹۰۳۹۵۷۸۴۹۲,نقده,naqadeh,electronic-devices,mobile-tablet
۰۹۱۴۶۶۸۷۴۹۵,نقده,naqadeh,electronic-devices,mobile-tablet
۰۹۳۶۱۲۹۷۴۲۴,نقده,naqadeh,electronic-devices,mobile-tablet
۰۹۰۵۹۷۵۴۵۶۴,نقده,naqadeh,electronic-devices,computers
۰۹۹۰۷۱۰۴۷۸۵,نقده,naqadeh,electronic-devices,computers
۰۹۹۱۸۰۶۶۱۵۸,نقده,naqadeh,electronic-devices,computers
۰۹۳۳۷۰۴۷۷۴۴,نقده,naqadeh,electronic-devices,computers
۰۹۱۴۴۴۹۱۰۸۵,نقده,naqadeh,electronic-devices,computers
۰۹۰۱۴۴۳۲۲۶۵,نقده,naqadeh,electronic-devices,computers
۰۹۳۸۱۹۸۰۰۱۹,نقده,naqadeh,electronic-devices,computers
۰۹۳۸۱۹۸۰۰۱۹,نقده,naqadeh,electronic-devices,computers
۰۹۳۸۱۹۸۰۰۱۹,نقده,naqadeh,electronic-devices,computers
۰۹۳۷۶۲۸۵۰۰۵,نقده,naqadeh,electronic-devices,computers
۰۹۳۸۸۶۲۰۸۸۱,نقده,naqadeh,electronic-devices,computers
۰۹۳۷۹۹۱۲۱۳۶,نقده,naqadeh,electronic-devices,game-consoles
۰۹۳۳۵۸۲۵۵۵۰,نقده,naqadeh,electronic-devices,video-audio-device
۰۹۳۶۷۳۳۳۵۷۳,نقده,naqadeh,electronic-devices,video-audio-device
(پنهان‌شده؛ چت کنید),نقده,naqadeh,home-and-kitchen,home-decor-furniture
۰۹۳۷۷۳۸۳۸۰۰,نقده,naqadeh,home-and-kitchen,home-decor-furniture
۰۹۰۵۵۲۴۳۰۵۸,نقده,naqadeh,home-and-kitchen,home-decor-furniture
۰۹۳۸۸۹۰۰۹۵۰,نقده,naqadeh,home-and-kitchen,home-decor-furniture
۰۹۰۱۰۴۰۰۲۳۰,نقده,naqadeh,home-and-kitchen,home-decor-furniture
۰۹۱۴۷۱۶۵۲۹۲,نقده,naqadeh,home-and-kitchen,home-decor-furniture
۰۹۳۷۸۲۱۱۸۶۷,نقده,naqadeh,home-and-kitchen,home-decor-furniture
۰۹۹۰۴۰۸۱۲۴۷,نقده,naqadeh,home-and-kitchen,home-decor-furniture
۰۹۹۰۴۰۸۱۲۴۷,نقده,naqadeh,home-and-kitchen,home-decor-furniture
۰۹۱۴۸۵۶۳۷۱۲,نقده,naqadeh,home-and-kitchen,home-decor-furniture
۰۹۱۴۶۰۶۹۹۱۴,نقده,naqadeh,home-and-kitchen,home-decor-furniture
۰۹۱۴۵۲۶۹۴۳۱,نقده,naqadeh,home-and-kitchen,home-decor-furniture
۰۹۱۴۲۰۸۶۰۰۵,نقده,naqadeh,home-and-kitchen,home-decor-furniture
۰۹۱۴۸۱۸۸۵۹۰,نقده,naqadeh,home-and-kitchen,home-decor-furniture
۰۹۱۴۸۸۵۷۳۸۳,نقده,naqadeh,home-and-kitchen,home-decor-furniture
۰۹۱۴۶۲۳۱۲۱۴,نقده,naqadeh,home-and-kitchen,home-decor-furniture
۰۹۳۵۹۱۵۷۲۶۵,نقده,naqadeh,home-and-kitchen,home-decor-furniture
۰۹۱۴۴۴۸۸۷۱۴,نقده,naqadeh,home-and-kitchen,home-decor-furniture
۰۹۱۴۴۴۰۸۲۹۹,نقده,naqadeh,home-and-kitchen,home-decor-furniture
۰۹۱۰۴۱۶۱۴۶۱,نقده,naqadeh,home-and-kitchen,home-decor-furniture
۰۹۳۵۰۸۴۵۱۷۰,نقده,naqadeh,home-and-kitchen,home-decor-furniture
۰۹۳۷۵۱۴۳۶۶۱,نقده,naqadeh,home-and-kitchen,home-decor-furniture
۰۹۱۴۹۳۹۰۲۸۲,نقده,naqadeh,home-and-kitchen,home-decor-furniture
۰۹۱۴۹۴۵۹۳۵۶,نقده,naqadeh,home-and-kitchen,kitchen-appliances
۰۹۰۵۰۱۷۶۲۹۲,نقده,naqadeh,home-and-kitchen,kitchen-appliances
۰۹۱۴۵۶۱۲۵۰۵,نقده,naqadeh,home-and-kitchen,kitchen-appliances
۰۹۱۴۲۷۶۴۸۶۲,نقده,naqadeh,home-and-kitchen,kitchen-appliances
۰۹۹۱۰۴۱۰۰۲۳,نقده,naqadeh,home-and-kitchen,kitchen-appliances
(پنهان‌شده؛ چت کنید),نقده,naqadeh,home-and-kitchen,kitchen-appliances
۰۹۰۱۳۵۱۶۱۴۵,نقده,naqadeh,home-and-kitchen,kitchen-appliances
(پنهان‌شده؛ چت کنید),نقده,naqadeh,home-and-kitchen,kitchen-appliances
۰۹۹۱۸۳۲۲۷۶۷,نقده,naqadeh,home-and-kitchen,kitchen-appliances
۰۹۰۱۴۴۳۲۲۶۵,نقده,naqadeh,home-and-kitchen,home-appliances
۰۹۱۴۹۴۵۸۰۴۱,نقده,naqadeh,home-and-kitchen,home-appliances
۰۹۱۴۸۵۶۳۷۱۲,نقده,naqadeh,home-and-kitchen,home-appliances
۰۹۱۴۷۱۱۴۱۳۸,نقده,naqadeh,home-and-kitchen,home-appliances
۰۹۳۸۸۶۴۸۸۶۳,نقده,naqadeh,home-and-kitchen,building-garden
(پنهان‌شده؛ چت کنید),نقده,naqadeh,home-and-kitchen,building-garden
۰۹۱۴۱۸۸۴۴۸۱,نقده,naqadeh,home-and-kitchen,building-garden
۰۹۱۷۳۳۲۳۱۱۲,نقده,naqadeh,home-and-kitchen,building-garden
۰۹۳۶۳۲۸۲۴۹۳,نقده,naqadeh,home-and-kitchen,building-garden
۰۹۳۷۰۲۷۲۳۲۷,نقده,naqadeh,home-and-kitchen,building-garden
۰۹۱۴۴۸۵۱۲۴۹,نقده,naqadeh,home-and-kitchen,building-garden
۰۹۳۰۵۰۲۵۰۴۸,نقده,naqadeh,home-and-kitchen,building-garden
۰۹۰۲۸۱۹۳۱۲۸,نقده,naqadeh,home-and-kitchen,building-garden
۰۹۳۸۷۰۶۸۴۸۳,نقده,naqadeh,services,vehicles-services
۰۹۱۴۴۴۹۹۷۸۱,نقده,naqadeh,services,catering-services
۰۹۱۴۱۸۸۴۹۶۶,نقده,naqadeh,services,catering-services
۰۹۰۵۴۳۲۹۸۰۷,نقده,naqadeh,services,technology-services
۰۹۳۸۹۵۶۴۸۷۴,نقده,naqadeh,services,technology-services
(پنهان‌شده؛ چت کنید),نقده,naqadeh,services,technology-services
۰۹۰۵۴۳۲۹۸۰۶,نقده,naqadeh,services,technology-services
۰۹۳۸۹۵۶۴۸۷۴,نقده,naqadeh,services,technology-services
۰۹۳۸۹۵۶۴۸۷۴,نقده,naqadeh,services,technology-services
۰۹۰۵۴۳۲۹۸۰۶,نقده,naqadeh,services,technology-services
۰۹۳۸۹۵۶۴۸۷۴,نقده,naqadeh,services,technology-services
۰۹۳۸۹۵۶۴۸۷۴,نقده,naqadeh,services,technology-services
۰۹۰۵۴۳۲۹۸۰۷,نقده,naqadeh,services,technology-services
۰۹۱۴۴۳۹۱۳۷۱,نقده,naqadeh,services,financial-services
۰۹۱۴۴۴۶۵۲۲۶,نقده,naqadeh,services,transport-logistic-services
۰۹۳۷۷۳۷۵۴۷۳,نقده,naqadeh,services,transport-logistic-services
۰۹۳۰۳۷۹۵۰۹۰,نقده,naqadeh,services,transport-logistic-services
۰۹۹۱۸۰۹۸۷۷۹,نقده,naqadeh,services,craft-skill-services
۰۹۱۴۸۲۲۹۸۵۳,نقده,naqadeh,services,craft-skill-services
۰۹۱۴۶۷۳۳۷۶۱,نقده,naqadeh,services,craft-skill-services
۰۹۱۴۷۲۹۵۳۱۷,نقده,naqadeh,services,beauty-services
۰۹۳۶۹۸۹۳۳۶۲,نقده,naqadeh,services,beauty-services
(پنهان‌شده؛ چت کنید),نقده,naqadeh,services,gardening-services
۰۹۱۴۸۳۴۳۳۶۹,نقده,naqadeh,services,gardening-services
۰۹۱۴۹۴۶۵۵۴۷,نقده,naqadeh,services,gardening-services
(پنهان‌شده؛ چت کنید),نقده,naqadeh,services,teaching-services
(پنهان‌شده؛ چت کنید),نقده,naqadeh,services,teaching-services
(پنهان‌شده؛ چت کنید),نقده,naqadeh,services,teaching-services
۰۹۳۰۴۰۹۸۲۳۹,نقده,naqadeh,services,teaching-services
۰۹۲۲۹۵۴۲۵۹۰,نقده,naqadeh,services,teaching-services
۰۹۹۱۱۸۰۵۹۹۳,نقده,naqadeh,personal-goods,apparel
۰۹۳۸۸۹۰۰۹۵۰,نقده,naqadeh,personal-goods,apparel
۰۹۱۴۹۳۷۹۷۲۸,نقده,naqadeh,personal-goods,apparel
۰۹۱۴۹۷۸۸۳۵۰,نقده,naqadeh,personal-goods,apparel
۰۹۰۵۱۷۱۸۲۷۸,نقده,naqadeh,personal-goods,apparel
۰۹۱۴۷۹۹۰۰۹۸,نقده,naqadeh,personal-goods,apparel
۰۹۱۴۷۹۹۰۰۹۸,نقده,naqadeh,personal-goods,apparel
۰۹۱۴۷۹۹۰۰۹۸,نقده,naqadeh,personal-goods,apparel
۰۹۱۴۷۹۹۰۰۹۸,نقده,naqadeh,personal-goods,apparel
۰۹۰۳۸۳۹۳۵۱۰,نقده,naqadeh,personal-goods,apparel
(پنهان‌شده؛ چت کنید),نقده,naqadeh,personal-goods,apparel
۰۹۳۳۱۷۰۰۶۲۶,نقده,naqadeh,personal-goods,apparel
(پنهان‌شده؛ چت کنید),نقده,naqadeh,personal-goods,apparel
۰۹۳۹۷۱۲۱۹۶۲,نقده,naqadeh,personal-goods,apparel
۰۹۳۹۷۱۲۱۹۶۲,نقده,naqadeh,personal-goods,apparel
۰۹۹۱۵۲۸۴۶۸۱,نقده,naqadeh,personal-goods,apparel
۰۹۳۰۶۵۵۶۰۸۱,نقده,naqadeh,personal-goods,apparel
(پنهان‌شده؛ چت کنید),نقده,naqadeh,personal-goods,apparel
۰۹۱۴۲۷۰۶۰۹۷,نقده,naqadeh,personal-goods,apparel
۰۹۳۸۶۸۵۹۲۶۱,نقده,naqadeh,personal-goods,apparel
(پنهان‌شده؛ چت کنید),نقده,naqadeh,personal-goods,apparel
۰۹۰۱۷۴۰۲۳۳۸,نقده,naqadeh,personal-goods,apparel
(پنهان‌شده؛ چت کنید),نقده,naqadeh,personal-goods,apparel
۰۹۱۹۵۳۹۱۲۹۸,نقده,naqadeh,personal-goods,apparel
۰۹۲۲۹۳۴۳۲۶۲,نقده,naqadeh,personal-goods,apparel
۰۹۹۱۷۳۸۵۰۲۹,نقده,naqadeh,personal-goods,apparel
۰۹۱۴۶۰۴۴۷۹۸,نقده,naqadeh,personal-goods,apparel
۰۹۱۴۷۱۱۴۱۳۸,نقده,naqadeh,personal-goods,apparel
۰۹۱۴۸۱۸۸۳۱۹,نقده,naqadeh,personal-goods,apparel
۰۹۳۹۰۲۵۳۸۷۲,نقده,naqadeh,personal-goods,apparel
۰۹۱۹۷۹۷۰۹۹۶,نقده,naqadeh,personal-goods,apparel
۰۹۱۴۷۹۹۰۰۹۸,نقده,naqadeh,personal-goods,apparel
(پنهان‌شده؛ چت کنید),نقده,naqadeh,personal-goods,apparel
(پنهان‌شده؛ چت کنید),نقده,naqadeh,personal-goods,accessories
۰۹۱۴۵۰۹۷۴۹۰,نقده,naqadeh,personal-goods,accessories
۰۹۳۰۸۰۴۹۹۵۴,نقده,naqadeh,personal-goods,accessories
۰۹۳۶۷۳۶۰۳۲۹,نقده,naqadeh,personal-goods,accessories
۰۹۱۴۹۳۷۰۵۵۳,نقده,naqadeh,personal-goods,accessories
۰۹۱۴۴۴۳۱۶۱۴,نقده,naqadeh,personal-goods,accessories
۰۹۳۳۶۰۱۸۱۶۱,نقده,naqadeh,personal-goods,accessories
۰۹۳۸۴۰۰۵۴۹۰,نقده,naqadeh,personal-goods,beauty-and-personal-care
۰۹۳۸۶۱۵۴۷۸۹,نقده,naqadeh,personal-goods,beauty-and-personal-care
۰۹۰۵۱۷۱۸۲۷۸,نقده,naqadeh,personal-goods,child-apparel
(پنهان‌شده؛ چت کنید),نقده,naqadeh,personal-goods,child-apparel
۰۹۱۰۴۴۱۰۷۸۶,نقده,naqadeh,personal-goods,child-apparel
۰۹۱۴۱۸۸۲۴۷۵,نقده,naqadeh,personal-goods,child-apparel
۰۹۱۴۷۷۴۶۸۳۳,نقده,naqadeh,personal-goods,child-products
۰۹۳۷۴۰۵۶۹۵۵,نقده,naqadeh,personal-goods,child-products
۰۹۱۴۳۴۹۸۱۶۸,نقده,naqadeh,personal-goods,child-products
۰۹۳۸۸۶۴۸۸۶۳,نقده,naqadeh,personal-goods,child-products
۰۹۱۴۴۴۵۰۹۶۴,نقده,naqadeh,personal-goods,child-products
۰۹۱۴۴۴۰۰۲۰۰,نقده,naqadeh,personal-goods,child-products
۰۹۱۸۷۲۸۷۱۹۶,نقده,naqadeh,personal-goods,child-products
۰۹۳۵۷۰۴۵۴۸۴,نقده,naqadeh,personal-goods,child-products
۰۹۳۵۷۰۴۵۴۸۴,نقده,naqadeh,personal-goods,child-products
۰۹۳۵۷۰۴۵۴۸۴,نقده,naqadeh,personal-goods,child-products
۰۹۳۵۷۰۴۵۴۸۴,نقده,naqadeh,personal-goods,child-products
(پنهان‌شده؛ چت کنید),نقده,naqadeh,personal-goods,stationery
۰۹۹۰۴۰۸۱۲۴۷,نقده,naqadeh,personal-goods,stationery
۰۹۹۰۴۰۸۱۲۴۷,نقده,naqadeh,personal-goods,stationery
(پنهان‌شده؛ چت کنید),نقده,naqadeh,personal-goods,stationery
(پنهان‌شده؛ چت کنید),نقده,naqadeh,entertainment,ticket
۰۹۳۹۱۴۱۱۳۵۱,نقده,naqadeh,entertainment,tours
۰۹۱۴۷۷۴۶۸۳۳,نقده,naqadeh,entertainment,publication
۰۹۱۴۲۰۶۳۸۸۹,نقده,naqadeh,entertainment,publication
۰۹۳۸۳۳۹۷۲۰۷,نقده,naqadeh,entertainment,publication
۰۹۹۱۴۰۳۷۵۸۷,نقده,naqadeh,entertainment,publication
۰۹۰۳۹۵۷۸۴۹۲,نقده,naqadeh,entertainment,publication
۰۹۳۸۴۱۶۳۵۱۲,نقده,naqadeh,entertainment,publication
(پنهان‌شده؛ چت کنید),نقده,naqadeh,entertainment,bike-skate-scooter
۰۹۰۱۰۲۷۸۷۰۴,نقده,naqadeh,entertainment,bike-skate-scooter
۰۹۹۱۰۱۶۹۶۳۷,نقده,naqadeh,entertainment,bike-skate-scooter
۰۹۱۴۴۴۳۰۳۲۱,نقده,naqadeh,entertainment,pets-animals
۰۹۱۴۵۴۰۸۰۸۶,نقده,naqadeh,entertainment,pets-animals
۰۹۹۱۴۷۰۳۰۵۷,نقده,naqadeh,entertainment,pets-animals
۰۹۹۱۸۰۶۸۶۹۰,نقده,naqadeh,entertainment,pets-animals
۰۹۰۵۷۰۲۷۶۳۶,نقده,naqadeh,entertainment,pets-animals
۰۹۱۹۰۱۸۵۵۰۹,نقده,naqadeh,entertainment,pets-animals
۰۹۱۴۵۰۷۱۴۲۴,نقده,naqadeh,entertainment,pets-animals
۰۹۰۱۷۴۰۵۶۱۱,نقده,naqadeh,entertainment,pets-animals
۰۹۱۹۰۲۳۲۶۸۵,نقده,naqadeh,entertainment,pets-animals
۰۹۳۷۲۶۶۲۰۲۷,نقده,naqadeh,entertainment,pets-animals
۰۹۱۴۸۵۵۷۰۵۵,نقده,naqadeh,entertainment,pets-animals
۰۹۳۰۷۵۷۹۶۴۵,نقده,naqadeh,entertainment,pets-animals
۰۹۳۵۸۴۵۳۲۸۰,نقده,naqadeh,entertainment,pets-animals
۰۹۱۴۸۳۵۰۲۰۹,نقده,naqadeh,entertainment,pets-animals
۰۹۰۱۵۴۷۳۰۲۵,نقده,naqadeh,entertainment,pets-animals
۰۹۳۵۹۵۷۷۰۸۸,نقده,naqadeh,entertainment,pets-animals
۰۹۱۴۵۴۸۱۳۶۲,نقده,naqadeh,entertainment,pets-animals
۰۹۱۴۷۲۶۲۷۲۹,نقده,naqadeh,entertainment,pets-animals
۰۹۱۴۷۲۶۲۷۲۹,نقده,naqadeh,entertainment,pets-animals
(پنهان‌شده؛ چت کنید),نقده,naqadeh,entertainment,pets-animals
۰۹۱۹۶۸۵۵۲۳۹,نقده,naqadeh,entertainment,pets-animals
۰۹۱۹۶۸۵۵۲۳۹,نقده,naqadeh,entertainment,pets-animals
۰۹۹۰۱۷۴۲۵۳۵,نقده,naqadeh,entertainment,pets-animals
۰۹۳۶۲۵۰۷۸۷۰,نقده,naqadeh,entertainment,pets-animals
۰۹۱۴۸۸۵۵۶۹۷,نقده,naqadeh,entertainment,pets-animals
۰۹۱۰۴۲۸۸۷۲۰,نقده,naqadeh,entertainment,pets-animals
۰۹۳۶۲۵۰۷۸۷۰,نقده,naqadeh,entertainment,pets-animals
(پنهان‌شده؛ چت کنید),نقده,naqadeh,entertainment,pets-animals
۰۹۰۱۶۴۰۹۴۷۳,نقده,naqadeh,entertainment,pets-animals
(پنهان‌شده؛ چت کنید),نقده,naqadeh,entertainment,pets-animals
۰۹۳۸۹۸۳۵۶۵۷,نقده,naqadeh,entertainment,pets-animals
۰۹۱۴۹۴۶۵۰۶۹,نقده,naqadeh,entertainment,pets-animals
۰۹۹۱۸۷۶۹۹۰۱,نقده,naqadeh,entertainment,pets-animals
۰۹۳۶۰۷۳۹۳۱۹,نقده,naqadeh,entertainment,pets-animals
۰۹۳۷۸۳۷۸۱۵۷,نقده,naqadeh,entertainment,pets-animals
۰۹۳۶۳۴۳۶۹۵۵,نقده,naqadeh,entertainment,pets-animals
۰۹۱۴۸۱۸۸۵۰۲,نقده,naqadeh,entertainment,collecting
(پنهان‌شده؛ چت کنید),نقده,naqadeh,entertainment,musical-instruments
۰۹۱۴۵۵۴۹۷۶۴,نقده,naqadeh,entertainment,musical-instruments
۰۹۱۴۶۷۳۳۷۶۱,نقده,naqadeh,entertainment,musical-instruments
۰۹۱۴۳۴۴۲۲۵۷,نقده,naqadeh,entertainment,musical-instruments
۰۹۳۰۷۵۷۹۷۰۷,نقده,naqadeh,entertainment,sport-entertainment
۰۹۹۰۴۰۸۱۲۴۷,نقده,naqadeh,entertainment,sport-entertainment
(پنهان‌شده؛ چت کنید),نقده,naqadeh,entertainment,sport-entertainment
۰۹۰۱۶۶۸۸۱۵۰,نقده,naqadeh,entertainment,sport-entertainment
۰۹۱۴۹۳۹۰۴۴۸,نقده,naqadeh,entertainment,sport-entertainment
۰۹۹۲۷۷۵۴۷۷۱,نقده,naqadeh,social-services,event
۰۹۰۵۶۱۷۷۲۲۹,نقده,naqadeh,social-services,event
۰۹۳۶۴۹۹۸۸۷۴,نقده,naqadeh,social-services,event
(پنهان‌شده؛ چت کنید),نقده,naqadeh,social-services,voluntary
۰۹۱۴۴۴۸۸۶۳۶,نقده,naqadeh,social-services,missing
۰۹۱۰۴۱۹۳۰۴۸,نقده,naqadeh,social-services,missing
۰۹۲۲۷۲۹۵۳۸۴,نقده,naqadeh,social-services,missing
۰۹۱۴۴۴۹۱۴۵۲,نقده,naqadeh,businesses,business-equipment
۰۹۹۱۸۰۶۸۳۷۶,نقده,naqadeh,businesses,business-equipment
۰۹۳۹۷۹۵۵۱۱۸,نقده,naqadeh,businesses,business-equipment
۰۹۱۴۴۴۱۰۷۴۴,نقده,naqadeh,businesses,business-equipment
۰۹۱۴۷۲۹۵۳۱۷,نقده,naqadeh,businesses,business-equipment
۰۹۳۵۳۵۰۳۴۳۴,نقده,naqadeh,businesses,business-equipment
۰۹۳۷۳۵۱۶۴۱۴,نقده,naqadeh,businesses,business-equipment
۰۹۱۴۴۴۷۲۰۵۷,نقده,naqadeh,businesses,business-equipment
۰۹۳۰۰۵۰۲۹۱۸,نقده,naqadeh,businesses,business-equipment
۰۹۱۴۵۲۲۲۲۰۲,نقده,naqadeh,businesses,business-equipment
۰۹۳۸۷۴۵۳۵۷۱,نقده,naqadeh,businesses,business-equipment
۰۹۳۶۰۱۵۱۲۵۴,نقده,naqadeh,businesses,business-equipment
۰۹۱۴۶۰۳۹۶۹۹,نقده,naqadeh,businesses,business-equipment
۰۹۰۳۵۲۴۸۱۵۳,نقده,naqadeh,businesses,business-equipment
۰۹۱۱۶۷۳۵۴۲۹,نقده,naqadeh,businesses,business-equipment
۰۹۱۹۶۴۰۶۱۳۶,نقده,naqadeh,businesses,business-equipment
۰۹۰۲۰۵۵۲۳۰۷,نقده,naqadeh,businesses,business-equipment
۰۹۹۲۴۷۳۷۷۲۱,نقده,naqadeh,businesses,business-equipment
۰۹۱۴۲۰۸۰۶۰۴,نقده,naqadeh,businesses,business-equipment
۰۹۳۷۱۶۰۳۵۷۶,نقده,naqadeh,businesses,business-equipment
۰۹۱۴۹۴۵۸۹۹۶,نقده,naqadeh,businesses,business-equipment
۰۹۱۴۱۸۸۴۶۹۷,نقده,naqadeh,businesses,business-equipment
۰۹۱۴۴۴۳۷۲۴۹,نقده,naqadeh,businesses,business-equipment
۰۹۱۴۹۴۵۶۱۲۶,نقده,naqadeh,businesses,business-equipment
۰۹۱۴۹۴۵۶۱۲۶,نقده,naqadeh,businesses,business-equipment
۰۹۳۸۷۹۳۱۰۸۴,نقده,naqadeh,businesses,business-equipment
۰۹۳۸۷۹۳۱۰۸۴,نقده,naqadeh,businesses,business-equipment
۰۹۱۴۴۴۰۰۲۰۰,نقده,naqadeh,businesses,business-equipment
۰۹۰۱۰۸۷۸۹۲۸,نقده,naqadeh,businesses,business-equipment
۰۹۹۲۴۹۱۰۹۸۳,نقده,naqadeh,businesses,business-equipment
۰۹۳۸۱۸۴۲۹۰۶,نقده,naqadeh,businesses,business-equipment
۰۹۱۴۱۴۹۰۶۸۶,نقده,naqadeh,businesses,business-equipment
۰۹۱۴۳۸۹۱۳۸۴,نقده,naqadeh,businesses,business-equipment
(پنهان‌شده؛ چت کنید),نقده,naqadeh,businesses,wholesale
۰۹۳۸۴۲۹۱۵۳۹,نقده,naqadeh,businesses,wholesale
(پنهان‌شده؛ چت کنید),نقده,naqadeh,businesses,wholesale
۰۹۹۰۳۷۵۰۷۸۷,نقده,naqadeh,businesses,wholesale
۰۹۳۹۶۰۰۸۲۱۳,نقده,naqadeh,businesses,wholesale
۰۹۱۴۲۰۷۹۷۴۳,نقده,naqadeh,businesses,wholesale
۰۹۱۴۹۷۹۹۸۳۶,نقده,naqadeh,businesses,wholesale
۰۹۱۴۱۸۸۲۴۷۵,نقده,naqadeh,businesses,wholesale
۰۹۱۴۱۸۸۲۴۷۵,نقده,naqadeh,businesses,wholesale
۰۹۱۴۸۵۶۳۷۱۲,نقده,naqadeh,businesses,wholesale
(پنهان‌شده؛ چت کنید),نقده,naqadeh,businesses,wholesale
۰۹۹۰۳۷۵۰۷۸۷,نقده,naqadeh,businesses,wholesale
۰۹۹۱۵۲۸۴۷۰۳,نقده,naqadeh,businesses,wholesale
۰۹۰۱۹۷۳۹۷۷۶,نقده,naqadeh,businesses,wholesale
۰۹۹۱۵۲۸۴۶۸۹,نقده,naqadeh,businesses,wholesale
۰۹۰۵۶۴۸۳۸۹۹,نقده,naqadeh,businesses,wholesale
۰۹۱۴۹۳۹۷۰۷۲,نقده,naqadeh,businesses,wholesale
۰۹۹۰۴۴۸۴۱۹۵,نقده,naqadeh,businesses,wholesale
۰۹۱۴۹۷۳۶۷۸۵,نقده,naqadeh,businesses,wholesale
۰۹۹۱۸۹۳۱۴۵۹,نقده,naqadeh,businesses,wholesale
۰۹۱۴۹۰۸۶۷۱۳,نقده,naqadeh,businesses,wholesale
۰۹۲۲۹۳۴۳۲۵۸,نقده,naqadeh,businesses,wholesale
۰۹۳۶۲۸۵۶۰۷۲,نقده,naqadeh,businesses,wholesale
۰۹۱۲۵۸۴۹۵۶۰,نقده,naqadeh,businesses,wholesale
۰۹۳۶۲۰۸۳۸۷۱,نقده,naqadeh,businesses,wholesale
۰۹۱۶۸۵۸۱۱۳۵,نقده,naqadeh,businesses,wholesale
۰۹۱۷۹۴۰۵۴۹۴,نقده,naqadeh,businesses,wholesale
۰۹۱۴۱۴۹۰۶۸۶,نقده,naqadeh,businesses,wholesale
۰۹۰۱۹۷۱۷۵۰۹,نقده,naqadeh,businesses,wholesale
۰۹۱۴۹۷۴۹۲۳۰,نقده,naqadeh,businesses,wholesale
