۰۹۱۲۲۴۶۹۰۶۵,نسیم‌شهر,nasimshahr,jobs,administrative-jobs
۰۹۱۲۵۷۵۸۰۶۳,نسیم‌شهر,nasimshahr,jobs,administrative-jobs
۰۹۱۲۹۶۳۴۴۹۵,نسیم‌شهر,nasimshahr,jobs,janitorial-jobs
(پنهان‌شده؛ چت کنید),نسیم‌شهر,nasimshahr,jobs,service-jobs
۰۹۳۶۱۶۰۱۹۲۵,نسیم‌شهر,nasimshahr,jobs,service-jobs
۰۹۱۲۳۹۱۰۴۹۴,نسیم‌شهر,nasimshahr,jobs,it-computer-jobs
۰۹۱۳۹۲۵۷۱۲۸,نسیم‌شهر,nasimshahr,jobs,finance-legal-jobs
۰۹۱۲۵۴۶۱۸۰۵,نسیم‌شهر,nasimshahr,jobs,marketing-jobs
۰۹۱۲۱۱۴۱۴۴۱,نسیم‌شهر,nasimshahr,jobs,marketing-jobs
۰۹۰۵۰۱۵۲۲۴۴,نسیم‌شهر,nasimshahr,jobs,marketing-jobs
۰۹۱۲۱۰۲۰۶۷۲,نسیم‌شهر,nasimshahr,jobs,marketing-jobs
۰۹۱۲۱۹۶۶۱۸۷,نسیم‌شهر,nasimshahr,jobs,marketing-jobs
۰۹۱۰۵۷۶۵۶۰۸,نسیم‌شهر,nasimshahr,jobs,technical-jobs
۰۹۱۲۰۱۷۵۰۴۸,نسیم‌شهر,nasimshahr,jobs,technical-jobs
۰۹۱۲۷۶۳۶۸۴۹,نسیم‌شهر,nasimshahr,jobs,technical-jobs
۰۹۱۲۰۱۷۵۰۴۸,نسیم‌شهر,nasimshahr,jobs,technical-jobs
۰۹۱۹۳۶۲۸۰۵۳,نسیم‌شهر,nasimshahr,jobs,technical-jobs
۰۹۱۲۵۷۵۸۰۶۳,نسیم‌شهر,nasimshahr,jobs,technical-jobs
۰۹۱۲۰۷۱۴۷۰۶,نسیم‌شهر,nasimshahr,jobs,technical-jobs
۰۹۱۹۰۴۸۴۱۷۸,نسیم‌شهر,nasimshahr,jobs,teaching-jobs
۰۹۱۹۰۱۸۹۲۱۸,نسیم‌شهر,nasimshahr,jobs,transport-delivery-jobs
۰۹۲۱۴۸۴۷۹۴۷,نسیم‌شهر,nasimshahr,jobs,transport-delivery-jobs
۰۹۱۲۵۰۲۵۰۱۲,نسیم‌شهر,nasimshahr,jobs,health-beauty-jobs
۰۹۲۲۶۵۹۵۶۹۴,نسیم‌شهر,nasimshahr,jobs,health-beauty-jobs
۰۹۱۲۲۹۵۰۵۱۰,نسیم‌شهر,nasimshahr,real-estate,buy-residential
۰۹۱۹۵۴۰۴۳۷۶,نسیم‌شهر,nasimshahr,real-estate,buy-residential
۰۹۱۲۵۸۳۳۱۴۰,نسیم‌شهر,nasimshahr,real-estate,buy-residential
۰۹۱۲۵۲۶۱۵۸۲,نسیم‌شهر,nasimshahr,real-estate,buy-residential
۰۹۱۲۷۰۷۱۹۱۴,نسیم‌شهر,nasimshahr,real-estate,buy-residential
۰۹۱۲۵۲۸۰۵۷۶,نسیم‌شهر,nasimshahr,real-estate,buy-residential
۰۹۱۲۵۲۸۰۵۷۶,نسیم‌شهر,nasimshahr,real-estate,buy-residential
۰۹۳۵۷۵۷۰۹۸۸,نسیم‌شهر,nasimshahr,real-estate,buy-residential
۰۹۱۲۶۱۴۱۵۷۷,نسیم‌شهر,nasimshahr,real-estate,buy-residential
۰۹۱۹۹۷۴۷۹۳۷,نسیم‌شهر,nasimshahr,real-estate,buy-residential
۰۹۰۳۳۸۶۱۳۷۲,نسیم‌شهر,nasimshahr,real-estate,buy-residential
۰۹۱۲۳۴۶۷۰۲۹,نسیم‌شهر,nasimshahr,real-estate,buy-residential
۰۹۱۹۳۷۷۶۵۸۵,نسیم‌شهر,nasimshahr,real-estate,buy-residential
۰۹۱۹۸۱۶۸۲۳۴,نسیم‌شهر,nasimshahr,real-estate,buy-residential
۰۹۳۶۵۸۵۹۳۹۰,نسیم‌شهر,nasimshahr,real-estate,buy-residential
۰۹۱۲۴۷۱۵۱۳۷,نسیم‌شهر,nasimshahr,real-estate,buy-residential
۰۹۱۲۶۲۸۵۰۹۶,نسیم‌شهر,nasimshahr,real-estate,buy-residential
۰۹۳۷۸۲۲۳۵۳۱,نسیم‌شهر,nasimshahr,real-estate,buy-residential
۰۹۱۲۰۲۲۸۳۷۷,نسیم‌شهر,nasimshahr,real-estate,buy-residential
۰۹۲۲۲۵۴۷۸۸۳,نسیم‌شهر,nasimshahr,real-estate,buy-residential
۰۹۱۲۹۵۲۸۷۱۸,نسیم‌شهر,nasimshahr,real-estate,buy-residential
۰۹۰۲۳۲۱۲۵۴۲,نسیم‌شهر,nasimshahr,real-estate,buy-residential
۰۹۳۵۶۳۳۶۳۳۰,نسیم‌شهر,nasimshahr,real-estate,buy-residential
۰۹۳۵۷۵۷۰۹۸۸,نسیم‌شهر,nasimshahr,real-estate,buy-residential
۰۹۳۶۹۱۰۴۸۷۰,نسیم‌شهر,nasimshahr,real-estate,buy-residential
۰۹۳۵۶۳۳۶۳۳۰,نسیم‌شهر,nasimshahr,real-estate,buy-residential
۰۹۱۹۳۳۵۸۳۵۵,نسیم‌شهر,nasimshahr,real-estate,buy-residential
۰۹۳۷۱۷۱۲۷۲۴,نسیم‌شهر,nasimshahr,real-estate,buy-residential
۰۹۱۹۷۵۴۹۴۵۵,نسیم‌شهر,nasimshahr,real-estate,buy-residential
۰۹۳۹۳۱۰۸۳۶۷,نسیم‌شهر,nasimshahr,real-estate,buy-residential
۰۹۱۲۸۷۰۶۴۷۱,نسیم‌شهر,nasimshahr,real-estate,buy-residential
۰۹۱۹۱۲۸۵۹۰۳,نسیم‌شهر,nasimshahr,real-estate,buy-residential
۰۹۱۹۲۳۶۹۰۴۵,نسیم‌شهر,nasimshahr,real-estate,buy-residential
۰۹۱۹۴۰۶۳۲۷۳,نسیم‌شهر,nasimshahr,real-estate,buy-residential
۰۹۲۲۵۶۰۹۱۰۱,نسیم‌شهر,nasimshahr,real-estate,buy-residential
۰۹۱۹۶۳۱۸۷۳۱,نسیم‌شهر,nasimshahr,real-estate,buy-residential
۰۹۹۰۲۳۸۲۵۴۰,نسیم‌شهر,nasimshahr,real-estate,buy-residential
۰۹۳۵۳۱۳۴۶۳۱,نسیم‌شهر,nasimshahr,real-estate,buy-residential
۰۹۱۹۳۱۲۵۰۳۹,نسیم‌شهر,nasimshahr,real-estate,buy-residential
۰۹۱۹۳۱۱۴۶۶۹,نسیم‌شهر,nasimshahr,real-estate,buy-residential
۰۹۳۵۷۵۸۷۱۶۶,نسیم‌شهر,nasimshahr,real-estate,buy-residential
۰۹۳۸۸۸۵۳۱۸۴,نسیم‌شهر,nasimshahr,real-estate,buy-residential
۰۹۱۲۳۳۷۵۲۸۰,نسیم‌شهر,nasimshahr,real-estate,buy-residential
۰۹۳۶۹۵۰۷۳۱۰,نسیم‌شهر,nasimshahr,real-estate,buy-residential
۰۹۲۱۳۷۵۴۱۳۷,نسیم‌شهر,nasimshahr,real-estate,buy-residential
۰۹۱۹۹۶۵۹۷۳۸,نسیم‌شهر,nasimshahr,real-estate,buy-residential
۰۹۱۲۶۱۷۶۵۰۰,نسیم‌شهر,nasimshahr,real-estate,buy-residential
۰۹۱۲۴۸۸۰۴۵۱,نسیم‌شهر,nasimshahr,real-estate,buy-residential
۰۹۱۲۲۰۵۹۵۰۵,نسیم‌شهر,nasimshahr,real-estate,buy-residential
۰۹۱۱۸۸۲۷۵۸۰,نسیم‌شهر,nasimshahr,real-estate,buy-residential
۰۹۱۹۵۹۱۱۸۹۹,نسیم‌شهر,nasimshahr,real-estate,buy-residential
۰۹۱۹۵۹۱۱۸۹۹,نسیم‌شهر,nasimshahr,real-estate,buy-residential
۰۹۱۲۶۸۸۲۱۶۳,نسیم‌شهر,nasimshahr,real-estate,buy-residential
۰۹۳۵۷۵۷۰۹۸۸,نسیم‌شهر,nasimshahr,real-estate,buy-residential
۰۹۱۲۵۰۱۷۳۶۴,نسیم‌شهر,nasimshahr,real-estate,buy-residential
۰۹۰۱۶۰۶۹۱۰۲,نسیم‌شهر,nasimshahr,real-estate,buy-residential
۰۹۱۲۶۷۶۸۳۵۴,نسیم‌شهر,nasimshahr,real-estate,buy-residential
۰۹۳۵۵۵۰۳۰۷۶,نسیم‌شهر,nasimshahr,real-estate,buy-residential
۰۹۳۹۵۵۵۲۰۷۳,نسیم‌شهر,nasimshahr,real-estate,buy-residential
۰۹۳۳۴۷۸۱۹۶۷,نسیم‌شهر,nasimshahr,real-estate,buy-residential
۰۹۳۹۴۰۵۷۴۱۲,نسیم‌شهر,nasimshahr,real-estate,buy-residential
۰۹۱۲۳۳۷۵۲۸۰,نسیم‌شهر,nasimshahr,real-estate,buy-residential
۰۹۱۴۹۳۱۴۹۱۹,نسیم‌شهر,nasimshahr,real-estate,buy-residential
۰۹۱۹۵۹۱۱۸۹۹,نسیم‌شهر,nasimshahr,real-estate,buy-residential
۰۹۱۰۹۶۷۴۹۵۸,نسیم‌شهر,nasimshahr,real-estate,buy-residential
۰۹۱۹۵۹۱۱۸۹۹,نسیم‌شهر,nasimshahr,real-estate,buy-residential
۰۹۳۵۶۸۰۲۶۲۸,نسیم‌شهر,nasimshahr,real-estate,rent-residential
۰۹۰۵۰۵۳۰۹۵۱,نسیم‌شهر,nasimshahr,real-estate,rent-residential
۰۹۱۹۵۹۱۱۸۹۹,نسیم‌شهر,nasimshahr,real-estate,rent-residential
۰۹۰۵۰۵۳۰۹۵۱,نسیم‌شهر,nasimshahr,real-estate,rent-residential
۰۹۳۶۵۸۵۹۳۹۰,نسیم‌شهر,nasimshahr,real-estate,rent-residential
۰۹۱۲۴۲۸۸۶۰۲,نسیم‌شهر,nasimshahr,real-estate,rent-residential
۰۹۱۹۵۷۹۷۴۰۰,نسیم‌شهر,nasimshahr,real-estate,rent-residential
۰۹۰۱۶۷۰۷۰۴۲,نسیم‌شهر,nasimshahr,real-estate,rent-residential
۰۹۱۲۴۲۳۵۵۶۱,نسیم‌شهر,nasimshahr,real-estate,rent-residential
۰۹۳۵۸۸۰۷۸۳۷,نسیم‌شهر,nasimshahr,real-estate,rent-residential
۰۹۱۲۲۷۰۵۲۹۳,نسیم‌شهر,nasimshahr,real-estate,rent-residential
۰۹۱۹۲۱۳۵۴۳۰,نسیم‌شهر,nasimshahr,real-estate,rent-residential
۰۹۰۵۰۵۳۰۹۵۱,نسیم‌شهر,nasimshahr,real-estate,rent-residential
۰۹۱۹۲۹۳۷۰۰۹,نسیم‌شهر,nasimshahr,real-estate,rent-residential
۰۹۱۲۵۲۸۹۱۲۶,نسیم‌شهر,nasimshahr,real-estate,rent-residential
۰۹۳۸۴۲۷۸۱۵۷,نسیم‌شهر,nasimshahr,real-estate,rent-residential
۰۹۱۰۶۸۲۷۳۴۱,نسیم‌شهر,nasimshahr,real-estate,rent-residential
۰۹۳۸۹۷۶۱۸۴۵,نسیم‌شهر,nasimshahr,real-estate,rent-residential
۰۹۲۲۷۴۵۳۸۰۲,نسیم‌شهر,nasimshahr,real-estate,rent-residential
۰۹۱۲۴۴۷۱۶۹۰,نسیم‌شهر,nasimshahr,real-estate,rent-residential
۰۹۱۲۹۳۱۰۳۶۲,نسیم‌شهر,nasimshahr,real-estate,rent-residential
۰۹۲۲۴۲۳۹۴۱۲,نسیم‌شهر,nasimshahr,real-estate,rent-residential
۰۹۱۹۵۹۱۱۸۹۹,نسیم‌شهر,nasimshahr,real-estate,rent-residential
۰۹۱۹۵۹۱۱۸۹۹,نسیم‌شهر,nasimshahr,real-estate,rent-residential
۰۹۱۹۵۹۱۱۸۹۹,نسیم‌شهر,nasimshahr,real-estate,rent-residential
۰۹۱۹۵۹۱۱۸۹۹,نسیم‌شهر,nasimshahr,real-estate,rent-residential
۰۹۱۲۶۳۸۹۲۴۵,نسیم‌شهر,nasimshahr,real-estate,rent-residential
۰۹۱۲۹۵۴۲۶۵۹,نسیم‌شهر,nasimshahr,real-estate,rent-residential
۰۹۱۹۵۹۱۱۸۹۹,نسیم‌شهر,nasimshahr,real-estate,rent-residential
۰۹۱۹۵۹۱۱۸۹۹,نسیم‌شهر,nasimshahr,real-estate,rent-residential
۰۹۱۹۵۹۱۱۸۹۹,نسیم‌شهر,nasimshahr,real-estate,rent-residential
۰۹۱۹۵۹۱۱۸۹۹,نسیم‌شهر,nasimshahr,real-estate,rent-residential
۰۹۱۲۳۰۴۹۰۱۸,نسیم‌شهر,nasimshahr,real-estate,rent-residential
۰۹۱۹۵۹۱۱۸۹۹,نسیم‌شهر,nasimshahr,real-estate,rent-residential
۰۹۱۹۱۲۸۹۹۱۲,نسیم‌شهر,nasimshahr,real-estate,rent-residential
۰۹۱۹۵۹۱۱۸۹۹,نسیم‌شهر,nasimshahr,real-estate,rent-residential
۰۹۳۵۴۰۶۴۸۹۱,نسیم‌شهر,nasimshahr,real-estate,rent-residential
۰۹۱۹۱۲۲۶۵۲۴,نسیم‌شهر,nasimshahr,real-estate,rent-residential
۰۹۳۵۹۱۶۹۴۱۴,نسیم‌شهر,nasimshahr,real-estate,rent-residential
۰۹۲۱۹۳۶۰۶۴۵,نسیم‌شهر,nasimshahr,real-estate,rent-residential
۰۹۱۲۲۷۵۶۳۸۳,نسیم‌شهر,nasimshahr,real-estate,rent-residential
۰۹۱۰۲۶۴۷۷۱۸,نسیم‌شهر,nasimshahr,real-estate,rent-residential
۰۹۱۹۱۲۸۹۹۱۲,نسیم‌شهر,nasimshahr,real-estate,rent-residential
۰۹۱۹۰۶۳۴۷۰۹,نسیم‌شهر,nasimshahr,real-estate,rent-residential
۰۹۱۹۴۹۴۸۴۵۵,نسیم‌شهر,nasimshahr,real-estate,rent-residential
۰۹۱۲۰۵۷۰۰۸۵,نسیم‌شهر,nasimshahr,real-estate,buy-commercial-property
۰۹۱۹۴۰۶۴۲۰۸,نسیم‌شهر,nasimshahr,real-estate,buy-commercial-property
۰۹۱۲۹۲۵۳۰۵۹,نسیم‌شهر,nasimshahr,real-estate,buy-commercial-property
۰۹۲۲۴۱۳۶۱۹۱,نسیم‌شهر,nasimshahr,real-estate,buy-commercial-property
۰۹۱۲۲۷۷۵۰۷۷,نسیم‌شهر,nasimshahr,real-estate,buy-commercial-property
۰۹۱۲۱۴۵۳۵۳۱,نسیم‌شهر,nasimshahr,real-estate,buy-commercial-property
۰۹۱۹۸۰۱۰۳۴۷,نسیم‌شهر,nasimshahr,real-estate,buy-commercial-property
۰۹۱۲۳۹۱۰۴۹۴,نسیم‌شهر,nasimshahr,real-estate,buy-commercial-property
۰۹۳۸۱۷۲۲۰۸۱,نسیم‌شهر,nasimshahr,real-estate,buy-commercial-property
۰۹۱۹۳۳۰۲۲۷۰,نسیم‌شهر,nasimshahr,real-estate,buy-commercial-property
۰۹۱۲۲۳۳۰۹۶۸,نسیم‌شهر,nasimshahr,real-estate,buy-commercial-property
۰۹۲۱۳۲۰۹۹۳۰,نسیم‌شهر,nasimshahr,real-estate,buy-commercial-property
۰۹۰۳۱۴۷۵۱۸۲,نسیم‌شهر,nasimshahr,real-estate,buy-commercial-property
۰۹۱۲۱۲۵۳۷۰۴,نسیم‌شهر,nasimshahr,real-estate,buy-commercial-property
۰۹۲۲۴۱۳۶۱۹۱,نسیم‌شهر,nasimshahr,real-estate,buy-commercial-property
۰۹۳۸۴۷۲۱۰۵۹,نسیم‌شهر,nasimshahr,real-estate,buy-commercial-property
۰۹۱۲۴۵۷۲۲۶۹,نسیم‌شهر,nasimshahr,real-estate,buy-commercial-property
۰۹۹۰۰۰۶۹۵۲۳,نسیم‌شهر,nasimshahr,real-estate,buy-commercial-property
۰۹۳۵۱۴۵۲۷۳۲,نسیم‌شهر,nasimshahr,real-estate,buy-commercial-property
۰۹۳۸۲۶۰۰۳۳۱,نسیم‌شهر,nasimshahr,real-estate,buy-commercial-property
۰۹۱۲۶۰۴۸۹۲۴,نسیم‌شهر,nasimshahr,real-estate,buy-commercial-property
۰۹۱۲۳۹۹۲۳۳۴,نسیم‌شهر,nasimshahr,real-estate,buy-commercial-property
۰۹۱۲۱۵۹۸۴۹۸,نسیم‌شهر,nasimshahr,real-estate,buy-commercial-property
۰۹۳۶۱۵۸۰۶۹۵,نسیم‌شهر,nasimshahr,real-estate,buy-commercial-property
۰۹۲۱۲۰۸۷۸۱۷,نسیم‌شهر,nasimshahr,real-estate,buy-commercial-property
۰۹۳۶۷۷۶۶۱۵۸,نسیم‌شهر,nasimshahr,real-estate,buy-commercial-property
۰۹۰۲۳۹۹۲۳۳۴,نسیم‌شهر,nasimshahr,real-estate,buy-commercial-property
۰۹۱۹۲۲۸۳۸۷۳,نسیم‌شهر,nasimshahr,real-estate,buy-commercial-property
۰۹۱۹۶۸۱۰۹۸۴,نسیم‌شهر,nasimshahr,real-estate,buy-commercial-property
۰۹۲۲۳۶۳۲۹۸۴,نسیم‌شهر,nasimshahr,real-estate,buy-commercial-property
۰۹۱۰۵۳۸۴۵۳۱,نسیم‌شهر,nasimshahr,real-estate,buy-commercial-property
۰۹۱۲۳۶۴۶۱۶۷,نسیم‌شهر,nasimshahr,real-estate,buy-commercial-property
۰۹۱۲۲۰۹۷۶۸۹,نسیم‌شهر,nasimshahr,real-estate,rent-commercial-property
۰۹۳۸۲۷۴۶۳۲۳,نسیم‌شهر,nasimshahr,real-estate,rent-commercial-property
۰۹۱۲۷۹۸۳۷۹۶,نسیم‌شهر,nasimshahr,real-estate,rent-commercial-property
۰۹۱۲۲۷۰۵۲۹۳,نسیم‌شهر,nasimshahr,real-estate,rent-commercial-property
۰۹۲۲۷۰۶۳۱۸۷,نسیم‌شهر,nasimshahr,real-estate,rent-commercial-property
۰۹۱۲۴۶۴۰۷۰۴,نسیم‌شهر,nasimshahr,real-estate,rent-commercial-property
۰۹۱۲۸۵۸۸۷۷۹,نسیم‌شهر,nasimshahr,real-estate,rent-commercial-property
۰۹۹۱۵۷۰۶۸۴۸,نسیم‌شهر,nasimshahr,real-estate,rent-commercial-property
۰۹۳۸۲۴۶۸۹۳۸,نسیم‌شهر,nasimshahr,real-estate,rent-commercial-property
۰۹۲۱۳۲۰۹۹۳۰,نسیم‌شهر,nasimshahr,real-estate,rent-commercial-property
۰۹۰۲۸۶۶۷۳۶۵,نسیم‌شهر,nasimshahr,real-estate,rent-commercial-property
۰۹۱۴۳۵۲۵۱۷۲,نسیم‌شهر,nasimshahr,real-estate,rent-commercial-property
۰۹۱۹۸۰۱۰۳۴۷,نسیم‌شهر,nasimshahr,real-estate,rent-commercial-property
۰۹۳۶۹۵۹۴۹۹۷,نسیم‌شهر,nasimshahr,real-estate,rent-commercial-property
۰۹۱۸۷۰۳۶۸۲۰,نسیم‌شهر,nasimshahr,real-estate,rent-commercial-property
۰۹۱۹۲۹۶۲۱۹۱,نسیم‌شهر,nasimshahr,real-estate,rent-commercial-property
۰۹۰۳۸۷۰۲۵۰۰,نسیم‌شهر,nasimshahr,real-estate,rent-commercial-property
۰۹۳۶۴۳۵۴۰۵۲,نسیم‌شهر,nasimshahr,real-estate,rent-commercial-property
۰۹۱۲۵۱۳۰۱۳۵,نسیم‌شهر,nasimshahr,real-estate,rent-commercial-property
۰۹۱۲۸۵۰۶۸۲۱,نسیم‌شهر,nasimshahr,real-estate,rent-commercial-property
۰۹۱۲۴۸۳۰۵۳۹,نسیم‌شهر,nasimshahr,real-estate,rent-commercial-property
۰۹۱۲۴۲۸xxxx,نسیم‌شهر,nasimshahr,real-estate,real-estate-services
۰۹۳۷۴۲۷۴۸۷۹,نسیم‌شهر,nasimshahr,real-estate,real-estate-services
۰۹۱۹۴۱۱۷۸۵۸,نسیم‌شهر,nasimshahr,real-estate,real-estate-services
۰۹۱۲۶۴۶۸۹۵۳,نسیم‌شهر,nasimshahr,real-estate,real-estate-services
۰۹۱۹۴۳۸۳۴۰۱,نسیم‌شهر,nasimshahr,real-estate,real-estate-services
۰۹۱۰۸۴۸۰۲۰۰,نسیم‌شهر,nasimshahr,real-estate,real-estate-services
۰۹۱۲۳۶۳۲۹۸۴,نسیم‌شهر,nasimshahr,real-estate,real-estate-services
۰۹۱۹۲۹۶۲۱۹۱,نسیم‌شهر,nasimshahr,real-estate,real-estate-services
۰۹۰۲۸۰۳۳۵۸۸,نسیم‌شهر,nasimshahr,real-estate,real-estate-services
۰۹۱۲۵۲۸۹۴۱۹,نسیم‌شهر,nasimshahr,real-estate,real-estate-services
۰۹۱۹۵۴۰۴۳۷۶,نسیم‌شهر,nasimshahr,vehicles,auto
۰۹۱۰۵۹۶۰۷۰۳,نسیم‌شهر,nasimshahr,vehicles,auto
۰۹۱۲۹۱۷۲۱۰۴,نسیم‌شهر,nasimshahr,vehicles,auto
۰۹۱۲۸۰۰۱۷۰۹,نسیم‌شهر,nasimshahr,vehicles,auto
۰۹۳۸۰۴۲۸۸۴۰,نسیم‌شهر,nasimshahr,vehicles,auto
۰۹۱۲۷۱۷۳۸۱۷,نسیم‌شهر,nasimshahr,vehicles,auto
۰۹۰۳۲۴۶۵۴۶۷,نسیم‌شهر,nasimshahr,vehicles,auto
۰۹۳۰۱۴۷۲۲۶۸,نسیم‌شهر,nasimshahr,vehicles,auto
۰۹۳۵۸۸۳۷۴۷۸,نسیم‌شهر,nasimshahr,vehicles,auto
۰۹۳۹۲۰۶۰۲۴۹,نسیم‌شهر,nasimshahr,vehicles,auto
۰۹۳۵۹۳۷۹۵۴۷,نسیم‌شهر,nasimshahr,vehicles,auto
۰۹۱۹۳۳۵۵۵۳۶,نسیم‌شهر,nasimshahr,vehicles,auto
۰۹۱۰۸۶۷۲۵۸۲,نسیم‌شهر,nasimshahr,vehicles,auto
۰۹۱۹۶۹۷۸۸۵۴,نسیم‌شهر,nasimshahr,vehicles,auto
۰۹۹۲۳۸۲۸۵۵۰,نسیم‌شهر,nasimshahr,vehicles,auto
۰۹۳۷۴۹۱۹۸۴۸,نسیم‌شهر,nasimshahr,vehicles,auto
۰۹۳۰۰۱۵۳۲۴۶,نسیم‌شهر,nasimshahr,vehicles,auto
۰۹۱۹۷۱۵۱۴۷۹,نسیم‌شهر,nasimshahr,vehicles,auto
۰۹۳۹۲۰۶۰۲۸۸,نسیم‌شهر,nasimshahr,vehicles,auto
۰۹۳۹۶۹۲۰۲۶۶,نسیم‌شهر,nasimshahr,vehicles,auto
۰۹۳۸۲۱۳۴۲۸۷,نسیم‌شهر,nasimshahr,vehicles,auto
۰۹۱۲۱۹۹۷۵۸۱,نسیم‌شهر,nasimshahr,vehicles,auto
۰۹۱۲۲۹۱۱۲۰۳,نسیم‌شهر,nasimshahr,vehicles,auto
۰۹۳۶۵۰۴۸۹۵۰,نسیم‌شهر,nasimshahr,vehicles,auto
۰۹۳۷۶۹۴۱۶۵۶,نسیم‌شهر,nasimshahr,vehicles,auto
۰۹۱۲۷۶۶۳۷۶۹,نسیم‌شهر,nasimshahr,vehicles,auto
۰۹۳۳۱۰۴۲۵۵۶,نسیم‌شهر,nasimshahr,vehicles,auto
۰۹۲۱۲۱۴۵۹۶۰,نسیم‌شهر,nasimshahr,vehicles,auto
۰۹۱۲۴۲۹۰۹۸۵,نسیم‌شهر,nasimshahr,vehicles,auto
۰۹۱۲۷۱۹۲۸۸۷,نسیم‌شهر,nasimshahr,vehicles,auto
۰۹۱۹۳۵۰۹۳۴۴,نسیم‌شهر,nasimshahr,vehicles,auto
۰۹۱۹۹۳۰۳۴۳۸,نسیم‌شهر,nasimshahr,vehicles,auto
۰۹۳۵۲۲۷۵۶۸۴,نسیم‌شهر,nasimshahr,vehicles,auto
۰۹۳۶۲۳۳۸۳۴۳,نسیم‌شهر,nasimshahr,vehicles,auto
۰۹۳۳۸۶۳۴۰۸۶,نسیم‌شهر,nasimshahr,vehicles,auto
۰۹۳۰۷۵۳۱۲۹۱,نسیم‌شهر,nasimshahr,vehicles,auto
۰۹۳۸۷۴۰۱۳۲۰,نسیم‌شهر,nasimshahr,vehicles,auto
۰۹۱۲۸۴۳۳۱۷۰,نسیم‌شهر,nasimshahr,vehicles,auto
۰۹۳۸۴۹۰۲۲۶۶,نسیم‌شهر,nasimshahr,vehicles,car-accessories
۰۹۳۸۴۹۰۲۲۶۶,نسیم‌شهر,nasimshahr,vehicles,car-accessories
۰۹۱۹۳۱۷۱۴۸۶,نسیم‌شهر,nasimshahr,vehicles,car-accessories
۰۹۳۸۴۹۰۲۲۶۶,نسیم‌شهر,nasimshahr,vehicles,car-accessories
۰۹۱۹۲۳۵۷۸۱۵,نسیم‌شهر,nasimshahr,vehicles,car-accessories
۰۹۱۹۶۸۵۲۰۱۶,نسیم‌شهر,nasimshahr,vehicles,car-accessories
۰۹۱۰۵۹۲۴۰۳۱,نسیم‌شهر,nasimshahr,vehicles,car-accessories
۰۹۹۰۸۰۵۵۰۱۲,نسیم‌شهر,nasimshahr,vehicles,car-accessories
۰۹۱۹۸۲۲۱۳۹۴,نسیم‌شهر,nasimshahr,vehicles,car-accessories
۰۹۱۹۵۲۲۳۹۳۵,نسیم‌شهر,nasimshahr,vehicles,car-accessories
۰۹۲۱۱۹۶۰۲۸۸,نسیم‌شهر,nasimshahr,vehicles,car-accessories
۰۹۳۸۴۷۹۵۴۷۵,نسیم‌شهر,nasimshahr,vehicles,car-accessories
۰۹۱۹۷۹۵۵۲۳۰,نسیم‌شهر,nasimshahr,vehicles,car-accessories
۰۹۱۲۹۵۴۲۶۵۹,نسیم‌شهر,nasimshahr,vehicles,car-accessories
۰۹۳۸۳۴۶۶۲۹۹,نسیم‌شهر,nasimshahr,vehicles,car-accessories
۰۹۳۶۱۴۲۴۹۳۷,نسیم‌شهر,nasimshahr,vehicles,car-accessories
۰۹۳۸۷۷۹۱۵۰۲,نسیم‌شهر,nasimshahr,vehicles,car-accessories
۰۹۳۷۷۶۳۲۵۴۷,نسیم‌شهر,nasimshahr,vehicles,car-accessories
۰۹۳۷۷۶۳۲۵۴۷,نسیم‌شهر,nasimshahr,vehicles,car-accessories
۰۹۱۹۵۷۸۱۷۸۴,نسیم‌شهر,nasimshahr,vehicles,car-accessories
۰۹۱۰۹۹۴۹۰۲۰,نسیم‌شهر,nasimshahr,vehicles,car-accessories
۰۹۱۰۸۸۸۶۸۰۹,نسیم‌شهر,nasimshahr,vehicles,car-accessories
۰۹۱۲۳۰۲۱۴۸۸,نسیم‌شهر,nasimshahr,vehicles,car-accessories
۰۹۳۶۸۲۰۷۹۸۹,نسیم‌شهر,nasimshahr,vehicles,car-accessories
۰۹۲۲۳۷۴۹۷۶۰,نسیم‌شهر,nasimshahr,vehicles,car-accessories
۰۹۳۵۳۰۴۵۲۵۹,نسیم‌شهر,nasimshahr,vehicles,car-accessories
۰۹۳۷۹۵۳۲۲۱۵,نسیم‌شهر,nasimshahr,vehicles,car-accessories
۰۹۱۲۷۳۹۵۹۳۱,نسیم‌شهر,nasimshahr,vehicles,car-accessories
۰۹۱۲۹۲۶۴۴۹۴,نسیم‌شهر,nasimshahr,vehicles,car-accessories
۰۹۳۰۴۳۴۱۹۴۱,نسیم‌شهر,nasimshahr,vehicles,car-accessories
۰۹۳۵۳۰۶۰۵۶۹,نسیم‌شهر,nasimshahr,vehicles,car-accessories
۰۹۱۲۶۲۷۷۴۵۴,نسیم‌شهر,nasimshahr,vehicles,car-accessories
۰۹۳۵۸۱۶۰۷۴۵,نسیم‌شهر,nasimshahr,vehicles,car-accessories
۰۹۳۳۲۹۰۲۱۰۵,نسیم‌شهر,nasimshahr,vehicles,car-accessories
۰۹۳۹۱۰۹۹۹۲۹,نسیم‌شهر,nasimshahr,vehicles,car-accessories
۰۹۱۲۴۰۲۲۸۴۶,نسیم‌شهر,nasimshahr,vehicles,car-accessories
۰۹۰۳۰۸۴۹۴۱۵,نسیم‌شهر,nasimshahr,vehicles,car-accessories
۰۹۰۳۱۸۰۶۵۲۰,نسیم‌شهر,nasimshahr,vehicles,car-accessories
۰۹۲۱۲۳۹۰۱۱۵,نسیم‌شهر,nasimshahr,vehicles,car-accessories
۰۹۳۶۲۳۱۱۹۲۲,نسیم‌شهر,nasimshahr,vehicles,car-accessories
۰۹۰۵۶۹۰۱۸۵۹,نسیم‌شهر,nasimshahr,vehicles,car-accessories
۰۹۳۶۸۱۲۲۴۱۲,نسیم‌شهر,nasimshahr,vehicles,car-accessories
۰۹۳۰۸۰۰۴۵۰۶,نسیم‌شهر,nasimshahr,vehicles,car-accessories
۰۹۱۲۰۳۶۹۱۷۵,نسیم‌شهر,nasimshahr,vehicles,car-accessories
۰۹۱۱۸۸۲۷۵۸۰,نسیم‌شهر,nasimshahr,vehicles,car-accessories
۰۹۱۴۲۹۰۴۳۸۹,نسیم‌شهر,nasimshahr,vehicles,car-accessories
۰۹۳۵۷۵۸۵۶۴۳,نسیم‌شهر,nasimshahr,vehicles,car-accessories
۰۹۹۰۴۶۴۴۴۵۲,نسیم‌شهر,nasimshahr,vehicles,car-accessories
۰۹۳۷۶۵۹۷۴۰۷,نسیم‌شهر,nasimshahr,vehicles,car-accessories
۰۹۱۲۸۴۳۰۴۸۶,نسیم‌شهر,nasimshahr,vehicles,car-accessories
۰۹۳۷۳۶۰۲۴۸۷,نسیم‌شهر,nasimshahr,vehicles,car-accessories
۰۹۳۷۱۲۴۵۸۶۴,نسیم‌شهر,nasimshahr,vehicles,car-accessories
۰۹۹۰۰۱۹۲۳۱۳,نسیم‌شهر,nasimshahr,vehicles,car-accessories
۰۹۳۵۴۷۷۳۵۴۹,نسیم‌شهر,nasimshahr,vehicles,car-accessories
۰۹۳۳۹۰۴۰۷۷۱,نسیم‌شهر,nasimshahr,vehicles,car-accessories
۰۹۳۹۱۲۸۷۹۴۰,نسیم‌شهر,nasimshahr,vehicles,car-accessories
۰۹۳۹۲۴۳۶۴۶۲,نسیم‌شهر,nasimshahr,vehicles,car-accessories
۰۹۳۶۱۰۲۲۰۸۵,نسیم‌شهر,nasimshahr,vehicles,car-accessories
۰۹۳۷۸۸۶۱۲۴۲,نسیم‌شهر,nasimshahr,vehicles,car-accessories
۰۹۱۹۲۶۶۷۷۳۲,نسیم‌شهر,nasimshahr,vehicles,car-accessories
۰۹۱۲۳۸۸۲۱۳۵,نسیم‌شهر,nasimshahr,vehicles,car-accessories
۰۹۳۹۸۱۸۰۳۷۲,نسیم‌شهر,nasimshahr,vehicles,car-accessories
۰۹۳۶۴۱۰۴۴۱۴,نسیم‌شهر,nasimshahr,vehicles,car-accessories
۰۹۱۲۵۱۱۳۵۶۰,نسیم‌شهر,nasimshahr,vehicles,motorcycles
۰۹۳۳۶۰۵۵۶۳۵,نسیم‌شهر,nasimshahr,vehicles,motorcycles
۰۹۱۹۲۵۷۰۲۱۸,نسیم‌شهر,nasimshahr,vehicles,motorcycles
۰۹۳۸۳۴۳۰۹۴۴,نسیم‌شهر,nasimshahr,vehicles,motorcycles
۰۹۱۰۲۲۳۳۹۵۰,نسیم‌شهر,nasimshahr,vehicles,motorcycles
۰۹۱۴۶۹۹۲۷۸۰,نسیم‌شهر,nasimshahr,vehicles,motorcycles
۰۹۰۳۹۰۶۶۰۴۴,نسیم‌شهر,nasimshahr,vehicles,motorcycles
۰۹۳۷۲۲۷۶۲۵۰,نسیم‌شهر,nasimshahr,vehicles,motorcycles
۰۹۰۱۴۳۵۸۵۹۳,نسیم‌شهر,nasimshahr,vehicles,motorcycles
۰۹۲۲۰۱۳۲۰۲۳,نسیم‌شهر,nasimshahr,vehicles,motorcycles
۰۹۲۱۲۰۲۲۶۷۹,نسیم‌شهر,nasimshahr,vehicles,motorcycles
۰۹۳۰۲۳۵۳۲۵۸,نسیم‌شهر,nasimshahr,vehicles,motorcycles
۰۹۳۹۱۷۶۶۰۴۷,نسیم‌شهر,nasimshahr,vehicles,motorcycles
۰۹۹۰۱۲۵۶۲۰۶,نسیم‌شهر,nasimshahr,vehicles,motorcycles
۰۹۱۴۶۹۹۲۷۸۰,نسیم‌شهر,nasimshahr,vehicles,motorcycles
۰۹۱۹۷۶۹۸۵۷۳,نسیم‌شهر,nasimshahr,vehicles,motorcycles
۰۹۹۰۹۷۷۱۸۷۶,نسیم‌شهر,nasimshahr,vehicles,motorcycles
۰۹۱۲۵۷۷۷۴۶۳,نسیم‌شهر,nasimshahr,vehicles,motorcycles
۰۹۱۸۵۹۴۳۰۱۶,نسیم‌شهر,nasimshahr,vehicles,motorcycles
۰۹۳۷۳۴۳۰۶۳۰,نسیم‌شهر,nasimshahr,vehicles,motorcycles
۰۹۳۹۱۰۸۳۹۰۸,نسیم‌شهر,nasimshahr,vehicles,motorcycles
۰۹۹۰۰۶۳۹۳۵۷,نسیم‌شهر,nasimshahr,vehicles,motorcycles
۰۹۲۲۶۵۸۹۴۰۷,نسیم‌شهر,nasimshahr,vehicles,motorcycles
۰۹۰۲۹۵۹۰۷۵۴,نسیم‌شهر,nasimshahr,vehicles,motorcycles
۰۹۱۰۹۴۷۹۱۷۱,نسیم‌شهر,nasimshahr,vehicles,motorcycles
۰۹۱۰۹۴۷۹۱۷۱,نسیم‌شهر,nasimshahr,vehicles,motorcycles
۰۹۱۰۹۴۷۹۱۷۱,نسیم‌شهر,nasimshahr,vehicles,motorcycles
۰۹۳۰۴۳۹۳۶۲۶,نسیم‌شهر,nasimshahr,vehicles,motorcycles
۰۹۱۹۳۶۳۵۶۱۹,نسیم‌شهر,nasimshahr,vehicles,motorcycles
۰۹۱۹۳۶۳۵۶۱۹,نسیم‌شهر,nasimshahr,vehicles,motorcycles
۰۹۳۹۳۹۶۹۵۱۰,نسیم‌شهر,nasimshahr,vehicles,motorcycles
۰۹۱۹۱۰۱۶۱۸۲,نسیم‌شهر,nasimshahr,vehicles,motorcycles
۰۹۳۰۳۹۶۳۱۲۸,نسیم‌شهر,nasimshahr,vehicles,motorcycles
۰۹۳۹۱۰۸۶۹۶۰,نسیم‌شهر,nasimshahr,vehicles,motorcycles
۰۹۳۰۵۰۰۶۳۸۸,نسیم‌شهر,nasimshahr,vehicles,motorcycles
۰۹۱۰۵۹۷۴۴۵۰,نسیم‌شهر,nasimshahr,vehicles,motorcycles
۰۹۳۳۵۷۰۲۱۵۳,نسیم‌شهر,nasimshahr,electronic-devices,mobile-tablet
۰۹۱۹۲۹۶۹۰۸۸,نسیم‌شهر,nasimshahr,electronic-devices,mobile-tablet
۰۹۳۹۳۶۷۸۲۹۱,نسیم‌شهر,nasimshahr,electronic-devices,mobile-tablet
(پنهان‌شده؛ چت کنید),نسیم‌شهر,nasimshahr,electronic-devices,mobile-tablet
۰۹۰۵۰۸۸۹۰۷۶,نسیم‌شهر,nasimshahr,electronic-devices,mobile-tablet
۰۹۳۰۶۵۴۶۴۷۸,نسیم‌شهر,nasimshahr,electronic-devices,mobile-tablet
(پنهان‌شده؛ چت کنید),نسیم‌شهر,nasimshahr,electronic-devices,mobile-tablet
(پنهان‌شده؛ چت کنید),نسیم‌شهر,nasimshahr,electronic-devices,mobile-tablet
۰۹۳۳۵۵۰۷۷۷۹,نسیم‌شهر,nasimshahr,electronic-devices,mobile-tablet
۰۹۱۹۸۵۴۰۹۲۴,نسیم‌شهر,nasimshahr,electronic-devices,mobile-tablet
۰۹۳۸۳۴۶۶۲۹۹,نسیم‌شهر,nasimshahr,electronic-devices,mobile-tablet
۰۹۱۹۳۶۶۰۶۵۰,نسیم‌شهر,nasimshahr,electronic-devices,mobile-tablet
۰۹۰۲۸۰۱۲۵۳۴,نسیم‌شهر,nasimshahr,electronic-devices,mobile-tablet
۰۹۱۹۰۳۰۲۶۷۷,نسیم‌شهر,nasimshahr,electronic-devices,mobile-tablet
(پنهان‌شده؛ چت کنید),نسیم‌شهر,nasimshahr,electronic-devices,mobile-tablet
۰۹۳۷۳۷۹۰۰۶۵,نسیم‌شهر,nasimshahr,electronic-devices,mobile-tablet
۰۹۰۳۳۴۷۰۲۰۳,نسیم‌شهر,nasimshahr,electronic-devices,mobile-tablet
۰۹۳۷۷۸۰۸۰۷۵,نسیم‌شهر,nasimshahr,electronic-devices,mobile-tablet
۰۹۲۲۴۱۳۶۱۹۱,نسیم‌شهر,nasimshahr,electronic-devices,mobile-tablet
۰۹۰۳۳۵۱۶۴۰۰,نسیم‌شهر,nasimshahr,electronic-devices,mobile-tablet
۰۹۳۶۶۶۹۰۳۳۳,نسیم‌شهر,nasimshahr,electronic-devices,mobile-tablet
۰۹۱۲۰۳۹۸۸۶۳,نسیم‌شهر,nasimshahr,electronic-devices,mobile-tablet
۰۹۳۶۵۰۷۵۷۹۱,نسیم‌شهر,nasimshahr,electronic-devices,mobile-tablet
۰۹۰۲۵۱۱۲۸۶۴,نسیم‌شهر,nasimshahr,electronic-devices,mobile-tablet
۰۹۳۳۹۵۵۵۱۲۲,نسیم‌شهر,nasimshahr,electronic-devices,mobile-tablet
۰۹۲۱۰۳۳۱۸۷۳,نسیم‌شهر,nasimshahr,electronic-devices,mobile-tablet
۰۹۲۱۰۳۳۱۸۷۳,نسیم‌شهر,nasimshahr,electronic-devices,mobile-tablet
۰۹۳۰۲۸۰۰۳۰۸,نسیم‌شهر,nasimshahr,electronic-devices,mobile-tablet
۰۹۰۳۲۷۲۳۶۰۲,نسیم‌شهر,nasimshahr,electronic-devices,mobile-tablet
۰۹۰۵۷۱۰۶۶۹۸,نسیم‌شهر,nasimshahr,electronic-devices,mobile-tablet
۰۹۱۲۲۲۸۲۵۲۳,نسیم‌شهر,nasimshahr,electronic-devices,mobile-tablet
۰۹۱۲۰۳۶۹۱۷۵,نسیم‌شهر,nasimshahr,electronic-devices,mobile-tablet
۰۹۱۲۰۵۸۱۶۰۲,نسیم‌شهر,nasimshahr,electronic-devices,mobile-tablet
۰۹۱۲۰۵۸۱۶۰۲,نسیم‌شهر,nasimshahr,electronic-devices,mobile-tablet
۰۹۳۸۷۶۰۳۹۷۵,نسیم‌شهر,nasimshahr,electronic-devices,mobile-tablet
۰۹۳۰۲۸۰۵۵۲۵,نسیم‌شهر,nasimshahr,electronic-devices,mobile-tablet
۰۹۳۹۹۹۶۸۴۶۸,نسیم‌شهر,nasimshahr,electronic-devices,mobile-tablet
۰۹۳۹۹۹۶۸۴۶۸,نسیم‌شهر,nasimshahr,electronic-devices,mobile-tablet
۰۹۲۱۶۵۴۸۱۶۴,نسیم‌شهر,nasimshahr,electronic-devices,mobile-tablet
۰۹۳۶۴۹۴۴۷۵۳,نسیم‌شهر,nasimshahr,electronic-devices,mobile-tablet
۰۹۳۹۹۵۹۹۴۳۶,نسیم‌شهر,nasimshahr,electronic-devices,mobile-tablet
۰۹۳۶۵۷۲۸۴۴۰,نسیم‌شهر,nasimshahr,electronic-devices,mobile-tablet
۰۹۱۹۶۵۵۱۰۹۳,نسیم‌شهر,nasimshahr,electronic-devices,mobile-tablet
۰۹۱۲۶۴۹۷۹۰۹,نسیم‌شهر,nasimshahr,electronic-devices,mobile-tablet
۰۹۱۹۶۷۶۳۴۴۹,نسیم‌شهر,nasimshahr,electronic-devices,mobile-tablet
۰۹۰۲۰۶۹۸۰۳۲,نسیم‌شهر,nasimshahr,electronic-devices,mobile-tablet
۰۹۰۲۴۹۸۵۷۴۸,نسیم‌شهر,nasimshahr,electronic-devices,mobile-tablet
۰۹۳۸۷۶۸۳۸۳۳,نسیم‌شهر,nasimshahr,electronic-devices,mobile-tablet
۰۹۱۹۹۲۷۶۵۹۹,نسیم‌شهر,nasimshahr,electronic-devices,mobile-tablet
۰۹۱۹۲۳۵۰۲۲۴,نسیم‌شهر,nasimshahr,electronic-devices,mobile-tablet
۰۹۳۷۷۵۴۲۸۶۳,نسیم‌شهر,nasimshahr,electronic-devices,mobile-tablet
۰۹۳۰۱۵۸۵۱۵۳,نسیم‌شهر,nasimshahr,electronic-devices,mobile-tablet
۰۹۱۹۸۰۹۸۵۴۷,نسیم‌شهر,nasimshahr,electronic-devices,mobile-tablet
۰۹۱۲۸۸۸۶۱۷۲,نسیم‌شهر,nasimshahr,electronic-devices,mobile-tablet
۰۹۳۷۶۲۰۰۴۶۹,نسیم‌شهر,nasimshahr,electronic-devices,mobile-tablet
۰۹۳۰۸۰۰۴۵۰۶,نسیم‌شهر,nasimshahr,electronic-devices,mobile-tablet
۰۹۰۳۰۵۱۱۸۰۱,نسیم‌شهر,nasimshahr,electronic-devices,mobile-tablet
(پنهان‌شده؛ چت کنید),نسیم‌شهر,nasimshahr,electronic-devices,mobile-tablet
۰۹۳۹۸۳۹۶۱۰۲,نسیم‌شهر,nasimshahr,electronic-devices,mobile-tablet
۰۹۰۵۶۱۶۵۸۴۲,نسیم‌شهر,nasimshahr,electronic-devices,mobile-tablet
۰۹۲۱۳۹۱۱۸۳۴,نسیم‌شهر,nasimshahr,electronic-devices,mobile-tablet
(پنهان‌شده؛ چت کنید),نسیم‌شهر,nasimshahr,electronic-devices,mobile-tablet
۰۹۹۱۴۵۵۰۶۱۱,نسیم‌شهر,nasimshahr,electronic-devices,mobile-tablet
۰۹۱۲۷۲۰۴۰۹۷,نسیم‌شهر,nasimshahr,electronic-devices,mobile-tablet
۰۹۰۲۳۲۷۹۰۱۰,نسیم‌شهر,nasimshahr,electronic-devices,mobile-tablet
۰۹۱۹۳۳۵۸۹۳۴,نسیم‌شهر,nasimshahr,electronic-devices,mobile-tablet
۰۹۲۲۴۱۷۸۱۱۰,نسیم‌شهر,nasimshahr,electronic-devices,mobile-tablet
۰۹۰۳۶۴۷۴۱۴۸,نسیم‌شهر,nasimshahr,electronic-devices,mobile-tablet
۰۹۳۰۲۴۰۱۴۱۴,نسیم‌شهر,nasimshahr,electronic-devices,computers
۰۹۱۰۲۴۲۶۴۰۹,نسیم‌شهر,nasimshahr,electronic-devices,computers
۰۹۱۹۴۸۶۴۰۶۲,نسیم‌شهر,nasimshahr,electronic-devices,computers
۰۹۳۸۵۸۷۵۳۶۴,نسیم‌شهر,nasimshahr,electronic-devices,computers
۰۹۱۲۰۹۳۸۱۶۷,نسیم‌شهر,nasimshahr,electronic-devices,computers
(پنهان‌شده؛ چت کنید),نسیم‌شهر,nasimshahr,electronic-devices,computers
۰۹۰۱۵۷۶۴۶۴۶,نسیم‌شهر,nasimshahr,electronic-devices,computers
۰۹۳۰۳۹۶۳۱۲۸,نسیم‌شهر,nasimshahr,electronic-devices,computers
۰۹۱۹۵۵۴۵۴۵۱,نسیم‌شهر,nasimshahr,electronic-devices,computers
۰۹۳۶۸۲۳۰۵۹۴,نسیم‌شهر,nasimshahr,electronic-devices,computers
۰۹۱۹۱۴۱۷۳۸۴,نسیم‌شهر,nasimshahr,electronic-devices,computers
۰۹۱۰۸۸۶۰۰۲۵,نسیم‌شهر,nasimshahr,electronic-devices,computers
۰۹۰۳۲۷۲۳۶۰۲,نسیم‌شهر,nasimshahr,electronic-devices,computers
۰۹۳۵۷۵۸۷۱۶۶,نسیم‌شهر,nasimshahr,electronic-devices,computers
۰۹۱۹۳۵۰۲۷۷۸,نسیم‌شهر,nasimshahr,electronic-devices,computers
۰۹۹۰۱۲۵۶۲۰۶,نسیم‌شهر,nasimshahr,electronic-devices,computers
۰۹۳۵۹۸۹۵۱۲۶,نسیم‌شهر,nasimshahr,electronic-devices,computers
(پنهان‌شده؛ چت کنید),نسیم‌شهر,nasimshahr,electronic-devices,computers
۰۹۱۰۲۴۳۶۰۰۷,نسیم‌شهر,nasimshahr,electronic-devices,computers
۰۹۱۰۰۶۳۱۹۹۲,نسیم‌شهر,nasimshahr,electronic-devices,computers
۰۹۰۳۶۴۷۴۱۴۸,نسیم‌شهر,nasimshahr,electronic-devices,computers
(پنهان‌شده؛ چت کنید),نسیم‌شهر,nasimshahr,electronic-devices,computers
۰۹۰۳۶۴۷۴۱۴۸,نسیم‌شهر,nasimshahr,electronic-devices,computers
۰۹۱۹۴۸۴۸۹۱۳,نسیم‌شهر,nasimshahr,electronic-devices,computers
۰۹۳۵۹۶۷۳۹۶۴,نسیم‌شهر,nasimshahr,electronic-devices,computers
(پنهان‌شده؛ چت کنید),نسیم‌شهر,nasimshahr,electronic-devices,computers
۰۹۱۹۸۵۳۸۵۷۲,نسیم‌شهر,nasimshahr,electronic-devices,computers
۰۹۳۰۳۹۶۳۱۲۸,نسیم‌شهر,nasimshahr,electronic-devices,computers
۰۹۱۲۵۰۶۵۰۴۱,نسیم‌شهر,nasimshahr,electronic-devices,computers
۰۹۱۲۰۶۱۲۲۱۴,نسیم‌شهر,nasimshahr,electronic-devices,computers
۰۹۱۲۰۶۱۲۲۱۴,نسیم‌شهر,nasimshahr,electronic-devices,computers
(پنهان‌شده؛ چت کنید),نسیم‌شهر,nasimshahr,electronic-devices,game-consoles
۰۹۰۱۷۹۳۵۳۰۶,نسیم‌شهر,nasimshahr,electronic-devices,game-consoles
۰۹۰۱۷۹۳۵۳۰۶,نسیم‌شهر,nasimshahr,electronic-devices,game-consoles
۰۹۱۲۸۴۳۰۴۸۶,نسیم‌شهر,nasimshahr,electronic-devices,game-consoles
۰۹۳۸۳۳۶۷۰۱۹,نسیم‌شهر,nasimshahr,electronic-devices,game-consoles
۰۹۳۹۱۷۹۴۰۵۵,نسیم‌شهر,nasimshahr,electronic-devices,game-consoles
۰۹۳۶۵۲۴۷۵۳۰,نسیم‌شهر,nasimshahr,electronic-devices,game-consoles
۰۹۳۷۲۹۳۹۰۹۹,نسیم‌شهر,nasimshahr,electronic-devices,game-consoles
۰۹۱۹۹۳۸۵۷۶۳,نسیم‌شهر,nasimshahr,electronic-devices,game-consoles
۰۹۳۸۴۰۸۳۳۸۱,نسیم‌شهر,nasimshahr,electronic-devices,game-consoles
۰۹۱۹۱۳۲۲۰۵۳,نسیم‌شهر,nasimshahr,electronic-devices,game-consoles
۰۹۱۹۱۵۸۵۸۰۳,نسیم‌شهر,nasimshahr,electronic-devices,game-consoles
۰۹۲۱۳۸۱۹۸۱۲,نسیم‌شهر,nasimshahr,electronic-devices,game-consoles
۰۹۲۱۳۸۱۹۸۱۲,نسیم‌شهر,nasimshahr,electronic-devices,game-consoles
۰۹۲۱۳۸۱۹۸۱۲,نسیم‌شهر,nasimshahr,electronic-devices,game-consoles
۰۹۳۰۵۴۵۴۲۰۲,نسیم‌شهر,nasimshahr,electronic-devices,game-consoles
۰۹۱۰۳۵۳۴۶۹۶,نسیم‌شهر,nasimshahr,electronic-devices,game-consoles
۰۹۹۰۳۹۷۷۸۵۰,نسیم‌شهر,nasimshahr,electronic-devices,game-consoles
۰۹۳۶۴۲۲۵۰۱۹,نسیم‌شهر,nasimshahr,electronic-devices,game-consoles
۰۹۱۹۱۳۲۲۰۵۳,نسیم‌شهر,nasimshahr,electronic-devices,game-consoles
۰۹۲۲۷۵۹۳۲۱۴,نسیم‌شهر,nasimshahr,electronic-devices,video-audio-device
(پنهان‌شده؛ چت کنید),نسیم‌شهر,nasimshahr,electronic-devices,video-audio-device
(پنهان‌شده؛ چت کنید),نسیم‌شهر,nasimshahr,electronic-devices,video-audio-device
۰۹۳۸۵۵۷۹۵۳۳,نسیم‌شهر,nasimshahr,electronic-devices,video-audio-device
۰۹۹۰۴۶۴۴۴۵۲,نسیم‌شهر,nasimshahr,electronic-devices,video-audio-device
۰۹۳۹۹۹۵۴۹۱۶,نسیم‌شهر,nasimshahr,electronic-devices,video-audio-device
۰۹۲۱۳۶۲۵۵۶۰,نسیم‌شهر,nasimshahr,electronic-devices,video-audio-device
۰۹۱۲۰۴۵۱۲۷۴,نسیم‌شهر,nasimshahr,electronic-devices,video-audio-device
۰۹۱۲۰۴۵۱۲۷۴,نسیم‌شهر,nasimshahr,electronic-devices,video-audio-device
۰۹۳۵۷۵۹۳۰۹۲,نسیم‌شهر,nasimshahr,electronic-devices,video-audio-device
۰۹۳۰۸۶۳۵۸۱۰,نسیم‌شهر,nasimshahr,electronic-devices,video-audio-device
(پنهان‌شده؛ چت کنید),نسیم‌شهر,nasimshahr,electronic-devices,video-audio-device
۰۹۱۹۲۲۷۰۸۳۳,نسیم‌شهر,nasimshahr,electronic-devices,video-audio-device
۰۹۲۲۷۵۹۳۲۱۴,نسیم‌شهر,nasimshahr,electronic-devices,video-audio-device
۰۹۳۰۸۰۰۴۴۲۵,نسیم‌شهر,nasimshahr,electronic-devices,video-audio-device
۰۹۱۲۰۱۲۶۰۲۸,نسیم‌شهر,nasimshahr,electronic-devices,video-audio-device
۰۹۰۲۳۷۸۹۱۳۱,نسیم‌شهر,nasimshahr,electronic-devices,video-audio-device
۰۹۱۲۸۴۳۰۴۸۶,نسیم‌شهر,nasimshahr,electronic-devices,video-audio-device
۰۹۳۹۷۲۶۴۰۳۱,نسیم‌شهر,nasimshahr,electronic-devices,video-audio-device
۰۹۳۹۲۴۳۶۴۶۲,نسیم‌شهر,nasimshahr,electronic-devices,video-audio-device
۰۹۱۲۷۰۹۳۶۹۲,نسیم‌شهر,nasimshahr,electronic-devices,video-audio-device
۰۹۱۲۰۸۸۵۳۹۵,نسیم‌شهر,nasimshahr,electronic-devices,video-audio-device
۰۹۳۶۲۳۷۸۱۷۷,نسیم‌شهر,nasimshahr,electronic-devices,video-audio-device
۰۹۱۱۵۹۴۷۵۶۱,نسیم‌شهر,nasimshahr,electronic-devices,video-audio-device
۰۹۳۹۱۲۰۳۴۷۳,نسیم‌شهر,nasimshahr,electronic-devices,video-audio-device
(پنهان‌شده؛ چت کنید),نسیم‌شهر,nasimshahr,electronic-devices,video-audio-device
۰۹۳۸۰۹۱۹۲۶۰,نسیم‌شهر,nasimshahr,electronic-devices,video-audio-device
۰۹۹۱۶۳۶۲۸۸۶,نسیم‌شهر,nasimshahr,electronic-devices,video-audio-device
۰۹۱۲۹۱۵۱۹۵۰,نسیم‌شهر,nasimshahr,electronic-devices,video-audio-device
۰۹۳۰۸۰۰۴۵۰۶,نسیم‌شهر,nasimshahr,electronic-devices,video-audio-device
۰۹۹۰۵۵۷۷۸۸۲,نسیم‌شهر,nasimshahr,electronic-devices,video-audio-device
۰۹۱۹۰۳۶۸۵۳۶,نسیم‌شهر,nasimshahr,electronic-devices,video-audio-device
۰۹۳۵۹۸۲۱۸۷۸,نسیم‌شهر,nasimshahr,electronic-devices,video-audio-device
۰۹۲۱۹۷۱۳۸۲۰,نسیم‌شهر,nasimshahr,electronic-devices,video-audio-device
۰۹۱۲۲۳۸۳۵۲۳,نسیم‌شهر,nasimshahr,electronic-devices,video-audio-device
۰۹۱۹۲۷۵۴۸۵۱,نسیم‌شهر,nasimshahr,electronic-devices,video-audio-device
۰۹۲۲۰۹۶۱۸۱۱,نسیم‌شهر,nasimshahr,electronic-devices,video-audio-device
۰۹۲۲۴۴۰۹۵۴۵,نسیم‌شهر,nasimshahr,electronic-devices,video-audio-device
۰۹۹۰۹۳۹۹۵۱۶,نسیم‌شهر,nasimshahr,electronic-devices,video-audio-device
۰۹۱۹۱۰۴۸۵۴۵,نسیم‌شهر,nasimshahr,electronic-devices,video-audio-device
۰۹۹۰۴۶۴۴۴۵۲,نسیم‌شهر,nasimshahr,electronic-devices,video-audio-device
(پنهان‌شده؛ چت کنید),نسیم‌شهر,nasimshahr,electronic-devices,telephone
۰۹۱۲۸۹۵۲۴۰۸,نسیم‌شهر,nasimshahr,home-and-kitchen,home-decor-furniture
۰۹۳۰۳۲۵۱۸۸۱,نسیم‌شهر,nasimshahr,home-and-kitchen,home-decor-furniture
۰۹۳۹۶۳۵۷۷۹۰,نسیم‌شهر,nasimshahr,home-and-kitchen,home-decor-furniture
۰۹۱۹۲۷۰۳۸۷۹,نسیم‌شهر,nasimshahr,home-and-kitchen,home-decor-furniture
۰۹۱۹۲۷۰۳۸۷۹,نسیم‌شهر,nasimshahr,home-and-kitchen,home-decor-furniture
۰۹۱۹۲۷۰۳۸۷۹,نسیم‌شهر,nasimshahr,home-and-kitchen,home-decor-furniture
۰۹۱۹۲۷۰۳۸۷۹,نسیم‌شهر,nasimshahr,home-and-kitchen,home-decor-furniture
(پنهان‌شده؛ چت کنید),نسیم‌شهر,nasimshahr,home-and-kitchen,home-decor-furniture
۰۹۰۲۴۶۳۶۶۶۰,نسیم‌شهر,nasimshahr,home-and-kitchen,home-decor-furniture
۰۹۱۱۶۸۳۰۷۹۹,نسیم‌شهر,nasimshahr,home-and-kitchen,home-decor-furniture
(پنهان‌شده؛ چت کنید),نسیم‌شهر,nasimshahr,home-and-kitchen,home-decor-furniture
۰۹۱۲۹۴۲۹۴۸۷,نسیم‌شهر,nasimshahr,home-and-kitchen,home-decor-furniture
۰۹۱۲۴۱۹۹۲۷۶,نسیم‌شهر,nasimshahr,home-and-kitchen,home-decor-furniture
(پنهان‌شده؛ چت کنید),نسیم‌شهر,nasimshahr,home-and-kitchen,home-decor-furniture
۰۹۱۹۳۵۸۰۴۶۷,نسیم‌شهر,nasimshahr,home-and-kitchen,home-decor-furniture
۰۹۳۷۲۵۸۱۶۱۵,نسیم‌شهر,nasimshahr,home-and-kitchen,home-decor-furniture
۰۹۰۳۳۹۶۰۶۱۱,نسیم‌شهر,nasimshahr,home-and-kitchen,home-decor-furniture
۰۹۱۹۱۲۹۶۹۲۹,نسیم‌شهر,nasimshahr,home-and-kitchen,home-decor-furniture
۰۹۰۲۵۴۴۸۷۱۵,نسیم‌شهر,nasimshahr,home-and-kitchen,home-decor-furniture
۰۹۳۵۱۲۷۵۲۶۸,نسیم‌شهر,nasimshahr,home-and-kitchen,home-decor-furniture
۰۹۹۲۰۷۴۴۱۹۲,نسیم‌شهر,nasimshahr,home-and-kitchen,home-decor-furniture
(پنهان‌شده؛ چت کنید),نسیم‌شهر,nasimshahr,home-and-kitchen,home-decor-furniture
(پنهان‌شده؛ چت کنید),نسیم‌شهر,nasimshahr,home-and-kitchen,home-decor-furniture
۰۹۰۱۳۱۶۹۰۴۹,نسیم‌شهر,nasimshahr,home-and-kitchen,home-decor-furniture
۰۹۹۲۶۷۲۰۷۷۶,نسیم‌شهر,nasimshahr,home-and-kitchen,home-decor-furniture
۰۹۹۰۹۴۴۴۹۲۰,نسیم‌شهر,nasimshahr,home-and-kitchen,home-decor-furniture
۰۹۱۲۲۱۳۸۹۰۶,نسیم‌شهر,nasimshahr,home-and-kitchen,home-decor-furniture
۰۹۱۹۵۰۹۷۳۵۰,نسیم‌شهر,nasimshahr,home-and-kitchen,home-decor-furniture
۰۹۳۷۱۲۸۴۲۰۲,نسیم‌شهر,nasimshahr,home-and-kitchen,home-decor-furniture
(پنهان‌شده؛ چت کنید),نسیم‌شهر,nasimshahr,home-and-kitchen,home-decor-furniture
۰۹۱۹۵۰۲۲۷۵۳,نسیم‌شهر,nasimshahr,home-and-kitchen,home-decor-furniture
۰۹۲۱۲۰۶۹۲۸۷,نسیم‌شهر,nasimshahr,home-and-kitchen,home-decor-furniture
(پنهان‌شده؛ چت کنید),نسیم‌شهر,nasimshahr,home-and-kitchen,home-decor-furniture
۰۹۳۶۷۵۷۵۰۴۰,نسیم‌شهر,nasimshahr,home-and-kitchen,home-decor-furniture
(پنهان‌شده؛ چت کنید),نسیم‌شهر,nasimshahr,home-and-kitchen,home-decor-furniture
۰۹۳۷۹۰۵۰۱۱۹,نسیم‌شهر,nasimshahr,home-and-kitchen,home-decor-furniture
۰۹۱۹۲۵۰۰۸۷۲,نسیم‌شهر,nasimshahr,home-and-kitchen,home-decor-furniture
۰۹۱۹۸۳۶۵۱۷۷,نسیم‌شهر,nasimshahr,home-and-kitchen,home-decor-furniture
۰۹۱۹۶۳۷۱۲۴۷,نسیم‌شهر,nasimshahr,home-and-kitchen,home-decor-furniture
۰۹۱۹۳۳۵۸۲۸۴,نسیم‌شهر,nasimshahr,home-and-kitchen,home-decor-furniture
۰۹۱۹۳۱۷۵۹۳۱,نسیم‌شهر,nasimshahr,home-and-kitchen,home-decor-furniture
(پنهان‌شده؛ چت کنید),نسیم‌شهر,nasimshahr,home-and-kitchen,home-decor-furniture
(پنهان‌شده؛ چت کنید),نسیم‌شهر,nasimshahr,home-and-kitchen,home-decor-furniture
۰۹۳۸۵۸۷۵۳۶۴,نسیم‌شهر,nasimshahr,home-and-kitchen,home-decor-furniture
۰۹۱۹۲۰۲۵۴۱۹,نسیم‌شهر,nasimshahr,home-and-kitchen,home-decor-furniture
۰۹۱۹۹۶۸۶۲۳۵,نسیم‌شهر,nasimshahr,home-and-kitchen,home-decor-furniture
۰۹۱۹۹۶۸۶۲۳۵,نسیم‌شهر,nasimshahr,home-and-kitchen,home-decor-furniture
۰۹۳۵۲۱۴۱۶۷۶,نسیم‌شهر,nasimshahr,home-and-kitchen,kitchen-appliances
۰۹۳۵۳۰۵۰۸۶۹,نسیم‌شهر,nasimshahr,home-and-kitchen,kitchen-appliances
(پنهان‌شده؛ چت کنید),نسیم‌شهر,nasimshahr,home-and-kitchen,kitchen-appliances
۰۹۳۵۸۸۲۰۰۴۷,نسیم‌شهر,nasimshahr,home-and-kitchen,kitchen-appliances
(پنهان‌شده؛ چت کنید),نسیم‌شهر,nasimshahr,home-and-kitchen,kitchen-appliances
(پنهان‌شده؛ چت کنید),نسیم‌شهر,nasimshahr,home-and-kitchen,kitchen-appliances
۰۹۳۶۲۷۰۵۰۳۵,نسیم‌شهر,nasimshahr,home-and-kitchen,kitchen-appliances
۰۹۰۵۷۰۷۸۸۰۰,نسیم‌شهر,nasimshahr,home-and-kitchen,kitchen-appliances
۰۹۳۸۵۸۷۳۰۹۳,نسیم‌شهر,nasimshahr,home-and-kitchen,kitchen-appliances
۰۹۰۳۱۰۲۰۸۷۷,نسیم‌شهر,nasimshahr,home-and-kitchen,kitchen-appliances
۰۹۱۲۱۹۴۱۷۲۴,نسیم‌شهر,nasimshahr,home-and-kitchen,kitchen-appliances
۰۹۱۹۳۳۵۲۰۸۷,نسیم‌شهر,nasimshahr,home-and-kitchen,kitchen-appliances
۰۹۱۲۹۲۳۷۷۵۴,نسیم‌شهر,nasimshahr,home-and-kitchen,kitchen-appliances
۰۹۱۰۴۶۷۷۲۹۷,نسیم‌شهر,nasimshahr,home-and-kitchen,kitchen-appliances
۰۹۳۷۶۹۷۱۷۶۹,نسیم‌شهر,nasimshahr,home-and-kitchen,kitchen-appliances
۰۹۳۳۶۲۳۴۷۰۹,نسیم‌شهر,nasimshahr,home-and-kitchen,kitchen-appliances
۰۹۳۳۶۲۳۴۷۰۹,نسیم‌شهر,nasimshahr,home-and-kitchen,kitchen-appliances
۰۹۱۲۶۴۳۳۹۳۰,نسیم‌شهر,nasimshahr,home-and-kitchen,kitchen-appliances
۰۹۱۹۷۷۶۶۳۹۹,نسیم‌شهر,nasimshahr,home-and-kitchen,kitchen-appliances
۰۹۳۹۴۶۴۷۰۹۸,نسیم‌شهر,nasimshahr,home-and-kitchen,kitchen-appliances
۰۹۱۲۸۱۲۰۱۸۱,نسیم‌شهر,nasimshahr,home-and-kitchen,kitchen-appliances
(پنهان‌شده؛ چت کنید),نسیم‌شهر,nasimshahr,home-and-kitchen,kitchen-appliances
(پنهان‌شده؛ چت کنید),نسیم‌شهر,nasimshahr,home-and-kitchen,kitchen-appliances
۰۹۱۹۳۵۰۲۷۷۸,نسیم‌شهر,nasimshahr,home-and-kitchen,kitchen-appliances
۰۹۱۰۴۶۱۲۲۷۲,نسیم‌شهر,nasimshahr,home-and-kitchen,kitchen-appliances
۰۹۱۲۸۳۳۱۶۹۹,نسیم‌شهر,nasimshahr,home-and-kitchen,kitchen-appliances
۰۹۱۲۸۳۳xxxx,نسیم‌شهر,nasimshahr,home-and-kitchen,kitchen-appliances
۰۹۱۲۸۳۳۱۶۹۹,نسیم‌شهر,nasimshahr,home-and-kitchen,kitchen-appliances
۰۹۱۲۸۳۳۱۶۹۹,نسیم‌شهر,nasimshahr,home-and-kitchen,kitchen-appliances
۰۹۱۰۴۶۱۲۲۷۲,نسیم‌شهر,nasimshahr,home-and-kitchen,kitchen-appliances
۰۹۱۰۷۸۸۶۹۸۹,نسیم‌شهر,nasimshahr,home-and-kitchen,kitchen-appliances
(پنهان‌شده؛ چت کنید),نسیم‌شهر,nasimshahr,home-and-kitchen,kitchen-appliances
۰۹۱۹۳۵۰۲۷۷۸,نسیم‌شهر,nasimshahr,home-and-kitchen,kitchen-appliances
۰۹۱۹۳۵۰۲۷۷۸,نسیم‌شهر,nasimshahr,home-and-kitchen,kitchen-appliances
۰۹۱۹۳۵۰۲۷۷۸,نسیم‌شهر,nasimshahr,home-and-kitchen,kitchen-appliances
۰۹۱۹۰۹۲۴۵۳۶,نسیم‌شهر,nasimshahr,home-and-kitchen,kitchen-appliances
۰۹۹۰۴۶۴۴۴۵۲,نسیم‌شهر,nasimshahr,home-and-kitchen,kitchen-appliances
۰۹۳۶۸۴۷۱۸۱۱,نسیم‌شهر,nasimshahr,home-and-kitchen,kitchen-appliances
۰۹۱۰۲۳۰۱۸۰۷,نسیم‌شهر,nasimshahr,home-and-kitchen,kitchen-appliances
۰۹۳۸۸۸۶۲۸۰۱,نسیم‌شهر,nasimshahr,home-and-kitchen,kitchen-appliances
۰۹۱۹۹۷۶۸۸۴۳,نسیم‌شهر,nasimshahr,home-and-kitchen,kitchen-appliances
۰۹۱۹۹۷۶۸۸۴۳,نسیم‌شهر,nasimshahr,home-and-kitchen,kitchen-appliances
۰۹۱۰۰۵۴۹۸۲۶,نسیم‌شهر,nasimshahr,home-and-kitchen,kitchen-appliances
۰۹۹۰۴۶۴۴۴۵۲,نسیم‌شهر,nasimshahr,home-and-kitchen,kitchen-appliances
۰۹۱۲۴۳۹۰۸۴۴,نسیم‌شهر,nasimshahr,home-and-kitchen,kitchen-appliances
۰۹۱۹۸۱۵۳۷۷۸,نسیم‌شهر,nasimshahr,home-and-kitchen,kitchen-appliances
۰۹۱۲۴۲۳۶۳۶۶,نسیم‌شهر,nasimshahr,home-and-kitchen,kitchen-appliances
۰۹۲۲۳۹۳۵۵۱۰,نسیم‌شهر,nasimshahr,home-and-kitchen,kitchen-appliances
۰۹۰۲۳۵۴۸۰۰۳,نسیم‌شهر,nasimshahr,home-and-kitchen,kitchen-appliances
(پنهان‌شده؛ چت کنید),نسیم‌شهر,nasimshahr,home-and-kitchen,kitchen-appliances
۰۹۹۰۲۷۲۷۹۰۰,نسیم‌شهر,nasimshahr,home-and-kitchen,kitchen-appliances
۰۹۱۴۲۳۰۷۸۹۸,نسیم‌شهر,nasimshahr,home-and-kitchen,kitchen-appliances
۰۹۱۴۲۳۰۷۸۹۸,نسیم‌شهر,nasimshahr,home-and-kitchen,kitchen-appliances
۰۹۱۴۲۳۰۷۸۹۸,نسیم‌شهر,nasimshahr,home-and-kitchen,kitchen-appliances
۰۹۱۹۰۸۸۱۳۴۹,نسیم‌شهر,nasimshahr,home-and-kitchen,kitchen-appliances
۰۹۱۹۲۷۷۳۹۹۴,نسیم‌شهر,nasimshahr,home-and-kitchen,kitchen-appliances
۰۹۱۹۱۶۱۵۰۳۵,نسیم‌شهر,nasimshahr,home-and-kitchen,kitchen-appliances
۰۹۱۹۶۵۲۰۲۴۳,نسیم‌شهر,nasimshahr,home-and-kitchen,kitchen-appliances
۰۹۱۲۵۸۶۹۱۷۷,نسیم‌شهر,nasimshahr,home-and-kitchen,kitchen-appliances
۰۹۳۷۵۸۳۳۲۹۷,نسیم‌شهر,nasimshahr,home-and-kitchen,kitchen-appliances
۰۹۱۹۱۲۹۰۲۰۸,نسیم‌شهر,nasimshahr,home-and-kitchen,kitchen-appliances
۰۹۲۱۱۹۳۴۴۸۶,نسیم‌شهر,nasimshahr,home-and-kitchen,kitchen-appliances
(پنهان‌شده؛ چت کنید),نسیم‌شهر,nasimshahr,home-and-kitchen,home-appliances
۰۹۱۹۱۲۹۰۸۲۹,نسیم‌شهر,nasimshahr,home-and-kitchen,home-appliances
۰۹۱۹۶۴۰۶۹۶۳,نسیم‌شهر,nasimshahr,home-and-kitchen,home-appliances
۰۹۳۹۲۷۷۶۰۴۸,نسیم‌شهر,nasimshahr,home-and-kitchen,home-appliances
۰۹۱۲۳۳۳۷۶۵۲,نسیم‌شهر,nasimshahr,home-and-kitchen,home-appliances
۰۹۳۸۶۹۶۹۸۸۴,نسیم‌شهر,nasimshahr,home-and-kitchen,home-appliances
۰۹۳۶۷۶۳۱۱۲۳,نسیم‌شهر,nasimshahr,home-and-kitchen,home-appliances
۰۹۳۳۶۲۲۲۳۹۲,نسیم‌شهر,nasimshahr,home-and-kitchen,home-appliances
۰۹۹۰۴۶۴۴۴۵۲,نسیم‌شهر,nasimshahr,home-and-kitchen,home-appliances
۰۹۱۹۱۵۸۱۰۲۲,نسیم‌شهر,nasimshahr,home-and-kitchen,home-appliances
۰۹۹۰۴۶۴۴۴۵۲,نسیم‌شهر,nasimshahr,home-and-kitchen,home-appliances
۰۹۱۲۴۳۹۰۸۴۴,نسیم‌شهر,nasimshahr,home-and-kitchen,home-appliances
۰۹۰۲۶۹۵۰۶۱۷,نسیم‌شهر,nasimshahr,home-and-kitchen,home-appliances
۰۹۱۲۹۲۱۰۷۹۸,نسیم‌شهر,nasimshahr,home-and-kitchen,home-appliances
(پنهان‌شده؛ چت کنید),نسیم‌شهر,nasimshahr,home-and-kitchen,home-appliances
۰۹۳۶۱۱۴۰۷۱۰,نسیم‌شهر,nasimshahr,home-and-kitchen,home-appliances
۰۹۰۱۹۷۶۰۳۲۱,نسیم‌شهر,nasimshahr,home-and-kitchen,home-appliances
۰۹۳۸۳۳۷۳۷۰۷,نسیم‌شهر,nasimshahr,home-and-kitchen,home-appliances
۰۹۱۹۳۶۳۵۶۱۹,نسیم‌شهر,nasimshahr,home-and-kitchen,home-appliances
۰۹۳۷۵۷۲۳۲۷۸,نسیم‌شهر,nasimshahr,home-and-kitchen,home-appliances
۰۹۱۰۸۸۹۵۸۵۴,نسیم‌شهر,nasimshahr,home-and-kitchen,home-appliances
۰۹۱۹۳۵۸۶۱۴۰,نسیم‌شهر,nasimshahr,home-and-kitchen,building-garden
۰۹۱۹۶۰۳۷۲۶۰,نسیم‌شهر,nasimshahr,home-and-kitchen,building-garden
۰۹۱۴۹۷۸۴۳۹۴,نسیم‌شهر,nasimshahr,home-and-kitchen,building-garden
۰۹۳۸۲۷۴۶۳۲۳,نسیم‌شهر,nasimshahr,home-and-kitchen,building-garden
۰۹۱۹۳۱۴۰۱۱۸,نسیم‌شهر,nasimshahr,home-and-kitchen,building-garden
۰۹۱۹۶۸۴۱۴۵۵,نسیم‌شهر,nasimshahr,home-and-kitchen,building-garden
۰۹۳۷۴۲۸۲۸۴۵,نسیم‌شهر,nasimshahr,home-and-kitchen,building-garden
۰۹۰۲۵۷۲۷۷۳۰,نسیم‌شهر,nasimshahr,home-and-kitchen,building-garden
۰۹۱۲۶۲۶۱۶۶۸,نسیم‌شهر,nasimshahr,home-and-kitchen,building-garden
۰۹۳۳۹۷۷۸۶۴۶,نسیم‌شهر,nasimshahr,home-and-kitchen,building-garden
۰۹۱۲۲۹۰۸۳۵۹,نسیم‌شهر,nasimshahr,home-and-kitchen,building-garden
(پنهان‌شده؛ چت کنید),نسیم‌شهر,nasimshahr,home-and-kitchen,building-garden
۰۹۳۵۹۸۶۶۴۹۱,نسیم‌شهر,nasimshahr,home-and-kitchen,building-garden
۰۹۳۳۴۸۵۲۸۲۳,نسیم‌شهر,nasimshahr,home-and-kitchen,building-garden
۰۹۱۲۷۰۴۹۰۵۷,نسیم‌شهر,nasimshahr,home-and-kitchen,building-garden
۰۹۱۳۹۶۴۳۹۲۸,نسیم‌شهر,nasimshahr,home-and-kitchen,building-garden
۰۹۱۹۹۷۸۱۲۳۸,نسیم‌شهر,nasimshahr,home-and-kitchen,building-garden
۰۹۱۹۹۷۸۱۲۳۸,نسیم‌شهر,nasimshahr,home-and-kitchen,building-garden
۰۹۱۹۹۷۸۱۲۳۸,نسیم‌شهر,nasimshahr,home-and-kitchen,building-garden
۰۹۳۷۹۸۱۳۸۹۰,نسیم‌شهر,nasimshahr,home-and-kitchen,building-garden
۰۹۹۰۴۶۴۴۴۵۲,نسیم‌شهر,nasimshahr,home-and-kitchen,building-garden
۰۹۹۰۴۶۴۴۴۵۲,نسیم‌شهر,nasimshahr,home-and-kitchen,building-garden
۰۹۳۵۵۲۰۴۳۴۵,نسیم‌شهر,nasimshahr,home-and-kitchen,building-garden
۰۹۳۰۶۶۴۱۲۶۶,نسیم‌شهر,nasimshahr,home-and-kitchen,building-garden
۰۹۱۲۴۲۳۶۳۶۶,نسیم‌شهر,nasimshahr,home-and-kitchen,building-garden
۰۹۱۹۲۰۰۷۸۰۸,نسیم‌شهر,nasimshahr,home-and-kitchen,building-garden
۰۹۱۹۴۲۸۲۱۰۲,نسیم‌شهر,nasimshahr,home-and-kitchen,building-garden
۰۹۱۹۵۸۴۴۰۲۲,نسیم‌شهر,nasimshahr,home-and-kitchen,building-garden
۰۹۳۷۳۹۷۸۰۳۹,نسیم‌شهر,nasimshahr,home-and-kitchen,building-garden
۰۹۱۹۷۹۲۶۳۲۰,نسیم‌شهر,nasimshahr,home-and-kitchen,building-garden
۰۹۲۲۳۱۳۷۸۹۱,نسیم‌شهر,nasimshahr,home-and-kitchen,building-garden
۰۹۱۲۵۸۶۹۱۷۷,نسیم‌شهر,nasimshahr,home-and-kitchen,building-garden
۰۹۳۵۵۸۷۳۷۲۹,نسیم‌شهر,nasimshahr,home-and-kitchen,building-garden
۰۹۱۹۰۱۱۷۴۵۲,نسیم‌شهر,nasimshahr,home-and-kitchen,building-garden
۰۹۹۲۸۷۶۰۳۶۸,نسیم‌شهر,nasimshahr,home-and-kitchen,building-garden
۰۹۱۰۹۴۹۷۸۶۷,نسیم‌شهر,nasimshahr,home-and-kitchen,building-garden
۰۹۱۹۳۲۸۵۳۶۵,نسیم‌شهر,nasimshahr,home-and-kitchen,building-garden
۰۹۳۵۳۱۳۲۳۲۲,نسیم‌شهر,nasimshahr,home-and-kitchen,building-garden
۰۹۹۱۳۷۷۱۰۷۷,نسیم‌شهر,nasimshahr,home-and-kitchen,building-garden
۰۹۹۰۲۴۷۹۹۶۷,نسیم‌شهر,nasimshahr,home-and-kitchen,building-garden
۰۹۱۲۷۰۲۹۰۲۱,نسیم‌شهر,nasimshahr,services,vehicles-services
۰۹۱۲۰۳۶۰۳۹۱,نسیم‌شهر,nasimshahr,services,vehicles-services
۰۹۱۹۰۰۸۱۱۶۳,نسیم‌شهر,nasimshahr,services,catering-services
۰۹۱۹۰۰۸۱۱۶۳,نسیم‌شهر,nasimshahr,services,catering-services
۰۹۱۲۲۱۸۹۲۲۶,نسیم‌شهر,nasimshahr,services,catering-services
۰۹۱۹۰۳۱۴۰۱۰,نسیم‌شهر,nasimshahr,services,catering-services
۰۹۳۹۶۰۴۴۳۲۴,نسیم‌شهر,nasimshahr,services,catering-services
۰۹۱۹۲۹۰۶۵۹۴,نسیم‌شهر,nasimshahr,services,catering-services
۰۹۲۱۴۰۳۶۵۷۶,نسیم‌شهر,nasimshahr,services,catering-services
۰۹۳۵۶۴۴۴۵۶۸,نسیم‌شهر,nasimshahr,services,technology-services
۰۹۱۹۲۰۶۶۹۳۳,نسیم‌شهر,nasimshahr,services,technology-services
۰۹۱۲۷۳۸۵۷۸۶,نسیم‌شهر,nasimshahr,services,technology-services
۰۹۹۰۵۳۸۶۴۷۵,نسیم‌شهر,nasimshahr,services,financial-services
۰۹۲۱۲۳۲۶۶۲۷,نسیم‌شهر,nasimshahr,services,financial-services
۰۹۳۶۲۸۰۸۶۸۰,نسیم‌شهر,nasimshahr,services,financial-services
۰۹۳۵۹۳۲۹۲۵۴,نسیم‌شهر,nasimshahr,services,financial-services
۰۹۳۶۴۹۶۰۷۲۲,نسیم‌شهر,nasimshahr,services,financial-services
۰۹۱۸۴۰۱۴۷۱۹,نسیم‌شهر,nasimshahr,services,transport-logistic-services
۰۹۱۹۲۳۶۰۵۸۷,نسیم‌شهر,nasimshahr,services,transport-logistic-services
۰۹۹۱۹۷۷۲۸۷۷,نسیم‌شهر,nasimshahr,services,transport-logistic-services
۰۹۱۲۵۴۶۳۷۰۶,نسیم‌شهر,nasimshahr,services,transport-logistic-services
۰۹۱۲۳۶۵۳۷۷۲,نسیم‌شهر,nasimshahr,services,transport-logistic-services
۰۹۰۵۵۱۳۹۵۷۲,نسیم‌شهر,nasimshahr,services,transport-logistic-services
۰۹۱۰۱۸۸۹۷۰۳,نسیم‌شهر,nasimshahr,services,transport-logistic-services
۰۹۳۰۹۴۷۷۱۸۰,نسیم‌شهر,nasimshahr,services,transport-logistic-services
۰۹۱۹۳۱۳۹۵۳۸,نسیم‌شهر,nasimshahr,services,transport-logistic-services
۰۹۱۹۲۶۹۷۲۳۱,نسیم‌شهر,nasimshahr,services,craft-skill-services
۰۹۰۲۶۶۴۷۱۸۷,نسیم‌شهر,nasimshahr,services,craft-skill-services
۰۹۱۲۳۱۰۸۸۹۰,نسیم‌شهر,nasimshahr,services,craft-skill-services
۰۹۳۶۸۶۰۱۰۵۶,نسیم‌شهر,nasimshahr,services,craft-skill-services
(پنهان‌شده؛ چت کنید),نسیم‌شهر,nasimshahr,services,craft-skill-services
۰۹۳۰۷۵۳۱۲۹۱,نسیم‌شهر,nasimshahr,services,craft-skill-services
۰۹۳۷۲۳۲۴۹۴۱,نسیم‌شهر,nasimshahr,services,craft-skill-services
۰۹۱۲۹۰۵۱۸۰۰,نسیم‌شهر,nasimshahr,services,craft-skill-services
۰۹۳۵۷۵۸۷۶۵۰,نسیم‌شهر,nasimshahr,services,craft-skill-services
(پنهان‌شده؛ چت کنید),نسیم‌شهر,nasimshahr,services,craft-skill-services
(پنهان‌شده؛ چت کنید),نسیم‌شهر,nasimshahr,services,craft-skill-services
۰۹۲۱۶۹۲۴۹۳۵,نسیم‌شهر,nasimshahr,services,craft-skill-services
۰۹۱۲۷۹۲۸۰۶۷,نسیم‌شهر,nasimshahr,services,craft-skill-services
۰۹۳۸۱۳۴۶۴۶۸,نسیم‌شهر,nasimshahr,services,craft-skill-services
(پنهان‌شده؛ چت کنید),نسیم‌شهر,nasimshahr,services,craft-skill-services
۰۹۳۵۹۰۶۰۳۸۸,نسیم‌شهر,nasimshahr,services,craft-skill-services
۰۹۱۲۶۲۷۷۶۴۱,نسیم‌شهر,nasimshahr,services,craft-skill-services
۰۹۱۰۸۶۲۹۸۶۵,نسیم‌شهر,nasimshahr,services,craft-skill-services
۰۹۱۲۷۰۴۹۰۵۷,نسیم‌شهر,nasimshahr,services,craft-skill-services
۰۹۱۲۸۴۹۴۷۷۰,نسیم‌شهر,nasimshahr,services,craft-skill-services
۰۹۳۵۹۰۶۰۳۸۸,نسیم‌شهر,nasimshahr,services,craft-skill-services
۰۹۳۵۹۰۶۰۳۸۸,نسیم‌شهر,nasimshahr,services,craft-skill-services
۰۹۱۰۷۸۶۴۱۵۳,نسیم‌شهر,nasimshahr,services,craft-skill-services
۰۹۱۹۲۰۵۴۸۰۸,نسیم‌شهر,nasimshahr,services,craft-skill-services
۰۹۱۹۳۷۰۵۰۲۲,نسیم‌شهر,nasimshahr,services,craft-skill-services
۰۹۱۲۵۸۶۸۸۱۸,نسیم‌شهر,nasimshahr,services,craft-skill-services
۰۹۱۲۰۸۶۶۸۶۴,نسیم‌شهر,nasimshahr,services,craft-skill-services
۰۹۰۱۳۱۴۱۹۲۰,نسیم‌شهر,nasimshahr,services,craft-skill-services
۰۹۱۲۵۶۴۱۵۳۶,نسیم‌شهر,nasimshahr,services,craft-skill-services
۰۹۱۲۴۸۳۰۴۱۸,نسیم‌شهر,nasimshahr,services,craft-skill-services
۰۹۲۱۶۳۴۱۷۲۴,نسیم‌شهر,nasimshahr,services,craft-skill-services
۰۹۳۵۹۲۹۹۲۵۲,نسیم‌شهر,nasimshahr,services,craft-skill-services
۰۹۱۲۵۱۴۹۶۶۴,نسیم‌شهر,nasimshahr,services,craft-skill-services
۰۹۳۹۰۹۹۷۲۱۱,نسیم‌شهر,nasimshahr,services,beauty-services
۰۹۰۵۵۳۵۴۵۳۹,نسیم‌شهر,nasimshahr,services,beauty-services
(پنهان‌شده؛ چت کنید),نسیم‌شهر,nasimshahr,services,beauty-services
۰۹۳۸۸۸۵۴۲۴۶,نسیم‌شهر,nasimshahr,services,beauty-services
۰۹۱۲۳۳۳۷۶۵۲,نسیم‌شهر,nasimshahr,services,beauty-services
۰۹۰۳۳۴۷۰۱۸۱,نسیم‌شهر,nasimshahr,services,beauty-services
۰۹۳۹۲۷۷۶۰۴۸,نسیم‌شهر,nasimshahr,services,beauty-services
۰۹۳۵۳۹۰۰۹۷۴,نسیم‌شهر,nasimshahr,services,beauty-services
۰۹۳۵۹۹۸۲۲۴۲,نسیم‌شهر,nasimshahr,services,beauty-services
۰۹۲۲۵۳۲۹۴۷۰,نسیم‌شهر,nasimshahr,services,beauty-services
۰۹۲۲۶۵۹۵۶۹۴,نسیم‌شهر,nasimshahr,services,beauty-services
۰۹۰۳۴۷۱۰۳۳۱,نسیم‌شهر,nasimshahr,services,beauty-services
(پنهان‌شده؛ چت کنید),نسیم‌شهر,nasimshahr,services,cleaning-services
۰۹۱۰۲۴۲۳۶۶۰,نسیم‌شهر,nasimshahr,services,cleaning-services
۰۹۳۷۶۷۳۶۳۲۹,نسیم‌شهر,nasimshahr,services,cleaning-services
۰۹۲۲۶۲۶۹۸۵۰,نسیم‌شهر,nasimshahr,services,teaching-services
۰۹۱۹۰۷۰۱۱۷۹,نسیم‌شهر,nasimshahr,services,teaching-services
۰۹۳۸۵۹۷۱۳۶۳,نسیم‌شهر,nasimshahr,services,teaching-services
۰۹۱۹۳۶۰۰۶۹۳,نسیم‌شهر,nasimshahr,services,teaching-services
۰۹۱۰۲۴۴۵۷۵۳,نسیم‌شهر,nasimshahr,services,teaching-services
۰۹۰۴۴۱۱۳۹۸۴,نسیم‌شهر,nasimshahr,services,teaching-services
۰۹۳۸۳۰۵۶۰۱۸,نسیم‌شهر,nasimshahr,services,teaching-services
۰۹۲۱۱۰۸۵۰۳۹,نسیم‌شهر,nasimshahr,services,teaching-services
۰۹۰۲۹۸۸۹۱۵۶,نسیم‌شهر,nasimshahr,services,teaching-services
۰۹۹۱۳۵۲۴۲۲۶,نسیم‌شهر,nasimshahr,personal-goods,apparel
۰۹۹۱۳۵۲۴۲۲۶,نسیم‌شهر,nasimshahr,personal-goods,apparel
۰۹۲۲۳۲۰۹۶۸۹,نسیم‌شهر,nasimshahr,personal-goods,apparel
۰۹۰۱۶۵۶۵۷۱۳,نسیم‌شهر,nasimshahr,personal-goods,apparel
۰۹۳۹۲۰۶۰۳۶۴,نسیم‌شهر,nasimshahr,personal-goods,apparel
۰۹۰۱۶۵۶۵۷۱۳,نسیم‌شهر,nasimshahr,personal-goods,apparel
۰۹۰۱۶۵۶۵۷۱۳,نسیم‌شهر,nasimshahr,personal-goods,apparel
(پنهان‌شده؛ چت کنید),نسیم‌شهر,nasimshahr,personal-goods,apparel
۰۹۲۲۴۳۵۷۰۹۷,نسیم‌شهر,nasimshahr,personal-goods,apparel
۰۹۲۲۴۳۵۷۰۹۷,نسیم‌شهر,nasimshahr,personal-goods,apparel
۰۹۹۱۹۷۲۶۳۸۷,نسیم‌شهر,nasimshahr,personal-goods,apparel
۰۹۱۲۳۴۹۱۷۰۵,نسیم‌شهر,nasimshahr,personal-goods,apparel
۰۹۱۹۶۱۵۸۶۹۳,نسیم‌شهر,nasimshahr,personal-goods,apparel
۰۹۱۹۷۶۹۹۲۰۱,نسیم‌شهر,nasimshahr,personal-goods,apparel
(پنهان‌شده؛ چت کنید),نسیم‌شهر,nasimshahr,personal-goods,apparel
۰۹۱۹۱۲۹۹۳۲۱,نسیم‌شهر,nasimshahr,personal-goods,apparel
۰۹۰۱۴۴۴۱۲۷۰,نسیم‌شهر,nasimshahr,personal-goods,apparel
۰۹۳۹۳۱۰۸۳۶۷,نسیم‌شهر,nasimshahr,personal-goods,apparel
۰۹۱۰۲۵۹۰۵۵۴,نسیم‌شهر,nasimshahr,personal-goods,apparel
۰۹۱۰۲۵۹۰۵۵۴,نسیم‌شهر,nasimshahr,personal-goods,apparel
۰۹۱۹۴۷۲۰۳۶۲,نسیم‌شهر,nasimshahr,personal-goods,apparel
۰۹۳۵۰۶۴۶۰۷۶,نسیم‌شهر,nasimshahr,personal-goods,apparel
۰۹۲۱۴۵۲۰۰۳۷,نسیم‌شهر,nasimshahr,personal-goods,apparel
۰۹۳۵۷۸۴۲۷۱۶,نسیم‌شهر,nasimshahr,personal-goods,apparel
۰۹۳۵۷۸۴۲۷۱۶,نسیم‌شهر,nasimshahr,personal-goods,apparel
۰۹۳۵۷۸۴۲۷۱۶,نسیم‌شهر,nasimshahr,personal-goods,apparel
۰۹۳۵۷۸۴۲۷۱۶,نسیم‌شهر,nasimshahr,personal-goods,apparel
(پنهان‌شده؛ چت کنید),نسیم‌شهر,nasimshahr,personal-goods,apparel
۰۹۳۹۱۰۸۴۱۱۸,نسیم‌شهر,nasimshahr,personal-goods,apparel
۰۹۳۳۸۹۹۳۰۹۰,نسیم‌شهر,nasimshahr,personal-goods,apparel
(پنهان‌شده؛ چت کنید),نسیم‌شهر,nasimshahr,personal-goods,apparel
۰۹۳۰۸۰۸۷۶۱۸,نسیم‌شهر,nasimshahr,personal-goods,apparel
۰۹۱۹۲۹۰۹۱۰۹,نسیم‌شهر,nasimshahr,personal-goods,apparel
۰۹۱۹۲۹۰۹۱۰۹,نسیم‌شهر,nasimshahr,personal-goods,apparel
۰۹۱۹۲۹۰۹۱۰۹,نسیم‌شهر,nasimshahr,personal-goods,apparel
۰۹۱۹۵۳۳۹۳۷۱,نسیم‌شهر,nasimshahr,personal-goods,apparel
۰۹۳۳۰۹۱۲۹۱۹,نسیم‌شهر,nasimshahr,personal-goods,apparel
۰۹۳۳۰۹۱۲۹۱۹,نسیم‌شهر,nasimshahr,personal-goods,apparel
۰۹۳۳۰۹۱۲۹۱۹,نسیم‌شهر,nasimshahr,personal-goods,apparel
۰۹۱۹۸۶۸۴۸۸۶,نسیم‌شهر,nasimshahr,personal-goods,apparel
۰۹۹۲۸۱۶۳۲۸۱,نسیم‌شهر,nasimshahr,personal-goods,apparel
۰۹۱۹۶۴۲۱۸۶۱,نسیم‌شهر,nasimshahr,personal-goods,apparel
۰۹۳۹۳۱۰۸۳۶۷,نسیم‌شهر,nasimshahr,personal-goods,apparel
۰۹۲۲۵۸۵۱۰۵۴,نسیم‌شهر,nasimshahr,personal-goods,apparel
۰۹۳۵۴۱۰۵۵۰۲,نسیم‌شهر,nasimshahr,personal-goods,apparel
۰۹۳۰۷۶۳۰۲۷۸,نسیم‌شهر,nasimshahr,personal-goods,accessories
۰۹۳۹۲۴۵۷۱۶۶,نسیم‌شهر,nasimshahr,personal-goods,accessories
۰۹۳۰۷۶۳۰۲۷۸,نسیم‌شهر,nasimshahr,personal-goods,accessories
۰۹۳۹۲۴۵۷۱۶۶,نسیم‌شهر,nasimshahr,personal-goods,accessories
۰۹۰۳۶۵۱۴۲۶۱,نسیم‌شهر,nasimshahr,personal-goods,accessories
۰۹۱۲۹۰۵۳۰۶۵,نسیم‌شهر,nasimshahr,personal-goods,accessories
۰۹۳۶۷۳۸۴۶۴۷,نسیم‌شهر,nasimshahr,personal-goods,accessories
۰۹۳۵۹۳۷۲۷۳۰,نسیم‌شهر,nasimshahr,personal-goods,accessories
۰۹۹۰۲۰۲۸۷۳۳,نسیم‌شهر,nasimshahr,personal-goods,accessories
۰۹۰۱۱۴۰۹۷۳۱,نسیم‌شهر,nasimshahr,personal-goods,accessories
۰۹۱۲۵۰۰۹۹۳۵,نسیم‌شهر,nasimshahr,personal-goods,accessories
۰۹۰۲۴۹۸۵۷۴۸,نسیم‌شهر,nasimshahr,personal-goods,accessories
۰۹۱۳۲۱۴۵۰۳۱,نسیم‌شهر,nasimshahr,personal-goods,accessories
۰۹۱۳۲۱۴۵۰۳۱,نسیم‌شهر,nasimshahr,personal-goods,accessories
۰۹۳۶۵۹۶۷۰۸۲,نسیم‌شهر,nasimshahr,personal-goods,accessories
۰۹۳۰۰۸۲۷۳۵۹,نسیم‌شهر,nasimshahr,personal-goods,accessories
۰۹۱۲۹۷۳۹۴۱۶,نسیم‌شهر,nasimshahr,personal-goods,accessories
۰۹۱۲۹۰۵۳۰۶۵,نسیم‌شهر,nasimshahr,personal-goods,accessories
۰۹۲۲۱۵۱۴۶۲۶,نسیم‌شهر,nasimshahr,personal-goods,accessories
۰۹۱۰۶۲۵۱۴۹۶,نسیم‌شهر,nasimshahr,personal-goods,accessories
۰۹۳۵۹۵۵۰۶۰۳,نسیم‌شهر,nasimshahr,personal-goods,accessories
۰۹۳۰۳۹۶۳۱۲۸,نسیم‌شهر,nasimshahr,personal-goods,accessories
۰۹۳۸۰۴۸۵۸۴۶,نسیم‌شهر,nasimshahr,personal-goods,accessories
۰۹۳۰۳۹۶۳۱۲۸,نسیم‌شهر,nasimshahr,personal-goods,accessories
۰۹۳۵۴۸۴۱۷۸۳,نسیم‌شهر,nasimshahr,personal-goods,accessories
۰۹۳۸۰۴۸۵۸۴۶,نسیم‌شهر,nasimshahr,personal-goods,accessories
۰۹۳۸۰۴۸۵۸۴۶,نسیم‌شهر,nasimshahr,personal-goods,accessories
۰۹۳۹۱۴۰۴۱۶۷,نسیم‌شهر,nasimshahr,personal-goods,accessories
(پنهان‌شده؛ چت کنید),نسیم‌شهر,nasimshahr,personal-goods,beauty-and-personal-care
۰۹۳۰۵۸۳۵۲۲۴,نسیم‌شهر,nasimshahr,personal-goods,beauty-and-personal-care
(پنهان‌شده؛ چت کنید),نسیم‌شهر,nasimshahr,personal-goods,beauty-and-personal-care
۰۹۱۹۵۱۲۴۱۵۲,نسیم‌شهر,nasimshahr,personal-goods,beauty-and-personal-care
(پنهان‌شده؛ چت کنید),نسیم‌شهر,nasimshahr,personal-goods,beauty-and-personal-care
(پنهان‌شده؛ چت کنید),نسیم‌شهر,nasimshahr,personal-goods,beauty-and-personal-care
۰۹۳۷۲۱۹۶۸۶۷,نسیم‌شهر,nasimshahr,personal-goods,beauty-and-personal-care
۰۹۳۵۵۷۷۵۸۱۷,نسیم‌شهر,nasimshahr,personal-goods,beauty-and-personal-care
۰۹۳۸۶۱۱۴۱۲۳,نسیم‌شهر,nasimshahr,personal-goods,beauty-and-personal-care
۰۹۳۷۷۴۷۹۱۱۶,نسیم‌شهر,nasimshahr,personal-goods,beauty-and-personal-care
۰۹۱۲۹۷۳۹۴۱۶,نسیم‌شهر,nasimshahr,personal-goods,beauty-and-personal-care
۰۹۳۵۶۰۹۳۰۶۳,نسیم‌شهر,nasimshahr,personal-goods,beauty-and-personal-care
۰۹۳۵۲۲۷۲۸۸۴,نسیم‌شهر,nasimshahr,personal-goods,beauty-and-personal-care
۰۹۱۹۳۲۵۵۲۴۹,نسیم‌شهر,nasimshahr,personal-goods,beauty-and-personal-care
۰۹۱۹۵۲۲۵۳۱۷,نسیم‌شهر,nasimshahr,personal-goods,beauty-and-personal-care
۰۹۲۲۰۳۵۳۶۰۵,نسیم‌شهر,nasimshahr,personal-goods,beauty-and-personal-care
۰۹۳۰۸۰۰۴۵۰۱,نسیم‌شهر,nasimshahr,personal-goods,beauty-and-personal-care
۰۹۳۵۹۸۳۳۳۹۵,نسیم‌شهر,nasimshahr,personal-goods,beauty-and-personal-care
۰۹۹۰۴۶۴۴۴۵۲,نسیم‌شهر,nasimshahr,personal-goods,beauty-and-personal-care
۰۹۹۰۴۶۴۴۴۵۲,نسیم‌شهر,nasimshahr,personal-goods,beauty-and-personal-care
۰۹۳۵۵۵۳۰۲۹۱,نسیم‌شهر,nasimshahr,personal-goods,beauty-and-personal-care
۰۹۱۰۱۹۸۷۰۵۴,نسیم‌شهر,nasimshahr,personal-goods,beauty-and-personal-care
۰۹۳۹۳۱۰۸۳۶۷,نسیم‌شهر,nasimshahr,personal-goods,child-apparel
۰۹۰۲۸۰۱۲۵۳۴,نسیم‌شهر,nasimshahr,personal-goods,child-apparel
۰۹۰۲۸۰۱۲۵۳۴,نسیم‌شهر,nasimshahr,personal-goods,child-apparel
(پنهان‌شده؛ چت کنید),نسیم‌شهر,nasimshahr,personal-goods,child-apparel
۰۹۹۱۶۳۶۹۴۳۳,نسیم‌شهر,nasimshahr,personal-goods,child-apparel
۰۹۳۹۳۱۰۸۳۶۷,نسیم‌شهر,nasimshahr,personal-goods,child-apparel
۰۹۱۹۵۰۲۲۷۵۳,نسیم‌شهر,nasimshahr,personal-goods,child-apparel
۰۹۹۰۶۴۲۴۲۸۹,نسیم‌شهر,nasimshahr,personal-goods,child-apparel
۰۹۹۰۶۴۲۴۲۸۹,نسیم‌شهر,nasimshahr,personal-goods,child-apparel
(پنهان‌شده؛ چت کنید),نسیم‌شهر,nasimshahr,personal-goods,child-apparel
۰۹۳۵۵۱۲۴۱۶۲,نسیم‌شهر,nasimshahr,personal-goods,child-apparel
۰۹۱۹۰۷۷۱۱۶۵,نسیم‌شهر,nasimshahr,personal-goods,child-apparel
۰۹۳۰۳۹۶۳۱۲۸,نسیم‌شهر,nasimshahr,personal-goods,child-apparel
۰۹۱۹۳۱۷۱۴۸۶,نسیم‌شهر,nasimshahr,personal-goods,child-apparel
(پنهان‌شده؛ چت کنید),نسیم‌شهر,nasimshahr,personal-goods,child-apparel
۰۹۲۱۰۷۷۴۲۹۲,نسیم‌شهر,nasimshahr,personal-goods,child-apparel
۰۹۳۷۳۲۲۲۰۴۸,نسیم‌شهر,nasimshahr,personal-goods,child-products
۰۹۳۵۸۳۷۷۳۱۶,نسیم‌شهر,nasimshahr,personal-goods,child-products
۰۹۱۲۴۸۸۱۴۹۹,نسیم‌شهر,nasimshahr,personal-goods,child-products
۰۹۳۰۳۱۲۴۴۷۸,نسیم‌شهر,nasimshahr,personal-goods,child-products
۰۹۳۰۳۱۲۴۴۷۸,نسیم‌شهر,nasimshahr,personal-goods,child-products
۰۹۳۸۹۱۶۶۴۶۱,نسیم‌شهر,nasimshahr,personal-goods,child-products
۰۹۳۵۵۲۴۱۹۵۶,نسیم‌شهر,nasimshahr,personal-goods,child-products
۰۹۱۹۱۵۸۱۰۲۲,نسیم‌شهر,nasimshahr,personal-goods,child-products
۰۹۳۸۳۹۹۹۶۱۸,نسیم‌شهر,nasimshahr,personal-goods,child-products
۰۹۳۰۶۶۴۱۲۶۶,نسیم‌شهر,nasimshahr,personal-goods,child-products
۰۹۳۶۴۲۳۹۷۶۸,نسیم‌شهر,nasimshahr,personal-goods,child-products
۰۹۱۹۳۸۶۸۹۹۶,نسیم‌شهر,nasimshahr,personal-goods,child-products
۰۹۲۱۶۵۴۶۸۱۰,نسیم‌شهر,nasimshahr,personal-goods,child-products
۰۹۱۹۶۰۷۲۷۵۰,نسیم‌شهر,nasimshahr,personal-goods,child-products
۰۹۳۳۶۰۲۲۷۱۵,نسیم‌شهر,nasimshahr,personal-goods,child-products
۰۹۱۲۷۲۸۳۶۳۱,نسیم‌شهر,nasimshahr,personal-goods,child-products
۰۹۱۲۹۲۱۰۷۹۸,نسیم‌شهر,nasimshahr,personal-goods,child-products
۰۹۳۸۳۳۷۳۷۰۷,نسیم‌شهر,nasimshahr,personal-goods,child-products
۰۹۳۷۰۹۲۹۳۶۵,نسیم‌شهر,nasimshahr,personal-goods,child-products
۰۹۱۲۶۳۹۵۳۷۸,نسیم‌شهر,nasimshahr,personal-goods,child-products
۰۹۱۲۶۳۹۵۳۷۸,نسیم‌شهر,nasimshahr,personal-goods,child-products
۰۹۳۰۹۵۹۱۵۸۵,نسیم‌شهر,nasimshahr,personal-goods,child-products
۰۹۹۰۹۴۱۴۷۶۱,نسیم‌شهر,nasimshahr,personal-goods,child-products
۰۹۱۲۰۶۱۲۲۱۴,نسیم‌شهر,nasimshahr,personal-goods,child-products
۰۹۱۲۰۶۱۲۲۱۴,نسیم‌شهر,nasimshahr,personal-goods,child-products
۰۹۳۷۲۴۶۷۵۸۳,نسیم‌شهر,nasimshahr,personal-goods,child-products
۰۹۱۹۸۵۴۰۹۲۴,نسیم‌شهر,nasimshahr,personal-goods,stationery
۰۹۳۷۴۷۱۸۶۰۱,نسیم‌شهر,nasimshahr,personal-goods,stationery
۰۹۱۲۰۹۱۷۲۹۸,نسیم‌شهر,nasimshahr,personal-goods,stationery
۰۹۱۹۵۰۹۷۷۵۲,نسیم‌شهر,nasimshahr,personal-goods,stationery
(پنهان‌شده؛ چت کنید),نسیم‌شهر,nasimshahr,personal-goods,stationery
۰۹۱۹۸۶۹۰۶۶۵,نسیم‌شهر,nasimshahr,personal-goods,stationery
(پنهان‌شده؛ چت کنید),نسیم‌شهر,nasimshahr,personal-goods,stationery
۰۹۱۹۳۶۳۵۶۱۹,نسیم‌شهر,nasimshahr,personal-goods,stationery
۰۹۳۶۳۷۴۵۰۳۸,نسیم‌شهر,nasimshahr,personal-goods,stationery
۰۹۱۹۸۲۲۵۹۲۵,نسیم‌شهر,nasimshahr,personal-goods,stationery
۰۹۰۱۱۹۰۰۷۶۶,نسیم‌شهر,nasimshahr,personal-goods,stationery
۰۹۱۹۳۲۹۱۶۸۵,نسیم‌شهر,nasimshahr,personal-goods,stationery
۰۹۳۶۳۷۴۵۰۳۸,نسیم‌شهر,nasimshahr,personal-goods,stationery
۰۹۳۶۳۷۴۵۰۳۸,نسیم‌شهر,nasimshahr,personal-goods,stationery
۰۹۹۰۴۶۴۶۱۱۳,نسیم‌شهر,nasimshahr,personal-goods,stationery
۰۹۳۵۱۶۳۹۳۳۹,نسیم‌شهر,nasimshahr,entertainment,ticket
(پنهان‌شده؛ چت کنید),نسیم‌شهر,nasimshahr,entertainment,tours
۰۹۳۹۶۹۴۱۳۹۲,نسیم‌شهر,nasimshahr,entertainment,tours
۰۹۱۲۰۵۳۳۰۵۶,نسیم‌شهر,nasimshahr,entertainment,publication
۰۹۱۹۵۰۹۷۷۵۲,نسیم‌شهر,nasimshahr,entertainment,publication
۰۹۳۰۳۲۶۷۹۰۲,نسیم‌شهر,nasimshahr,entertainment,publication
۰۹۳۳۴۶۹۳۵۶۹,نسیم‌شهر,nasimshahr,entertainment,publication
۰۹۳۳۴۶۹۳۵۶۹,نسیم‌شهر,nasimshahr,entertainment,publication
۰۹۳۳۴۶۹۳۵۶۹,نسیم‌شهر,nasimshahr,entertainment,publication
۰۹۳۳۴۶۹۳۵۶۹,نسیم‌شهر,nasimshahr,entertainment,publication
۰۹۳۰۳۹۶۳۱۲۸,نسیم‌شهر,nasimshahr,entertainment,publication
۰۹۱۰۹۳۶۴۵۸۲,نسیم‌شهر,nasimshahr,entertainment,bike-skate-scooter
۰۹۰۱۷۹۳۵۳۰۶,نسیم‌شهر,nasimshahr,entertainment,bike-skate-scooter
(پنهان‌شده؛ چت کنید),نسیم‌شهر,nasimshahr,entertainment,bike-skate-scooter
۰۹۱۹۸۲۴۰۳۶۸,نسیم‌شهر,nasimshahr,entertainment,bike-skate-scooter
۰۹۲۱۱۱۳۶۵۷۴,نسیم‌شهر,nasimshahr,entertainment,bike-skate-scooter
۰۹۱۲۰۸۹۵۲۰۶,نسیم‌شهر,nasimshahr,entertainment,bike-skate-scooter
۰۹۳۸۵۱۹۷۳۳۶,نسیم‌شهر,nasimshahr,entertainment,bike-skate-scooter
۰۹۱۹۱۲۸۴۷۹۴,نسیم‌شهر,nasimshahr,entertainment,bike-skate-scooter
۰۹۱۹۱۲۸۴۷۹۴,نسیم‌شهر,nasimshahr,entertainment,bike-skate-scooter
۰۹۱۹۱۲۸۴۷۹۴,نسیم‌شهر,nasimshahr,entertainment,bike-skate-scooter
۰۹۹۰۸۴۰۴۲۹۶,نسیم‌شهر,nasimshahr,entertainment,bike-skate-scooter
۰۹۱۶۲۹۴۶۷۵۷,نسیم‌شهر,nasimshahr,entertainment,bike-skate-scooter
۰۹۳۰۷۲۶۶۵۱۱,نسیم‌شهر,nasimshahr,entertainment,bike-skate-scooter
۰۹۰۱۰۲۷۸۷۰۴,نسیم‌شهر,nasimshahr,entertainment,bike-skate-scooter
۰۹۳۹۸۶۴۵۲۶۹,نسیم‌شهر,nasimshahr,entertainment,bike-skate-scooter
۰۹۲۱۴۷۹۹۳۱۲,نسیم‌شهر,nasimshahr,entertainment,bike-skate-scooter
۰۹۱۹۱۲۸۴۷۹۴,نسیم‌شهر,nasimshahr,entertainment,bike-skate-scooter
۰۹۳۵۸۹۴۶۰۳۷,نسیم‌شهر,nasimshahr,entertainment,bike-skate-scooter
۰۹۳۰۳۹۶۳۱۲۸,نسیم‌شهر,nasimshahr,entertainment,bike-skate-scooter
۰۹۳۸۵۲۰۱۳۵۱,نسیم‌شهر,nasimshahr,entertainment,pets-animals
(پنهان‌شده؛ چت کنید),نسیم‌شهر,nasimshahr,entertainment,pets-animals
(پنهان‌شده؛ چت کنید),نسیم‌شهر,nasimshahr,entertainment,pets-animals
۰۹۳۸۳۰۳۵۴۵۰,نسیم‌شهر,nasimshahr,entertainment,pets-animals
۰۹۳۹۲۴۵۷۱۶۶,نسیم‌شهر,nasimshahr,entertainment,pets-animals
۰۹۳۰۹۹۰۱۵۱۵,نسیم‌شهر,nasimshahr,entertainment,pets-animals
۰۹۹۰۹۹۳۰۴۰۲,نسیم‌شهر,nasimshahr,entertainment,pets-animals
۰۹۳۳۸۱۲۵۳۲۳,نسیم‌شهر,nasimshahr,entertainment,pets-animals
۰۹۱۹۸۸۹۷۵۴۷,نسیم‌شهر,nasimshahr,entertainment,pets-animals
۰۹۱۰۸۵۰۲۵۵۸,نسیم‌شهر,nasimshahr,entertainment,pets-animals
۰۹۲۲۳۶۳۱۲۷۳,نسیم‌شهر,nasimshahr,entertainment,pets-animals
(پنهان‌شده؛ چت کنید),نسیم‌شهر,nasimshahr,entertainment,pets-animals
۰۹۰۱۵۶۹۴۶۴۳,نسیم‌شهر,nasimshahr,entertainment,pets-animals
۰۹۳۹۲۷۵۰۶۸۱,نسیم‌شهر,nasimshahr,entertainment,pets-animals
۰۹۳۸۸۱۷۴۰۷۰,نسیم‌شهر,nasimshahr,entertainment,pets-animals
۰۹۳۸۱۶۶۹۰۳۳,نسیم‌شهر,nasimshahr,entertainment,pets-animals
۰۹۹۰۰۲۸۵۱۲۵,نسیم‌شهر,nasimshahr,entertainment,pets-animals
۰۹۳۷۷۶۳۲۵۴۷,نسیم‌شهر,nasimshahr,entertainment,pets-animals
۰۹۳۰۵۵۶۷۹۸۱,نسیم‌شهر,nasimshahr,entertainment,pets-animals
۰۹۹۱۶۲۷۲۷۵۹,نسیم‌شهر,nasimshahr,entertainment,pets-animals
۰۹۳۹۶۳۶۳۷۲۹,نسیم‌شهر,nasimshahr,entertainment,pets-animals
۰۹۱۹۹۹۶۵۸۶۰,نسیم‌شهر,nasimshahr,entertainment,pets-animals
۰۹۱۹۹۹۶۵۸۶۰,نسیم‌شهر,nasimshahr,entertainment,pets-animals
۰۹۱۰۳۸۰۲۸۰۴,نسیم‌شهر,nasimshahr,entertainment,pets-animals
۰۹۹۱۶۲۷۲۷۵۹,نسیم‌شهر,nasimshahr,entertainment,pets-animals
۰۹۱۴۵۱۳۷۲۶۵,نسیم‌شهر,nasimshahr,entertainment,pets-animals
۰۹۰۱۲۸۰۴۶۶۳,نسیم‌شهر,nasimshahr,entertainment,pets-animals
۰۹۱۹۳۶۳۵۶۱۹,نسیم‌شهر,nasimshahr,entertainment,pets-animals
۰۹۱۲۶۳۳۳۲۹۴,نسیم‌شهر,nasimshahr,entertainment,pets-animals
۰۹۳۷۴۷۷۷۰۸۲,نسیم‌شهر,nasimshahr,entertainment,pets-animals
۰۹۱۲۵۹۳۰۴۹۹,نسیم‌شهر,nasimshahr,entertainment,pets-animals
۰۹۳۵۶۶۱۲۵۹۸,نسیم‌شهر,nasimshahr,entertainment,pets-animals
۰۹۱۹۶۱۴۸۶۲۷,نسیم‌شهر,nasimshahr,entertainment,pets-animals
۰۹۱۲۹۴۵۶۱۷۴,نسیم‌شهر,nasimshahr,entertainment,pets-animals
۰۹۲۱۳۸۱۹۸۱۲,نسیم‌شهر,nasimshahr,entertainment,pets-animals
(پنهان‌شده؛ چت کنید),نسیم‌شهر,nasimshahr,entertainment,pets-animals
۰۹۹۰۴۶۴۴۴۵۲,نسیم‌شهر,nasimshahr,entertainment,pets-animals
۰۹۳۵۳۲۹۳۲۱۵,نسیم‌شهر,nasimshahr,entertainment,pets-animals
۰۹۳۷۱۰۵xxxx,نسیم‌شهر,nasimshahr,entertainment,pets-animals
۰۹۳۷۱۷۳۴۸۵۶,نسیم‌شهر,nasimshahr,entertainment,pets-animals
۰۹۰۵۲۴۸۴۶۳۰,نسیم‌شهر,nasimshahr,entertainment,pets-animals
۰۹۲۱۳۶۰۰۶۷۴,نسیم‌شهر,nasimshahr,entertainment,collecting
۰۹۱۲۵۸۸۶۳۹۷,نسیم‌شهر,nasimshahr,entertainment,collecting
۰۹۰۱۹۶۹۶۱۱۹,نسیم‌شهر,nasimshahr,entertainment,collecting
۰۹۳۸۷۳۹۸۰۹۸,نسیم‌شهر,nasimshahr,entertainment,collecting
۰۹۳۳۸۵۸۴۵۶۸,نسیم‌شهر,nasimshahr,entertainment,musical-instruments
۰۹۱۹۴۸۶۴۰۶۲,نسیم‌شهر,nasimshahr,entertainment,musical-instruments
۰۹۱۲۷۰۹۳۶۹۲,نسیم‌شهر,nasimshahr,entertainment,musical-instruments
۰۹۱۲۷۰۹۳۶۹۲,نسیم‌شهر,nasimshahr,entertainment,musical-instruments
۰۹۱۳۲۱۴۵۰۳۱,نسیم‌شهر,nasimshahr,entertainment,musical-instruments
۰۹۰۵۶۹۹۳۹۰۳,نسیم‌شهر,nasimshahr,entertainment,musical-instruments
۰۹۳۰۵۸۸۱۵۶۸,نسیم‌شهر,nasimshahr,entertainment,musical-instruments
۰۹۳۹۵۶۳۳۴۷۴,نسیم‌شهر,nasimshahr,entertainment,musical-instruments
۰۹۱۲۷۰۹۳۶۹۲,نسیم‌شهر,nasimshahr,entertainment,musical-instruments
(پنهان‌شده؛ چت کنید),نسیم‌شهر,nasimshahr,entertainment,sport-entertainment
۰۹۱۲۶۰۳۰۹۷۵,نسیم‌شهر,nasimshahr,entertainment,sport-entertainment
۰۹۱۹۴۸۶۴۰۶۲,نسیم‌شهر,nasimshahr,entertainment,sport-entertainment
۰۹۱۲۲۰۷۷۳۸۹,نسیم‌شهر,nasimshahr,entertainment,sport-entertainment
۰۹۱۲۷۲۹۸۳۴۰,نسیم‌شهر,nasimshahr,entertainment,sport-entertainment
۰۹۳۸۶۱۱۴۱۲۳,نسیم‌شهر,nasimshahr,entertainment,sport-entertainment
۰۹۹۰۸۸۹۰۷۷۱,نسیم‌شهر,nasimshahr,entertainment,sport-entertainment
۰۹۳۹۹۹۶۸۴۶۸,نسیم‌شهر,nasimshahr,entertainment,sport-entertainment
۰۹۹۰۸۸۹۰۷۷۱,نسیم‌شهر,nasimshahr,entertainment,sport-entertainment
۰۹۱۲۶۵۴۰۷۸۳,نسیم‌شهر,nasimshahr,entertainment,sport-entertainment
۰۹۱۹۸۲۴۰۴۲۹,نسیم‌شهر,nasimshahr,entertainment,sport-entertainment
۰۹۳۷۸۰۸۴۸۲۹,نسیم‌شهر,nasimshahr,entertainment,sport-entertainment
۰۹۳۸۷۷۳۷۸۲۴,نسیم‌شهر,nasimshahr,entertainment,sport-entertainment
۰۹۳۰۳۹۶۳۱۲۸,نسیم‌شهر,nasimshahr,entertainment,sport-entertainment
۰۹۳۰۳۹۶۳۱۲۸,نسیم‌شهر,nasimshahr,entertainment,sport-entertainment
۰۹۰۱۳۷۶۶۷۶۲,نسیم‌شهر,nasimshahr,entertainment,sport-entertainment
۰۹۱۹۱۰۷۷۶۴۳,نسیم‌شهر,nasimshahr,entertainment,sport-entertainment
(پنهان‌شده؛ چت کنید),نسیم‌شهر,nasimshahr,entertainment,game-and-toys
۰۹۱۴۵۱۳۷۲۶۵,نسیم‌شهر,nasimshahr,entertainment,game-and-toys
۰۹۳۶۲۳۷۸۱۷۷,نسیم‌شهر,nasimshahr,entertainment,game-and-toys
۰۹۹۱۵۲۸۴۶۷۵,نسیم‌شهر,nasimshahr,social-services,event
۰۹۹۱۷۳۸۰۶۲۳,نسیم‌شهر,nasimshahr,social-services,event
۰۹۰۵۶۱۷۷۲۲۹,نسیم‌شهر,nasimshahr,social-services,event
۰۹۳۷۲۶۷۹۰۹۹,نسیم‌شهر,nasimshahr,social-services,event
۰۹۳۶۴۹۹۸۸۷۴,نسیم‌شهر,nasimshahr,social-services,event
۰۹۳۳۵۰۸۷۹۰۷,نسیم‌شهر,nasimshahr,social-services,event
۰۹۳۰۳۱۴۸۱۷۳,نسیم‌شهر,nasimshahr,social-services,event
۰۹۰۲۳۶۵۸۱۷۰,نسیم‌شهر,nasimshahr,social-services,event
(پنهان‌شده؛ چت کنید),نسیم‌شهر,nasimshahr,social-services,voluntary
(پنهان‌شده؛ چت کنید),نسیم‌شهر,nasimshahr,social-services,voluntary
(پنهان‌شده؛ چت کنید),نسیم‌شهر,nasimshahr,social-services,voluntary
۰۹۹۰۳۹۷۳۵۹۰,نسیم‌شهر,nasimshahr,social-services,missing
(پنهان‌شده؛ چت کنید),نسیم‌شهر,nasimshahr,social-services,missing
۰۹۱۰۴۶۳۲۱۷۱,نسیم‌شهر,nasimshahr,social-services,missing
۰۹۳۶۶۵۷۱۴۱۴,نسیم‌شهر,nasimshahr,businesses,business-equipment
۰۹۱۹۳۲۹۹۷۵۷,نسیم‌شهر,nasimshahr,businesses,business-equipment
۰۹۳۶۹۰۱۹۷۹۱,نسیم‌شهر,nasimshahr,businesses,business-equipment
۰۹۱۲۲۰۹۷۶۸۹,نسیم‌شهر,nasimshahr,businesses,business-equipment
۰۹۱۹۳۳۵۸۷۹۲,نسیم‌شهر,nasimshahr,businesses,business-equipment
۰۹۳۸۰۳۷۰۰۴۵,نسیم‌شهر,nasimshahr,businesses,business-equipment
۰۹۱۲۰۰۳۱۶۸۵,نسیم‌شهر,nasimshahr,businesses,business-equipment
(پنهان‌شده؛ چت کنید),نسیم‌شهر,nasimshahr,businesses,business-equipment
۰۹۳۸۲۸۱۱۳۷۰,نسیم‌شهر,nasimshahr,businesses,business-equipment
۰۹۱۲۳۸۹۵۹۴۶,نسیم‌شهر,nasimshahr,businesses,business-equipment
۰۹۳۷۴۴۵۵۳۲۱,نسیم‌شهر,nasimshahr,businesses,business-equipment
۰۹۳۷۴۴۵۵۳۲۱,نسیم‌شهر,nasimshahr,businesses,business-equipment
۰۹۲۱۱۱۵۹۷۳۸,نسیم‌شهر,nasimshahr,businesses,business-equipment
۰۹۱۹۵۲۲۳۲۹۵,نسیم‌شهر,nasimshahr,businesses,business-equipment
۰۹۱۲۵۰۱۷۳۶۴,نسیم‌شهر,nasimshahr,businesses,business-equipment
۰۹۱۹۵۵۴۵۴۵۱,نسیم‌شهر,nasimshahr,businesses,business-equipment
۰۹۳۶۰۱۶۳۳۸۹,نسیم‌شهر,nasimshahr,businesses,business-equipment
۰۹۱۵۹۱۴۸۹۶۰,نسیم‌شهر,nasimshahr,businesses,business-equipment
۰۹۳۵۱۳۲۶۵۳۲,نسیم‌شهر,nasimshahr,businesses,business-equipment
۰۹۱۲۰۹۱۷۲۹۸,نسیم‌شهر,nasimshahr,businesses,business-equipment
۰۹۰۲۴۵۸۶۸۶۸,نسیم‌شهر,nasimshahr,businesses,business-equipment
۰۹۱۹۲۹۶۲۱۹۱,نسیم‌شهر,nasimshahr,businesses,business-equipment
۰۹۱۹۹۳۹۳۳۹۶,نسیم‌شهر,nasimshahr,businesses,business-equipment
(پنهان‌شده؛ چت کنید),نسیم‌شهر,nasimshahr,businesses,business-equipment
۰۹۱۴۸۹۵۹۵۰۱,نسیم‌شهر,nasimshahr,businesses,business-equipment
۰۹۳۹۸۱۸۴۵۴۲,نسیم‌شهر,nasimshahr,businesses,business-equipment
۰۹۳۷۳۷۱۳۷۷۵,نسیم‌شهر,nasimshahr,businesses,business-equipment
(پنهان‌شده؛ چت کنید),نسیم‌شهر,nasimshahr,businesses,business-equipment
۰۹۳۵۹۹۲۸۷۶۰,نسیم‌شهر,nasimshahr,businesses,business-equipment
۰۹۱۰۲۷۱۱۲۴۱,نسیم‌شهر,nasimshahr,businesses,business-equipment
(پنهان‌شده؛ چت کنید),نسیم‌شهر,nasimshahr,businesses,business-equipment
۰۹۱۲۳۲۴۱۱۲۰,نسیم‌شهر,nasimshahr,businesses,business-equipment
۰۹۲۱۲۰۲۲۶۷۹,نسیم‌شهر,nasimshahr,businesses,business-equipment
۰۹۳۹۴۶۴۷۰۹۸,نسیم‌شهر,nasimshahr,businesses,business-equipment
(پنهان‌شده؛ چت کنید),نسیم‌شهر,nasimshahr,businesses,business-equipment
۰۹۱۰۵۶۰۴۵۵۰,نسیم‌شهر,nasimshahr,businesses,business-equipment
۰۹۱۲۷۱۱۵۰۸۹,نسیم‌شهر,nasimshahr,businesses,business-equipment
۰۹۱۲۲۷۶۱۲۴۱,نسیم‌شهر,nasimshahr,businesses,business-equipment
۰۹۳۸۵۴۴۰۲۴۶,نسیم‌شهر,nasimshahr,businesses,business-equipment
(پنهان‌شده؛ چت کنید),نسیم‌شهر,nasimshahr,businesses,business-equipment
۰۹۱۹۵۳۴۵۰۹۳,نسیم‌شهر,nasimshahr,businesses,business-equipment
۰۹۱۲۳۷۷۴۵۳۱,نسیم‌شهر,nasimshahr,businesses,business-equipment
۰۹۲۲۲۹۳۷۵۷۰,نسیم‌شهر,nasimshahr,businesses,business-equipment
۰۹۳۳۲۳۲۷۱۷۱,نسیم‌شهر,nasimshahr,businesses,business-equipment
۰۹۳۳۲۳۲۷۱۷۱,نسیم‌شهر,nasimshahr,businesses,business-equipment
۰۹۳۵۸۹۶۳۱۲۹,نسیم‌شهر,nasimshahr,businesses,business-equipment
۰۹۳۶۳۱۰۶۳۹۸,نسیم‌شهر,nasimshahr,businesses,business-equipment
۰۹۳۸۳۸۳۸۳۲۸,نسیم‌شهر,nasimshahr,businesses,business-equipment
۰۹۳۸۳۸۳۸۳۲۸,نسیم‌شهر,nasimshahr,businesses,business-equipment
۰۹۳۰۹۸۲۶۳۸۶,نسیم‌شهر,nasimshahr,businesses,business-equipment
۰۹۳۶۸۶۱۳۳۲۲,نسیم‌شهر,nasimshahr,businesses,business-equipment
۰۹۳۰۷۴۷۴۳۳۱,نسیم‌شهر,nasimshahr,businesses,business-equipment
۰۹۳۷۳۱۴۴۶۶۱,نسیم‌شهر,nasimshahr,businesses,business-equipment
۰۹۱۲۰۰۳۱۶۸۵,نسیم‌شهر,nasimshahr,businesses,business-equipment
۰۹۰۴۴۶۵۶۹۹۰,نسیم‌شهر,nasimshahr,businesses,business-equipment
۰۹۹۰۴۶۴۴۴۵۲,نسیم‌شهر,nasimshahr,businesses,business-equipment
۰۹۱۲۴۲۸۸۶۵۴,نسیم‌شهر,nasimshahr,businesses,business-equipment
۰۹۱۲۰۰۳۱۶۸۵,نسیم‌شهر,nasimshahr,businesses,business-equipment
۰۹۱۲۰۰۳۱۶۸۵,نسیم‌شهر,nasimshahr,businesses,business-equipment
۰۹۳۵۱۳۲۴۸۵۴,نسیم‌شهر,nasimshahr,businesses,business-equipment
۰۹۹۱۵۷۰۶۸۴۸,نسیم‌شهر,nasimshahr,businesses,business-equipment
۰۹۰۵۳۳۶۴۰۳۲,نسیم‌شهر,nasimshahr,businesses,business-equipment
(پنهان‌شده؛ چت کنید),نسیم‌شهر,nasimshahr,businesses,business-equipment
۰۹۰۳۶۹۵۶۵۵۱,نسیم‌شهر,nasimshahr,businesses,business-equipment
(پنهان‌شده؛ چت کنید),نسیم‌شهر,nasimshahr,businesses,wholesale
۰۹۳۶۲۱۴۵۷۵۱,نسیم‌شهر,nasimshahr,businesses,wholesale
۰۹۳۷۲۰۶۰۴۶۳,نسیم‌شهر,nasimshahr,businesses,wholesale
۰۹۳۹۱۸۷۷۴۲۸,نسیم‌شهر,nasimshahr,businesses,wholesale
۰۹۳۷۰۶۹۱۷۵۲,نسیم‌شهر,nasimshahr,businesses,wholesale
۰۹۳۷۲۰۶۰۹۸۶,نسیم‌شهر,nasimshahr,businesses,wholesale
۰۹۱۹۶۱۵۰۲۷۵,نسیم‌شهر,nasimshahr,businesses,wholesale
۰۹۳۶۸۰۴۹۵۱۵,نسیم‌شهر,nasimshahr,businesses,wholesale
۰۹۳۷۲۰۶۰۹۸۶,نسیم‌شهر,nasimshahr,businesses,wholesale
۰۹۳۸۳۵۶۶۵۹۷,نسیم‌شهر,nasimshahr,businesses,wholesale
۰۹۱۲۷۷۵۱۶۴۳,نسیم‌شهر,nasimshahr,businesses,wholesale
۰۹۱۱۶۹۴۳۴۹۰,نسیم‌شهر,nasimshahr,businesses,wholesale
۰۹۳۹۳۳۰۳۲۰۱,نسیم‌شهر,nasimshahr,businesses,wholesale
۰۹۹۰۱۱۵۰۶۰۰,نسیم‌شهر,nasimshahr,businesses,wholesale
۰۹۱۰۱۴۳۷۶۶۲,نسیم‌شهر,nasimshahr,businesses,wholesale
۰۹۳۳۰۷۷۴۰۴۱,نسیم‌شهر,nasimshahr,businesses,wholesale
۰۹۱۲۶۰۱۱۱۳۸,نسیم‌شهر,nasimshahr,businesses,wholesale
۰۹۳۷۷۵۰۳۵۹۰,نسیم‌شهر,nasimshahr,businesses,wholesale
۰۹۱۹۰۷۷۲۳۶۲,نسیم‌شهر,nasimshahr,businesses,wholesale
۰۹۱۹۶۴۲۰۲۸۳,نسیم‌شهر,nasimshahr,businesses,wholesale
۰۹۳۰۳۳۷۰۸۰۰,نسیم‌شهر,nasimshahr,businesses,wholesale
۰۹۹۰۴۱۸۹۲۲۱,نسیم‌شهر,nasimshahr,businesses,wholesale
۰۹۳۳۹۸۷۶۱۰۷,نسیم‌شهر,nasimshahr,businesses,wholesale
۰۹۱۴۶۸۶۷۴۴۶,نسیم‌شهر,nasimshahr,businesses,wholesale
۰۹۳۷۸۸۲۰۳۰۴,نسیم‌شهر,nasimshahr,businesses,wholesale
۰۹۱۲۸۹۸۳۸۴۵,نسیم‌شهر,nasimshahr,businesses,wholesale
۰۹۳۶۲۱۴۴۴۹۳,نسیم‌شهر,nasimshahr,businesses,wholesale
۰۹۳۸۳۵۶۶۵۹۷,نسیم‌شهر,nasimshahr,businesses,wholesale
(پنهان‌شده؛ چت کنید),نسیم‌شهر,nasimshahr,businesses,wholesale
۰۹۱۲۱۴۳۷۳۵۶,نسیم‌شهر,nasimshahr,businesses,wholesale
۰۹۳۷۱۱۳۳۳۷۵,نسیم‌شهر,nasimshahr,businesses,wholesale
۰۹۱۰۹۴۶۵۹۱۱,نسیم‌شهر,nasimshahr,businesses,wholesale
۰۹۹۱۷۳۸۰۲۹۱,نسیم‌شهر,nasimshahr,businesses,wholesale
۰۹۹۰۵۴۳۵۴۸۳,نسیم‌شهر,nasimshahr,businesses,wholesale
۰۹۹۱۴۲۶۸۹۵۰,نسیم‌شهر,nasimshahr,businesses,wholesale
۰۹۳۸۰۶۷۴۹۱۴,نسیم‌شهر,nasimshahr,businesses,wholesale
۰۹۰۱۹۷۳۹۷۷۶,نسیم‌شهر,nasimshahr,businesses,wholesale
۰۹۳۷۱۱۳۱۶۲۷,نسیم‌شهر,nasimshahr,businesses,wholesale
۰۹۳۰۰۷۴۹۲۵۳,نسیم‌شهر,nasimshahr,businesses,wholesale
۰۹۳۷۷۴۷۹۱۱۶,نسیم‌شهر,nasimshahr,businesses,wholesale
۰۹۳۷۷۴۷۹۱۱۶,نسیم‌شهر,nasimshahr,businesses,wholesale
۰۹۳۳۸۰۴۴۹۵۲,نسیم‌شهر,nasimshahr,businesses,wholesale
۰۹۳۷۱۱۳۱۶۲۷,نسیم‌شهر,nasimshahr,businesses,wholesale
۰۹۳۹۳۰۷۷۱۰۱,نسیم‌شهر,nasimshahr,businesses,wholesale
۰۹۹۰۵۴۳۵۴۸۳,نسیم‌شهر,nasimshahr,businesses,wholesale
۰۹۹۰۵۲۳۱۳۹۸,نسیم‌شهر,nasimshahr,businesses,wholesale
۰۹۳۷۸۸۶۱۲۴۲,نسیم‌شهر,nasimshahr,businesses,wholesale
۰۹۱۹۲۰۶۶۹۳۳,نسیم‌شهر,nasimshahr,businesses,wholesale
۰۹۲۱۲۱۲۳۰۰۱,نسیم‌شهر,nasimshahr,businesses,wholesale
۰۹۳۶۱۵۸۰۶۹۵,نسیم‌شهر,nasimshahr,businesses,wholesale
۰۹۱۰۰۲۲۸۲۴۱,نسیم‌شهر,nasimshahr,businesses,wholesale
۰۹۰۵۴۱۸۹۰۵۲,نسیم‌شهر,nasimshahr,businesses,wholesale
۰۹۱۲۲۷۱۹۲۷۷,نسیم‌شهر,nasimshahr,businesses,wholesale
۰۹۱۹۷۶۸۷۷۲۸,نسیم‌شهر,nasimshahr,businesses,wholesale
۰۹۱۲۰۸۴۴۷۱۲,نسیم‌شهر,nasimshahr,businesses,wholesale
۰۹۳۵۳۷۰۹۵۶۴,نسیم‌شهر,nasimshahr,businesses,wholesale
۰۹۱۹۷۸۸۹۱۶۵,نسیم‌شهر,nasimshahr,businesses,wholesale
۰۹۲۲۷۵۹۶۲۵۸,نسیم‌شهر,nasimshahr,businesses,wholesale
۰۹۱۲۴۰۵۴۶۲۴,نسیم‌شهر,nasimshahr,businesses,wholesale
۰۹۱۰۹۵۱۴۱۵۸,نسیم‌شهر,nasimshahr,businesses,wholesale
۰۹۱۰۱۹۸۷۰۵۴,نسیم‌شهر,nasimshahr,businesses,wholesale
۰۹۱۰۱۹۸۷۰۵۴,نسیم‌شهر,nasimshahr,businesses,wholesale
۰۹۱۰۱۹۸۷۰۵۴,نسیم‌شهر,nasimshahr,businesses,wholesale
