۰۹۱۲۸۶۸۷۸۶۷,نظرآباد,nazarabad,jobs,finance-legal-jobs
۰۹۳۳۷۳۵۷۲۹۰,نظرآباد,nazarabad,jobs,technical-jobs
۰۹۱۲۴۲۲۶۸۴۷,نظرآباد,nazarabad,jobs,technical-jobs
۰۹۳۹۰۴۱۴۰۷۲,نظرآباد,nazarabad,real-estate,buy-residential
۰۹۱۰۷۳۲۴۴۰۷,نظرآباد,nazarabad,real-estate,buy-residential
۰۹۳۹۰۱۷۳۲۴۶,نظرآباد,nazarabad,real-estate,buy-residential
۰۹۱۹۲۶۷۳۲۱۸,نظرآباد,nazarabad,real-estate,buy-residential
۰۹۳۹۷۲۲۹۴۱۷,نظرآباد,nazarabad,real-estate,buy-residential
۰۹۱۲۴۲۲۳۴۱۶,نظرآباد,nazarabad,real-estate,buy-residential
۰۹۳۵۶۶۵۰۸۰۸,نظرآباد,nazarabad,real-estate,buy-residential
۰۹۲۱۱۶۱۲۵۵۷,نظرآباد,nazarabad,real-estate,buy-residential
۰۹۳۷۸۱۲۱۶۵۵,نظرآباد,nazarabad,real-estate,buy-residential
۰۹۳۵۳۵۹۱۶۴۶,نظرآباد,nazarabad,real-estate,buy-residential
۰۹۱۲۸۶۶۵۶۱۰,نظرآباد,nazarabad,real-estate,buy-residential
۰۹۰۱۵۶۴۳۴۸۲,نظرآباد,nazarabad,real-estate,buy-residential
۰۹۱۲۹۳۳۲۹۰۶,نظرآباد,nazarabad,real-estate,buy-residential
۰۹۳۷۴۵۲۹۴۰۴,نظرآباد,nazarabad,real-estate,buy-residential
۰۹۱۰۰۱۸۵۹۳۵,نظرآباد,nazarabad,real-estate,buy-residential
۰۹۳۷۸۴۵۷۵۶۲,نظرآباد,nazarabad,real-estate,buy-residential
۰۹۳۵۲۲۲۹۱۷۳,نظرآباد,nazarabad,real-estate,buy-residential
۰۹۳۵۸۱۷۰۴۲۲,نظرآباد,nazarabad,real-estate,buy-residential
۰۹۳۶۵۵۹۴۷۰۴,نظرآباد,nazarabad,real-estate,buy-residential
۰۹۲۲۹۸۷۰۲۶۲,نظرآباد,nazarabad,real-estate,buy-residential
۰۹۹۹۹۸۹۵۶۶۵,نظرآباد,nazarabad,real-estate,buy-residential
۰۹۱۲۲۰۷۷۶۱۱,نظرآباد,nazarabad,real-estate,buy-residential
۰۹۱۹۷۱۷۱۴۱۹,نظرآباد,nazarabad,real-estate,buy-residential
۰۹۱۲۲۶۰۸۷۱۳,نظرآباد,nazarabad,real-estate,buy-residential
۰۹۰۳۷۸۷۷۶۴۶,نظرآباد,nazarabad,real-estate,buy-residential
۰۹۱۲۰۶۱۱۶۲۹,نظرآباد,nazarabad,real-estate,buy-residential
۰۹۰۱۶۸۹۵۵۸۹,نظرآباد,nazarabad,real-estate,buy-residential
۰۹۱۰۵۹۶۲۹۶۶,نظرآباد,nazarabad,real-estate,buy-residential
۰۹۱۲۳۲۱۱۹۴۴,نظرآباد,nazarabad,real-estate,buy-residential
۰۹۱۰۵۹۶۲۹۶۶,نظرآباد,nazarabad,real-estate,buy-residential
۰۹۱۰۵۹۶۲۹۶۶,نظرآباد,nazarabad,real-estate,buy-residential
۰۹۳۸۶۰۵۰۶۱۶,نظرآباد,nazarabad,real-estate,buy-residential
۰۹۰۲۵۳۹۷۲۶۵,نظرآباد,nazarabad,real-estate,buy-residential
۰۹۰۱۶۸۹۵۵۸۹,نظرآباد,nazarabad,real-estate,buy-residential
۰۹۱۲۷۸۳۳۵۸۷,نظرآباد,nazarabad,real-estate,buy-residential
۰۹۰۱۶۸۹۵۵۸۹,نظرآباد,nazarabad,real-estate,buy-residential
۰۹۳۰۹۱۴۱۴۴۰,نظرآباد,nazarabad,real-estate,buy-residential
۰۹۱۲۴۱۵۲۸۵۳,نظرآباد,nazarabad,real-estate,buy-residential
۰۹۳۵۴۲۰۶۳۸۷,نظرآباد,nazarabad,real-estate,buy-residential
۰۹۳۵۹۹۷۶۲۰۵,نظرآباد,nazarabad,real-estate,buy-residential
۰۹۱۲۴۵۹۱۴۵۶,نظرآباد,nazarabad,real-estate,buy-residential
۰۹۱۲۰۵۹۷۶۴۴,نظرآباد,nazarabad,real-estate,buy-residential
۰۹۱۲۷۱۳۹۱۵۸,نظرآباد,nazarabad,real-estate,buy-residential
۰۹۱۲۲۶۲۶۰۶۷,نظرآباد,nazarabad,real-estate,buy-residential
۰۹۳۶۸۳۰۰۷۳۰,نظرآباد,nazarabad,real-estate,buy-residential
۰۹۳۵۳۹۶۳۷۴۵,نظرآباد,nazarabad,real-estate,buy-residential
۰۹۰۱۶۸۹۵۵۸۹,نظرآباد,nazarabad,real-estate,buy-residential
۰۹۱۹۳۶۲۵۰۶۵,نظرآباد,nazarabad,real-estate,buy-residential
۰۹۱۳۱۵۸۹۰۷۲,نظرآباد,nazarabad,real-estate,buy-residential
۰۹۳۶۳۴۸۵۴۰۰,نظرآباد,nazarabad,real-estate,buy-residential
۰۹۱۲۶۴۹۰۹۲۱,نظرآباد,nazarabad,real-estate,buy-residential
۰۹۳۰۸۴۴۹۲۵۳,نظرآباد,nazarabad,real-estate,buy-residential
۰۹۳۳۸۵۵۲۲۴۸,نظرآباد,nazarabad,real-estate,buy-residential
۰۹۳۹۷۲۲۹۴۱۷,نظرآباد,nazarabad,real-estate,buy-residential
۰۹۳۹۲۵۴۹۴۸۲,نظرآباد,nazarabad,real-estate,buy-residential
۰۹۳۸۰۵۰۳۶۵۵,نظرآباد,nazarabad,real-estate,buy-residential
۰۹۱۲۶۵۰۷۲۹۵,نظرآباد,nazarabad,real-estate,rent-residential
۰۹۱۲۰۵۶۴۳۹۵,نظرآباد,nazarabad,real-estate,rent-residential
۰۹۱۲۸۳۹۳۱۶۹,نظرآباد,nazarabad,real-estate,rent-residential
۰۹۱۹۲۴۲۶۰۱۹,نظرآباد,nazarabad,real-estate,rent-residential
۰۹۱۲۹۲۴۳۳۶۱,نظرآباد,nazarabad,real-estate,rent-residential
۰۹۱۲۶۷۷۹۵۰۴,نظرآباد,nazarabad,real-estate,rent-residential
۰۹۹۰۲۷۸۲۰۱۱,نظرآباد,nazarabad,real-estate,rent-residential
۰۹۱۲۴۶۳۸۹۶۵,نظرآباد,nazarabad,real-estate,rent-residential
۰۹۳۶۳۱۱۴۶۴۶,نظرآباد,nazarabad,real-estate,rent-residential
۰۹۱۰۶۷۵۴۱۳۸,نظرآباد,nazarabad,real-estate,rent-residential
۰۹۰۱۹۴۴۹۳۷۶,نظرآباد,nazarabad,real-estate,rent-residential
۰۹۱۲۵۶۵۲۱۲۹,نظرآباد,nazarabad,real-estate,rent-residential
۰۹۱۲۵۶۳۱۸۰۷,نظرآباد,nazarabad,real-estate,rent-residential
۰۹۱۲۰۶۱۹۹۸۳,نظرآباد,nazarabad,real-estate,rent-residential
۰۹۱۲۰۶۵۳۹۱۵,نظرآباد,nazarabad,real-estate,rent-residential
۰۹۰۳۷۴۶۰۷۴۳,نظرآباد,nazarabad,real-estate,rent-residential
۰۹۱۹۲۶۲۷۳۲۱,نظرآباد,nazarabad,real-estate,rent-residential
۰۹۳۸۵۸۲۸۱۷۷,نظرآباد,nazarabad,real-estate,rent-residential
۰۹۰۳۲۰۱۹۷۴۸,نظرآباد,nazarabad,real-estate,rent-residential
۰۹۱۲۲۶۰۸۷۱۳,نظرآباد,nazarabad,real-estate,rent-residential
۰۹۱۹۴۴۳۱۶۵۴,نظرآباد,nazarabad,real-estate,rent-residential
۰۹۳۶۰۹۴۶۱۹۴,نظرآباد,nazarabad,real-estate,buy-commercial-property
۰۹۱۲۴۳۵۴۹۶۹,نظرآباد,nazarabad,real-estate,buy-commercial-property
۰۹۳۶۲۳۲۰۵۱۵,نظرآباد,nazarabad,real-estate,buy-commercial-property
۰۹۱۲۶۷۷۹۵۰۴,نظرآباد,nazarabad,real-estate,buy-commercial-property
۰۹۱۲۴۶۸۴۹۸۳,نظرآباد,nazarabad,real-estate,buy-commercial-property
۰۹۱۹۲۸۶۷۲۶۱,نظرآباد,nazarabad,real-estate,buy-commercial-property
۰۹۱۹۱۶۲۶۸۶۲,نظرآباد,nazarabad,real-estate,buy-commercial-property
۰۹۱۹۲۶۵۸۶۸۹,نظرآباد,nazarabad,real-estate,buy-commercial-property
۰۹۱۲۸۶۳۰۱۷۷,نظرآباد,nazarabad,real-estate,buy-commercial-property
۰۹۱۹۲۷۲۳۹۱۳,نظرآباد,nazarabad,real-estate,buy-commercial-property
۰۹۳۶۴۵۹۵۸۹۹,نظرآباد,nazarabad,real-estate,buy-commercial-property
۰۹۰۱۷۶۶۴۹۷۰,نظرآباد,nazarabad,real-estate,buy-commercial-property
۰۹۱۲۳۶۲۱۰۶۰,نظرآباد,nazarabad,real-estate,buy-commercial-property
۰۹۱۲۶۴۰۶۹۳۸,نظرآباد,nazarabad,real-estate,buy-commercial-property
۰۹۰۱۰۳۱۰۰۷۰,نظرآباد,nazarabad,real-estate,buy-commercial-property
۰۹۱۲۳۶۷۷۴۲۳,نظرآباد,nazarabad,real-estate,buy-commercial-property
۰۹۱۲۲۶۵۴۱۱۵,نظرآباد,nazarabad,real-estate,buy-commercial-property
۰۹۳۵۵۰۰۰۲۱۷,نظرآباد,nazarabad,real-estate,buy-commercial-property
۰۹۳۶۱۸۸۳۲۷۵,نظرآباد,nazarabad,real-estate,buy-commercial-property
۰۹۳۶۰۸۷۹۲۱۰,نظرآباد,nazarabad,real-estate,buy-commercial-property
۰۹۱۰۲۶۸۹۹۱۶,نظرآباد,nazarabad,real-estate,buy-commercial-property
۰۹۱۲۷۶۶۱۵۳۴,نظرآباد,nazarabad,real-estate,buy-commercial-property
۰۹۱۲۷۶۶۱۵۳۴,نظرآباد,nazarabad,real-estate,buy-commercial-property
۰۹۱۲۷۶۶۱۵۳۴,نظرآباد,nazarabad,real-estate,buy-commercial-property
۰۹۳۸۰۵۰۳۶۵۵,نظرآباد,nazarabad,real-estate,buy-commercial-property
۰۹۱۲۰۶۵۳۹۱۵,نظرآباد,nazarabad,real-estate,buy-commercial-property
۰۹۱۹۶۸۳۴۰۷۳,نظرآباد,nazarabad,real-estate,buy-commercial-property
۰۹۱۲۳۴۷۱۵۷۴,نظرآباد,nazarabad,real-estate,buy-commercial-property
۰۹۱۹۲۰۶۶۷۹۴,نظرآباد,nazarabad,real-estate,buy-commercial-property
۰۹۱۲۶۱۶۹۸۱۳,نظرآباد,nazarabad,real-estate,buy-commercial-property
۰۹۳۸۹۲۱۵۶۴۳,نظرآباد,nazarabad,real-estate,buy-commercial-property
۰۹۳۵۶۰۸۵۸۵۳,نظرآباد,nazarabad,real-estate,rent-commercial-property
۰۹۱۲۴۹۰۱۸۵۵,نظرآباد,nazarabad,real-estate,rent-commercial-property
۰۹۱۲۸۶۳۰۱۲۲,نظرآباد,nazarabad,real-estate,rent-commercial-property
۰۹۱۲۷۶۶۱۵۳۴,نظرآباد,nazarabad,real-estate,rent-commercial-property
۰۹۱۲۸۶۳۰۱۷۷,نظرآباد,nazarabad,real-estate,rent-commercial-property
۰۹۱۲۵۶۱۳۱۰۳,نظرآباد,nazarabad,real-estate,rent-commercial-property
۰۹۳۶۵۲۳۷۶۴۵,نظرآباد,nazarabad,real-estate,rent-commercial-property
۰۹۱۲۸۶۳۰۱۲۲,نظرآباد,nazarabad,real-estate,rent-commercial-property
۰۹۱۲۸۶۳۰۱۷۷,نظرآباد,nazarabad,real-estate,rent-commercial-property
۰۹۱۲۱۶۲۳۰۶۲,نظرآباد,nazarabad,real-estate,rent-commercial-property
۰۹۱۲۸۱۱۸۸۱۲,نظرآباد,nazarabad,real-estate,rent-commercial-property
۰۹۱۲۲۶۵۴۰۵۶,نظرآباد,nazarabad,real-estate,rent-commercial-property
۰۹۰۳۸۴۲۷۸۷۱,نظرآباد,nazarabad,real-estate,rent-commercial-property
۰۹۱۲۳۶۹۰۹۶۹,نظرآباد,nazarabad,real-estate,rent-commercial-property
۰۹۲۲۷۳۰۹۹۲۸,نظرآباد,nazarabad,real-estate,rent-temporary
۰۹۰۳۷۱۵۱۴۱۹,نظرآباد,nazarabad,real-estate,real-estate-services
۰۹۱۲۷۶۶۱۵۳۴,نظرآباد,nazarabad,real-estate,real-estate-services
۰۹۱۲۰۴۸۲۵۶۰,نظرآباد,nazarabad,real-estate,real-estate-services
۰۹۱۲۳۵۷۴۲۱۷,نظرآباد,nazarabad,real-estate,real-estate-services
۰۹۳۸۰۵۰۳۶۵۵,نظرآباد,nazarabad,real-estate,real-estate-services
۰۹۳۸۰۵۰۳۶۵۵,نظرآباد,nazarabad,real-estate,real-estate-services
۰۹۱۹۲۶۵۹۲۷۶,نظرآباد,nazarabad,real-estate,real-estate-services
۰۹۱۹۱۹۰۰۳۶۰,نظرآباد,nazarabad,vehicles,auto
۰۹۱۲۸۷۰۵۴۲۴,نظرآباد,nazarabad,vehicles,auto
۰۹۳۶۷۱۱۶۶۵۹,نظرآباد,nazarabad,vehicles,auto
۰۹۳۸۳۴۳۸۰۹۵,نظرآباد,nazarabad,vehicles,auto
۰۹۳۶۸۴۵۵۸۵۰,نظرآباد,nazarabad,vehicles,auto
۰۹۱۰۰۲۲۷۷۸۱,نظرآباد,nazarabad,vehicles,auto
۰۹۱۲۴۶۳۸۹۶۳,نظرآباد,nazarabad,vehicles,auto
۰۹۲۲۴۹۰۵۵۹۴,نظرآباد,nazarabad,vehicles,auto
۰۹۳۶۶۲۰۶۶۴۷,نظرآباد,nazarabad,vehicles,auto
۰۹۳۶۹۸۸۵۲۶۲,نظرآباد,nazarabad,vehicles,auto
۰۹۰۱۹۶۳۰۳۷۷,نظرآباد,nazarabad,vehicles,auto
۰۹۰۲۷۵۴۸۲۹۷,نظرآباد,nazarabad,vehicles,auto
۰۹۳۷۰۹۴۰۰۹۹,نظرآباد,nazarabad,vehicles,auto
۰۹۱۰۱۴۲۳۹۱۸,نظرآباد,nazarabad,vehicles,auto
۰۹۱۱۵۵۶۲۵۸۰,نظرآباد,nazarabad,vehicles,auto
۰۹۳۹۸۳۰۸۳۹۷,نظرآباد,nazarabad,vehicles,auto
۰۹۱۸۰۶۳۳۴۳۶,نظرآباد,nazarabad,vehicles,auto
۰۹۳۰۴۰۳۵۲۳۵,نظرآباد,nazarabad,vehicles,auto
۰۹۳۸۹۴۲۰۰۹۸,نظرآباد,nazarabad,vehicles,auto
۰۹۳۰۰۱۷۴۷۸۷,نظرآباد,nazarabad,vehicles,auto
۰۹۲۱۳۷۶۸۰۲۱,نظرآباد,nazarabad,vehicles,auto
۰۹۳۵۸۱۴۶۸۵۶,نظرآباد,nazarabad,vehicles,auto
۰۹۹۰۳۶۷۱۸۴۰,نظرآباد,nazarabad,vehicles,auto
۰۹۰۵۳۶۷۷۲۵۵,نظرآباد,nazarabad,vehicles,auto
۰۹۳۷۵۵۵۵۶۲۸,نظرآباد,nazarabad,vehicles,auto
۰۹۳۹۹۰۸۶۴۰۷,نظرآباد,nazarabad,vehicles,auto
۰۹۳۵۹۵۹۵۲۴۸,نظرآباد,nazarabad,vehicles,auto
۰۹۱۹۳۶۸۶۲۳۶,نظرآباد,nazarabad,vehicles,auto
۰۹۲۱۱۶۴۴۸۳۹,نظرآباد,nazarabad,vehicles,auto
۰۹۳۶۲۶۲۸۳۹۱,نظرآباد,nazarabad,vehicles,auto
۰۹۱۹۵۴۶۵۳۸۲,نظرآباد,nazarabad,vehicles,auto
۰۹۳۵۳۶۳۲۹۱۲,نظرآباد,nazarabad,vehicles,auto
۰۹۳۹۹۸۶۹۴۱۸,نظرآباد,nazarabad,vehicles,auto
۰۹۹۲۳۶۹۵۶۱۰,نظرآباد,nazarabad,vehicles,auto
۰۹۲۱۳۰۷۲۲۱۳,نظرآباد,nazarabad,vehicles,auto
۰۹۳۳۷۹۹۳۱۷۷,نظرآباد,nazarabad,vehicles,auto
۰۹۰۱۹۵۵۵۰۳۹,نظرآباد,nazarabad,vehicles,auto
۰۹۱۲۵۶۸۰۲۱۰,نظرآباد,nazarabad,vehicles,auto
۰۹۳۳۹۱۵۷۷۱۷,نظرآباد,nazarabad,vehicles,auto
۰۹۱۹۲۷۱۲۲۱۶,نظرآباد,nazarabad,vehicles,auto
۰۹۱۲۰۵۹۵۸۲۸,نظرآباد,nazarabad,vehicles,auto
۰۹۳۶۹۷۸۴۴۳۶,نظرآباد,nazarabad,vehicles,auto
۰۹۹۲۶۹۴۱۰۴۶,نظرآباد,nazarabad,vehicles,auto
۰۹۱۲۰۴۹۷۶۸۱,نظرآباد,nazarabad,vehicles,car-accessories
۰۹۱۰۵۴۵۳۰۸۲,نظرآباد,nazarabad,vehicles,car-accessories
۰۹۱۰۵۴۵۳۰۸۲,نظرآباد,nazarabad,vehicles,car-accessories
۰۹۳۵۸۳۸۱۰۲۴,نظرآباد,nazarabad,vehicles,car-accessories
۰۹۱۲۴۶۶۶۵۲۶,نظرآباد,nazarabad,vehicles,car-accessories
۰۹۱۰۵۴۵۳۰۸۲,نظرآباد,nazarabad,vehicles,car-accessories
۰۹۳۳۶۱۵۶۷۱۹,نظرآباد,nazarabad,vehicles,car-accessories
۰۹۱۲۶۹۰۸۸۳۱,نظرآباد,nazarabad,vehicles,car-accessories
۰۹۳۳۳۵۲۴۹۷۹,نظرآباد,nazarabad,vehicles,car-accessories
۰۹۱۹۴۲۴۸۹۹۰,نظرآباد,nazarabad,vehicles,car-accessories
۰۹۳۵۲۹۵۲۰۹۱,نظرآباد,nazarabad,vehicles,car-accessories
۰۹۳۵۲۹۵۲۰۹۱,نظرآباد,nazarabad,vehicles,car-accessories
۰۹۳۵۱۶۲۳۸۲۰,نظرآباد,nazarabad,vehicles,car-accessories
۰۹۱۰۵۴۵۳۰۸۲,نظرآباد,nazarabad,vehicles,car-accessories
۰۹۱۲۷۰۴۴۶۸۵,نظرآباد,nazarabad,vehicles,car-accessories
۰۹۳۶۱۴۱۸۱۵۶,نظرآباد,nazarabad,vehicles,car-accessories
۰۹۳۶۳۹۱۶۰۶۷,نظرآباد,nazarabad,vehicles,car-accessories
۰۹۳۷۹۷۳۵۳۲۲,نظرآباد,nazarabad,vehicles,car-accessories
۰۹۳۸۰۶۳۸۹۷۱,نظرآباد,nazarabad,vehicles,car-accessories
۰۹۱۲۹۷۳۴۹۳۴,نظرآباد,nazarabad,vehicles,car-accessories
۰۹۳۸۶۱۲۱۲۹۷,نظرآباد,nazarabad,vehicles,car-accessories
۰۹۹۴۴۲۵۹۰۴۳,نظرآباد,nazarabad,vehicles,car-accessories
۰۹۱۲۲۴۱۵۰۶۱,نظرآباد,nazarabad,vehicles,car-accessories
۰۹۱۲۷۰۴۴۶۸۵,نظرآباد,nazarabad,vehicles,car-accessories
۰۹۱۴۸۰۸۰۲۷۷,نظرآباد,nazarabad,vehicles,car-accessories
۰۹۳۵۲۹۵۲۰۹۱,نظرآباد,nazarabad,vehicles,car-accessories
۰۹۳۵۲۹۵۲۰۹۱,نظرآباد,nazarabad,vehicles,car-accessories
۰۹۳۵۲۹۵۲۰۹۱,نظرآباد,nazarabad,vehicles,car-accessories
۰۹۳۵۲۹۵۲۰۹۱,نظرآباد,nazarabad,vehicles,car-accessories
۰۹۱۰۵۴۵۳۰۸۲,نظرآباد,nazarabad,vehicles,car-accessories
۰۹۳۷۱۴۷۵۴۱۷,نظرآباد,nazarabad,vehicles,car-accessories
۰۹۱۰۵۴۵۳۰۸۲,نظرآباد,nazarabad,vehicles,car-accessories
۰۹۳۸۷۶۷۰۲۱۳,نظرآباد,nazarabad,vehicles,car-accessories
۰۹۱۲۶۹۰۸۸۳۱,نظرآباد,nazarabad,vehicles,car-accessories
۰۹۳۹۶۴۴۳۸۲۱,نظرآباد,nazarabad,vehicles,car-accessories
۰۹۰۱۶۷۴۴۲۵۰,نظرآباد,nazarabad,vehicles,car-accessories
۰۹۱۲۶۵۱۶۵۰۷,نظرآباد,nazarabad,vehicles,car-accessories
۰۹۱۲۶۵۱۶۵۰۷,نظرآباد,nazarabad,vehicles,car-accessories
۰۹۰۵۵۲۳۲۰۷۸,نظرآباد,nazarabad,vehicles,car-accessories
۰۹۳۷۷۶۸۷۸۷۲,نظرآباد,nazarabad,vehicles,car-accessories
۰۹۱۲۲۶۱۴۳۱۷,نظرآباد,nazarabad,vehicles,car-accessories
۰۹۱۹۵۸۱۵۹۸۷,نظرآباد,nazarabad,vehicles,car-accessories
۰۹۳۶۶۴۵۲۰۲۲,نظرآباد,nazarabad,vehicles,car-accessories
۰۹۳۰۳۰۱۹۶۱۰,نظرآباد,nazarabad,vehicles,car-accessories
۰۹۳۷۱۹۴۵۷۲۸,نظرآباد,nazarabad,vehicles,car-accessories
۰۹۱۹۶۴۲۱۹۳۰,نظرآباد,nazarabad,vehicles,car-accessories
۰۹۳۶۸۱۵۵۶۴۷,نظرآباد,nazarabad,vehicles,car-accessories
۰۹۱۲۰۱۲۸۵۲۵,نظرآباد,nazarabad,vehicles,car-accessories
۰۹۱۰۹۳۳۴۷۸۵,نظرآباد,nazarabad,vehicles,car-accessories
۰۹۳۵۸۹۹۶۶۱۷,نظرآباد,nazarabad,vehicles,car-accessories
۰۹۱۰۲۹۳۰۲۱۲,نظرآباد,nazarabad,vehicles,car-accessories
۰۹۰۵۵۱۶۲۰۷۶,نظرآباد,nazarabad,vehicles,car-accessories
۰۹۱۲۰۵۷۷۸۴۹,نظرآباد,nazarabad,vehicles,car-accessories
۰۹۳۵۷۷۵۷۵۱۰,نظرآباد,nazarabad,vehicles,car-accessories
۰۹۳۵۴۷۹۴۰۲۲,نظرآباد,nazarabad,vehicles,motorcycles
۰۹۳۳۷۴۸۸۸۵۰,نظرآباد,nazarabad,vehicles,motorcycles
۰۹۳۰۳۶۲۳۵۰۶,نظرآباد,nazarabad,vehicles,motorcycles
۰۹۳۳۶۱۵۶۷۱۹,نظرآباد,nazarabad,vehicles,motorcycles
۰۹۳۶۴۸۴۳۸۵۴,نظرآباد,nazarabad,vehicles,motorcycles
۰۹۱۲۰۵۹۵۴۸۱,نظرآباد,nazarabad,vehicles,motorcycles
۰۹۳۰۰۱۷۴۷۱۳,نظرآباد,nazarabad,vehicles,motorcycles
۰۹۳۹۲۵۱۸۷۴۸,نظرآباد,nazarabad,vehicles,motorcycles
۰۹۳۳۰۷۹۶۰۹۴,نظرآباد,nazarabad,vehicles,motorcycles
۰۹۳۸۸۸۷۱۱۹۰,نظرآباد,nazarabad,vehicles,motorcycles
۰۹۱۰۷۷۵۸۲۲۶,نظرآباد,nazarabad,vehicles,motorcycles
۰۹۰۳۹۴۴۶۷۸۰,نظرآباد,nazarabad,vehicles,motorcycles
۰۹۳۰۳۰۲۷۳۵۰,نظرآباد,nazarabad,vehicles,motorcycles
۰۹۱۱۷۵۲۰۸۱۳,نظرآباد,nazarabad,vehicles,motorcycles
۰۹۳۹۵۱۲۳۶۰۲,نظرآباد,nazarabad,vehicles,motorcycles
۰۹۳۸۸۷۸۷۹۳۱,نظرآباد,nazarabad,vehicles,motorcycles
۰۹۱۰۸۸۴۱۷۲۹,نظرآباد,nazarabad,vehicles,motorcycles
۰۹۱۲۹۶۳۷۶۶۵,نظرآباد,nazarabad,vehicles,motorcycles
۰۹۳۶۶۶۷۶۱۲۹,نظرآباد,nazarabad,vehicles,motorcycles
۰۹۰۵۵۱۶۲۰۷۶,نظرآباد,nazarabad,vehicles,motorcycles
۰۹۱۹۹۵۰۷۸۸۴,نظرآباد,nazarabad,vehicles,motorcycles
۰۹۳۹۳۳۰۲۵۳۷,نظرآباد,nazarabad,vehicles,motorcycles
۰۹۳۹۳۳۰۲۵۳۷,نظرآباد,nazarabad,vehicles,motorcycles
۰۹۳۳۳۸۸۳۵۱۹,نظرآباد,nazarabad,electronic-devices,mobile-tablet
۰۹۳۵۷۷۸۵۷۷۶,نظرآباد,nazarabad,electronic-devices,mobile-tablet
۰۹۱۹۶۴۴۲۷۱۶,نظرآباد,nazarabad,electronic-devices,mobile-tablet
۰۹۳۸۲۴۱۷۷۹۶,نظرآباد,nazarabad,electronic-devices,mobile-tablet
۰۹۳۷۱۷۳۷۹۵۴,نظرآباد,nazarabad,electronic-devices,mobile-tablet
۰۹۳۸۰۵۱۹۹۴۸,نظرآباد,nazarabad,electronic-devices,mobile-tablet
۰۹۱۲۶۶۶۸۰۷۴,نظرآباد,nazarabad,electronic-devices,mobile-tablet
۰۹۱۲۶۶۶۸۰۷۴,نظرآباد,nazarabad,electronic-devices,mobile-tablet
۰۹۳۵۱۴۸۹۸۹۰,نظرآباد,nazarabad,electronic-devices,mobile-tablet
(پنهان‌شده؛ چت کنید),نظرآباد,nazarabad,electronic-devices,mobile-tablet
(پنهان‌شده؛ چت کنید),نظرآباد,nazarabad,electronic-devices,mobile-tablet
(پنهان‌شده؛ چت کنید),نظرآباد,nazarabad,electronic-devices,mobile-tablet
(پنهان‌شده؛ چت کنید),نظرآباد,nazarabad,electronic-devices,mobile-tablet
۰۹۱۲۳۶۲۱۳۶۵,نظرآباد,nazarabad,electronic-devices,mobile-tablet
۰۹۱۰۸۶۳۷۳۷۰,نظرآباد,nazarabad,electronic-devices,mobile-tablet
(پنهان‌شده؛ چت کنید),نظرآباد,nazarabad,electronic-devices,mobile-tablet
۰۹۱۹۵۸۸۳۳۴۲,نظرآباد,nazarabad,electronic-devices,mobile-tablet
۰۹۰۵۸۹۰۴۱۵۴,نظرآباد,nazarabad,electronic-devices,mobile-tablet
۰۹۳۶۹۱۰۴۶۲۷,نظرآباد,nazarabad,electronic-devices,mobile-tablet
(پنهان‌شده؛ چت کنید),نظرآباد,nazarabad,electronic-devices,mobile-tablet
۰۹۳۸۵۰۴۱۶۱۷,نظرآباد,nazarabad,electronic-devices,mobile-tablet
۰۹۱۲۰۶۵۳۹۱۵,نظرآباد,nazarabad,electronic-devices,mobile-tablet
۰۹۳۹۷۴۹۹۴۷۵,نظرآباد,nazarabad,electronic-devices,mobile-tablet
۰۹۳۳۵۰۵۳۰۷۱,نظرآباد,nazarabad,electronic-devices,mobile-tablet
(پنهان‌شده؛ چت کنید),نظرآباد,nazarabad,electronic-devices,mobile-tablet
۰۹۳۵۳۰۲۵۳۱۶,نظرآباد,nazarabad,electronic-devices,mobile-tablet
۰۹۳۶۳۳۸۷۷۰۴,نظرآباد,nazarabad,electronic-devices,mobile-tablet
(پنهان‌شده؛ چت کنید),نظرآباد,nazarabad,electronic-devices,mobile-tablet
۰۹۳۷۸۹۵۲۳۵۷,نظرآباد,nazarabad,electronic-devices,mobile-tablet
۰۹۳۹۴۳۰۵۶۷۵,نظرآباد,nazarabad,electronic-devices,mobile-tablet
۰۹۹۰۹۷۷۴۹۲۵,نظرآباد,nazarabad,electronic-devices,mobile-tablet
۰۹۳۹۸۲۶۴۸۱۳,نظرآباد,nazarabad,electronic-devices,mobile-tablet
۰۹۳۳۹۷۶۸۳۹۹,نظرآباد,nazarabad,electronic-devices,mobile-tablet
۰۹۳۵۹۵۶۰۵۲۱,نظرآباد,nazarabad,electronic-devices,mobile-tablet
۰۹۳۸۵۳۳۲۴۶۹,نظرآباد,nazarabad,electronic-devices,mobile-tablet
۰۹۳۷۳۸۷۲۸۶۹,نظرآباد,nazarabad,electronic-devices,mobile-tablet
۰۹۳۸۸۸۸۵۲۳۶,نظرآباد,nazarabad,electronic-devices,mobile-tablet
۰۹۰۱۲۷۴۴۱۲۴,نظرآباد,nazarabad,electronic-devices,mobile-tablet
۰۹۳۵۹۷۹۶۱۵۸,نظرآباد,nazarabad,electronic-devices,mobile-tablet
۰۹۱۹۲۶۱۴۳۶۴,نظرآباد,nazarabad,electronic-devices,computers
۰۹۳۶۶۹۳۹۲۲۵,نظرآباد,nazarabad,electronic-devices,computers
۰۹۰۱۹۹۷۴۷۰۱,نظرآباد,nazarabad,electronic-devices,computers
۰۹۳۵۵۴۸۸۳۶۸,نظرآباد,nazarabad,electronic-devices,computers
۰۹۰۵۹۹۰۷۶۵۱,نظرآباد,nazarabad,electronic-devices,computers
(پنهان‌شده؛ چت کنید),نظرآباد,nazarabad,electronic-devices,computers
۰۹۱۹۲۳۰۴۰۷۴,نظرآباد,nazarabad,electronic-devices,computers
۰۹۱۹۳۶۱۹۸۸۲,نظرآباد,nazarabad,electronic-devices,computers
۰۹۱۹۳۶۱۹۸۸۲,نظرآباد,nazarabad,electronic-devices,computers
۰۹۱۹۱۳۷۸۱۸۹,نظرآباد,nazarabad,electronic-devices,computers
۰۹۰۳۲۶۸۲۸۷۵,نظرآباد,nazarabad,electronic-devices,computers
۰۹۱۲۷۶۹۹۵۳۷,نظرآباد,nazarabad,electronic-devices,computers
۰۹۳۶۴۳۷۲۹۴۸,نظرآباد,nazarabad,electronic-devices,computers
۰۹۳۵۶۸۳۱۰۶۵,نظرآباد,nazarabad,electronic-devices,game-consoles
۰۹۰۱۱۷۳۳۳۵۳,نظرآباد,nazarabad,electronic-devices,game-consoles
۰۹۳۳۷۵۳۴۱۶۴,نظرآباد,nazarabad,electronic-devices,game-consoles
۰۹۳۷۹۶۲۴۰۲۷,نظرآباد,nazarabad,electronic-devices,game-consoles
(پنهان‌شده؛ چت کنید),نظرآباد,nazarabad,electronic-devices,video-audio-device
۰۹۱۹۴۶۳۷۷۳۴,نظرآباد,nazarabad,electronic-devices,video-audio-device
۰۹۳۵۱۷۳۸۳۲۵,نظرآباد,nazarabad,electronic-devices,video-audio-device
۰۹۳۵۱۷۳۸۳۲۵,نظرآباد,nazarabad,electronic-devices,video-audio-device
۰۹۳۵۷۱۹۶۲۹۷,نظرآباد,nazarabad,electronic-devices,video-audio-device
۰۹۰۲۳۸۹۰۸۳۶,نظرآباد,nazarabad,electronic-devices,video-audio-device
۰۹۳۵۷۸۴۱۶۷۲,نظرآباد,nazarabad,electronic-devices,video-audio-device
(پنهان‌شده؛ چت کنید),نظرآباد,nazarabad,electronic-devices,video-audio-device
۰۹۳۳۳۸۰۸۳۸۸,نظرآباد,nazarabad,electronic-devices,video-audio-device
۰۹۳۵۹۴۳۴۷۳۶,نظرآباد,nazarabad,electronic-devices,video-audio-device
۰۹۳۷۰۷۵۲۴۹۱,نظرآباد,nazarabad,electronic-devices,video-audio-device
۰۹۳۷۳۱۴۶۲۷۷,نظرآباد,nazarabad,electronic-devices,video-audio-device
۰۹۳۶۵۰۱۶۱۷۶,نظرآباد,nazarabad,electronic-devices,video-audio-device
۰۹۳۹۸۰۰۱۵۹۵,نظرآباد,nazarabad,electronic-devices,video-audio-device
۰۹۰۵۸۷۸۸۴۹۳,نظرآباد,nazarabad,electronic-devices,video-audio-device
۰۹۳۸۹۰۴۶۵۶۴,نظرآباد,nazarabad,home-and-kitchen,home-decor-furniture
۰۹۳۳۲۱۳۲۴۴۸,نظرآباد,nazarabad,home-and-kitchen,home-decor-furniture
۰۹۳۳۲۱۳۲۴۴۸,نظرآباد,nazarabad,home-and-kitchen,home-decor-furniture
۰۹۱۲۴۰۴۵۷۹۰,نظرآباد,nazarabad,home-and-kitchen,home-decor-furniture
۰۹۳۸۶۶۵۷۵۱۲,نظرآباد,nazarabad,home-and-kitchen,home-decor-furniture
(پنهان‌شده؛ چت کنید),نظرآباد,nazarabad,home-and-kitchen,home-decor-furniture
(پنهان‌شده؛ چت کنید),نظرآباد,nazarabad,home-and-kitchen,home-decor-furniture
۰۹۱۲۵۶۳۷۴۹۷,نظرآباد,nazarabad,home-and-kitchen,home-decor-furniture
۰۹۰۱۸۲۲۶۱۹۴,نظرآباد,nazarabad,home-and-kitchen,home-decor-furniture
۰۹۰۱۵۱۷۷۶۱۴,نظرآباد,nazarabad,home-and-kitchen,home-decor-furniture
(پنهان‌شده؛ چت کنید),نظرآباد,nazarabad,home-and-kitchen,home-decor-furniture
۰۹۱۹۰۱۵۳۶۲۱,نظرآباد,nazarabad,home-and-kitchen,home-decor-furniture
۰۹۱۹۰۱۵۳۶۲۱,نظرآباد,nazarabad,home-and-kitchen,home-decor-furniture
(پنهان‌شده؛ چت کنید),نظرآباد,nazarabad,home-and-kitchen,home-decor-furniture
۰۹۱۲۹۵۴۰۴۳۵,نظرآباد,nazarabad,home-and-kitchen,home-decor-furniture
۰۹۳۹۹۷۶۱۵۷۰,نظرآباد,nazarabad,home-and-kitchen,home-decor-furniture
۰۹۱۸۰۶۳۳۴۳۶,نظرآباد,nazarabad,home-and-kitchen,home-decor-furniture
۰۹۱۸۰۶۳۳۴۳۶,نظرآباد,nazarabad,home-and-kitchen,home-decor-furniture
(پنهان‌شده؛ چت کنید),نظرآباد,nazarabad,home-and-kitchen,home-decor-furniture
۰۹۳۸۶۶۵۷۵۱۲,نظرآباد,nazarabad,home-and-kitchen,home-decor-furniture
۰۹۳۰۴۲۹۳۳۶۹,نظرآباد,nazarabad,home-and-kitchen,home-decor-furniture
۰۹۳۷۶۳۲۴۷۶۵,نظرآباد,nazarabad,home-and-kitchen,home-decor-furniture
(پنهان‌شده؛ چت کنید),نظرآباد,nazarabad,home-and-kitchen,home-decor-furniture
۰۹۳۰۴۲۹۳۳۶۹,نظرآباد,nazarabad,home-and-kitchen,home-decor-furniture
۰۹۳۷۰۹۳۲۷۷۲,نظرآباد,nazarabad,home-and-kitchen,home-decor-furniture
۰۹۳۷۰۹۳۲۷۷۲,نظرآباد,nazarabad,home-and-kitchen,home-decor-furniture
(پنهان‌شده؛ چت کنید),نظرآباد,nazarabad,home-and-kitchen,home-decor-furniture
۰۹۰۲۰۶۶۴۳۶۳,نظرآباد,nazarabad,home-and-kitchen,home-decor-furniture
۰۹۳۷۲۵۷۱۷۱۱,نظرآباد,nazarabad,home-and-kitchen,home-decor-furniture
۰۹۳۸۸۲۸۱۹۱۸,نظرآباد,nazarabad,home-and-kitchen,home-decor-furniture
۰۹۳۵۴۲۰۶۳۸۷,نظرآباد,nazarabad,home-and-kitchen,home-decor-furniture
۰۹۳۵۴۱۰۴۴۰۲,نظرآباد,nazarabad,home-and-kitchen,home-decor-furniture
(پنهان‌شده؛ چت کنید),نظرآباد,nazarabad,home-and-kitchen,home-decor-furniture
۰۹۳۷۳۳۵۰۳۲۱,نظرآباد,nazarabad,home-and-kitchen,home-decor-furniture
۰۹۳۸۵۸۶۴۹۳۱,نظرآباد,nazarabad,home-and-kitchen,home-decor-furniture
۰۹۳۸۵۸۶۴۹۳۱,نظرآباد,nazarabad,home-and-kitchen,home-decor-furniture
(پنهان‌شده؛ چت کنید),نظرآباد,nazarabad,home-and-kitchen,home-decor-furniture
۰۹۱۲۹۵۲۸۳۱۵,نظرآباد,nazarabad,home-and-kitchen,home-decor-furniture
(پنهان‌شده؛ چت کنید),نظرآباد,nazarabad,home-and-kitchen,home-decor-furniture
۰۹۳۶۴۵۹۷۵۰۴,نظرآباد,nazarabad,home-and-kitchen,home-decor-furniture
(پنهان‌شده؛ چت کنید),نظرآباد,nazarabad,home-and-kitchen,home-decor-furniture
(پنهان‌شده؛ چت کنید),نظرآباد,nazarabad,home-and-kitchen,home-decor-furniture
۰۹۱۹۰۱۵۳۶۲۱,نظرآباد,nazarabad,home-and-kitchen,home-decor-furniture
۰۹۳۵۹۳۴۵۳۸۰,نظرآباد,nazarabad,home-and-kitchen,home-decor-furniture
۰۹۹۰۹۸۹۶۱۷۹,نظرآباد,nazarabad,home-and-kitchen,home-decor-furniture
۰۹۲۱۳۶۵۳۲۶۶,نظرآباد,nazarabad,home-and-kitchen,kitchen-appliances
۰۹۳۸۹۰۴۶۵۶۴,نظرآباد,nazarabad,home-and-kitchen,kitchen-appliances
(پنهان‌شده؛ چت کنید),نظرآباد,nazarabad,home-and-kitchen,kitchen-appliances
(پنهان‌شده؛ چت کنید),نظرآباد,nazarabad,home-and-kitchen,kitchen-appliances
۰۹۰۳۷۵۴۷۴۵۳,نظرآباد,nazarabad,home-and-kitchen,kitchen-appliances
(پنهان‌شده؛ چت کنید),نظرآباد,nazarabad,home-and-kitchen,kitchen-appliances
۰۹۱۲۳۶۲۱۱۰۹,نظرآباد,nazarabad,home-and-kitchen,kitchen-appliances
۰۹۳۵۱۴۲۸۶۴۵,نظرآباد,nazarabad,home-and-kitchen,kitchen-appliances
۰۹۱۲۰۶۳۴۱۲۸,نظرآباد,nazarabad,home-and-kitchen,kitchen-appliances
۰۹۰۵۸۹۰۴۱۵۳,نظرآباد,nazarabad,home-and-kitchen,kitchen-appliances
۰۹۱۸۵۹۸۷۴۸۹,نظرآباد,nazarabad,home-and-kitchen,kitchen-appliances
(پنهان‌شده؛ چت کنید),نظرآباد,nazarabad,home-and-kitchen,kitchen-appliances
۰۹۳۹۶۰۰۳۶۳۹,نظرآباد,nazarabad,home-and-kitchen,kitchen-appliances
(پنهان‌شده؛ چت کنید),نظرآباد,nazarabad,home-and-kitchen,kitchen-appliances
۰۹۰۵۸۹۰۴۱۵۳,نظرآباد,nazarabad,home-and-kitchen,kitchen-appliances
۰۹۰۵۸۹۰۴۱۵۳,نظرآباد,nazarabad,home-and-kitchen,kitchen-appliances
۰۹۰۵۸۹۰۴۱۵۳,نظرآباد,nazarabad,home-and-kitchen,kitchen-appliances
۰۹۱۲۶۶۷۳۳۶۰,نظرآباد,nazarabad,home-and-kitchen,kitchen-appliances
۰۹۳۸۸۵۵۶۱۰۳,نظرآباد,nazarabad,home-and-kitchen,kitchen-appliances
(پنهان‌شده؛ چت کنید),نظرآباد,nazarabad,home-and-kitchen,kitchen-appliances
۰۹۳۵۳۹۵۷۴۳۶,نظرآباد,nazarabad,home-and-kitchen,kitchen-appliances
۰۹۳۵۸۴۴۱۳۹۴,نظرآباد,nazarabad,home-and-kitchen,kitchen-appliances
۰۹۱۹۰۸۸۱۳۴۹,نظرآباد,nazarabad,home-and-kitchen,kitchen-appliances
۰۹۳۶۶۹۹۱۴۳۱,نظرآباد,nazarabad,home-and-kitchen,kitchen-appliances
۰۹۳۵۸۴۲۱۳۰۴,نظرآباد,nazarabad,home-and-kitchen,kitchen-appliances
۰۹۳۵۹۲۵۵۷۶۵,نظرآباد,nazarabad,home-and-kitchen,kitchen-appliances
۰۹۳۵۲۹۵۲۰۹۱,نظرآباد,nazarabad,home-and-kitchen,kitchen-appliances
۰۹۱۲۷۹۰۴۹۷۸,نظرآباد,nazarabad,home-and-kitchen,kitchen-appliances
۰۹۳۵۸۴۴۱۳۹۴,نظرآباد,nazarabad,home-and-kitchen,kitchen-appliances
۰۹۳۵۸۴۴۱۳۹۴,نظرآباد,nazarabad,home-and-kitchen,kitchen-appliances
۰۹۱۹۷۰۴۹۰۱۴,نظرآباد,nazarabad,home-and-kitchen,kitchen-appliances
۰۹۱۹۷۰۴۹۰۱۴,نظرآباد,nazarabad,home-and-kitchen,kitchen-appliances
۰۹۳۸۳۴۷۹۷۰۴,نظرآباد,nazarabad,home-and-kitchen,kitchen-appliances
۰۹۳۵۹۴۳۴۷۳۶,نظرآباد,nazarabad,home-and-kitchen,kitchen-appliances
۰۹۳۵۹۴۳۴۷۳۶,نظرآباد,nazarabad,home-and-kitchen,kitchen-appliances
۰۹۳۵۷۷۱۶۷۷۴,نظرآباد,nazarabad,home-and-kitchen,kitchen-appliances
۰۹۳۵۷۷۱۶۷۷۴,نظرآباد,nazarabad,home-and-kitchen,kitchen-appliances
۰۹۰۱۲۶۶۲۹۸۸,نظرآباد,nazarabad,home-and-kitchen,kitchen-appliances
(پنهان‌شده؛ چت کنید),نظرآباد,nazarabad,home-and-kitchen,kitchen-appliances
۰۹۹۰۵۶۲۸۸۱۲,نظرآباد,nazarabad,home-and-kitchen,kitchen-appliances
۰۹۳۵۴۴۳۹۳۰۲,نظرآباد,nazarabad,home-and-kitchen,kitchen-appliances
۰۹۱۹۳۶۲۶۳۷۶,نظرآباد,nazarabad,home-and-kitchen,kitchen-appliances
۰۹۳۹۲۳۷۵۲۳۰,نظرآباد,nazarabad,home-and-kitchen,kitchen-appliances
۰۹۱۲۵۱۷۲۲۴۵,نظرآباد,nazarabad,home-and-kitchen,home-appliances
۰۹۳۷۰۷۵۲۴۹۱,نظرآباد,nazarabad,home-and-kitchen,home-appliances
۰۹۳۵۷۹۲۴۵۴۲,نظرآباد,nazarabad,home-and-kitchen,home-appliances
۰۹۳۹۳۱۴۵۰۱۱,نظرآباد,nazarabad,home-and-kitchen,home-appliances
۰۹۱۹۵۰۶۷۶۶۴,نظرآباد,nazarabad,home-and-kitchen,home-appliances
۰۹۳۵۱۶۷۷۱۳۱,نظرآباد,nazarabad,home-and-kitchen,home-appliances
۰۹۱۲۷۹۰۴۹۷۸,نظرآباد,nazarabad,home-and-kitchen,home-appliances
۰۹۳۸۳۴۷۹۷۰۴,نظرآباد,nazarabad,home-and-kitchen,home-appliances
۰۹۱۲۵۷۸۱۰۱۷,نظرآباد,nazarabad,home-and-kitchen,home-appliances
۰۹۳۳۱۶۴۵۵۷۷,نظرآباد,nazarabad,home-and-kitchen,home-appliances
۰۹۱۹۶۶۰۱۸۳۶,نظرآباد,nazarabad,home-and-kitchen,home-appliances
۰۹۲۲۷۰۲۱۲۴۱,نظرآباد,nazarabad,home-and-kitchen,building-garden
۰۹۰۱۵۱۷۷۶۱۴,نظرآباد,nazarabad,home-and-kitchen,building-garden
(پنهان‌شده؛ چت کنید),نظرآباد,nazarabad,home-and-kitchen,building-garden
۰۹۱۲۰۵۷۷۸۴۹,نظرآباد,nazarabad,home-and-kitchen,building-garden
(پنهان‌شده؛ چت کنید),نظرآباد,nazarabad,home-and-kitchen,building-garden
۰۹۳۶۴۸۴۳۸۵۴,نظرآباد,nazarabad,home-and-kitchen,building-garden
۰۹۱۲۲۶۵۴۱۵۱,نظرآباد,nazarabad,home-and-kitchen,building-garden
۰۹۱۲۲۶۵۴۱۵۱,نظرآباد,nazarabad,home-and-kitchen,building-garden
۰۹۳۹۶۰۰۳۶۳۹,نظرآباد,nazarabad,home-and-kitchen,building-garden
۰۹۱۲۶۶۷۳۳۶۰,نظرآباد,nazarabad,home-and-kitchen,building-garden
۰۹۱۰۵۹۱۲۶۷۰,نظرآباد,nazarabad,home-and-kitchen,building-garden
۰۹۱۹۰۹۲۴۴۳۹,نظرآباد,nazarabad,home-and-kitchen,building-garden
۰۹۰۱۲۸۷۰۷۸۳,نظرآباد,nazarabad,home-and-kitchen,building-garden
۰۹۳۶۶۸۰۸۲۸۶,نظرآباد,nazarabad,home-and-kitchen,building-garden
۰۹۱۶۹۴۶۴۹۱۰,نظرآباد,nazarabad,home-and-kitchen,building-garden
۰۹۱۹۷۶۰۵۸۸۱,نظرآباد,nazarabad,home-and-kitchen,building-garden
۰۹۱۲۱۶۱۳۰۳۳,نظرآباد,nazarabad,services,vehicles-services
۰۹۱۲۲۶۱۵۸۲۳,نظرآباد,nazarabad,services,catering-services
۰۹۰۳۶۳۳۲۵۵۶,نظرآباد,nazarabad,services,financial-services
۰۹۳۵۳۰۹۸۸۲۵,نظرآباد,nazarabad,services,financial-services
۰۹۳۸۲۸۰۲۲۷۷,نظرآباد,nazarabad,services,financial-services
۰۹۱۹۶۷۳۸۲۳۴,نظرآباد,nazarabad,services,financial-services
۰۹۱۲۰۵۶۳۵۴۰,نظرآباد,nazarabad,services,transport-logistic-services
۰۹۳۸۶۰۶۳۴۴۶,نظرآباد,nazarabad,services,transport-logistic-services
۰۹۳۵۸۸۸۴۸۳۱,نظرآباد,nazarabad,services,transport-logistic-services
۰۹۳۶۴۴۱۰۹۴۷,نظرآباد,nazarabad,services,transport-logistic-services
۰۹۱۲۲۵۷۰۴۳۰,نظرآباد,nazarabad,services,craft-skill-services
۰۹۱۰۱۳۷۱۰۳۱,نظرآباد,nazarabad,services,craft-skill-services
۰۹۳۵۸۷۹۴۰۴۰,نظرآباد,nazarabad,services,craft-skill-services
(پنهان‌شده؛ چت کنید),نظرآباد,nazarabad,services,craft-skill-services
۰۹۱۲۴۶۷۱۵۳۸,نظرآباد,nazarabad,services,craft-skill-services
۰۹۳۹۵۶۰۱۷۰۰,نظرآباد,nazarabad,services,craft-skill-services
۰۹۰۲۳۰۸۹۶۶۳,نظرآباد,nazarabad,services,craft-skill-services
۰۹۱۲۸۳۸۹۵۲۳,نظرآباد,nazarabad,services,craft-skill-services
۰۹۱۲۴۶۱۴۱۵۲,نظرآباد,nazarabad,services,craft-skill-services
۰۹۱۲۰۷۷۰۴۸۹,نظرآباد,nazarabad,services,craft-skill-services
۰۹۳۵۷۶۲۹۹۷۸,نظرآباد,nazarabad,services,craft-skill-services
۰۹۳۵۴۲۰۱۲۸۸,نظرآباد,nazarabad,services,craft-skill-services
۰۹۳۷۲۲۴۱۲۸۲,نظرآباد,nazarabad,services,craft-skill-services
۰۹۱۶۷۲۲۳۴۲۶,نظرآباد,nazarabad,services,craft-skill-services
۰۹۲۱۶۳۸۹۲۰۸,نظرآباد,nazarabad,services,beauty-services
۰۹۰۲۵۸۲۸۶۶۸,نظرآباد,nazarabad,services,beauty-services
۰۹۰۳۹۴۶۷۵۲۹,نظرآباد,nazarabad,services,beauty-services
۰۹۲۱۶۳۸۹۲۰۸,نظرآباد,nazarabad,services,beauty-services
۰۹۲۱۶۳۸۹۲۰۸,نظرآباد,nazarabad,services,beauty-services
۰۹۰۵۵۰۹۷۷۸۰,نظرآباد,nazarabad,services,beauty-services
۰۹۹۲۴۵۰۶۴۷۴,نظرآباد,nazarabad,services,beauty-services
۰۹۱۲۲۶۰۸۷۰۵,نظرآباد,nazarabad,services,gardening-services
۰۹۲۱۶۵۴۴۷۹۶,نظرآباد,nazarabad,services,gardening-services
۰۹۳۶۵۷۱۶۸۱۹,نظرآباد,nazarabad,services,teaching-services
۰۹۳۶۴۳۷۲۹۴۸,نظرآباد,nazarabad,services,teaching-services
۰۹۰۳۱۷۵۲۹۶۱,نظرآباد,nazarabad,services,teaching-services
۰۹۳۳۱۶۴۵۵۷۷,نظرآباد,nazarabad,services,teaching-services
۰۹۱۹۰۹۳۷۹۴۵,نظرآباد,nazarabad,services,teaching-services
۰۹۰۳۱۰۹۳۶۶۰,نظرآباد,nazarabad,services,teaching-services
(پنهان‌شده؛ چت کنید),نظرآباد,nazarabad,personal-goods,apparel
۰۹۳۷۳۳۱۲۹۵۸,نظرآباد,nazarabad,personal-goods,apparel
۰۹۱۹۷۹۶۳۳۴۳,نظرآباد,nazarabad,personal-goods,apparel
۰۹۳۸۸۸۶۱۲۸۸,نظرآباد,nazarabad,personal-goods,apparel
۰۹۳۸۴۸۳۲۳۲۳,نظرآباد,nazarabad,personal-goods,apparel
۰۹۱۲۷۶۰۵۱۱۳,نظرآباد,nazarabad,personal-goods,apparel
۰۹۳۷۰۹۳۲۷۷۲,نظرآباد,nazarabad,personal-goods,apparel
۰۹۳۶۸۰۲۰۶۶۵,نظرآباد,nazarabad,personal-goods,apparel
۰۹۱۷۰۹۲۷۰۹۱,نظرآباد,nazarabad,personal-goods,apparel
۰۹۳۸۸۸۶۱۲۸۸,نظرآباد,nazarabad,personal-goods,apparel
۰۹۲۲۰۱۷۳۶۸۳,نظرآباد,nazarabad,personal-goods,apparel
۰۹۲۲۰۱۷۳۶۸۳,نظرآباد,nazarabad,personal-goods,apparel
۰۹۲۲۰۱۷۳۶۸۳,نظرآباد,nazarabad,personal-goods,apparel
۰۹۳۳۹۷۹۲۹۰۴,نظرآباد,nazarabad,personal-goods,apparel
(پنهان‌شده؛ چت کنید),نظرآباد,nazarabad,personal-goods,apparel
(پنهان‌شده؛ چت کنید),نظرآباد,nazarabad,personal-goods,apparel
(پنهان‌شده؛ چت کنید),نظرآباد,nazarabad,personal-goods,apparel
۰۹۰۲۷۴۸۳۱۰۲,نظرآباد,nazarabad,personal-goods,apparel
۰۹۰۲۷۴۸۳۱۰۲,نظرآباد,nazarabad,personal-goods,apparel
۰۹۳۳۶۱۵۶۷۱۹,نظرآباد,nazarabad,personal-goods,apparel
۰۹۳۳۱۴۸۹۳۵۴,نظرآباد,nazarabad,personal-goods,apparel
۰۹۳۵۵۴۳۲۴۰۱,نظرآباد,nazarabad,personal-goods,apparel
(پنهان‌شده؛ چت کنید),نظرآباد,nazarabad,personal-goods,apparel
۰۹۳۵۵۴۳۲۴۰۱,نظرآباد,nazarabad,personal-goods,apparel
۰۹۳۵۵۴۳۲۴۰۱,نظرآباد,nazarabad,personal-goods,apparel
۰۹۳۵۵۴۳۲۴۰۱,نظرآباد,nazarabad,personal-goods,apparel
۰۹۳۵۵۴۳۲۴۰۱,نظرآباد,nazarabad,personal-goods,apparel
۰۹۱۰۴۵۷۲۸۹۴,نظرآباد,nazarabad,personal-goods,apparel
۰۹۳۵۶۳۳۸۳۹۲,نظرآباد,nazarabad,personal-goods,apparel
۰۹۳۹۷۱۲۱۹۶۲,نظرآباد,nazarabad,personal-goods,apparel
۰۹۰۱۳۵۳۷۰۱۹,نظرآباد,nazarabad,personal-goods,apparel
۰۹۳۶۲۰۴۶۹۹۰,نظرآباد,nazarabad,personal-goods,apparel
۰۹۳۶۲۰۴۶۹۹۰,نظرآباد,nazarabad,personal-goods,apparel
۰۹۳۶۲۰۴۶۹۹۰,نظرآباد,nazarabad,personal-goods,apparel
۰۹۳۶۲۰۴۶۹۹۰,نظرآباد,nazarabad,personal-goods,apparel
۰۹۳۶۵۰۰۱۳۰۳,نظرآباد,nazarabad,personal-goods,apparel
۰۹۰۱۳۵۶۹۵۲۲,نظرآباد,nazarabad,personal-goods,apparel
۰۹۳۹۳۱۴۵۰۱۱,نظرآباد,nazarabad,personal-goods,apparel
۰۹۳۵۵۴۳۲۴۰۱,نظرآباد,nazarabad,personal-goods,apparel
۰۹۱۰۷۳۲۴۴۸۱,نظرآباد,nazarabad,personal-goods,apparel
۰۹۳۶۴۶۰۷۲۹۴,نظرآباد,nazarabad,personal-goods,apparel
۰۹۳۷۴۸۸۲۵۳۰,نظرآباد,nazarabad,personal-goods,apparel
۰۹۱۰۵۹۱۲۶۷۰,نظرآباد,nazarabad,personal-goods,apparel
۰۹۰۱۳۶۹۰۸۶۵,نظرآباد,nazarabad,personal-goods,apparel
۰۹۰۳۴۹۰۱۳۴۲,نظرآباد,nazarabad,personal-goods,accessories
۰۹۱۲۵۶۱۳۱۰۳,نظرآباد,nazarabad,personal-goods,accessories
۰۹۰۵۸۹۰۴۱۵۳,نظرآباد,nazarabad,personal-goods,accessories
(پنهان‌شده؛ چت کنید),نظرآباد,nazarabad,personal-goods,accessories
۰۹۰۱۲۰۶۹۳۱۲,نظرآباد,nazarabad,personal-goods,accessories
۰۹۳۵۸۱۴۹۰۴۰,نظرآباد,nazarabad,personal-goods,accessories
(پنهان‌شده؛ چت کنید),نظرآباد,nazarabad,personal-goods,accessories
(پنهان‌شده؛ چت کنید),نظرآباد,nazarabad,personal-goods,accessories
۰۹۳۸۲۱۳۰۲۵۴,نظرآباد,nazarabad,personal-goods,accessories
۰۹۱۹۷۴۷۹۳۵۸,نظرآباد,nazarabad,personal-goods,accessories
۰۹۳۹۸۲۶۴۸۱۳,نظرآباد,nazarabad,personal-goods,accessories
۰۹۳۶۶۷۶۴۲۰۱,نظرآباد,nazarabad,personal-goods,beauty-and-personal-care
۰۹۳۶۶۷۶۴۲۰۱,نظرآباد,nazarabad,personal-goods,beauty-and-personal-care
۰۹۳۵۴۳۷۸۴۱۷,نظرآباد,nazarabad,personal-goods,beauty-and-personal-care
۰۹۹۰۰۸۳۶۴۱۳,نظرآباد,nazarabad,personal-goods,beauty-and-personal-care
۰۹۳۵۱۶۷۷۱۳۱,نظرآباد,nazarabad,personal-goods,beauty-and-personal-care
۰۹۳۵۹۵۱۵۸۳۴,نظرآباد,nazarabad,personal-goods,beauty-and-personal-care
۰۹۳۶۱۵۱۸۵۷۴,نظرآباد,nazarabad,personal-goods,beauty-and-personal-care
۰۹۳۸۸۸۶۱۲۸۸,نظرآباد,nazarabad,personal-goods,child-apparel
(پنهان‌شده؛ چت کنید),نظرآباد,nazarabad,personal-goods,child-apparel
۰۹۳۵۸۹۸۶۸۲۵,نظرآباد,nazarabad,personal-goods,child-apparel
۰۹۱۹۶۴۵۵۴۷۳,نظرآباد,nazarabad,personal-goods,child-apparel
۰۹۰۳۹۸۱۶۸۳۴,نظرآباد,nazarabad,personal-goods,child-apparel
۰۹۳۰۴۱۶۷۱۸۵,نظرآباد,nazarabad,personal-goods,child-apparel
۰۹۱۹۲۴۹۷۰۰۵,نظرآباد,nazarabad,personal-goods,child-products
۰۹۰۵۸۹۰۴۱۵۳,نظرآباد,nazarabad,personal-goods,child-products
۰۹۱۹۳۶۲۶۳۷۶,نظرآباد,nazarabad,personal-goods,child-products
۰۹۱۹۲۲۱۱۴۰۶,نظرآباد,nazarabad,personal-goods,child-products
۰۹۱۲۷۶۷۸۱۷۷,نظرآباد,nazarabad,personal-goods,child-products
۰۹۳۵۱۶۷۷۱۳۱,نظرآباد,nazarabad,personal-goods,child-products
۰۹۰۳۶۲۹۰۴۸۹,نظرآباد,nazarabad,personal-goods,child-products
۰۹۳۶۵۰۱۶۱۷۶,نظرآباد,nazarabad,personal-goods,child-products
۰۹۳۶۵۰۱۶۱۷۶,نظرآباد,nazarabad,personal-goods,child-products
۰۹۳۹۹۲۴۴۱۳۷,نظرآباد,nazarabad,personal-goods,child-products
۰۹۱۸۰۱۲۴۴۷۰,نظرآباد,nazarabad,personal-goods,child-products
۰۹۲۱۶۳۸۹۲۰۸,نظرآباد,nazarabad,personal-goods,child-products
۰۹۲۱۶۳۸۹۲۰۸,نظرآباد,nazarabad,personal-goods,child-products
۰۹۲۱۶۳۸۹۲۰۸,نظرآباد,nazarabad,personal-goods,child-products
۰۹۲۱۶۳۸۹۲۰۸,نظرآباد,nazarabad,personal-goods,child-products
۰۹۳۵۷۷۱۶۷۷۴,نظرآباد,nazarabad,personal-goods,child-products
۰۹۰۳۲۶۶۷۰۲۳,نظرآباد,nazarabad,personal-goods,stationery
(پنهان‌شده؛ چت کنید),نظرآباد,nazarabad,entertainment,tours
۰۹۲۲۶۷۴۶۱۱۴,نظرآباد,nazarabad,entertainment,tours
۰۹۳۵۳۶۰۹۳۳۰,نظرآباد,nazarabad,entertainment,publication
۰۹۳۵۳۶۰۹۳۳۰,نظرآباد,nazarabad,entertainment,publication
(پنهان‌شده؛ چت کنید),نظرآباد,nazarabad,entertainment,publication
۰۹۳۶۴۶۸۸۳۸۷,نظرآباد,nazarabad,entertainment,publication
۰۹۱۰۰۰۱۷۱۷۸,نظرآباد,nazarabad,entertainment,publication
۰۹۱۰۰۰۱۷۱۷۸,نظرآباد,nazarabad,entertainment,publication
۰۹۱۰۰۰۱۷۱۷۸,نظرآباد,nazarabad,entertainment,publication
۰۹۱۰۰۰۱۷۱۷۸,نظرآباد,nazarabad,entertainment,publication
۰۹۳۶۸۲۲۵۶۶۴,نظرآباد,nazarabad,entertainment,publication
۰۹۳۵۹۲۸۵۶۹۷,نظرآباد,nazarabad,entertainment,publication
۰۹۳۵۹۲۸۵۶۹۷,نظرآباد,nazarabad,entertainment,publication
۰۹۱۰۱۷۵۲۱۷۰,نظرآباد,nazarabad,entertainment,publication
۰۹۱۰۱۷۵۲۱۷۰,نظرآباد,nazarabad,entertainment,publication
۰۹۱۰۱۷۵۲۱۷۰,نظرآباد,nazarabad,entertainment,publication
۰۹۳۷۸۹۷۴۷۹۶,نظرآباد,nazarabad,entertainment,bike-skate-scooter
۰۹۰۵۶۴۰۹۳۴۴,نظرآباد,nazarabad,entertainment,bike-skate-scooter
(پنهان‌شده؛ چت کنید),نظرآباد,nazarabad,entertainment,bike-skate-scooter
۰۹۳۸۸۲۴۵۶۵۳,نظرآباد,nazarabad,entertainment,bike-skate-scooter
۰۹۳۵۱۶۷۷۱۳۱,نظرآباد,nazarabad,entertainment,bike-skate-scooter
۰۹۳۶۹۱۶۲۱۶۰,نظرآباد,nazarabad,entertainment,bike-skate-scooter
(پنهان‌شده؛ چت کنید),نظرآباد,nazarabad,entertainment,bike-skate-scooter
۰۹۹۰۵۶۲۸۸۱۲,نظرآباد,nazarabad,entertainment,bike-skate-scooter
۰۹۰۳۱۳۲۲۳۷۳,نظرآباد,nazarabad,entertainment,bike-skate-scooter
۰۹۳۹۴۴۴۷۰۷۸,نظرآباد,nazarabad,entertainment,bike-skate-scooter
۰۹۳۹۳۳۶۳۰۵۸,نظرآباد,nazarabad,entertainment,bike-skate-scooter
۰۹۱۹۲۶۵۹۶۲۶,نظرآباد,nazarabad,entertainment,bike-skate-scooter
۰۹۱۹۲۶۵۹۶۴۸,نظرآباد,nazarabad,entertainment,bike-skate-scooter
۰۹۰۱۳۵۶۹۵۲۲,نظرآباد,nazarabad,entertainment,bike-skate-scooter
۰۹۳۸۳۲۳۵۵۸۷,نظرآباد,nazarabad,entertainment,bike-skate-scooter
۰۹۹۱۱۸۳۴۸۶۳,نظرآباد,nazarabad,entertainment,bike-skate-scooter
۰۹۳۳۲۹۲۷۵۸۴,نظرآباد,nazarabad,entertainment,bike-skate-scooter
۰۹۱۴۹۰۱۰۳۶۸,نظرآباد,nazarabad,entertainment,bike-skate-scooter
(پنهان‌شده؛ چت کنید),نظرآباد,nazarabad,entertainment,pets-animals
۰۹۱۰۶۲۹۸۸۹۴,نظرآباد,nazarabad,entertainment,pets-animals
۰۹۰۳۳۷۱۰۴۰۷,نظرآباد,nazarabad,entertainment,pets-animals
(پنهان‌شده؛ چت کنید),نظرآباد,nazarabad,entertainment,pets-animals
۰۹۳۳۷۴۸۸۸۵۰,نظرآباد,nazarabad,entertainment,pets-animals
۰۹۱۲۸۶۱۳۲۱۹,نظرآباد,nazarabad,entertainment,pets-animals
۰۹۱۰۸۸۶۲۴۵۸,نظرآباد,nazarabad,entertainment,pets-animals
۰۹۹۰۳۶۰۲۵۶۴,نظرآباد,nazarabad,entertainment,pets-animals
۰۹۰۱۹۱۰۵۱۰۲,نظرآباد,nazarabad,entertainment,pets-animals
۰۹۰۴۴۵۲۰۵۷۹,نظرآباد,nazarabad,entertainment,pets-animals
۰۹۳۷۳۷۲۳۳۸۴,نظرآباد,nazarabad,entertainment,pets-animals
۰۹۳۹۲۸۴۴۷۹۲,نظرآباد,nazarabad,entertainment,pets-animals
۰۹۳۸۸۷۱۳۰۹۵,نظرآباد,nazarabad,entertainment,pets-animals
(پنهان‌شده؛ چت کنید),نظرآباد,nazarabad,entertainment,pets-animals
۰۹۰۵۸۶۲۹۰۱۶,نظرآباد,nazarabad,entertainment,pets-animals
۰۹۱۰۰۱۴۱۰۷۷,نظرآباد,nazarabad,entertainment,pets-animals
۰۹۱۰۰۱۴۱۰۷۷,نظرآباد,nazarabad,entertainment,pets-animals
۰۹۳۹۰۵۲۲۶۵۲,نظرآباد,nazarabad,entertainment,pets-animals
۰۹۳۸۳۳۵۰۶۵۰,نظرآباد,nazarabad,entertainment,pets-animals
۰۹۱۹۰۴۰۸۳۵۳,نظرآباد,nazarabad,entertainment,pets-animals
۰۹۱۹۳۳۹۴۰۲۸,نظرآباد,nazarabad,entertainment,pets-animals
۰۹۳۶۴۲۹۰۵۸۸,نظرآباد,nazarabad,entertainment,pets-animals
۰۹۳۷۹۵۹۷۰۹۹,نظرآباد,nazarabad,entertainment,pets-animals
۰۹۳۷۴۱۶۶۴۱۷,نظرآباد,nazarabad,entertainment,pets-animals
(پنهان‌شده؛ چت کنید),نظرآباد,nazarabad,entertainment,pets-animals
۰۹۹۰۳۰۷۲۸۴۷,نظرآباد,nazarabad,entertainment,pets-animals
۰۹۳۰۳۱۸۷۹۴۳,نظرآباد,nazarabad,entertainment,pets-animals
(پنهان‌شده؛ چت کنید),نظرآباد,nazarabad,entertainment,pets-animals
(پنهان‌شده؛ چت کنید),نظرآباد,nazarabad,entertainment,pets-animals
(پنهان‌شده؛ چت کنید),نظرآباد,nazarabad,entertainment,pets-animals
۰۹۳۸۵۵۲۹۵۸۴,نظرآباد,nazarabad,entertainment,pets-animals
۰۹۱۹۲۶۲۸۵۸۱,نظرآباد,nazarabad,entertainment,pets-animals
۰۹۳۶۶۰۶۳۰۲۸,نظرآباد,nazarabad,entertainment,pets-animals
۰۹۳۶۹۵۰۲۸۴۷,نظرآباد,nazarabad,entertainment,pets-animals
۰۹۹۴۴۹۰۴۱۵۰,نظرآباد,nazarabad,entertainment,pets-animals
۰۹۱۲۶۷۰۷۶۰۴,نظرآباد,nazarabad,entertainment,pets-animals
۰۹۳۶۴۳۷۲۹۴۸,نظرآباد,nazarabad,entertainment,pets-animals
۰۹۳۸۷۳۹۸۱۷۹,نظرآباد,nazarabad,entertainment,collecting
۰۹۳۶۶۵۳۹۴۸۷,نظرآباد,nazarabad,entertainment,musical-instruments
۰۹۳۷۷۸۸۲۱۴۱,نظرآباد,nazarabad,entertainment,sport-entertainment
۰۹۰۴۴۵۲۰۵۷۹,نظرآباد,nazarabad,entertainment,sport-entertainment
۰۹۳۷۰۴۳۶۱۴۲,نظرآباد,nazarabad,entertainment,sport-entertainment
(پنهان‌شده؛ چت کنید),نظرآباد,nazarabad,entertainment,sport-entertainment
۰۹۳۵۷۷۱۲۶۲۸,نظرآباد,nazarabad,entertainment,sport-entertainment
۰۹۳۶۴۶۰۷۲۹۴,نظرآباد,nazarabad,entertainment,sport-entertainment
۰۹۳۹۷۷۷۴۸۴۵,نظرآباد,nazarabad,entertainment,sport-entertainment
۰۹۳۵۷۷۱۲۶۲۸,نظرآباد,nazarabad,entertainment,sport-entertainment
۰۹۳۵۷۷۱۲۶۲۸,نظرآباد,nazarabad,entertainment,sport-entertainment
۰۹۳۳۵۱۰۳۶۰۲,نظرآباد,nazarabad,entertainment,sport-entertainment
۰۹۳۵۶۲۱۰۳۲۱,نظرآباد,nazarabad,entertainment,sport-entertainment
۰۹۳۸۹۰۴۶۵۶۴,نظرآباد,nazarabad,entertainment,sport-entertainment
۰۹۱۲۵۸۲۳۱۴۸,نظرآباد,nazarabad,entertainment,sport-entertainment
۰۹۳۹۱۰۳۲۶۰۴,نظرآباد,nazarabad,entertainment,sport-entertainment
۰۹۳۶۶۹۳۳۰۲۰,نظرآباد,nazarabad,entertainment,sport-entertainment
۰۹۳۷۹۶۲۴۰۲۷,نظرآباد,nazarabad,entertainment,sport-entertainment
۰۹۳۷۹۶۲۴۰۲۷,نظرآباد,nazarabad,entertainment,sport-entertainment
۰۹۱۹۷۶۰۵۸۸۱,نظرآباد,nazarabad,entertainment,game-and-toys
۰۹۹۱۷۳۸۰۶۲۳,نظرآباد,nazarabad,social-services,event
۰۹۰۵۶۱۷۷۲۲۹,نظرآباد,nazarabad,social-services,event
۰۹۳۳۵۰۸۷۹۰۷,نظرآباد,nazarabad,social-services,event
۰۹۰۱۴۸۱۴۰۸۸,نظرآباد,nazarabad,social-services,event
۰۹۹۲۸۳۸۶۲۳۶,نظرآباد,nazarabad,social-services,event
۰۹۲۲۹۳۴۳۲۶۲,نظرآباد,nazarabad,social-services,event
۰۹۰۵۰۵۷۵۸۶۸,نظرآباد,nazarabad,social-services,voluntary
۰۹۳۳۷۰۹۲۲۹۱,نظرآباد,nazarabad,social-services,missing
۰۹۳۸۶۵۶۶۶۹۵,نظرآباد,nazarabad,social-services,missing
۰۹۱۲۷۶۷۷۲۵۶,نظرآباد,nazarabad,social-services,missing
۰۹۲۱۶۰۴۱۱۷۴,نظرآباد,nazarabad,businesses,business-equipment
۰۹۱۹۲۷۲۹۴۰۰,نظرآباد,nazarabad,businesses,business-equipment
۰۹۳۸۱۲۱۰۸۶۱,نظرآباد,nazarabad,businesses,business-equipment
(پنهان‌شده؛ چت کنید),نظرآباد,nazarabad,businesses,business-equipment
۰۹۲۱۹۳۶۴۴۱۳,نظرآباد,nazarabad,businesses,business-equipment
۰۹۳۳۶۱۵۶۷۱۹,نظرآباد,nazarabad,businesses,business-equipment
۰۹۳۳۶۱۵۶۷۱۹,نظرآباد,nazarabad,businesses,business-equipment
۰۹۳۵۴۱۶۵۴۰۸,نظرآباد,nazarabad,businesses,business-equipment
۰۹۳۵۵۲۳۴۱۲۹,نظرآباد,nazarabad,businesses,business-equipment
۰۹۳۸۳۶۵۲۵۶۰,نظرآباد,nazarabad,businesses,business-equipment
۰۹۱۹۶۵۸۸۷۱۱,نظرآباد,nazarabad,businesses,business-equipment
۰۹۱۲۲۶۵۴۰۵۶,نظرآباد,nazarabad,businesses,business-equipment
۰۹۱۲۳۶۳۵۸۷۶,نظرآباد,nazarabad,businesses,business-equipment
۰۹۱۲۶۶۶۸۰۷۴,نظرآباد,nazarabad,businesses,business-equipment
۰۹۱۹۲۶۲۷۶۲۰,نظرآباد,nazarabad,businesses,business-equipment
۰۹۳۶۴۷۷۰۹۳۴,نظرآباد,nazarabad,businesses,business-equipment
۰۹۱۲۶۰۶۱۲۷۹,نظرآباد,nazarabad,businesses,business-equipment
(پنهان‌شده؛ چت کنید),نظرآباد,nazarabad,businesses,business-equipment
۰۹۳۶۳۹۲۶۱۱۴,نظرآباد,nazarabad,businesses,business-equipment
۰۹۳۶۳۹۲۶۱۱۴,نظرآباد,nazarabad,businesses,business-equipment
۰۹۳۹۴۴۷۷۴۶۰,نظرآباد,nazarabad,businesses,business-equipment
۰۹۳۷۹۷۳۵۳۲۲,نظرآباد,nazarabad,businesses,business-equipment
۰۹۱۰۹۶۹۶۹۶۵,نظرآباد,nazarabad,businesses,business-equipment
۰۹۱۰۹۶۹۶۹۶۵,نظرآباد,nazarabad,businesses,business-equipment
۰۹۳۵۸۴۷۱۱۶۳,نظرآباد,nazarabad,businesses,business-equipment
(پنهان‌شده؛ چت کنید),نظرآباد,nazarabad,businesses,business-equipment
۰۹۱۲۳۶۵۹۵۷۰,نظرآباد,nazarabad,businesses,business-equipment
(پنهان‌شده؛ چت کنید),نظرآباد,nazarabad,businesses,business-equipment
(پنهان‌شده؛ چت کنید),نظرآباد,nazarabad,businesses,business-equipment
(پنهان‌شده؛ چت کنید),نظرآباد,nazarabad,businesses,business-equipment
(پنهان‌شده؛ چت کنید),نظرآباد,nazarabad,businesses,business-equipment
۰۹۱۰۸۴۳۲۲۵۱,نظرآباد,nazarabad,businesses,business-equipment
۰۹۳۳۴۷۶۵۸۶۱,نظرآباد,nazarabad,businesses,business-equipment
۰۹۱۹۴۸۷۱۴۲۵,نظرآباد,nazarabad,businesses,business-equipment
۰۹۳۵۱۴۲۸۶۴۵,نظرآباد,nazarabad,businesses,business-equipment
۰۹۱۲۴۰۸۹۳۹۰,نظرآباد,nazarabad,businesses,business-equipment
۰۹۲۱۳۷۶۸۰۴۲,نظرآباد,nazarabad,businesses,business-equipment
۰۹۲۱۳۷۶۸۰۴۲,نظرآباد,nazarabad,businesses,business-equipment
۰۹۱۲۷۶۷۷۵۴۶,نظرآباد,nazarabad,businesses,business-equipment
۰۹۲۲۹۵۶۵۱۱۸,نظرآباد,nazarabad,businesses,business-equipment
۰۹۳۸۲۱۳۹۸۷۴,نظرآباد,nazarabad,businesses,business-equipment
۰۹۱۹۸۴۰۷۷۸۴,نظرآباد,nazarabad,businesses,business-equipment
۰۹۱۲۰۵۹۵۴۸۱,نظرآباد,nazarabad,businesses,business-equipment
۰۹۳۶۲۲۱۰۷۴۲,نظرآباد,nazarabad,businesses,business-equipment
۰۹۳۵۸۴۴۱۳۹۴,نظرآباد,nazarabad,businesses,business-equipment
۰۹۱۲۵۰۹۱۱۶۵,نظرآباد,nazarabad,businesses,business-equipment
۰۹۳۵۷۷۱۲۶۲۸,نظرآباد,nazarabad,businesses,business-equipment
۰۹۳۶۶۴۵۲۰۲۲,نظرآباد,nazarabad,businesses,business-equipment
۰۹۰۲۰۵۵۲۲۶۱,نظرآباد,nazarabad,businesses,business-equipment
۰۹۹۲۴۹۶۲۴۲۷,نظرآباد,nazarabad,businesses,business-equipment
۰۹۰۲۰۵۵۲۲۶۵,نظرآباد,nazarabad,businesses,business-equipment
۰۹۲۲۹۵۶۵۱۳۵,نظرآباد,nazarabad,businesses,business-equipment
۰۹۳۹۷۰۰۳۰۳۲,نظرآباد,nazarabad,businesses,business-equipment
۰۹۳۹۲۵۷۱۰۴۶,نظرآباد,nazarabad,businesses,business-equipment
۰۹۲۲۹۵۶۵۱۲۶,نظرآباد,nazarabad,businesses,business-equipment
۰۹۰۲۳۰۳۷۰۸۷,نظرآباد,nazarabad,businesses,business-equipment
۰۹۳۸۱۹۰۳۹۶۰,نظرآباد,nazarabad,businesses,business-equipment
۰۹۱۲۶۶۱۰۱۳۲,نظرآباد,nazarabad,businesses,business-equipment
۰۹۳۸۶۵۳۳۷۵۵,نظرآباد,nazarabad,businesses,business-equipment
۰۹۳۶۷۷۷۶۸۹۱,نظرآباد,nazarabad,businesses,business-equipment
۰۹۳۷۳۸۷۲۸۶۹,نظرآباد,nazarabad,businesses,business-equipment
۰۹۳۸۴۱۴۷۶۳۸,نظرآباد,nazarabad,businesses,business-equipment
۰۹۰۵۵۱۶۲۰۷۶,نظرآباد,nazarabad,businesses,business-equipment
۰۹۱۹۳۶۹۰۴۸۷,نظرآباد,nazarabad,businesses,business-equipment
۰۹۳۶۸۴۰۰۹۹۰,نظرآباد,nazarabad,businesses,business-equipment
۰۹۳۶۸۴۰۰۹۹۰,نظرآباد,nazarabad,businesses,business-equipment
۰۹۳۶۹۳۵۶۶۰۹,نظرآباد,nazarabad,businesses,business-equipment
۰۹۱۲۵۰۹۱۱۶۵,نظرآباد,nazarabad,businesses,business-equipment
۰۹۳۷۰۵۷۵۲۵۶,نظرآباد,nazarabad,businesses,business-equipment
۰۹۳۵۶۹۵۴۹۲۵,نظرآباد,nazarabad,businesses,business-equipment
۰۹۳۹۲۶۵۵۳۸۲,نظرآباد,nazarabad,businesses,business-equipment
۰۹۱۹۵۰۶۷۶۶۴,نظرآباد,nazarabad,businesses,wholesale
(پنهان‌شده؛ چت کنید),نظرآباد,nazarabad,businesses,wholesale
۰۹۱۸۰۸۹۵۲۴۵,نظرآباد,nazarabad,businesses,wholesale
۰۹۰۳۷۳۵۷۲۴۵,نظرآباد,nazarabad,businesses,wholesale
۰۹۱۲۴۶۳۹۵۳۹,نظرآباد,nazarabad,businesses,wholesale
۰۹۳۹۰۴۶۹۶۹۶,نظرآباد,nazarabad,businesses,wholesale
۰۹۳۵۴۳۳۱۰۷۸,نظرآباد,nazarabad,businesses,wholesale
۰۹۳۰۹۰۴۹۲۳۷,نظرآباد,nazarabad,businesses,wholesale
۰۹۱۹۳۶۹۰۴۲۴,نظرآباد,nazarabad,businesses,wholesale
۰۹۳۶۲۱۰۰۹۵۱,نظرآباد,nazarabad,businesses,wholesale
۰۹۹۱۴۲۶۸۹۵۰,نظرآباد,nazarabad,businesses,wholesale
۰۹۲۱۳۷۶۸۰۴۲,نظرآباد,nazarabad,businesses,wholesale
۰۹۳۸۰۴۹۹۴۹۷,نظرآباد,nazarabad,businesses,wholesale
۰۹۰۱۹۷۳۹۷۷۶,نظرآباد,nazarabad,businesses,wholesale
۰۹۳۹۳۹۵۷۹۹۵,نظرآباد,nazarabad,businesses,wholesale
۰۹۳۳۲۳۸۳۴۷۰,نظرآباد,nazarabad,businesses,wholesale
۰۹۱۹۶۸۷۳۳۶۴,نظرآباد,nazarabad,businesses,wholesale
۰۹۹۱۵۲۸۴۶۸۹,نظرآباد,nazarabad,businesses,wholesale
۰۹۱۲۶۶۷۱۰۰۴,نظرآباد,nazarabad,businesses,wholesale
۰۹۳۹۶۲۶۱۰۲۲,نظرآباد,nazarabad,businesses,wholesale
۰۹۳۸۹۸۷۴۰۹۳,نظرآباد,nazarabad,businesses,wholesale
۰۹۹۱۴۵۳۴۵۶۳,نظرآباد,nazarabad,businesses,wholesale
۰۹۳۷۹۱۹۶۶۹۶,نظرآباد,nazarabad,businesses,wholesale
۰۹۳۹۸۷۶۵۴۴۹,نظرآباد,nazarabad,businesses,wholesale
۰۹۳۵۱۶۰۱۰۸۷,نظرآباد,nazarabad,businesses,wholesale
۰۹۳۵۹۲۸۵۶۹۷,نظرآباد,nazarabad,businesses,wholesale
۰۹۳۸۵۷۱۱۱۶۲,نظرآباد,nazarabad,businesses,wholesale
۰۹۳۹۲۵۷۱۰۴۶,نظرآباد,nazarabad,businesses,wholesale
۰۹۳۷۴۵۲۴۳۱۳,نظرآباد,nazarabad,businesses,wholesale
۰۹۱۰۴۷۹۰۷۳۶,نظرآباد,nazarabad,businesses,wholesale
۰۹۳۵۸۱۴۹۰۴۳,نظرآباد,nazarabad,businesses,wholesale
۰۹۹۱۳۵۶۳۹۵۴,نظرآباد,nazarabad,businesses,wholesale
۰۹۳۷۷۹۷۸۶۹۶,نظرآباد,nazarabad,businesses,wholesale
۰۹۱۲۴۶۳۹۵۳۹,نظرآباد,nazarabad,businesses,wholesale
۰۹۳۸۸۵۰۴۸۷۴,نظرآباد,nazarabad,businesses,wholesale
۰۹۱۲۷۳۹۲۲۳۸,نظرآباد,nazarabad,businesses,wholesale
