۰۹۱۲۵۹۷۵۵۹۱,نکا,neka,jobs,administrative-jobs
۰۹۳۵۶۷۴۶۰۹۸,نکا,neka,jobs,marketing-jobs
۰۹۳۵۲۹۰۲۲۸۰,نکا,neka,jobs,marketing-jobs
۰۹۱۱۷۷۹۱۴۵۷,نکا,neka,real-estate,buy-residential
۰۹۲۱۷۶۸۰۳۳۸,نکا,neka,real-estate,buy-residential
۰۹۰۱۶۴۱۴۱۳۱,نکا,neka,real-estate,buy-residential
۰۹۱۲۷۷۷۲۶۱۴,نکا,neka,real-estate,buy-residential
۰۹۱۱۴۱۸۴۶۶۲,نکا,neka,real-estate,buy-residential
۰۹۱۹۸۳۰۲۸۵۳,نکا,neka,real-estate,buy-residential
۰۹۳۷۲۵۶۵۶۵۰,نکا,neka,real-estate,buy-residential
۰۹۱۱۶۹۰۴۷۶۱,نکا,neka,real-estate,buy-residential
۰۹۱۱۹۵۵۷۸۳۵,نکا,neka,real-estate,buy-residential
۰۹۱۱۲۵۸۹۲۹۰,نکا,neka,real-estate,buy-residential
۰۹۱۱۹۵۳۱۲۷۹,نکا,neka,real-estate,buy-residential
۰۹۱۱۹۵۵۷۴۶۹,نکا,neka,real-estate,buy-residential
۰۹۳۰۵۴۲۵۹۷۳,نکا,neka,real-estate,buy-residential
۰۹۱۲۶۳۵۲۴۰۰,نکا,neka,real-estate,buy-residential
۰۹۱۳۷۹۷۳۵۳۷,نکا,neka,real-estate,buy-residential
۰۹۱۱۱۵۵۲۰۵۱,نکا,neka,real-estate,buy-residential
۰۹۳۰۷۴۴۹۰۱۹,نکا,neka,real-estate,buy-residential
۰۹۱۱۳۹۰۷۷۲۶,نکا,neka,real-estate,buy-residential
۰۹۳۶۶۶۱۲۴۴۳,نکا,neka,real-estate,buy-residential
۰۹۱۱۱۵۵۲۰۵۱,نکا,neka,real-estate,buy-residential
۰۹۳۶۹۵۶۶۳۲۲,نکا,neka,real-estate,buy-residential
۰۹۱۱۱۵۵۲۰۵۱,نکا,neka,real-estate,buy-residential
۰۹۱۱۱۵۵۲۰۵۱,نکا,neka,real-estate,buy-residential
۰۹۱۱۱۵۵۲۰۵۱,نکا,neka,real-estate,buy-residential
۰۹۱۲۸۱۲۴۷۵۱,نکا,neka,real-estate,buy-residential
۰۹۱۱۷۱۲۰۳۲۲,نکا,neka,real-estate,buy-residential
۰۹۱۱۹۵۰۳۹۱۱,نکا,neka,real-estate,buy-residential
۰۹۱۱۲۵۲۲۸۰۱,نکا,neka,real-estate,buy-residential
۰۹۱۲۰۴۳۶۸۸۵,نکا,neka,real-estate,buy-residential
۰۹۳۵۷۰۶۱۳۲۷,نکا,neka,real-estate,buy-residential
۰۹۱۱۲۵۱۸۵۶۲,نکا,neka,real-estate,buy-residential
۰۹۳۷۶۱۰۲۵۷۶,نکا,neka,real-estate,buy-residential
۰۹۳۷۰۸۲۷۹۱۴,نکا,neka,real-estate,buy-residential
۰۹۰۱۵۵۹۶۵۷۸,نکا,neka,real-estate,buy-residential
۰۹۱۱۷۸۴۶۹۷۲,نکا,neka,real-estate,buy-residential
۰۹۱۱۹۰۱۵۱۲۴,نکا,neka,real-estate,buy-residential
۰۹۱۱۷۴۲۶۳۴۱,نکا,neka,real-estate,buy-residential
۰۹۰۱۶۱۵۵۸۱۲,نکا,neka,real-estate,buy-residential
۰۹۱۱۷۸۹۰۳۴۵,نکا,neka,real-estate,buy-residential
۰۹۳۷۰۶۹۰۲۵۳,نکا,neka,real-estate,buy-residential
۰۹۳۰۱۵۹۵۷۰۰,نکا,neka,real-estate,buy-residential
۰۹۳۰۴۷۰۹۶۵۰,نکا,neka,real-estate,buy-residential
۰۹۱۱۲۲۳۳۶۰۰,نکا,neka,real-estate,buy-residential
۰۹۱۱۷۱۲۰۳۲۲,نکا,neka,real-estate,buy-residential
۰۹۱۵۳۲۵۰۹۵۶,نکا,neka,real-estate,buy-residential
۰۹۳۰۴۷۰۹۶۵۰,نکا,neka,real-estate,buy-residential
۰۹۳۰۴۷۰۹۶۵۰,نکا,neka,real-estate,buy-residential
۰۹۱۱۹۵۵۸۹۵۴,نکا,neka,real-estate,buy-residential
۰۹۱۱۶۸۱۸۱۰۱,نکا,neka,real-estate,buy-residential
۰۹۰۱۶۷۴۶۹۶۶,نکا,neka,real-estate,buy-residential
۰۹۱۱۹۵۴۹۲۵۱,نکا,neka,real-estate,buy-residential
۰۹۱۱۸۶۹۳۲۶۲,نکا,neka,real-estate,buy-residential
۰۹۳۹۲۵۱۸۵۷۲,نکا,neka,real-estate,buy-residential
۰۹۱۱۷۷۹۱۴۵۷,نکا,neka,real-estate,buy-residential
۰۹۳۶۳۰۳۰۹۸۱,نکا,neka,real-estate,buy-residential
۰۹۳۰۵۴۲۵۹۷۳,نکا,neka,real-estate,buy-residential
۰۹۱۱۲۵۷۱۳۰۳,نکا,neka,real-estate,buy-residential
۰۹۱۱۷۱۲۰۷۴۳,نکا,neka,real-estate,buy-residential
۰۹۱۹۷۳۰۳۷۰۸,نکا,neka,real-estate,buy-residential
۰۹۱۱۲۵۹۳۳۰۳,نکا,neka,real-estate,buy-residential
۰۹۱۹۰۴۴۹۳۱۱,نکا,neka,real-estate,buy-residential
۰۹۹۱۵۸۴۲۳۷۱,نکا,neka,real-estate,buy-residential
۰۹۳۰۴۴۰۶۸۴۸,نکا,neka,real-estate,buy-residential
۰۹۳۳۱۱۹۶۰۵۱,نکا,neka,real-estate,buy-residential
۰۹۱۱۹۵۴۱۶۹۱,نکا,neka,real-estate,buy-residential
۰۹۳۳۲۳۶۹۶۳۸,نکا,neka,real-estate,buy-residential
۰۹۱۱۷۹۲۰۱۸۰,نکا,neka,real-estate,buy-residential
۰۹۱۹۳۵۱۱۶۵۵,نکا,neka,real-estate,buy-residential
۰۹۰۵۷۰۵۳۶۰۵,نکا,neka,real-estate,buy-residential
۰۹۰۱۵۰۱۵۱۵۳,نکا,neka,real-estate,rent-residential
۰۹۳۸۴۲۴۷۴۵۸,نکا,neka,real-estate,rent-residential
۰۹۱۱۷۳۶۰۶۲۹,نکا,neka,real-estate,rent-residential
۰۹۳۷۴۹۸xxxx,نکا,neka,real-estate,buy-commercial-property
۰۹۱۱۹۵۴۹۲۵۱,نکا,neka,real-estate,buy-commercial-property
۰۹۱۱۱۵۲۶۱۰۱,نکا,neka,real-estate,buy-commercial-property
۰۹۱۱۹۶۰۹۳۰۰,نکا,neka,real-estate,buy-commercial-property
۰۹۱۲۲۴۴۶۲۰۷,نکا,neka,real-estate,buy-commercial-property
۰۹۱۱۷۱۲۰۳۲۲,نکا,neka,real-estate,buy-commercial-property
۰۹۱۱۱۵۳۲۴۱۶,نکا,neka,real-estate,buy-commercial-property
۰۹۳۹۷۲۷۶۵۷۲,نکا,neka,real-estate,buy-commercial-property
۰۹۱۱۱۱۲۱۶۰۲,نکا,neka,real-estate,buy-commercial-property
۰۹۳۶۶۰۰۷۵۵۴,نکا,neka,real-estate,rent-commercial-property
۰۹۱۱۳۵۳۳۷۷۸,نکا,neka,vehicles,auto
۰۹۰۱۹۶۸۶۲۶۰,نکا,neka,vehicles,auto
۰۹۳۵۹۲۵۱۳۳۴,نکا,neka,vehicles,auto
۰۹۳۵۶۷۹۰۸۵۷,نکا,neka,vehicles,auto
۰۹۱۱۷۳۶۰۱۲۵,نکا,neka,vehicles,auto
۰۹۱۱۳۵۲۲۸۲۶,نکا,neka,vehicles,auto
۰۹۱۱۹۵۹۶۰۶۹,نکا,neka,vehicles,auto
۰۹۱۱۳۵۶۳۷۵۴,نکا,neka,vehicles,auto
۰۹۱۱۸۵۱۶۵۸۰,نکا,neka,vehicles,auto
۰۹۰۲۵۴۰۸۶۳۱,نکا,neka,vehicles,auto
۰۹۰۱۹۴۷۹۶۳۲,نکا,neka,vehicles,auto
۰۹۱۱۲۷۲۲۴۶۳,نکا,neka,vehicles,auto
۰۹۳۶۹۵۴۵۷۱۵,نکا,neka,vehicles,auto
۰۹۲۱۲۴۱۲۰۰۱,نکا,neka,vehicles,auto
۰۹۱۱۹۵۳۴۸۶۷,نکا,neka,vehicles,auto
۰۹۱۹۱۴۸۳۹۸۸,نکا,neka,vehicles,auto
۰۹۳۰۹۱۱۸۵۸۳,نکا,neka,vehicles,auto
۰۹۱۱۳۵۲۰۵۷۴,نکا,neka,vehicles,auto
۰۹۳۶۶۲۷۸۶۶۷,نکا,neka,vehicles,auto
۰۹۱۲۰۹۶۲۸۷۴,نکا,neka,vehicles,auto
۰۹۰۱۶۵۸۷۰۰۱,نکا,neka,vehicles,auto
۰۹۳۸۸۱۵۷۶۶۸,نکا,neka,vehicles,auto
۰۹۲۱۶۹۸۱۵۰۵,نکا,neka,vehicles,auto
۰۹۳۹۰۸۱۹۴۰۰,نکا,neka,vehicles,auto
۰۹۳۷۱۱۰۴۷۱۷,نکا,neka,vehicles,auto
۰۹۳۶۴۰۴۶۶۴۲,نکا,neka,vehicles,auto
۰۹۱۱۳۵۳۶۶۵۸,نکا,neka,vehicles,auto
۰۹۳۳۳۵۲۴۴۸۵,نکا,neka,vehicles,auto
۰۹۳۳۳۵۲۴۴۸۵,نکا,neka,vehicles,auto
۰۹۱۱۹۰۲۲۲۸۲,نکا,neka,vehicles,auto
۰۹۰۱۷۴۵۴۷۴۹,نکا,neka,vehicles,auto
۰۹۳۹۲۴۲۶۶۶۹,نکا,neka,vehicles,auto
۰۹۳۶۳۰۷۰۶۶۵,نکا,neka,vehicles,auto
۰۹۱۱۲۵۲۳۰۳۵,نکا,neka,vehicles,auto
۰۹۳۳۵۰۹۴۶۴۸,نکا,neka,vehicles,auto
۰۹۱۹۲۳۱۰۷۴۲,نکا,neka,vehicles,auto
۰۹۱۲۳۳۲۴۴۰۲,نکا,neka,vehicles,auto
۰۹۳۸۱۱۹۸۶۲۲,نکا,neka,vehicles,auto
۰۹۳۸۴۶۶۶۱۶۴,نکا,neka,vehicles,car-accessories
۰۹۰۵۶۴۲۵۶۸۷,نکا,neka,vehicles,car-accessories
۰۹۲۱۶۷۱۷۳۸۴,نکا,neka,vehicles,car-accessories
۰۹۲۱۶۷۱۷۳۸۴,نکا,neka,vehicles,car-accessories
۰۹۱۱۳۵۲۵۳۸۷,نکا,neka,vehicles,car-accessories
۰۹۳۶۸۵۴۷۱۶۵,نکا,neka,vehicles,car-accessories
۰۹۱۱۱۵۸۰۵۶۹,نکا,neka,vehicles,car-accessories
۰۹۳۶۶۳۴۱۰۶۱,نکا,neka,vehicles,car-accessories
۰۹۱۱۱۵۳۵۷۲۹,نکا,neka,vehicles,car-accessories
۰۹۳۸۳۹۷۰۰۹۳,نکا,neka,vehicles,car-accessories
۰۹۳۵۶۳۲۶۸۷۶,نکا,neka,vehicles,car-accessories
۰۹۰۲۲۵۲۳۱۰۰,نکا,neka,vehicles,car-accessories
۰۹۲۱۷۶۶۱۷۶۵,نکا,neka,vehicles,car-accessories
۰۹۱۱۳۵۲۲۹۸۶,نکا,neka,vehicles,car-accessories
۰۹۹۰۱۱۷۴۳۹۷,نکا,neka,vehicles,car-accessories
۰۹۱۱۹۵۹۴۹۹۵,نکا,neka,vehicles,motorcycles
۰۹۰۳۳۲۶۰۷۵۰,نکا,neka,vehicles,motorcycles
۰۹۳۰۷۳۰۷۶۰۳,نکا,neka,vehicles,motorcycles
۰۹۳۷۳۱۴۲۷۰۷,نکا,neka,vehicles,motorcycles
۰۹۳۹۳۵۳۰۹۳۳,نکا,neka,vehicles,motorcycles
۰۹۰۲۵۵۳۰۱۹۶,نکا,neka,vehicles,motorcycles
۰۹۳۹۵۳۹۵۳۸۳,نکا,neka,vehicles,motorcycles
۰۹۰۱۰۵۶۲۱۳۷,نکا,neka,vehicles,motorcycles
۰۹۰۵۲۴۲۰۰۷۶,نکا,neka,vehicles,motorcycles
۰۹۳۸۳۵۹۶۶۰۰,نکا,neka,vehicles,motorcycles
۰۹۳۸۲۲۶۲۹۷۶,نکا,neka,vehicles,motorcycles
۰۹۳۷۱۶۹۹۱۶۴,نکا,neka,vehicles,motorcycles
۰۹۳۵۳۶۸۰۰۱۲,نکا,neka,electronic-devices,mobile-tablet
۰۹۳۳۵۲۹۷۲۶۷,نکا,neka,electronic-devices,mobile-tablet
۰۹۳۷۳۹۲۷۱۸۵,نکا,neka,electronic-devices,mobile-tablet
۰۹۳۳۰۵۹۱۹۱۴,نکا,neka,electronic-devices,mobile-tablet
۰۹۰۱۷۰۱۲۴۰۷,نکا,neka,electronic-devices,mobile-tablet
۰۹۳۶۸۵۸۸۸۲۶,نکا,neka,electronic-devices,mobile-tablet
۰۹۳۸۲۸۸۰۸۷۰,نکا,neka,electronic-devices,mobile-tablet
۰۹۳۹۳۶۲۴۵۱۰,نکا,neka,electronic-devices,mobile-tablet
۰۹۳۶۸۲۷۱۲۱۲,نکا,neka,electronic-devices,mobile-tablet
۰۹۳۹۴۷۱۱۰۲۹,نکا,neka,electronic-devices,mobile-tablet
۰۹۳۳۶۳۴۲۱۷۹,نکا,neka,electronic-devices,mobile-tablet
(پنهان‌شده؛ چت کنید),نکا,neka,electronic-devices,mobile-tablet
۰۹۰۱۷۴۵۴۷۴۹,نکا,neka,electronic-devices,mobile-tablet
۰۹۳۵۴۵۰۸۴۲۸,نکا,neka,electronic-devices,mobile-tablet
۰۹۳۸۵۱۱۹۲۵۳,نکا,neka,electronic-devices,mobile-tablet
۰۹۰۳۳۲۲۹۳۵۶,نکا,neka,electronic-devices,mobile-tablet
۰۹۳۸۵۶۵۳۳۲۷,نکا,neka,electronic-devices,mobile-tablet
۰۹۱۱۷۱۲۲۷۲۱,نکا,neka,electronic-devices,mobile-tablet
۰۹۰۳۱۵۳۴۳۸۶,نکا,neka,electronic-devices,mobile-tablet
۰۹۱۱۷۳۷۵۱۸۱,نکا,neka,electronic-devices,mobile-tablet
۰۹۰۱۷۴۵۴۷۴۹,نکا,neka,electronic-devices,mobile-tablet
۰۹۱۱۷۰۰۹۷۸۰,نکا,neka,electronic-devices,mobile-tablet
۰۹۳۹۱۶۴۹۹۱۸,نکا,neka,electronic-devices,mobile-tablet
۰۹۳۵۱۵۱۷۲۰۳,نکا,neka,electronic-devices,computers
۰۹۱۱۳۵۲۱۳۳۲,نکا,neka,electronic-devices,computers
۰۹۱۱۱۵۵۰۲۹۹,نکا,neka,electronic-devices,game-consoles
۰۹۹۰۶۰۰۷۳۳۸,نکا,neka,electronic-devices,video-audio-device
۰۹۹۰۹۹۹۸۲۳۳,نکا,neka,electronic-devices,video-audio-device
۰۹۳۳۴۴۷۸۸۹۷,نکا,neka,electronic-devices,video-audio-device
۰۹۱۱۱۵۵۰۲۹۹,نکا,neka,electronic-devices,video-audio-device
۰۹۰۲۰۳۲۵۶۲۰,نکا,neka,electronic-devices,video-audio-device
۰۹۳۵۴۵۰۸۴۲۸,نکا,neka,electronic-devices,video-audio-device
۰۹۳۸۱۷۹۷۸۲۰,نکا,neka,electronic-devices,video-audio-device
۰۹۳۵۱۵۲۹۹۴۷,نکا,neka,electronic-devices,video-audio-device
(پنهان‌شده؛ چت کنید),نکا,neka,home-and-kitchen,home-decor-furniture
۰۹۳۵۴۴۱۷۵۷۹,نکا,neka,home-and-kitchen,home-decor-furniture
۰۹۱۹۵۸۰۵۵۳۵,نکا,neka,home-and-kitchen,home-decor-furniture
۰۹۳۷۸۰۷۶۹۹۱,نکا,neka,home-and-kitchen,home-decor-furniture
۰۹۳۷۴۹۷۶۹۷۲,نکا,neka,home-and-kitchen,home-decor-furniture
۰۹۳۷۴۹۷۶۹۷۲,نکا,neka,home-and-kitchen,home-decor-furniture
۰۹۱۱۱۵۷۵۹۱۲,نکا,neka,home-and-kitchen,home-decor-furniture
۰۹۱۱۱۵۷۵۹۱۲,نکا,neka,home-and-kitchen,home-decor-furniture
۰۹۳۸۵۶۵۹۱۴۲,نکا,neka,home-and-kitchen,home-decor-furniture
۰۹۳۸۵۶۵۹۱۴۲,نکا,neka,home-and-kitchen,home-decor-furniture
۰۹۰۳۲۳۳۲۳۵۱,نکا,neka,home-and-kitchen,home-decor-furniture
(پنهان‌شده؛ چت کنید),نکا,neka,home-and-kitchen,home-decor-furniture
۰۹۳۹۳۵۵۶۷۰۰,نکا,neka,home-and-kitchen,home-decor-furniture
۰۹۱۱۹۵۸۹۷۷۰,نکا,neka,home-and-kitchen,home-decor-furniture
۰۹۱۱۳۵۲۱۵۳۸,نکا,neka,home-and-kitchen,home-decor-furniture
۰۹۳۳۵۳۷۷۸۰۰,نکا,neka,home-and-kitchen,home-decor-furniture
۰۹۲۱۶۷۱۷۳۸۴,نکا,neka,home-and-kitchen,home-decor-furniture
۰۹۱۱۱۵۷۹۳۲۰,نکا,neka,home-and-kitchen,home-decor-furniture
۰۹۱۱۶۸۱۸۱۰۱,نکا,neka,home-and-kitchen,home-decor-furniture
۰۹۱۱۵۹۴۹۸۱۰,نکا,neka,home-and-kitchen,home-decor-furniture
۰۹۳۳۲۴۹۵۱۸۹,نکا,neka,home-and-kitchen,home-decor-furniture
۰۹۳۷۳۳۹۵۸۳۸,نکا,neka,home-and-kitchen,home-decor-furniture
۰۹۱۱۹۵۵۸۴۵۰,نکا,neka,home-and-kitchen,home-decor-furniture
۰۹۰۱۶۴۷۲۸۰۰,نکا,neka,home-and-kitchen,home-decor-furniture
۰۹۱۱۱۵۵۰۲۹۹,نکا,neka,home-and-kitchen,kitchen-appliances
۰۹۳۳۴۶۲۰۴۱۶,نکا,neka,home-and-kitchen,kitchen-appliances
۰۹۹۱۰۹۰۹۸۶۱,نکا,neka,home-and-kitchen,kitchen-appliances
۰۹۱۱۱۵۷۹۳۲۰,نکا,neka,home-and-kitchen,kitchen-appliances
۰۹۱۱۱۵۷۹۳۲۰,نکا,neka,home-and-kitchen,kitchen-appliances
۰۹۳۷۲۳۹۹۶۰۹,نکا,neka,home-and-kitchen,kitchen-appliances
۰۹۱۱۵۰۸۰۰۷۹,نکا,neka,home-and-kitchen,kitchen-appliances
۰۹۰۱۴۵۱۲۸۲۱,نکا,neka,home-and-kitchen,kitchen-appliances
۰۹۱۱۲۱۲۳۳۹۸,نکا,neka,home-and-kitchen,kitchen-appliances
۰۹۱۱۵۷۲۱۲۶۹,نکا,neka,home-and-kitchen,kitchen-appliances
۰۹۱۱۴۵۲۱۲۱۰,نکا,neka,home-and-kitchen,kitchen-appliances
۰۹۳۳۸۴۶۸۱۱۹,نکا,neka,home-and-kitchen,home-appliances
۰۹۳۷۳۹۲۷۱۸۵,نکا,neka,home-and-kitchen,building-garden
۰۹۳۶۶۲۰۴۷۴۷,نکا,neka,home-and-kitchen,building-garden
(پنهان‌شده؛ چت کنید),نکا,neka,home-and-kitchen,building-garden
۰۹۳۵۵۶۳۷۶۵۰,نکا,neka,home-and-kitchen,building-garden
۰۹۳۹۰۵۶۱۶۹۶,نکا,neka,home-and-kitchen,building-garden
۰۹۰۵۴۳۲۹۸۱۹,نکا,neka,services,technology-services
۰۹۳۸۳۸۴۶۳۵۱,نکا,neka,services,technology-services
۰۹۰۵۴۳۲۹۸۱۹,نکا,neka,services,technology-services
۰۹۳۳۶۴۷۳۵۸۵,نکا,neka,services,technology-services
۰۹۰۵۴۳۲۹۸۱۸,نکا,neka,services,technology-services
۰۹۱۱۸۹۹۰۴۳۰,نکا,neka,services,financial-services
۰۹۱۱۶۸۴۰۰۷۵,نکا,neka,services,transport-logistic-services
۰۹۰۱۸۷۴۷۱۹۸,نکا,neka,services,transport-logistic-services
۰۹۳۶۴۰۶۸۱۳۱,نکا,neka,services,craft-skill-services
۰۹۳۳۳۰۸۰۴۴۲,نکا,neka,services,craft-skill-services
۰۹۰۳۳۱۲۲۳۰۶,نکا,neka,services,craft-skill-services
۰۹۱۱۵۸۹۹۹۸۷,نکا,neka,services,beauty-services
۰۹۱۱۷۷۶۸۵۸۹,نکا,neka,services,beauty-services
۰۹۳۵۷۲۷۳۲۱۴,نکا,neka,services,gardening-services
۰۹۳۳۲۱۸۹۴۹۴,نکا,neka,services,teaching-services
۰۹۳۳۲۱۸۹۴۹۴,نکا,neka,services,teaching-services
۰۹۰۵۴۲۶۱۸۹۶,نکا,neka,services,teaching-services
۰۹۱۱۲۵۹۳۳۰۳,نکا,neka,services,teaching-services
۰۹۲۲۷۳۷۲۱۴۸,نکا,neka,services,teaching-services
۰۹۹۰۵۲۶۴۳۷۱,نکا,neka,personal-goods,apparel
۰۹۱۱۵۲۳۹۶۲۲,نکا,neka,personal-goods,apparel
۰۹۳۹۵۵۷۱۸۴۳,نکا,neka,personal-goods,apparel
۰۹۳۶۴۵۳۷۳۵۱,نکا,neka,personal-goods,apparel
۰۹۳۶۵۰۰۱۳۰۳,نکا,neka,personal-goods,apparel
(پنهان‌شده؛ چت کنید),نکا,neka,personal-goods,apparel
۰۹۱۱۵۰۸۰۰۷۹,نکا,neka,personal-goods,apparel
۰۹۱۱۲۵۱۶۸۵۷,نکا,neka,personal-goods,apparel
۰۹۳۸۶۸۵۸۴۳۱,نکا,neka,personal-goods,apparel
۰۹۰۵۶۴۸۳۸۹۹,نکا,neka,personal-goods,apparel
(پنهان‌شده؛ چت کنید),نکا,neka,personal-goods,apparel
۰۹۰۱۷۴۰۲۳۳۸,نکا,neka,personal-goods,apparel
۰۹۹۲۸۲۶۰۷۷۵,نکا,neka,personal-goods,apparel
۰۹۱۱۸۶۲۰۰۸۶,نکا,neka,personal-goods,apparel
۰۹۰۵۴۹۲۷۰۱۹,نکا,neka,personal-goods,apparel
۰۹۰۱۶۴۷۲۸۰۰,نکا,neka,personal-goods,apparel
۰۹۲۱۴۴۳۷۰۷۹,نکا,neka,personal-goods,accessories
۰۹۳۸۶۹۸۸۱۵۸,نکا,neka,personal-goods,beauty-and-personal-care
۰۹۳۸۶۹۸۸۱۵۸,نکا,neka,personal-goods,beauty-and-personal-care
۰۹۳۸۶۹۸۸۱۵۸,نکا,neka,personal-goods,beauty-and-personal-care
۰۹۱۶۹۱۶۱۳۲۸,نکا,neka,personal-goods,beauty-and-personal-care
۰۹۳۳۷۹۷۲۵۸۱,نکا,neka,personal-goods,beauty-and-personal-care
۰۹۳۳۷۹۷۲۵۸۱,نکا,neka,personal-goods,beauty-and-personal-care
۰۹۳۳۷۹۷۲۵۸۱,نکا,neka,personal-goods,beauty-and-personal-care
۰۹۱۷۹۹۰۰۳۷۲,نکا,neka,personal-goods,child-products
۰۹۰۳۶۹۵۸۰۸۶,نکا,neka,personal-goods,child-products
۰۹۱۲۲۰۵۷۶۳۷,نکا,neka,personal-goods,child-products
۰۹۱۲۲۰۵۷۶۳۷,نکا,neka,personal-goods,child-products
۰۹۱۲۲۰۵۷۶۳۷,نکا,neka,personal-goods,child-products
۰۹۱۱۸۶۲۰۰۸۶,نکا,neka,personal-goods,child-products
۰۹۳۳۲۱۸۹۴۹۴,نکا,neka,personal-goods,stationery
(پنهان‌شده؛ چت کنید),نکا,neka,entertainment,tours
۰۹۳۹۶۲۴۲۰۸۸,نکا,neka,entertainment,tours
(پنهان‌شده؛ چت کنید),نکا,neka,entertainment,publication
۰۹۱۱۱۵۶۴۶۴۴,نکا,neka,entertainment,bike-skate-scooter
۰۹۰۵۳۷۲۵۴۳۳,نکا,neka,entertainment,bike-skate-scooter
۰۹۰۳۲۸۶۴۱۹۷,نکا,neka,entertainment,bike-skate-scooter
۰۹۰۱۰۲۷۸۷۰۴,نکا,neka,entertainment,bike-skate-scooter
۰۹۱۱۲۵۲۴۷۶۶,نکا,neka,entertainment,bike-skate-scooter
۰۹۱۱۳۱۸۴۴۵۴,نکا,neka,entertainment,pets-animals
۰۹۰۱۵۳۸۳۹۰۷,نکا,neka,entertainment,pets-animals
۰۹۱۱۴۱۴۰۱۶۳,نکا,neka,entertainment,pets-animals
۰۹۳۹۴۹۲۴۵۱۷,نکا,neka,entertainment,pets-animals
۰۹۱۱۷۴۸۶۱۰۹,نکا,neka,entertainment,pets-animals
۰۹۱۱۲۵۲۰۸۴۳,نکا,neka,entertainment,pets-animals
۰۹۳۰۸۹۹۵۹۰۱,نکا,neka,entertainment,pets-animals
۰۹۱۱۴۲۰۶۷۳۷,نکا,neka,entertainment,pets-animals
۰۹۱۱۹۷۸۰۳۳۸,نکا,neka,entertainment,pets-animals
۰۹۰۵۶۲۸۱۷۲۳,نکا,neka,entertainment,pets-animals
۰۹۳۶۱۸۵۸۱۸۷,نکا,neka,entertainment,pets-animals
۰۹۱۱۲۵۲۱۷۵۸,نکا,neka,entertainment,pets-animals
۰۹۳۵۷۰۴۶۷۶۶,نکا,neka,entertainment,pets-animals
۰۹۱۱۲۵۲۱۷۵۸,نکا,neka,entertainment,pets-animals
۰۹۱۱۴۲۰۶۷۳۷,نکا,neka,entertainment,pets-animals
۰۹۱۱۳۵۹۹۱۴۱,نکا,neka,entertainment,pets-animals
۰۹۱۹۴۶۴۷۳۳۰,نکا,neka,entertainment,pets-animals
۰۹۱۱۹۷۸۰۳۳۸,نکا,neka,entertainment,pets-animals
۰۹۰۵۸۶۷۳۵۶۱,نکا,neka,entertainment,pets-animals
۰۹۳۵۸۱۰۶۹۶۷,نکا,neka,entertainment,pets-animals
۰۹۳۶۸۱۴۲۶۰۳,نکا,neka,entertainment,pets-animals
۰۹۱۱۶۸۲۶۸۸۲,نکا,neka,entertainment,pets-animals
۰۹۳۸۳۵۹۶۶۰۰,نکا,neka,entertainment,pets-animals
۰۹۳۸۷۳۹۸۱۷۹,نکا,neka,entertainment,collecting
(پنهان‌شده؛ چت کنید),نکا,neka,entertainment,musical-instruments
۰۹۱۱۱۵۵۰۲۹۹,نکا,neka,entertainment,sport-entertainment
۰۹۱۱۱۵۵۰۲۹۹,نکا,neka,entertainment,sport-entertainment
۰۹۳۶۷۴۵۶۵۶۵,نکا,neka,entertainment,sport-entertainment
۰۹۳۸۳۹۷۰۰۹۳,نکا,neka,entertainment,sport-entertainment
۰۹۳۸۶۹۸۸۱۵۸,نکا,neka,entertainment,sport-entertainment
۰۹۱۱۲۵۲۰۳۶۴,نکا,neka,entertainment,sport-entertainment
۰۹۳۸۶۹۸۸۱۵۸,نکا,neka,entertainment,sport-entertainment
۰۹۳۸۶۹۸۸۱۵۸,نکا,neka,entertainment,sport-entertainment
۰۹۹۱۷۳۸۰۶۲۳,نکا,neka,social-services,event
۰۹۹۱۵۲۸۴۶۹۳,نکا,neka,social-services,event
۰۹۰۵۶۱۷۷۲۲۹,نکا,neka,social-services,event
۰۹۰۲۳۶۵۸۱۷۰,نکا,neka,social-services,event
۰۹۱۱۸۵۶۳۱۸۶,نکا,neka,businesses,business-equipment
۰۹۹۰۵۲۶۴۵۱۲,نکا,neka,businesses,business-equipment
۰۹۱۱۱۵۵۴۷۲۶,نکا,neka,businesses,business-equipment
۰۹۱۱۶۹۴۹۹۸۲,نکا,neka,businesses,business-equipment
۰۹۱۱۲۵۸۰۳۷۵,نکا,neka,businesses,business-equipment
۰۹۱۱۳۵۲۵۳۸۷,نکا,neka,businesses,business-equipment
۰۹۱۱۳۵۲۵۳۸۷,نکا,neka,businesses,business-equipment
۰۹۱۱۲۵۹۵۰۸۵,نکا,neka,businesses,business-equipment
۰۹۱۱۳۱۸۴۴۵۴,نکا,neka,businesses,business-equipment
۰۹۳۸۲۰۶۲۸۰۹,نکا,neka,businesses,business-equipment
۰۹۳۳۱۸۲۳۹۰۱,نکا,neka,businesses,business-equipment
۰۹۳۹۰۹۷۵۶۰۶,نکا,neka,businesses,business-equipment
۰۹۱۱۳۵۶۳۹۴۳,نکا,neka,businesses,business-equipment
۰۹۱۱۸۲۲۹۲۷۱,نکا,neka,businesses,business-equipment
۰۹۱۱۸۵۶۳۱۸۶,نکا,neka,businesses,wholesale
۰۹۳۳۸۶۵۳۱۹۳,نکا,neka,businesses,wholesale
۰۹۹۰۶۵۰۶۴۴۷,نکا,neka,businesses,wholesale
۰۹۰۳۲۷۳۹۹۱۱,نکا,neka,businesses,wholesale
۰۹۹۰۱۱۵۰۶۰۰,نکا,neka,businesses,wholesale
۰۹۱۱۲۲۷۹۲۸۹,نکا,neka,businesses,wholesale
۰۹۱۱۶۹۴۹۹۸۲,نکا,neka,businesses,wholesale
۰۹۱۱۲۵۲۲۳۷۴,نکا,neka,businesses,wholesale
۰۹۳۳۳۷۴۹۵۷۲,نکا,neka,businesses,wholesale
۰۹۳۸۴۶۶۶۱۶۴,نکا,neka,businesses,wholesale
۰۹۳۶۲۰۸۰۷۷۱,نکا,neka,businesses,wholesale
۰۹۹۱۵۲۸۴۷۰۳,نکا,neka,businesses,wholesale
۰۹۳۵۹۵۹۰۴۴۶,نکا,neka,businesses,wholesale
۰۹۹۱۷۳۸۰۶۲۳,نکا,neka,businesses,wholesale
۰۹۰۱۹۷۳۹۷۷۶,نکا,neka,businesses,wholesale
۰۹۱۱۵۹۱۹۹۳۲,نکا,neka,businesses,wholesale
۰۹۳۹۱۵۳۲۶۷۱,نکا,neka,businesses,wholesale
۰۹۹۱۷۳۸۰۳۲۶,نکا,neka,businesses,wholesale
۰۹۳۹۳۰۷۷۲۶۳,نکا,neka,businesses,wholesale
۰۹۳۶۴۹۹۸۷۷۵,نکا,neka,businesses,wholesale
۰۹۳۰۹۶۳۱۶۳۰,نکا,neka,businesses,wholesale
۰۹۳۶۳۰۶۰۶۴۲,نکا,neka,businesses,wholesale
۰۹۳۸۵۴۵۳۰۲۳,نکا,neka,businesses,wholesale
۰۹۱۱۵۱۷۶۳۹۹,نکا,neka,businesses,wholesale
۰۹۹۲۸۴۳۵۱۶۲,نکا,neka,businesses,wholesale
۰۹۰۱۴۵۱۲۸۲۱,نکا,neka,businesses,wholesale
۰۹۱۱۳۵۶۴۶۶۰,نکا,neka,businesses,wholesale
۰۹۳۸۰۷۹۲۰۳۵,نکا,neka,businesses,wholesale
۰۹۳۶۵۲۳۲۰۳۹,نکا,neka,businesses,wholesale
۰۹۳۰۴۴۵۱۷۳۰,نکا,neka,businesses,wholesale
۰۹۳۹۲۵۷۶۰۶۷,نکا,neka,businesses,wholesale
