۰۹۱۲۴۲۲۱۸۹۸,نوشهر,nowshahr,real-estate,rent-residential
۰۹۱۱۷۳۲۱۶۹۹,نوشهر,nowshahr,real-estate,rent-residential
۰۹۳۳۳۵۹۶۵۷۷,نوشهر,nowshahr,real-estate,rent-residential
۰۹۳۶۳۹۹۹۷۰۳,نوشهر,nowshahr,real-estate,rent-residential
۰۹۱۱۹۹۹۱۰۴۷,نوشهر,nowshahr,real-estate,rent-residential
۰۹۱۱۹۵۸۰۱۲۴,نوشهر,nowshahr,real-estate,rent-residential
۰۹۱۱۳۹۶۴۵۷۷,نوشهر,nowshahr,real-estate,rent-residential
۰۹۳۵۴۱۳۶۰۸۳,نوشهر,nowshahr,real-estate,rent-residential
۰۹۳۸۰۷۰۲۶۸۶,نوشهر,nowshahr,real-estate,rent-residential
۰۹۳۵۴۱۳۶۰۸۳,نوشهر,nowshahr,real-estate,rent-residential
۰۹۱۱۱۹۶۸۸۷۶,نوشهر,nowshahr,real-estate,rent-residential
۰۹۱۹۸۱۴۵۰۸۶,نوشهر,nowshahr,real-estate,rent-residential
۰۹۱۱۹۱۸۵۰۵۵,نوشهر,nowshahr,real-estate,rent-residential
۰۹۱۱۹۱۸۵۰۵۵,نوشهر,nowshahr,real-estate,rent-residential
۰۹۳۹۱۳۲۳۱۲۳,نوشهر,nowshahr,real-estate,rent-residential
۰۹۰۲۸۳۰۷۷۹۶,نوشهر,nowshahr,real-estate,rent-residential
۰۹۰۲۸۳۰۷۷۹۶,نوشهر,nowshahr,real-estate,rent-residential
۰۹۱۱۹۵۸۰۱۲۴,نوشهر,nowshahr,real-estate,rent-residential
۰۹۳۳۴۹۵۰۶۶۹,نوشهر,nowshahr,real-estate,rent-residential
۰۹۱۱۹۵۸۰۱۲۴,نوشهر,nowshahr,real-estate,rent-residential
۰۹۱۲۰۸۸۹۹۵۰,نوشهر,nowshahr,real-estate,rent-residential
۰۹۱۲۹۲۱۴۵۲۶,نوشهر,nowshahr,real-estate,rent-residential
۰۹۱۹۶۳۲۵۰۸۳,نوشهر,nowshahr,real-estate,rent-residential
۰۹۱۱۲۹۳۰۱۵۵,نوشهر,nowshahr,real-estate,rent-residential
۰۹۳۸۸۰۸۳۵۷۴,نوشهر,nowshahr,real-estate,rent-residential
۰۹۱۱۳۹۶۷۶۳۶,نوشهر,nowshahr,real-estate,rent-residential
۰۹۱۱۷۳۲۱۶۹۹,نوشهر,nowshahr,real-estate,rent-residential
۰۹۳۵۸۳۸۴۴۰۶,نوشهر,nowshahr,real-estate,rent-residential
۰۹۱۱۹۵۸۰۱۲۴,نوشهر,nowshahr,real-estate,rent-residential
۰۹۱۱۴۳۷۲۳۶۳,نوشهر,nowshahr,real-estate,rent-residential
۰۹۱۱۷۰۱۴۱۲۷,نوشهر,nowshahr,real-estate,rent-residential
۰۹۱۹۸۱۴۵۰۸۶,نوشهر,nowshahr,real-estate,rent-residential
۰۹۱۹۲۰۰۱۵۲۲,نوشهر,nowshahr,real-estate,rent-residential
۰۹۳۰۶۲۸۶۳۶۸,نوشهر,nowshahr,real-estate,rent-residential
۰۹۳۹۳۸۳۸۴۶۶,نوشهر,nowshahr,real-estate,rent-residential
۰۹۱۲۰۶۸۷۸۰۰,نوشهر,nowshahr,real-estate,rent-residential
۰۹۰۲۴۴۶۹۹۸۲,نوشهر,nowshahr,real-estate,rent-residential
۰۹۱۱۵۹۰۹۷۳۹,نوشهر,nowshahr,real-estate,rent-residential
۰۹۱۱۹۵۸۰۱۲۴,نوشهر,nowshahr,real-estate,rent-residential
۰۹۱۱۳۹۲۶۹۲۶,نوشهر,nowshahr,real-estate,rent-residential
۰۹۱۱۳۹۰۴۰۷۸,نوشهر,nowshahr,real-estate,rent-residential
۰۹۳۷۱۸۵۱۵۸۹,نوشهر,nowshahr,real-estate,rent-residential
۰۹۱۹۶۴۰۱۷۴۴,نوشهر,nowshahr,real-estate,rent-residential
۰۹۱۱۹۵۸۰۱۲۴,نوشهر,nowshahr,real-estate,rent-residential
۰۹۱۱۳۹۰۴۰۷۸,نوشهر,nowshahr,real-estate,rent-residential
۰۹۳۵۸۳۸۴۴۰۶,نوشهر,nowshahr,real-estate,rent-residential
۰۹۳۵۴۱۳۶۰۸۳,نوشهر,nowshahr,real-estate,rent-residential
۰۹۰۳۷۷۷۷۶۸۴,نوشهر,nowshahr,real-estate,rent-residential
۰۹۳۵۴۱۳۶۰۸۳,نوشهر,nowshahr,real-estate,rent-residential
۰۹۱۱۸۹۳۳۶۳۹,نوشهر,nowshahr,real-estate,rent-residential
۰۹۳۷۲۳۶۲۵۸۰,نوشهر,nowshahr,real-estate,rent-residential
۰۹۳۰۶۲۸۶۳۶۸,نوشهر,nowshahr,real-estate,rent-residential
۰۹۳۷۲۳۶۲۵۸۰,نوشهر,nowshahr,real-estate,rent-residential
۰۹۹۰۱۰۷۰۲۴۵,نوشهر,nowshahr,real-estate,rent-residential
۰۹۳۹۴۲۸۳۱۰۸,نوشهر,nowshahr,real-estate,rent-residential
۰۹۱۲۳۹۴۳۰۵۲,نوشهر,nowshahr,real-estate,rent-residential
۰۹۹۰۷۴۱۸۹۶۲,نوشهر,nowshahr,real-estate,rent-residential
۰۹۱۹۶۳۲۵۰۸۳,نوشهر,nowshahr,real-estate,rent-residential
۰۹۱۹۷۰۶۱۹۲۷,نوشهر,nowshahr,real-estate,rent-residential
۰۹۱۲۹۱۵۹۳۷۴,نوشهر,nowshahr,real-estate,rent-residential
۰۹۱۱۱۹۳۴۱۴۳,نوشهر,nowshahr,real-estate,rent-residential
۰۹۱۱۹۵۸۰۱۲۴,نوشهر,nowshahr,real-estate,rent-residential
۰۹۳۳۶۷۲۰۲۵۵,نوشهر,nowshahr,real-estate,rent-residential
۰۹۱۲۲۴۳۵۳۲۳,نوشهر,nowshahr,real-estate,rent-residential
۰۹۱۰۹۲۱۸۰۱۳,نوشهر,nowshahr,real-estate,rent-residential
۰۹۱۱۹۵۸۰۱۲۴,نوشهر,nowshahr,real-estate,rent-residential
۰۹۱۲۹۶۳۱۶۹۶,نوشهر,nowshahr,real-estate,rent-residential
۰۹۱۱۳۵۳۶۵۱۲,نوشهر,nowshahr,real-estate,buy-commercial-property
۰۹۰۵۳۸۳۱۹۷۵,نوشهر,nowshahr,real-estate,buy-commercial-property
۰۹۱۱۳۹۴۴۷۷۰,نوشهر,nowshahr,real-estate,buy-commercial-property
۰۹۳۵۹۷۶۴۹۲۴,نوشهر,nowshahr,real-estate,buy-commercial-property
۰۹۱۱۳۹۲۹۱۷۲,نوشهر,nowshahr,real-estate,buy-commercial-property
۰۹۱۱۹۹۱۳۳۷۲,نوشهر,nowshahr,real-estate,buy-commercial-property
۰۹۱۲۱۷۱۰۸۴۰,نوشهر,nowshahr,real-estate,buy-commercial-property
۰۹۱۲۱۴۱۱۱۴۴,نوشهر,nowshahr,real-estate,buy-commercial-property
۰۹۳۶۳۵۹۰۵۶۸,نوشهر,nowshahr,real-estate,buy-commercial-property
۰۹۱۱۸۵۵۸۶۶۵,نوشهر,nowshahr,real-estate,buy-commercial-property
۰۹۱۲۵۷۰۱۹۲۴,نوشهر,nowshahr,real-estate,buy-commercial-property
۰۹۰۳۲۷۰۶۵۰۰,نوشهر,nowshahr,real-estate,buy-commercial-property
۰۹۳۹۱۰۰۳۶۹۱,نوشهر,nowshahr,real-estate,buy-commercial-property
۰۹۱۲۴۱۲۴۲۷۰,نوشهر,nowshahr,real-estate,buy-commercial-property
۰۹۱۱۸۹۱۱۸۸۹,نوشهر,nowshahr,real-estate,buy-commercial-property
۰۹۱۱۸۰۲۳۲۳۱,نوشهر,nowshahr,real-estate,buy-commercial-property
۰۹۱۹۸۸۴۲۰۶۵,نوشهر,nowshahr,real-estate,buy-commercial-property
۰۹۳۶۶۱۷۰۱۹۶,نوشهر,nowshahr,real-estate,buy-commercial-property
۰۹۱۱۹۹۹۲۲۹۲,نوشهر,nowshahr,real-estate,buy-commercial-property
۰۹۳۵۷۵۵۳۱۳۰,نوشهر,nowshahr,real-estate,buy-commercial-property
۰۹۳۷۲۲۱۵۷۴۰,نوشهر,nowshahr,real-estate,buy-commercial-property
۰۹۰۵۴۵۲۲۱۱۵,نوشهر,nowshahr,real-estate,buy-commercial-property
۰۹۱۲۹۶۳۱۶۹۶,نوشهر,nowshahr,real-estate,buy-commercial-property
۰۹۰۳۲۳۴۳۸۳۳,نوشهر,nowshahr,real-estate,buy-commercial-property
۰۹۳۹۲۱۴۵۱۰۰,نوشهر,nowshahr,real-estate,buy-commercial-property
۰۹۱۸۷۲۹۷۸۱۷,نوشهر,nowshahr,real-estate,buy-commercial-property
۰۹۱۱۸۱۲۴۶۱۹,نوشهر,nowshahr,real-estate,buy-commercial-property
۰۹۹۰۱۲۷۴۷۱۰,نوشهر,nowshahr,real-estate,buy-commercial-property
۰۹۱۲۹۶۳۱۶۹۶,نوشهر,nowshahr,real-estate,buy-commercial-property
۰۹۱۸۷۲۹۷۸۱۷,نوشهر,nowshahr,real-estate,buy-commercial-property
۰۹۱۱۳۹۶۷۶۳۶,نوشهر,nowshahr,real-estate,buy-commercial-property
۰۹۱۲۱۴۳۸۷۳۳,نوشهر,nowshahr,real-estate,buy-commercial-property
۰۹۱۲۸۱۴۹۷۵۹,نوشهر,nowshahr,real-estate,buy-commercial-property
۰۹۱۲۸۱۴۹۷۵۹,نوشهر,nowshahr,real-estate,buy-commercial-property
۰۹۳۰۳۹۰۰۵۹۷,نوشهر,nowshahr,real-estate,buy-commercial-property
۰۹۱۱۱۹۱۴۱۱۱,نوشهر,nowshahr,real-estate,buy-commercial-property
۰۹۱۱۱۹۱۴۱۱۱,نوشهر,nowshahr,real-estate,buy-commercial-property
۰۹۱۲۰۶۸۷۸۰۰,نوشهر,nowshahr,real-estate,buy-commercial-property
۰۹۱۲۲۰۲۹۹۸۵,نوشهر,nowshahr,real-estate,buy-commercial-property
۰۹۱۹۰۳۳۹۰۹۷,نوشهر,nowshahr,real-estate,buy-commercial-property
۰۹۱۲۲۶۴۲۰۵۰,نوشهر,nowshahr,real-estate,buy-commercial-property
۰۹۳۰۸۱۳۱۰۷۱,نوشهر,nowshahr,real-estate,buy-commercial-property
۰۹۰۵۴۵۲۲۱۱۵,نوشهر,nowshahr,real-estate,buy-commercial-property
۰۹۱۱۴۴۵۵۱۸۶,نوشهر,nowshahr,real-estate,buy-commercial-property
۰۹۲۱۴۲۴۶۵۶۸,نوشهر,nowshahr,real-estate,buy-commercial-property
۰۹۱۲۸۶۱۰۳۸۵,نوشهر,nowshahr,real-estate,buy-commercial-property
۰۹۱۱۴۴۵۵۱۸۶,نوشهر,nowshahr,real-estate,buy-commercial-property
۰۹۱۲۵۷۹۸۳۷۱,نوشهر,nowshahr,real-estate,buy-commercial-property
۰۹۱۲۸۸۶۶۰۴۶,نوشهر,nowshahr,real-estate,buy-commercial-property
۰۹۱۲۲۸۵۲۶۱۸,نوشهر,nowshahr,real-estate,buy-commercial-property
۰۹۱۸۷۲۹۷۸۱۷,نوشهر,nowshahr,real-estate,buy-commercial-property
۰۹۱۱۴۴۰۸۳۴۸,نوشهر,nowshahr,real-estate,buy-commercial-property
۰۹۱۲۹۶۳۱۶۹۶,نوشهر,nowshahr,real-estate,buy-commercial-property
۰۹۱۲۳۷۸۱۳۰۰,نوشهر,nowshahr,real-estate,buy-commercial-property
۰۹۳۰۸۱۳۱۰۷۱,نوشهر,nowshahr,real-estate,buy-commercial-property
۰۹۱۲۵۷۶۰۳۴۷,نوشهر,nowshahr,real-estate,buy-commercial-property
۰۹۹۲۴۳۶۹۴۱۴,نوشهر,nowshahr,real-estate,buy-commercial-property
۰۹۱۸۷۲۹۷۸۱۷,نوشهر,nowshahr,real-estate,buy-commercial-property
۰۹۱۲۵۷۹۸۳۷۱,نوشهر,nowshahr,real-estate,buy-commercial-property
۰۹۳۰۸۱۳۱۰۷۱,نوشهر,nowshahr,real-estate,buy-commercial-property
۰۹۱۱۱۱۰۴۰۰۷,نوشهر,nowshahr,real-estate,buy-commercial-property
۰۹۱۱۱۱۰۴۰۰۷,نوشهر,nowshahr,real-estate,buy-commercial-property
۰۹۱۱۸۵۴۴۰۰۹,نوشهر,nowshahr,real-estate,buy-commercial-property
۰۹۱۱۷۳۲۱۶۹۹,نوشهر,nowshahr,real-estate,buy-commercial-property
۰۹۱۱۹۹۴۹۶۰۰,نوشهر,nowshahr,real-estate,buy-commercial-property
۰۹۱۱۹۹۴۹۶۰۰,نوشهر,nowshahr,real-estate,buy-commercial-property
۰۹۱۱۹۹۴۹۶۰۰,نوشهر,nowshahr,real-estate,buy-commercial-property
۰۹۱۹۲۳۳۲۸۲۰,نوشهر,nowshahr,real-estate,buy-commercial-property
۰۹۱۸۷۲۹۷۸۱۷,نوشهر,nowshahr,real-estate,buy-commercial-property
۰۹۱۱۳۹۳۵۶۴۲,نوشهر,nowshahr,real-estate,buy-commercial-property
۰۹۱۱۷۳۲۱۶۹۹,نوشهر,nowshahr,real-estate,rent-commercial-property
۰۹۱۲۹۶۴۲۰۱۴,نوشهر,nowshahr,real-estate,rent-commercial-property
۰۹۱۹۲۰۰۱۵۲۲,نوشهر,nowshahr,real-estate,rent-commercial-property
۰۹۱۲۲۸۵۱۳۴۷,نوشهر,nowshahr,real-estate,rent-commercial-property
۰۹۳۵۸۳۸۴۴۰۶,نوشهر,nowshahr,real-estate,rent-commercial-property
۰۹۰۵۴۷۳۸۸۷۱,نوشهر,nowshahr,real-estate,rent-commercial-property
۰۹۱۱۳۹۳۰۵۳۸,نوشهر,nowshahr,real-estate,rent-commercial-property
۰۹۱۲۲۴۳۵۳۲۳,نوشهر,nowshahr,real-estate,rent-commercial-property
۰۹۳۵۸۳۸۴۴۰۶,نوشهر,nowshahr,real-estate,rent-commercial-property
۰۹۱۲۲۴۳۵۳۲۳,نوشهر,nowshahr,real-estate,rent-commercial-property
۰۹۱۱۷۳۲۱۶۹۹,نوشهر,nowshahr,real-estate,rent-commercial-property
۰۹۳۰۸۱۳۱۰۷۱,نوشهر,nowshahr,real-estate,rent-commercial-property
۰۹۳۸۶۴۲۵۳۶۶,نوشهر,nowshahr,real-estate,rent-commercial-property
۰۹۳۰۱۳۵۹۳۳۶,نوشهر,nowshahr,real-estate,rent-commercial-property
۰۹۰۲۶۲۹۶۶۶۹,نوشهر,nowshahr,real-estate,rent-commercial-property
۰۹۱۱۳۹۳۸۳۵۳,نوشهر,nowshahr,real-estate,rent-commercial-property
۰۹۳۵۶۸۸۸۷۷۴,نوشهر,nowshahr,real-estate,rent-commercial-property
۰۹۱۱۱۹۶۷۳۶۸,نوشهر,nowshahr,real-estate,rent-commercial-property
۰۹۱۱۸۰۳۰۵۵۹,نوشهر,nowshahr,real-estate,rent-commercial-property
۰۹۳۵۸۳۸۴۴۰۶,نوشهر,nowshahr,real-estate,rent-commercial-property
۰۹۰۲۶۲۹۶۶۶۹,نوشهر,nowshahr,real-estate,rent-commercial-property
۰۹۳۹۴۷۲۶۷۰۰,نوشهر,nowshahr,real-estate,rent-commercial-property
۰۹۱۱۲۶۹۹۸۶۶,نوشهر,nowshahr,real-estate,rent-commercial-property
۰۹۳۵۴۱۳۶۰۸۳,نوشهر,nowshahr,real-estate,rent-commercial-property
۰۹۱۲۸۱۴۹۷۵۹,نوشهر,nowshahr,real-estate,rent-commercial-property
۰۹۳۰۸۱۳۱۰۷۱,نوشهر,nowshahr,real-estate,rent-commercial-property
۰۹۳۰۸۱۳۱۰۷۱,نوشهر,nowshahr,real-estate,rent-commercial-property
۰۹۳۰۸۱۳۱۰۷۱,نوشهر,nowshahr,real-estate,rent-commercial-property
۰۹۱۱۱۹۴۸۴۷۷,نوشهر,nowshahr,real-estate,rent-commercial-property
۰۹۱۹۲۰۰۱۵۲۲,نوشهر,nowshahr,real-estate,rent-commercial-property
۰۹۰۲۶۲۹۶۶۶۹,نوشهر,nowshahr,real-estate,rent-commercial-property
۰۹۱۲۲۲۴۳۶۸۶,نوشهر,nowshahr,real-estate,rent-commercial-property
۰۹۹۱۹۰۰۲۵۰۲,نوشهر,nowshahr,real-estate,rent-commercial-property
۰۹۱۱۹۹۲۸۶۶۹,نوشهر,nowshahr,real-estate,rent-commercial-property
۰۹۳۰۸۱۳۱۰۷۱,نوشهر,nowshahr,real-estate,rent-commercial-property
۰۹۱۱۷۳۲۱۶۹۹,نوشهر,nowshahr,real-estate,rent-commercial-property
۰۹۳۳۳۵۹۶۵۷۷,نوشهر,nowshahr,real-estate,rent-commercial-property
۰۹۳۰۸۱۳۱۰۷۱,نوشهر,nowshahr,real-estate,rent-commercial-property
۰۹۰۵۳۸۳۱۹۷۵,نوشهر,nowshahr,real-estate,rent-commercial-property
۰۹۳۰۸۱۳۱۰۷۱,نوشهر,nowshahr,real-estate,rent-commercial-property
۰۹۰۲۶۲۹۶۶۶۹,نوشهر,nowshahr,real-estate,rent-commercial-property
۰۹۳۶۳۶۵۰۹۴۸,نوشهر,nowshahr,real-estate,rent-commercial-property
۰۹۰۲۶۲۹۶۶۶۹,نوشهر,nowshahr,real-estate,rent-commercial-property
۰۹۳۹۱۶۴۵۳۰۸,نوشهر,nowshahr,real-estate,rent-commercial-property
۰۹۰۳۰۵۵۱۱۰۶,نوشهر,nowshahr,real-estate,rent-commercial-property
۰۹۱۱۹۹۹۰۶۴۴,نوشهر,nowshahr,real-estate,rent-commercial-property
۰۹۱۲۸۱۴۹۷۵۹,نوشهر,nowshahr,real-estate,rent-commercial-property
۰۹۱۲۸۱۴۹۷۵۹,نوشهر,nowshahr,real-estate,rent-commercial-property
۰۹۱۹۲۰۰۱۵۲۲,نوشهر,nowshahr,real-estate,rent-commercial-property
۰۹۱۹۲۳۳۲۸۲۰,نوشهر,nowshahr,real-estate,rent-commercial-property
۰۹۳۷۳۳۶۲۱۴۱,نوشهر,nowshahr,real-estate,rent-temporary
۰۹۰۱۵۸۳۲۵۱۳,نوشهر,nowshahr,real-estate,rent-temporary
۰۹۱۲۹۷۳۵۸۹۹,نوشهر,nowshahr,real-estate,rent-temporary
۰۹۱۲۹۷۳۵۸۹۹,نوشهر,nowshahr,real-estate,rent-temporary
۰۹۱۱۳۹۶۶۷۷۹,نوشهر,nowshahr,real-estate,rent-temporary
۰۹۱۱۳۹۶۶۷۷۹,نوشهر,nowshahr,real-estate,rent-temporary
۰۹۱۱۳۹۶۶۷۷۹,نوشهر,nowshahr,real-estate,rent-temporary
۰۹۳۷۵۲۲۵۹۹۵,نوشهر,nowshahr,real-estate,rent-temporary
۰۹۰۱۵۸۳۲۵۱۳,نوشهر,nowshahr,real-estate,rent-temporary
۰۹۰۱۵۸۳۲۵۱۳,نوشهر,nowshahr,real-estate,rent-temporary
۰۹۱۲۹۷۳۵۸۹۹,نوشهر,nowshahr,real-estate,rent-temporary
۰۹۱۱۵۷۵۵۹۰۰,نوشهر,nowshahr,real-estate,rent-temporary
۰۹۱۱۵۷۵۵۹۰۰,نوشهر,nowshahr,real-estate,rent-temporary
۰۹۱۱۵۷۵۵۹۰۰,نوشهر,nowshahr,real-estate,rent-temporary
۰۹۱۱۳۹۶۲۶۱۱,نوشهر,nowshahr,real-estate,rent-temporary
۰۹۱۱۳۹۲۳۷۹۰,نوشهر,nowshahr,real-estate,rent-temporary
۰۹۱۱۳۹۶۲۶۱۱,نوشهر,nowshahr,real-estate,rent-temporary
۰۹۱۱۳۹۶۲۶۱۱,نوشهر,nowshahr,real-estate,rent-temporary
۰۹۰۱۵۸۳۲۵۱۳,نوشهر,nowshahr,real-estate,rent-temporary
۰۹۱۲۹۷۳۵۸۹۹,نوشهر,nowshahr,real-estate,rent-temporary
۰۹۳۶۶۶۵۸۶۶۸,نوشهر,nowshahr,real-estate,rent-temporary
۰۹۱۱۶۶۰۶۲۲۳,نوشهر,nowshahr,real-estate,rent-temporary
۰۹۹۰۱۰۷۰۱۳۴,نوشهر,nowshahr,real-estate,rent-temporary
۰۹۱۱۶۶۰۶۲۲۳,نوشهر,nowshahr,real-estate,rent-temporary
۰۹۳۸۹۲۲۷۰۲۰,نوشهر,nowshahr,real-estate,rent-temporary
۰۹۰۱۵۸۳۲۵۱۳,نوشهر,nowshahr,real-estate,rent-temporary
۰۹۰۱۵۸۳۲۵۱۳,نوشهر,nowshahr,real-estate,rent-temporary
۰۹۱۱۳۹۶۲۶۱۱,نوشهر,nowshahr,real-estate,rent-temporary
۰۹۱۲۰۸۸۵۳۳۷,نوشهر,nowshahr,real-estate,rent-temporary
۰۹۱۱۳۹۶۶۷۷۹,نوشهر,nowshahr,real-estate,rent-temporary
۰۹۱۱۳۹۶۶۷۷۹,نوشهر,nowshahr,real-estate,rent-temporary
۰۹۱۱۳۹۶۶۷۷۹,نوشهر,nowshahr,real-estate,rent-temporary
۰۹۳۵۱۱۰۴۲۲۴,نوشهر,nowshahr,real-estate,rent-temporary
۰۹۰۱۵۸۳۲۵۱۳,نوشهر,nowshahr,real-estate,rent-temporary
۰۹۲۱۳۹۹۳۱۷۶,نوشهر,nowshahr,real-estate,rent-temporary
۰۹۳۸۹۳۷۴۶۶۷,نوشهر,nowshahr,real-estate,rent-temporary
۰۹۱۹۲۳۶۶۴۵۰,نوشهر,nowshahr,real-estate,real-estate-services
۰۹۱۲۹۵۲۴۱۳۹,نوشهر,nowshahr,real-estate,real-estate-services
۰۹۱۱۵۸۳۰۱۴۸,نوشهر,nowshahr,real-estate,real-estate-services
۰۹۳۳۱۲۵۲۹۶۲,نوشهر,nowshahr,real-estate,real-estate-services
۰۹۱۱۴۱۲۴۵۹۶,نوشهر,nowshahr,real-estate,real-estate-services
۰۹۰۱۴۱۴۱۴۹۹,نوشهر,nowshahr,real-estate,real-estate-services
۰۹۱۹۹۰۹۹۱۵۷,نوشهر,nowshahr,real-estate,real-estate-services
۰۹۱۱۱۹۵۱۴۴۰,نوشهر,nowshahr,real-estate,real-estate-services
۰۹۲۱۱۳۶۹۱۴۸,نوشهر,nowshahr,real-estate,real-estate-services
۰۹۱۱۱۱۳۲۱۶۷,نوشهر,nowshahr,real-estate,real-estate-services
۰۹۱۱۵۰۴۴۵۳۳,نوشهر,nowshahr,real-estate,real-estate-services
۰۹۲۱۱۳۶۹۱۴۸,نوشهر,nowshahr,real-estate,real-estate-services
۰۹۳۹۳۰۸۱۷۱۰,نوشهر,nowshahr,real-estate,real-estate-services
۰۹۱۲۹۵۱۱۶۶۰,نوشهر,nowshahr,real-estate,real-estate-services
۰۹۱۱۵۰۴۴۵۳۳,نوشهر,nowshahr,real-estate,real-estate-services
۰۹۱۲۰۲۴۳۱۵۰,نوشهر,nowshahr,real-estate,real-estate-services
۰۹۱۱۱۹۵۱۰۶۳,نوشهر,nowshahr,real-estate,real-estate-services
۰۹۲۰۱۵۹۰۷۵۳,نوشهر,nowshahr,real-estate,real-estate-services
۰۹۳۳۷۰۰۹۴۸۲,نوشهر,nowshahr,real-estate,real-estate-services
۰۹۱۲۸۱۴۹۷۵۹,نوشهر,nowshahr,real-estate,real-estate-services
۰۹۳۰۶۳۸۱۴۰۵,نوشهر,nowshahr,real-estate,real-estate-services
۰۹۳۰۸۹۰۳۰۳۲,نوشهر,nowshahr,real-estate,real-estate-services
۰۹۳۰۸۹۰۳۰۳۲,نوشهر,nowshahr,real-estate,real-estate-services
۰۹۳۳۴۹۵۰۶۶۹,نوشهر,nowshahr,real-estate,real-estate-services
۰۹۱۲۵۷۹۸۳۷۱,نوشهر,nowshahr,real-estate,real-estate-services
۰۹۳۰۸۱۳۱۰۷۱,نوشهر,nowshahr,real-estate,real-estate-services
۰۹۱۱۷۱۷۶۰۴۶,نوشهر,nowshahr,real-estate,real-estate-services
۰۹۰۵۷۸۳۳۵۴۹,نوشهر,nowshahr,real-estate,real-estate-services
۰۹۰۲۸۳۰۷۷۹۶,نوشهر,nowshahr,real-estate,real-estate-services
۰۹۳۸۴۱۳۱۳۷۳,نوشهر,nowshahr,real-estate,real-estate-services
۰۹۱۱۹۲۱۶۱۵۱,نوشهر,nowshahr,real-estate,real-estate-services
۰۹۱۱۳۹۶۰۹۰۲,نوشهر,nowshahr,real-estate,real-estate-services
۰۹۱۹۸۸۴۲۰۶۵,نوشهر,nowshahr,real-estate,real-estate-services
۰۹۱۱۵۶۷۱۹۵۷,نوشهر,nowshahr,real-estate,real-estate-services
۰۹۱۱۳۹۶۰۹۰۲,نوشهر,nowshahr,real-estate,real-estate-services
۰۹۱۱۳۹۶۰۹۰۲,نوشهر,nowshahr,real-estate,real-estate-services
۰۹۱۱۳۹۶۰۹۰۲,نوشهر,nowshahr,real-estate,real-estate-services
۰۹۳۷۸۵۸۷۳۹۵,نوشهر,nowshahr,real-estate,real-estate-services
۰۹۱۱۳۹۱۷۴۵۵,نوشهر,nowshahr,real-estate,real-estate-services
۰۹۱۱۲۴۳۵۸۲۲,نوشهر,nowshahr,real-estate,real-estate-services
۰۹۱۲۰۱۶۷۶۱۹,نوشهر,nowshahr,vehicles,auto
۰۹۳۵۰۵۰۲۲۵۰,نوشهر,nowshahr,vehicles,auto
۰۹۱۱۱۹۶۷۹۰۰,نوشهر,nowshahr,vehicles,auto
۰۹۰۵۹۷۴۶۹۱۹,نوشهر,nowshahr,vehicles,auto
۰۹۰۲۲۵۹۱۰۰۹,نوشهر,nowshahr,vehicles,auto
۰۹۱۱۶۸۸۹۶۷۲,نوشهر,nowshahr,vehicles,auto
۰۹۱۱۳۲۹۹۵۸۹,نوشهر,nowshahr,vehicles,auto
۰۹۱۱۳۹۲۲۲۰۶,نوشهر,nowshahr,vehicles,auto
۰۹۳۵۳۹۴۳۹۸۳,نوشهر,nowshahr,vehicles,auto
۰۹۱۲۳۹۰۸۰۴۴,نوشهر,nowshahr,vehicles,auto
۰۹۹۰۱۹۲۲۴۱۷,نوشهر,nowshahr,vehicles,auto
۰۹۱۱۴۷۱۷۶۵۹,نوشهر,nowshahr,vehicles,auto
۰۹۱۱۱۵۳۲۵۲۹,نوشهر,nowshahr,vehicles,auto
۰۹۳۰۹۱۹۸۹۰۳,نوشهر,nowshahr,vehicles,auto
۰۹۱۵۵۷۴۷۷۲۵,نوشهر,nowshahr,vehicles,auto
۰۹۱۵۸۲۲۴۴۰۸,نوشهر,nowshahr,vehicles,auto
۰۹۰۲۸۷۲۰۲۵۵,نوشهر,nowshahr,vehicles,auto
۰۹۱۱۸۲۱۸۰۴۳,نوشهر,nowshahr,vehicles,auto
۰۹۳۵۴۱۳۶۰۸۳,نوشهر,nowshahr,vehicles,auto
۰۹۱۱۱۹۴۹۷۸۳,نوشهر,nowshahr,vehicles,auto
۰۹۰۱۰۱۰۹۹۹۳,نوشهر,nowshahr,vehicles,auto
۰۹۱۲۳۹۳۸۶۸۲,نوشهر,nowshahr,vehicles,auto
۰۹۳۶۳۴۷۴۰۴۳,نوشهر,nowshahr,vehicles,auto
۰۹۳۹۷۹۹۱۶۱۳,نوشهر,nowshahr,vehicles,auto
۰۹۱۱۲۱۶۵۱۸۸,نوشهر,nowshahr,vehicles,auto
۰۹۱۱۷۴۱۰۰۳۶,نوشهر,nowshahr,vehicles,auto
۰۹۰۳۴۸۱۹۸۶۲,نوشهر,nowshahr,vehicles,auto
۰۹۰۳۹۷۵۲۸۹۸,نوشهر,nowshahr,vehicles,auto
۰۹۱۲۲۵۷۷۳۸۲,نوشهر,nowshahr,vehicles,auto
۰۹۱۲۰۱۷۶۹۵۱,نوشهر,nowshahr,vehicles,auto
۰۹۱۲۱۷۶۰۳۹۵,نوشهر,nowshahr,vehicles,auto
۰۹۱۰۷۶۳۴۹۹۶,نوشهر,nowshahr,vehicles,auto
۰۹۳۵۲۸۰۵۰۵۱,نوشهر,nowshahr,vehicles,auto
۰۹۳۷۱۴۲۹۱۷۴,نوشهر,nowshahr,vehicles,auto
۰۹۳۶۴۴۹۰۹۱۷,نوشهر,nowshahr,vehicles,auto
۰۹۳۶۸۶۶۷۳۳۶,نوشهر,nowshahr,vehicles,auto
۰۹۱۲۶۴۹۶۶۴۱,نوشهر,nowshahr,vehicles,auto
۰۹۱۱۱۹۵۶۶۸۹,نوشهر,nowshahr,vehicles,auto
۰۹۱۱۳۹۱۹۳۷۰,نوشهر,nowshahr,vehicles,auto
۰۹۱۱۳۹۰۹۵۰۵,نوشهر,nowshahr,vehicles,auto
۰۹۳۳۴۶۱۶۴۱۲,نوشهر,nowshahr,vehicles,auto
۰۹۱۱۹۹۳۲۰۵۰,نوشهر,nowshahr,vehicles,auto
۰۹۱۲۲۰۶۸۳۹۹,نوشهر,nowshahr,vehicles,auto
۰۹۱۱۵۶۷۸۴۹۹,نوشهر,nowshahr,vehicles,auto
۰۹۱۱۳۹۵۸۹۵۶,نوشهر,nowshahr,vehicles,auto
۰۹۳۸۴۱۳۱۳۷۳,نوشهر,nowshahr,vehicles,auto
۰۹۳۵۳۷۲۸۲۹۳,نوشهر,nowshahr,vehicles,auto
۰۹۱۲۶۸۰۱۳۳۵,نوشهر,nowshahr,vehicles,auto
۰۹۱۲۳۷۲۶۴۷۵,نوشهر,nowshahr,vehicles,auto
۰۹۱۲۰۲۱۶۰۹۴,نوشهر,nowshahr,vehicles,auto
۰۹۱۱۳۹۵۵۵۴۲,نوشهر,nowshahr,vehicles,auto
۰۹۱۱۱۹۵۵۰۸۹,نوشهر,nowshahr,vehicles,auto
۰۹۳۹۵۵۷۲۱۹۱,نوشهر,nowshahr,vehicles,auto
۰۹۱۱۹۹۹۹۴۲۶,نوشهر,nowshahr,vehicles,car-accessories
۰۹۳۶۶۵۸۲۶۰۴,نوشهر,nowshahr,vehicles,car-accessories
۰۹۳۹۱۲۸۰۵۸۸,نوشهر,nowshahr,vehicles,car-accessories
۰۹۳۵۸۴۰۲۴۴۴,نوشهر,nowshahr,vehicles,car-accessories
۰۹۲۲۳۷۶۴۴۳۱,نوشهر,nowshahr,vehicles,car-accessories
۰۹۱۰۰۴۱۹۳۱۱,نوشهر,nowshahr,vehicles,car-accessories
۰۹۱۱۱۹۳۴۵۶۵,نوشهر,nowshahr,vehicles,car-accessories
۰۹۱۱۱۹۳۴۵۶۵,نوشهر,nowshahr,vehicles,car-accessories
۰۹۳۷۷۴۷۶۲۹۲,نوشهر,nowshahr,vehicles,car-accessories
۰۹۱۱۱۹۶۶۷۳۴,نوشهر,nowshahr,vehicles,car-accessories
۰۹۳۸۱۹۱۱۷۵۵,نوشهر,nowshahr,vehicles,car-accessories
۰۹۳۸۱۲۹۸۵۹۴,نوشهر,nowshahr,vehicles,car-accessories
۰۹۱۹۸۷۲۲۶۸۰,نوشهر,nowshahr,vehicles,car-accessories
۰۹۱۱۱۹۳۴۱۴۳,نوشهر,nowshahr,vehicles,car-accessories
۰۹۱۱۵۷۳۱۵۸۹,نوشهر,nowshahr,vehicles,car-accessories
۰۹۳۵۶۵۶۱۲۵۵,نوشهر,nowshahr,vehicles,car-accessories
۰۹۰۱۱۶۵۶۳۶۶,نوشهر,nowshahr,vehicles,car-accessories
۰۹۳۳۶۷۵۸۳۶۲,نوشهر,nowshahr,vehicles,car-accessories
۰۹۳۶۵۸۹۳۳۹۹,نوشهر,nowshahr,vehicles,car-accessories
۰۹۲۱۴۳۵۵۷۸۶,نوشهر,nowshahr,vehicles,car-accessories
۰۹۱۲۰۴۹۳۴۴۷,نوشهر,nowshahr,vehicles,car-accessories
۰۹۹۱۴۶۳۹۰۴۲,نوشهر,nowshahr,vehicles,car-accessories
۰۹۳۰۲۲۸۷۹۸۴,نوشهر,nowshahr,vehicles,car-accessories
۰۹۳۹۰۱۳۶۰۱۵,نوشهر,nowshahr,vehicles,car-accessories
۰۹۳۷۱۷۱۸۷۱۱,نوشهر,nowshahr,vehicles,car-accessories
۰۹۳۸۳۷۵۶۱۷۰,نوشهر,nowshahr,vehicles,car-accessories
۰۹۳۷۰۴۶۴۳۷۵,نوشهر,nowshahr,vehicles,car-accessories
۰۹۱۱۹۰۶۷۷۱۷,نوشهر,nowshahr,vehicles,car-accessories
۰۹۰۱۷۳۸۴۲۸۸,نوشهر,nowshahr,vehicles,car-accessories
۰۹۱۱۳۹۵۵۱۳۸,نوشهر,nowshahr,vehicles,car-accessories
۰۹۳۷۳۱۱۸۹۴۰,نوشهر,nowshahr,vehicles,car-accessories
۰۹۳۵۱۶۷۹۶۷۳,نوشهر,nowshahr,vehicles,car-accessories
۰۹۳۵۱۶۷۹۶۷۳,نوشهر,nowshahr,vehicles,car-accessories
۰۹۱۱۵۷۰۳۹۰۳,نوشهر,nowshahr,vehicles,car-accessories
۰۹۱۱۳۹۲۹۲۰۷,نوشهر,nowshahr,vehicles,car-accessories
۰۹۳۷۰۴۶۴۳۷۵,نوشهر,nowshahr,vehicles,car-accessories
۰۹۳۰۳۸۶۶۹۲۲,نوشهر,nowshahr,vehicles,car-accessories
۰۹۰۲۴۱۵۹۹۳۳,نوشهر,nowshahr,vehicles,car-accessories
۰۹۳۰۲۶۷۹۹۲۲,نوشهر,nowshahr,vehicles,car-accessories
۰۹۳۸۳۷۵۶۱۷۰,نوشهر,nowshahr,vehicles,car-accessories
۰۹۳۸۳۷۵۶۱۷۰,نوشهر,nowshahr,vehicles,car-accessories
۰۹۱۱۴۷۱۴۳۸۴,نوشهر,nowshahr,vehicles,car-accessories
۰۹۰۱۴۳۶۳۶۱۴,نوشهر,nowshahr,vehicles,car-accessories
۰۹۳۸۳۷۵۶۱۷۰,نوشهر,nowshahr,vehicles,car-accessories
۰۹۳۸۳۷۵۶۱۷۰,نوشهر,nowshahr,vehicles,car-accessories
۰۹۱۱۳۲۲۶۸۶۱,نوشهر,nowshahr,vehicles,car-accessories
۰۹۳۵۵۷۵۷۳۰۲,نوشهر,nowshahr,vehicles,car-accessories
۰۹۳۷۲۴۲۰۳۲۶,نوشهر,nowshahr,vehicles,car-accessories
۰۹۱۱۵۹۵۴۰۸۹,نوشهر,nowshahr,vehicles,car-accessories
۰۹۰۵۲۹۷۹۲۰۸,نوشهر,nowshahr,vehicles,car-accessories
۰۹۳۵۹۹۹۷۵۸۷,نوشهر,nowshahr,vehicles,car-accessories
۰۹۰۳۱۶۸۲۵۲۳,نوشهر,nowshahr,vehicles,car-accessories
۰۹۱۱۹۹۹۰۳۵۳,نوشهر,nowshahr,vehicles,car-accessories
۰۹۱۱۶۶۲۷۶۸۲,نوشهر,nowshahr,vehicles,car-accessories
۰۹۱۲۳۷۸۱۳۰۰,نوشهر,nowshahr,vehicles,car-accessories
۰۹۱۲۲۱۸۹۱۹۴,نوشهر,nowshahr,vehicles,car-accessories
۰۹۱۱۸۲۳۴۳۱۴,نوشهر,nowshahr,vehicles,car-accessories
۰۹۳۵۸۷۳۱۸۴۴,نوشهر,nowshahr,vehicles,car-accessories
۰۹۳۷۹۴۹۵۲۵۹,نوشهر,nowshahr,vehicles,car-accessories
۰۹۱۲۷۲۵۴۳۰۱,نوشهر,nowshahr,vehicles,car-accessories
۰۹۱۲۰۰۴۸۲۳۲,نوشهر,nowshahr,vehicles,motorcycles
۰۹۱۲۶۷۳۳۵۰۵,نوشهر,nowshahr,vehicles,motorcycles
۰۹۱۱۹۹۴۱۵۰۹,نوشهر,nowshahr,vehicles,motorcycles
۰۹۰۳۱۴۴۱۰۰۳,نوشهر,nowshahr,vehicles,motorcycles
۰۹۳۵۵۷۱۹۷۴۲,نوشهر,nowshahr,vehicles,motorcycles
۰۹۳۵۵۷۱۹۷۴۲,نوشهر,nowshahr,vehicles,motorcycles
۰۹۳۵۷۰۷۰۹۸۹,نوشهر,nowshahr,vehicles,motorcycles
۰۹۳۷۲۴۲۰۳۲۶,نوشهر,nowshahr,vehicles,motorcycles
۰۹۱۲۳۹۷۴۹۲۴,نوشهر,nowshahr,vehicles,motorcycles
۰۹۱۳۳۶۸۹۸۱۱,نوشهر,nowshahr,vehicles,motorcycles
۰۹۳۵۹۲۶۹۳۷۶,نوشهر,nowshahr,vehicles,motorcycles
۰۹۱۱۵۸۸۱۶۰۷,نوشهر,nowshahr,vehicles,motorcycles
۰۹۰۳۳۶۹۴۲۲۲,نوشهر,nowshahr,vehicles,motorcycles
۰۹۳۰۰۱۸۹۹۶۱,نوشهر,nowshahr,vehicles,motorcycles
۰۹۳۸۵۸۲۳۱۷۴,نوشهر,nowshahr,vehicles,motorcycles
۰۹۳۸۸۱۲۹۵۵۴,نوشهر,nowshahr,vehicles,motorcycles
۰۹۳۰۵۲۳۶۹۰۵,نوشهر,nowshahr,vehicles,motorcycles
۰۹۱۲۲۹۸۶۲۵۰,نوشهر,nowshahr,vehicles,boat
۰۹۳۵۲۲۲۳۵۵۵,نوشهر,nowshahr,vehicles,boat
۰۹۱۲۸۶۶۱۵۱۰,نوشهر,nowshahr,vehicles,boat
۰۹۱۲۸۶۶۱۵۱۰,نوشهر,nowshahr,vehicles,boat
۰۹۱۲۸۶۶۱۵۱۰,نوشهر,nowshahr,vehicles,boat
۰۹۱۲۸۶۶۱۵۱۰,نوشهر,nowshahr,vehicles,boat
۰۹۳۳۳۹۱۲۴۴۵,نوشهر,nowshahr,vehicles,boat
۰۹۳۳۳۹۱۲۴۴۵,نوشهر,nowshahr,vehicles,boat
۰۹۳۳۳۹۱۲۴۴۵,نوشهر,nowshahr,vehicles,boat
۰۹۳۳۳۹۱۲۴۴۵,نوشهر,nowshahr,vehicles,boat
۰۹۳۳۳۹۱۲۴۴۵,نوشهر,nowshahr,vehicles,boat
۰۹۳۳۳۹۱۲۴۴۵,نوشهر,nowshahr,vehicles,boat
۰۹۳۳۳۹۱۲۴۴۵,نوشهر,nowshahr,vehicles,boat
۰۹۳۷۲۶۵۵۰۶۰,نوشهر,nowshahr,vehicles,boat
۰۹۳۳۳۹۱۲۴۴۵,نوشهر,nowshahr,vehicles,boat
۰۹۳۳۳۹۱۲۴۴۵,نوشهر,nowshahr,vehicles,boat
۰۹۳۳۳۹۱۲۴۴۵,نوشهر,nowshahr,vehicles,boat
۰۹۳۳۳۹۱۲۴۴۵,نوشهر,nowshahr,vehicles,boat
۰۹۳۳۳۹۱۲۴۴۵,نوشهر,nowshahr,vehicles,boat
۰۹۱۲۹۷۲۹۴۶۴,نوشهر,nowshahr,electronic-devices,mobile-tablet
۰۹۳۷۹۸۹۷۵۰۷,نوشهر,nowshahr,electronic-devices,mobile-tablet
۰۹۳۷۹۸۹۷۵۰۷,نوشهر,nowshahr,electronic-devices,mobile-tablet
۰۹۳۷۹۸۹۷۵۰۷,نوشهر,nowshahr,electronic-devices,mobile-tablet
۰۹۳۸۱۹۱۱۷۵۵,نوشهر,nowshahr,electronic-devices,mobile-tablet
۰۹۳۰۶۳۹۲۷۲۴,نوشهر,nowshahr,electronic-devices,mobile-tablet
۰۹۲۲۱۱۷۳۰۹۸,نوشهر,nowshahr,electronic-devices,mobile-tablet
۰۹۰۳۲۰۵۵۲۸۹,نوشهر,nowshahr,electronic-devices,mobile-tablet
۰۹۳۹۸۸۶۴۰۶۳,نوشهر,nowshahr,electronic-devices,mobile-tablet
۰۹۳۷۳۴۰۳۳۰۲,نوشهر,nowshahr,electronic-devices,mobile-tablet
۰۹۰۱۲۰۸۶۳۹۰,نوشهر,nowshahr,electronic-devices,mobile-tablet
۰۹۳۷۹۸۹۷۵۰۷,نوشهر,nowshahr,electronic-devices,mobile-tablet
۰۹۳۷۹۸۹۷۵۰۷,نوشهر,nowshahr,electronic-devices,mobile-tablet
۰۹۳۳۰۴۴۱۵۵۴,نوشهر,nowshahr,electronic-devices,mobile-tablet
۰۹۳۶۷۹۷۰۰۴۵,نوشهر,nowshahr,electronic-devices,mobile-tablet
۰۹۱۲۰۱۳۶۳۸۸,نوشهر,nowshahr,electronic-devices,mobile-tablet
(پنهان‌شده؛ چت کنید),نوشهر,nowshahr,electronic-devices,mobile-tablet
۰۹۳۶۴۶۸۷۱۳۳,نوشهر,nowshahr,electronic-devices,mobile-tablet
۰۹۱۱۴۴۵۵۱۷۴,نوشهر,nowshahr,electronic-devices,mobile-tablet
۰۹۳۵۶۵۶۱۲۵۵,نوشهر,nowshahr,electronic-devices,mobile-tablet
۰۹۱۹۸۳۹۳۷۸۹,نوشهر,nowshahr,electronic-devices,mobile-tablet
۰۹۹۰۳۹۵۵۵۶۰,نوشهر,nowshahr,electronic-devices,mobile-tablet
(پنهان‌شده؛ چت کنید),نوشهر,nowshahr,electronic-devices,mobile-tablet
۰۹۳۶۰۸۸۸۰۰۶,نوشهر,nowshahr,electronic-devices,mobile-tablet
۰۹۳۷۹۸۹۷۵۰۷,نوشهر,nowshahr,electronic-devices,mobile-tablet
۰۹۳۷۹۸۹۷۵۰۷,نوشهر,nowshahr,electronic-devices,mobile-tablet
۰۹۱۱۷۸۹۵۷۶۱,نوشهر,nowshahr,electronic-devices,mobile-tablet
۰۹۳۶۰۶۷۴۷۴۱,نوشهر,nowshahr,electronic-devices,mobile-tablet
۰۹۱۱۷۹۷۰۸۲۱,نوشهر,nowshahr,electronic-devices,mobile-tablet
(پنهان‌شده؛ چت کنید),نوشهر,nowshahr,electronic-devices,mobile-tablet
۰۹۳۷۸۲۰۰۴۱۵,نوشهر,nowshahr,electronic-devices,mobile-tablet
۰۹۳۰۸۱۰۹۴۲۶,نوشهر,nowshahr,electronic-devices,mobile-tablet
۰۹۰۱۱۷۶۹۰۰۱,نوشهر,nowshahr,electronic-devices,mobile-tablet
۰۹۰۵۳۸۳۱۹۹۵,نوشهر,nowshahr,electronic-devices,mobile-tablet
۰۹۳۶۲۳۸۷۰۰۵,نوشهر,nowshahr,electronic-devices,mobile-tablet
۰۹۰۳۲۰۹۴۸۳۹,نوشهر,nowshahr,electronic-devices,mobile-tablet
۰۹۱۱۸۹۲۳۸۱۰,نوشهر,nowshahr,electronic-devices,mobile-tablet
۰۹۳۵۸۴۴۴۵۶۰,نوشهر,nowshahr,electronic-devices,mobile-tablet
۰۹۳۶۵۵۶۸۳۵۶,نوشهر,nowshahr,electronic-devices,mobile-tablet
۰۹۱۰۵۹۱۱۹۲۲,نوشهر,nowshahr,electronic-devices,mobile-tablet
۰۹۳۸۰۱۸۲۱۳۶,نوشهر,nowshahr,electronic-devices,mobile-tablet
۰۹۰۲۴۴۲۳۱۶۲,نوشهر,nowshahr,electronic-devices,mobile-tablet
۰۹۳۹۶۹۷۹۰۳۳,نوشهر,nowshahr,electronic-devices,mobile-tablet
۰۹۳۰۷۳۲۶۷۷۹,نوشهر,nowshahr,electronic-devices,mobile-tablet
۰۹۳۶۳۰۵۳۱۹۹,نوشهر,nowshahr,electronic-devices,mobile-tablet
۰۹۳۸۳۴۷۹۸۸۹,نوشهر,nowshahr,electronic-devices,mobile-tablet
۰۹۳۹۶۴۲xxxx,نوشهر,nowshahr,electronic-devices,computers
۰۹۰۳۲۰۵۵۲۸۹,نوشهر,nowshahr,electronic-devices,computers
۰۹۳۵۵۹۹۹۲۲۷,نوشهر,nowshahr,electronic-devices,computers
۰۹۱۲۲۶۴۴۶۴۴,نوشهر,nowshahr,electronic-devices,computers
۰۹۳۷۸۲۰۰۴۱۵,نوشهر,nowshahr,electronic-devices,computers
۰۹۱۱۱۲۷۸۴۸۹,نوشهر,nowshahr,electronic-devices,computers
۰۹۰۱۱۲۹۰۴۳۰,نوشهر,nowshahr,electronic-devices,computers
۰۹۳۵۶۲۲۳۸۰۱,نوشهر,nowshahr,electronic-devices,computers
۰۹۳۶۰۸۸۸۰۰۶,نوشهر,nowshahr,electronic-devices,computers
۰۹۰۵۶۲۳۹۷۰۵,نوشهر,nowshahr,electronic-devices,computers
۰۹۱۲۳۹۳۸۶۸۲,نوشهر,nowshahr,electronic-devices,computers
۰۹۱۱۱۹۵۴۲۴۴,نوشهر,nowshahr,electronic-devices,computers
۰۹۱۱۱۹۵۴۲۴۴,نوشهر,nowshahr,electronic-devices,computers
۰۹۰۱۱۷۶۹۰۰۱,نوشهر,nowshahr,electronic-devices,computers
۰۹۰۱۷۶۰۰۱۸۲,نوشهر,nowshahr,electronic-devices,computers
۰۹۰۱۷۶۰۰۱۸۲,نوشهر,nowshahr,electronic-devices,computers
۰۹۰۱۷۶۰۰۱۸۲,نوشهر,nowshahr,electronic-devices,computers
۰۹۱۱۱۹۳۶۷۹۵,نوشهر,nowshahr,electronic-devices,computers
۰۹۱۱۱۹۳۶۷۹۵,نوشهر,nowshahr,electronic-devices,computers
۰۹۰۳۵۴۴۱۴۶۹,نوشهر,nowshahr,electronic-devices,computers
۰۹۳۰۳۹۶۲۰۷۸,نوشهر,nowshahr,electronic-devices,computers
(پنهان‌شده؛ چت کنید),نوشهر,nowshahr,electronic-devices,computers
۰۹۳۵۳۳۱۸۵۳۳,نوشهر,nowshahr,electronic-devices,computers
۰۹۱۱۱۹۳۶۷۹۵,نوشهر,nowshahr,electronic-devices,computers
۰۹۱۱۱۹۳۶۷۹۵,نوشهر,nowshahr,electronic-devices,computers
۰۹۱۱۹۹۵۱۰۰۲,نوشهر,nowshahr,electronic-devices,computers
۰۹۰۳۲۸۲۴۸۵۰,نوشهر,nowshahr,electronic-devices,computers
۰۹۳۸۵۵۲۱۹۱۹,نوشهر,nowshahr,electronic-devices,computers
۰۹۱۱۴۷۵۱۰۶۴,نوشهر,nowshahr,electronic-devices,game-consoles
۰۹۹۰۰۲۶۴۳۵۹,نوشهر,nowshahr,electronic-devices,game-consoles
۰۹۱۲۷۲۲۱۲۷۳,نوشهر,nowshahr,electronic-devices,game-consoles
۰۹۱۲۷۲۲۱۲۷۳,نوشهر,nowshahr,electronic-devices,game-consoles
۰۹۳۳۳۷۱۴۶۵۹,نوشهر,nowshahr,electronic-devices,game-consoles
۰۹۱۷۵۱۹۶۹۷۷,نوشهر,nowshahr,electronic-devices,game-consoles
۰۹۱۲۳۳۸۵۳۳۸,نوشهر,nowshahr,electronic-devices,game-consoles
۰۹۳۸۳۴۷۹۸۸۹,نوشهر,nowshahr,electronic-devices,game-consoles
۰۹۳۹۵۵۷۲۱۹۱,نوشهر,nowshahr,electronic-devices,game-consoles
۰۹۱۲۳۷۵۶۱۳۷,نوشهر,nowshahr,electronic-devices,game-consoles
۰۹۱۱۵۷۰۳۴۸۷,نوشهر,nowshahr,electronic-devices,game-consoles
۰۹۳۵۴۰۶۷۹۶۱,نوشهر,nowshahr,electronic-devices,video-audio-device
۰۹۱۹۰۷۷۳۳۶۴,نوشهر,nowshahr,electronic-devices,video-audio-device
۰۹۱۹۰۷۷۳۳۶۴,نوشهر,nowshahr,electronic-devices,video-audio-device
۰۹۰۲۹۸۷۶۵۱۲,نوشهر,nowshahr,electronic-devices,video-audio-device
۰۹۱۱۶۸۸۴۵۲۶,نوشهر,nowshahr,electronic-devices,video-audio-device
۰۹۱۱۴۷۵۲۳۵۸,نوشهر,nowshahr,electronic-devices,video-audio-device
۰۹۳۷۲۸۸۰۳۲۲,نوشهر,nowshahr,electronic-devices,video-audio-device
۰۹۰۲۷۲۰۱۵۲۶,نوشهر,nowshahr,electronic-devices,video-audio-device
۰۹۳۸۴۱۳۱۳۷۳,نوشهر,nowshahr,electronic-devices,video-audio-device
۰۹۳۹۱۸۳۳۳۶۵,نوشهر,nowshahr,electronic-devices,video-audio-device
۰۹۳۰۸۸۵۱۵۲۵,نوشهر,nowshahr,electronic-devices,video-audio-device
۰۹۱۱۸۹۲۰۸۲۱,نوشهر,nowshahr,electronic-devices,video-audio-device
۰۹۳۵۷۰۷۰۹۸۹,نوشهر,nowshahr,electronic-devices,video-audio-device
۰۹۱۱۴۱۴۳۱۵۲,نوشهر,nowshahr,electronic-devices,video-audio-device
۰۹۳۶۰۸۸۸۰۰۶,نوشهر,nowshahr,electronic-devices,video-audio-device
۰۹۳۷۱۳۳۸۶۵۶,نوشهر,nowshahr,electronic-devices,video-audio-device
۰۹۳۸۳۴۷۹۸۸۹,نوشهر,nowshahr,electronic-devices,video-audio-device
۰۹۳۶۰۸۸۸۰۰۶,نوشهر,nowshahr,electronic-devices,video-audio-device
۰۹۱۱۱۹۵۴۲۴۴,نوشهر,nowshahr,electronic-devices,video-audio-device
۰۹۱۱۱۹۵۴۲۴۴,نوشهر,nowshahr,electronic-devices,video-audio-device
۰۹۱۱۱۹۵۴۲۴۴,نوشهر,nowshahr,electronic-devices,video-audio-device
۰۹۱۱۱۹۵۴۲۴۴,نوشهر,nowshahr,electronic-devices,video-audio-device
۰۹۱۱۱۹۰۲۹۴۲,نوشهر,nowshahr,electronic-devices,video-audio-device
۰۹۱۱۱۹۳۷۳۱۰,نوشهر,nowshahr,electronic-devices,video-audio-device
۰۹۱۲۴۳۲۰۴۳۷,نوشهر,nowshahr,electronic-devices,video-audio-device
۰۹۱۲۰۲۵۶۷۶۹,نوشهر,nowshahr,electronic-devices,video-audio-device
۰۹۱۱۴۷۶۸۸۶۲,نوشهر,nowshahr,electronic-devices,video-audio-device
۰۹۳۰۷۴۲۱۷۲۹,نوشهر,nowshahr,electronic-devices,video-audio-device
۰۹۱۱۹۹۳۷۵۸۵,نوشهر,nowshahr,electronic-devices,video-audio-device
۰۹۱۱۴۷۶۸۸۶۲,نوشهر,nowshahr,electronic-devices,video-audio-device
۰۹۲۱۵۸۰۰۸۶۳,نوشهر,nowshahr,electronic-devices,video-audio-device
۰۹۱۱۱۲۰۸۷۹۵,نوشهر,nowshahr,electronic-devices,video-audio-device
۰۹۱۶۵۶۷۴۸۰۳,نوشهر,nowshahr,electronic-devices,video-audio-device
۰۹۱۱۶۲۷۲۲۳۷,نوشهر,nowshahr,electronic-devices,video-audio-device
۰۹۰۱۹۲۱۴۵۱۲,نوشهر,nowshahr,electronic-devices,video-audio-device
۰۹۱۱۹۹۵۱۰۰۲,نوشهر,nowshahr,electronic-devices,video-audio-device
۰۹۳۸۰۵۴۴۵۶۸,نوشهر,nowshahr,electronic-devices,video-audio-device
۰۹۱۱۳۹۵۸۹۷۵,نوشهر,nowshahr,electronic-devices,video-audio-device
۰۹۳۸۰۵۴۴۵۶۸,نوشهر,nowshahr,electronic-devices,video-audio-device
۰۹۳۸۰۵۴۴۵۶۸,نوشهر,nowshahr,electronic-devices,video-audio-device
۰۹۱۱۵۷۰۳۹۰۳,نوشهر,nowshahr,electronic-devices,video-audio-device
(پنهان‌شده؛ چت کنید),نوشهر,nowshahr,electronic-devices,video-audio-device
۰۹۱۹۴۸۵۸۰۲۷,نوشهر,nowshahr,electronic-devices,telephone
۰۹۱۱۳۹۳۱۲۰۲,نوشهر,nowshahr,home-and-kitchen,home-decor-furniture
۰۹۳۳۵۴۱۷۷۵۶,نوشهر,nowshahr,home-and-kitchen,home-decor-furniture
۰۹۳۵۴۰۶۷۹۶۱,نوشهر,nowshahr,home-and-kitchen,home-decor-furniture
۰۹۱۱۳۹۵۲۱۸۴,نوشهر,nowshahr,home-and-kitchen,home-decor-furniture
۰۹۱۹۸۹۲۸۱۶۹,نوشهر,nowshahr,home-and-kitchen,home-decor-furniture
۰۹۳۸۵۵۲۲۴۷۴,نوشهر,nowshahr,home-and-kitchen,home-decor-furniture
(پنهان‌شده؛ چت کنید),نوشهر,nowshahr,home-and-kitchen,home-decor-furniture
۰۹۱۱۳۹۵۲۲۵۶,نوشهر,nowshahr,home-and-kitchen,home-decor-furniture
۰۹۱۱۴۷۵۲۳۵۸,نوشهر,nowshahr,home-and-kitchen,home-decor-furniture
۰۹۰۳۵۹۲۱۳۷۹,نوشهر,nowshahr,home-and-kitchen,home-decor-furniture
۰۹۳۵۹۱۲۶۶۳۹,نوشهر,nowshahr,home-and-kitchen,home-decor-furniture
۰۹۳۹۹۸۸۵۷۳۹,نوشهر,nowshahr,home-and-kitchen,home-decor-furniture
۰۹۰۲۳۳۸۱۹۸۰,نوشهر,nowshahr,home-and-kitchen,home-decor-furniture
۰۹۱۱۲۷۵۱۵۲۲,نوشهر,nowshahr,home-and-kitchen,home-decor-furniture
۰۹۳۷۸۲۲۹۲۷۱,نوشهر,nowshahr,home-and-kitchen,home-decor-furniture
۰۹۱۱۴۷۵۲۳۵۸,نوشهر,nowshahr,home-and-kitchen,home-decor-furniture
۰۹۳۸۰۸۴۴۱۸۴,نوشهر,nowshahr,home-and-kitchen,home-decor-furniture
(پنهان‌شده؛ چت کنید),نوشهر,nowshahr,home-and-kitchen,home-decor-furniture
۰۹۳۷۹۵۴۶۰۱۸,نوشهر,nowshahr,home-and-kitchen,home-decor-furniture
۰۹۰۳۱۵۸۷۰۴۷,نوشهر,nowshahr,home-and-kitchen,home-decor-furniture
۰۹۱۲۸۸۵۶۲۸۰,نوشهر,nowshahr,home-and-kitchen,home-decor-furniture
۰۹۱۱۸۲۱۸۰۴۳,نوشهر,nowshahr,home-and-kitchen,home-decor-furniture
۰۹۰۳۱۵۸۷۰۴۷,نوشهر,nowshahr,home-and-kitchen,home-decor-furniture
۰۹۱۱۸۵۲۸۴۷۵,نوشهر,nowshahr,home-and-kitchen,home-decor-furniture
۰۹۳۶۴۹۷۴۹۲۰,نوشهر,nowshahr,home-and-kitchen,home-decor-furniture
۰۹۱۱۱۹۳۵۴۵۲,نوشهر,nowshahr,home-and-kitchen,home-decor-furniture
۰۹۱۲۵۸۳۱۳۷۳,نوشهر,nowshahr,home-and-kitchen,home-decor-furniture
۰۹۳۸۵۵۲۲۴۷۴,نوشهر,nowshahr,home-and-kitchen,home-decor-furniture
۰۹۱۱۵۳۳۵۷۱۶,نوشهر,nowshahr,home-and-kitchen,home-decor-furniture
۰۹۳۸۸۸۸۵۶۰۱,نوشهر,nowshahr,home-and-kitchen,home-decor-furniture
۰۹۳۷۶۸۴۸۰۳۹,نوشهر,nowshahr,home-and-kitchen,home-decor-furniture
(پنهان‌شده؛ چت کنید),نوشهر,nowshahr,home-and-kitchen,home-decor-furniture
۰۹۱۱۸۰۳۱۷۶۰,نوشهر,nowshahr,home-and-kitchen,home-decor-furniture
۰۹۱۱۴۷۵۲۳۵۸,نوشهر,nowshahr,home-and-kitchen,home-decor-furniture
۰۹۳۵۳۲۵۵۵۰۴,نوشهر,nowshahr,home-and-kitchen,home-decor-furniture
۰۹۳۵۳۲۵۵۵۰۴,نوشهر,nowshahr,home-and-kitchen,home-decor-furniture
۰۹۱۹۳۶۳۶۰۹۹,نوشهر,nowshahr,home-and-kitchen,home-decor-furniture
۰۹۳۵۲۸۳۶۱۱۵,نوشهر,nowshahr,home-and-kitchen,home-decor-furniture
۰۹۱۱۷۱۳۹۴۰۳,نوشهر,nowshahr,home-and-kitchen,home-decor-furniture
۰۹۱۱۷۱۳۹۴۰۳,نوشهر,nowshahr,home-and-kitchen,home-decor-furniture
۰۹۳۷۷۴۰۰۸۳۶,نوشهر,nowshahr,home-and-kitchen,home-decor-furniture
۰۹۳۷۷۴۰۰۸۳۶,نوشهر,nowshahr,home-and-kitchen,home-decor-furniture
۰۹۳۷۷۴۰۰۸۳۶,نوشهر,nowshahr,home-and-kitchen,home-decor-furniture
۰۹۱۱۷۱۳۹۴۰۳,نوشهر,nowshahr,home-and-kitchen,home-decor-furniture
۰۹۳۹۰۵۵۲۳۶۳,نوشهر,nowshahr,home-and-kitchen,home-decor-furniture
۰۹۱۱۷۳۷۲۹۳۵,نوشهر,nowshahr,home-and-kitchen,home-decor-furniture
۰۹۱۲۳۵۴۹۷۶۰,نوشهر,nowshahr,home-and-kitchen,home-decor-furniture
۰۹۰۱۷۰۹۷۴۷۴,نوشهر,nowshahr,home-and-kitchen,kitchen-appliances
۰۹۱۱۹۹۹۰۵۴۳,نوشهر,nowshahr,home-and-kitchen,kitchen-appliances
۰۹۱۱۹۹۹۰۵۴۳,نوشهر,nowshahr,home-and-kitchen,kitchen-appliances
۰۹۱۱۹۹۹۰۵۴۳,نوشهر,nowshahr,home-and-kitchen,kitchen-appliances
۰۹۱۱۹۹۹۰۵۴۳,نوشهر,nowshahr,home-and-kitchen,kitchen-appliances
۰۹۱۳۸۳۹۳۶۲۳,نوشهر,nowshahr,home-and-kitchen,kitchen-appliances
۰۹۱۱۴۷۵۲۳۵۸,نوشهر,nowshahr,home-and-kitchen,kitchen-appliances
۰۹۳۳۲۰۹۵۸۹۱,نوشهر,nowshahr,home-and-kitchen,kitchen-appliances
۰۹۳۳۲۰۹۵۸۹۱,نوشهر,nowshahr,home-and-kitchen,kitchen-appliances
۰۹۱۱۴۷۵۲۳۵۸,نوشهر,nowshahr,home-and-kitchen,kitchen-appliances
۰۹۰۵۶۸۶۹۹۶۸,نوشهر,nowshahr,home-and-kitchen,kitchen-appliances
۰۹۳۰۹۲۹۳۰۴۰,نوشهر,nowshahr,home-and-kitchen,kitchen-appliances
۰۹۳۰۸۸۵۱۵۲۵,نوشهر,nowshahr,home-and-kitchen,kitchen-appliances
۰۹۳۸۵۸۴۳۳۹۹,نوشهر,nowshahr,home-and-kitchen,kitchen-appliances
۰۹۳۰۸۸۵۱۵۲۵,نوشهر,nowshahr,home-and-kitchen,kitchen-appliances
۰۹۳۳۶۶۸۱۳۶۰,نوشهر,nowshahr,home-and-kitchen,kitchen-appliances
۰۹۱۹۸۸۵۲۰۳۳,نوشهر,nowshahr,home-and-kitchen,kitchen-appliances
۰۹۱۲۴۳۵۷۸۷۳,نوشهر,nowshahr,home-and-kitchen,kitchen-appliances
۰۹۳۸۵۰۱۳۲۶۷,نوشهر,nowshahr,home-and-kitchen,kitchen-appliances
۰۹۰۳۲۰۵۵۲۸۹,نوشهر,nowshahr,home-and-kitchen,kitchen-appliances
۰۹۳۷۸۲۲۹۲۷۱,نوشهر,nowshahr,home-and-kitchen,kitchen-appliances
۰۹۱۹۸۷۶۵۴۳۴,نوشهر,nowshahr,home-and-kitchen,kitchen-appliances
۰۹۰۳۷۵۸۴۲۵۴,نوشهر,nowshahr,home-and-kitchen,kitchen-appliances
(پنهان‌شده؛ چت کنید),نوشهر,nowshahr,home-and-kitchen,kitchen-appliances
۰۹۱۱۱۹۲۷۰۳۰,نوشهر,nowshahr,home-and-kitchen,kitchen-appliances
۰۹۰۲۷۰۸۸۹۹۹,نوشهر,nowshahr,home-and-kitchen,kitchen-appliances
۰۹۰۳۱۹۴۲۰۳۲,نوشهر,nowshahr,home-and-kitchen,kitchen-appliances
۰۹۱۱۱۹۵۴۰۷۷,نوشهر,nowshahr,home-and-kitchen,kitchen-appliances
۰۹۳۶۷۴۴۱۰۳۰,نوشهر,nowshahr,home-and-kitchen,kitchen-appliances
۰۹۳۵۳۳۸۰۴۰۰,نوشهر,nowshahr,home-and-kitchen,kitchen-appliances
۰۹۱۰۷۶۵۵۹۶۷,نوشهر,nowshahr,home-and-kitchen,kitchen-appliances
۰۹۱۹۰۸۸۱۳۴۹,نوشهر,nowshahr,home-and-kitchen,kitchen-appliances
۰۹۳۰۹۱۱۱۷۸۰,نوشهر,nowshahr,home-and-kitchen,kitchen-appliances
۰۹۱۱۱۲۰۳۰۸۹,نوشهر,nowshahr,home-and-kitchen,kitchen-appliances
۰۹۱۱۱۲۰۳۰۸۹,نوشهر,nowshahr,home-and-kitchen,kitchen-appliances
۰۹۱۱۱۲۰۳۰۸۹,نوشهر,nowshahr,home-and-kitchen,kitchen-appliances
۰۹۱۲۱۸۳۶۳۸۸,نوشهر,nowshahr,home-and-kitchen,kitchen-appliances
۰۹۱۲۱۸۳۶۳۸۸,نوشهر,nowshahr,home-and-kitchen,kitchen-appliances
۰۹۰۱۷۶۰۰۱۸۲,نوشهر,nowshahr,home-and-kitchen,kitchen-appliances
۰۹۳۹۱۸۱۶۹۶۱,نوشهر,nowshahr,home-and-kitchen,kitchen-appliances
۰۹۱۱۷۴۴۵۴۶۵,نوشهر,nowshahr,home-and-kitchen,kitchen-appliances
۰۹۱۲۶۳۵۵۵۶۰,نوشهر,nowshahr,home-and-kitchen,kitchen-appliances
۰۹۳۵۴۵۷۰۶۱۸,نوشهر,nowshahr,home-and-kitchen,kitchen-appliances
۰۹۲۱۰۳۷۲۰۸۶,نوشهر,nowshahr,home-and-kitchen,kitchen-appliances
۰۹۳۰۸۱۵۳۷۱۴,نوشهر,nowshahr,home-and-kitchen,kitchen-appliances
۰۹۳۰۸۱۵۳۷۱۴,نوشهر,nowshahr,home-and-kitchen,kitchen-appliances
۰۹۳۰۸۱۵۳۷۱۴,نوشهر,nowshahr,home-and-kitchen,kitchen-appliances
۰۹۱۱۱۹۳۷۳۱۰,نوشهر,nowshahr,home-and-kitchen,kitchen-appliances
۰۹۱۱۱۹۳۷۳۱۰,نوشهر,nowshahr,home-and-kitchen,kitchen-appliances
۰۹۱۱۳۹۴۲۶۰۱,نوشهر,nowshahr,home-and-kitchen,kitchen-appliances
۰۹۱۲۷۰۰۴۵۸۳,نوشهر,nowshahr,home-and-kitchen,kitchen-appliances
۰۹۱۱۵۹۴۶۰۴۵,نوشهر,nowshahr,home-and-kitchen,kitchen-appliances
۰۹۱۱۵۹۴۶۰۴۵,نوشهر,nowshahr,home-and-kitchen,kitchen-appliances
۰۹۰۱۶۲۴۸۵۵۰,نوشهر,nowshahr,home-and-kitchen,kitchen-appliances
۰۹۱۲۲۶۲۲۳۱۷,نوشهر,nowshahr,home-and-kitchen,kitchen-appliances
۰۹۱۲۲۶۲۲۳۱۷,نوشهر,nowshahr,home-and-kitchen,kitchen-appliances
۰۹۳۵۵۱۴۲۴۴۱,نوشهر,nowshahr,home-and-kitchen,kitchen-appliances
۰۹۱۲۴۳۹۰۹۴۲,نوشهر,nowshahr,home-and-kitchen,kitchen-appliances
۰۹۱۱۳۹۲۶۷۲۶,نوشهر,nowshahr,home-and-kitchen,kitchen-appliances
۰۹۱۱۳۹۶۰۵۹۸,نوشهر,nowshahr,home-and-kitchen,kitchen-appliances
۰۹۱۱۹۹۲۰۲۴۱,نوشهر,nowshahr,home-and-kitchen,kitchen-appliances
۰۹۳۸۴۹۲۲۸۰۵,نوشهر,nowshahr,home-and-kitchen,kitchen-appliances
۰۹۳۰۸۰۰۶۸۷۵,نوشهر,nowshahr,home-and-kitchen,kitchen-appliances
۰۹۳۹۳۲۰۶۴۳۶,نوشهر,nowshahr,home-and-kitchen,kitchen-appliances
۰۹۱۱۹۹۵۱۰۰۲,نوشهر,nowshahr,home-and-kitchen,kitchen-appliances
۰۹۱۱۹۹۵۱۰۰۲,نوشهر,nowshahr,home-and-kitchen,kitchen-appliances
۰۹۱۱۳۹۳۵۶۸۸,نوشهر,nowshahr,home-and-kitchen,kitchen-appliances
۰۹۳۵۲۲۹۷۱۴۶,نوشهر,nowshahr,home-and-kitchen,kitchen-appliances
۰۹۱۱۷۱۳۹۴۰۳,نوشهر,nowshahr,home-and-kitchen,home-appliances
۰۹۰۳۲۰۵۵۲۸۹,نوشهر,nowshahr,home-and-kitchen,home-appliances
(پنهان‌شده؛ چت کنید),نوشهر,nowshahr,home-and-kitchen,home-appliances
۰۹۳۰۸۸۵۱۵۲۵,نوشهر,nowshahr,home-and-kitchen,home-appliances
۰۹۳۷۸۵۲xxxx,نوشهر,nowshahr,home-and-kitchen,home-appliances
۰۹۱۱۱۹۳xxxx,نوشهر,nowshahr,home-and-kitchen,home-appliances
۰۹۱۱۳۹۳۵۶۸۸,نوشهر,nowshahr,home-and-kitchen,home-appliances
۰۹۰۱۶۲۴۸۵۵۰,نوشهر,nowshahr,home-and-kitchen,home-appliances
۰۹۱۱۴۷۵۲۳۵۸,نوشهر,nowshahr,home-and-kitchen,building-garden
۰۹۳۵۴۰۶۷۹۶۱,نوشهر,nowshahr,home-and-kitchen,building-garden
۰۹۳۳۸۶۸۱۶۸۹,نوشهر,nowshahr,home-and-kitchen,building-garden
۰۹۱۱۱۹۳۶۸۸۸,نوشهر,nowshahr,home-and-kitchen,building-garden
۰۹۱۱۹۹۳۲۸۶۲,نوشهر,nowshahr,home-and-kitchen,building-garden
۰۹۱۱۹۹۳۲۸۶۲,نوشهر,nowshahr,home-and-kitchen,building-garden
۰۹۱۲۱۶۱۲۹۷۷,نوشهر,nowshahr,home-and-kitchen,building-garden
۰۹۱۲۳۹۰۳۶۷۱,نوشهر,nowshahr,home-and-kitchen,building-garden
۰۹۰۵۲۴۲۸۹۸۰,نوشهر,nowshahr,home-and-kitchen,building-garden
۰۹۱۴۱۵۲۰۶۴۴,نوشهر,nowshahr,home-and-kitchen,building-garden
۰۹۳۶۹۴۷۲۸۴۴,نوشهر,nowshahr,home-and-kitchen,building-garden
۰۹۰۵۲۴۲۸۹۸۰,نوشهر,nowshahr,home-and-kitchen,building-garden
۰۹۱۱۴۱۲۲۰۳۱,نوشهر,nowshahr,home-and-kitchen,building-garden
۰۹۱۱۲۹۷۹۲۳۰,نوشهر,nowshahr,home-and-kitchen,building-garden
۰۹۱۲۲۵۲۵۲۸۳,نوشهر,nowshahr,home-and-kitchen,building-garden
۰۹۱۱۳۹۷۵۰۷۹,نوشهر,nowshahr,home-and-kitchen,building-garden
۰۹۱۱۳۹۷۵۰۷۹,نوشهر,nowshahr,home-and-kitchen,building-garden
۰۹۱۹۸۷۶۵۴۳۴,نوشهر,nowshahr,home-and-kitchen,building-garden
۰۹۱۲۳۸۹۹۵۳۹,نوشهر,nowshahr,home-and-kitchen,building-garden
۰۹۱۲۵۴۰۸۸۷۱,نوشهر,nowshahr,home-and-kitchen,building-garden
۰۹۱۱۳۱۷۶۲۷۴,نوشهر,nowshahr,home-and-kitchen,building-garden
۰۹۱۱۳۹۶۰۹۴۲,نوشهر,nowshahr,home-and-kitchen,building-garden
۰۹۱۱۲۹۳۲۳۸۹,نوشهر,nowshahr,home-and-kitchen,building-garden
۰۹۳۵۳۹۶۳۴۴۰,نوشهر,nowshahr,home-and-kitchen,building-garden
۰۹۱۲۳۹۳۸۶۸۲,نوشهر,nowshahr,home-and-kitchen,building-garden
۰۹۱۱۱۹۵۷۱۸۰,نوشهر,nowshahr,home-and-kitchen,building-garden
۰۹۳۶۱۹۲۴۳۳۳,نوشهر,nowshahr,home-and-kitchen,building-garden
۰۹۱۱۱۲۰۳۰۸۹,نوشهر,nowshahr,home-and-kitchen,building-garden
۰۹۳۸۲۴۶۵۰۵۱,نوشهر,nowshahr,home-and-kitchen,building-garden
۰۹۰۳۰۵۵۱۱۰۶,نوشهر,nowshahr,home-and-kitchen,building-garden
۰۹۱۹۸۰۲۲۰۵۸,نوشهر,nowshahr,home-and-kitchen,building-garden
۰۹۱۲۳۳۶۷۰۵۱,نوشهر,nowshahr,home-and-kitchen,building-garden
۰۹۱۱۱۹۴۹۹۸۰,نوشهر,nowshahr,home-and-kitchen,building-garden
۰۹۳۶۴۴۸۴۷۷۳,نوشهر,nowshahr,home-and-kitchen,building-garden
۰۹۱۲۳۷۵۶۱۳۷,نوشهر,nowshahr,home-and-kitchen,building-garden
۰۹۱۲۰۰۸۶۱۴۹,نوشهر,nowshahr,home-and-kitchen,building-garden
۰۹۰۳۰۵۵۱۱۰۶,نوشهر,nowshahr,home-and-kitchen,building-garden
۰۹۱۱۹۹۵۶۳۲۴,نوشهر,nowshahr,home-and-kitchen,building-garden
۰۹۱۸۶۱۳۸۴۴۶,نوشهر,nowshahr,home-and-kitchen,building-garden
۰۹۱۲۳۷۸۲۹۲۳,نوشهر,nowshahr,home-and-kitchen,building-garden
۰۹۳۵۸۸۰۶۰۶۱,نوشهر,nowshahr,home-and-kitchen,building-garden
۰۹۳۵۶۰۶۸۹۹۲,نوشهر,nowshahr,home-and-kitchen,building-garden
۰۹۱۱۳۱۷۶۲۷۴,نوشهر,nowshahr,home-and-kitchen,building-garden
۰۹۳۳۵۳۳۰۳۵۴,نوشهر,nowshahr,home-and-kitchen,building-garden
۰۹۱۱۳۹۳۵۹۲۰,نوشهر,nowshahr,home-and-kitchen,building-garden
۰۹۱۲۰۶۵۴۲۶۰,نوشهر,nowshahr,home-and-kitchen,building-garden
۰۹۳۷۳۵۵۷۳۰۵,نوشهر,nowshahr,services,vehicles-services
۰۹۹۲۸۸۴۳۴۹۴,نوشهر,nowshahr,services,vehicles-services
۰۹۰۳۳۹۷۵۵۷۲,نوشهر,nowshahr,services,vehicles-services
۰۹۱۱۹۳۷۶۷۴۷,نوشهر,nowshahr,services,catering-services
۰۹۰۵۴۹۲۴۳۱۳,نوشهر,nowshahr,services,catering-services
(پنهان‌شده؛ چت کنید),نوشهر,nowshahr,services,catering-services
۰۹۱۱۳۹۳۲۴۳۸,نوشهر,nowshahr,services,catering-services
۰۹۳۵۸۹۸۰۹۱۹,نوشهر,nowshahr,services,catering-services
۰۹۰۳۳۹۷۵۵۷۲,نوشهر,nowshahr,services,catering-services
۰۹۱۹۷۳۸۹۶۶۳,نوشهر,nowshahr,services,catering-services
۰۹۱۲۰۲۴۵۲۰۶,نوشهر,nowshahr,services,catering-services
۰۹۳۸۳۷۶۷۰۷۲,نوشهر,nowshahr,services,catering-services
۰۹۳۵۴۹۱۲۳۸۵,نوشهر,nowshahr,services,catering-services
۰۹۳۰۸۰۵۳۸۸۱,نوشهر,nowshahr,services,catering-services
۰۹۳۰۸۰۵۳۸۸۱,نوشهر,nowshahr,services,catering-services
۰۹۰۵۴۳۲۹۸۱۹,نوشهر,nowshahr,services,technology-services
۰۹۰۵۴۸۶۶۱۴۳,نوشهر,nowshahr,services,technology-services
۰۹۲۲۰۱۰۵۱۴۷,نوشهر,nowshahr,services,technology-services
۰۹۹۸۱۲۷۳۵۷۵,نوشهر,nowshahr,services,technology-services
۰۹۲۲۹۰۶۸۷۰۱,نوشهر,nowshahr,services,technology-services
۰۹۰۵۴۳۲۹۸۱۹,نوشهر,nowshahr,services,technology-services
۰۹۰۵۴۳۲۹۸۱۹,نوشهر,nowshahr,services,technology-services
۰۹۰۵۴۳۲۹۸۱۹,نوشهر,nowshahr,services,technology-services
۰۹۰۵۴۳۲۹۸۱۹,نوشهر,nowshahr,services,technology-services
۰۹۹۱۱۰۲۲۸۸۱,نوشهر,nowshahr,services,technology-services
۰۹۰۵۴۳۲۹۸۱۸,نوشهر,nowshahr,services,technology-services
۰۹۱۴۶۰۰۳۰۰۲,نوشهر,nowshahr,services,technology-services
۰۹۹۰۵۳۸۶۴۷۵,نوشهر,nowshahr,services,financial-services
۰۹۳۰۹۰۱۷۳۹۰,نوشهر,nowshahr,services,financial-services
۰۹۱۲۱۱۶۹۱۴۵,نوشهر,nowshahr,services,financial-services
۰۹۳۶۳۴۴۶۳۲۳,نوشهر,nowshahr,services,financial-services
۰۹۱۱۶۲۴۲۰۲۴,نوشهر,nowshahr,services,financial-services
۰۹۳۰۸۰۲۳۲۱۵,نوشهر,nowshahr,services,transport-logistic-services
۰۹۱۰۹۸۱۹۵۷۵,نوشهر,nowshahr,services,transport-logistic-services
۰۹۱۱۹۵۴۰۳۷۹,نوشهر,nowshahr,services,transport-logistic-services
۰۹۱۱۶۱۱۳۶۴۹,نوشهر,nowshahr,services,transport-logistic-services
۰۹۱۱۸۳۹۶۰۶۶,نوشهر,nowshahr,services,transport-logistic-services
۰۹۰۱۷۹۸۹۳۵۳,نوشهر,nowshahr,services,transport-logistic-services
۰۹۱۲۷۱۶۳۳۱۲,نوشهر,nowshahr,services,transport-logistic-services
۰۹۳۶۳۹۴۸۸۴۶,نوشهر,nowshahr,services,transport-logistic-services
۰۹۱۱۷۴۴۵۹۱۵,نوشهر,nowshahr,services,transport-logistic-services
۰۹۱۱۱۹۳۱۸۸۴,نوشهر,nowshahr,services,transport-logistic-services
۰۹۰۳۳۹۷۵۵۷۲,نوشهر,nowshahr,services,transport-logistic-services
۰۹۳۵۹۷۶۴۴۳۶,نوشهر,nowshahr,services,transport-logistic-services
۰۹۳۹۳۰۶۴۲۶۹,نوشهر,nowshahr,services,transport-logistic-services
۰۹۱۱۱۹۶۷۴۵۲,نوشهر,nowshahr,services,transport-logistic-services
۰۹۳۷۷۵۲۶۱۸۶,نوشهر,nowshahr,services,transport-logistic-services
۰۹۰۳۳۹۷۵۵۷۲,نوشهر,nowshahr,services,transport-logistic-services
۰۹۳۷۴۹۰۲۴۲۶,نوشهر,nowshahr,services,transport-logistic-services
۰۹۱۱۳۹۳۱۲۰۲,نوشهر,nowshahr,services,craft-skill-services
۰۹۱۱۳۹۳۱۲۰۲,نوشهر,nowshahr,services,craft-skill-services
۰۹۱۰۷۵۸۰۹۷۸,نوشهر,nowshahr,services,craft-skill-services
۰۹۱۰۷۵۸۰۹۷۸,نوشهر,nowshahr,services,craft-skill-services
۰۹۱۰۷۵۸۰۹۷۸,نوشهر,nowshahr,services,craft-skill-services
۰۹۳۷۰۸۱۲۸۳۹,نوشهر,nowshahr,services,craft-skill-services
۰۹۳۷۵۴۱۹۱۵۷,نوشهر,nowshahr,services,craft-skill-services
۰۹۱۱۱۹۶۶۷۳۴,نوشهر,nowshahr,services,craft-skill-services
۰۹۱۱۶۶۱۶۳۵۱,نوشهر,nowshahr,services,craft-skill-services
(پنهان‌شده؛ چت کنید),نوشهر,nowshahr,services,craft-skill-services
(پنهان‌شده؛ چت کنید),نوشهر,nowshahr,services,craft-skill-services
۰۹۱۱۹۹۰۲۹۶۲,نوشهر,nowshahr,services,craft-skill-services
۰۹۰۳۳۹۷۵۵۷۲,نوشهر,nowshahr,services,craft-skill-services
۰۹۰۳۳۹۷۵۵۷۲,نوشهر,nowshahr,services,craft-skill-services
۰۹۰۳۳۹۷۵۵۷۲,نوشهر,nowshahr,services,craft-skill-services
۰۹۱۰۷۵۸۰۹۷۸,نوشهر,nowshahr,services,craft-skill-services
۰۹۱۱۳۹۱۷۲۸۰,نوشهر,nowshahr,services,craft-skill-services
۰۹۱۱۱۹۶۶۷۳۴,نوشهر,nowshahr,services,craft-skill-services
۰۹۱۱۱۹۳۳۶۰۴,نوشهر,nowshahr,services,craft-skill-services
۰۹۰۳۳۹۷۵۵۷۲,نوشهر,nowshahr,services,craft-skill-services
۰۹۰۳۳۹۷۵۵۷۲,نوشهر,nowshahr,services,craft-skill-services
۰۹۰۳۳۹۷۵۵۷۲,نوشهر,nowshahr,services,craft-skill-services
۰۹۰۳۳۹۷۵۵۷۲,نوشهر,nowshahr,services,craft-skill-services
۰۹۰۳۳۹۷۵۵۷۲,نوشهر,nowshahr,services,craft-skill-services
۰۹۰۳۳۹۷۵۵۷۲,نوشهر,nowshahr,services,craft-skill-services
۰۹۰۳۳۹۷۵۵۷۲,نوشهر,nowshahr,services,craft-skill-services
۰۹۳۵۹۰۲۰۰۱۱,نوشهر,nowshahr,services,craft-skill-services
۰۹۰۳۳۹۷۵۵۷۲,نوشهر,nowshahr,services,craft-skill-services
(پنهان‌شده؛ چت کنید),نوشهر,nowshahr,services,craft-skill-services
۰۹۲۲۴۸۴۷۲۴۲,نوشهر,nowshahr,services,craft-skill-services
۰۹۱۰۷۵۸۰۹۷۸,نوشهر,nowshahr,services,craft-skill-services
۰۹۹۱۱۱۷۶۰۴۹,نوشهر,nowshahr,services,craft-skill-services
۰۹۳۹۵۰۶۶۷۴۱,نوشهر,nowshahr,services,craft-skill-services
۰۹۰۳۳۹۷۵۵۷۲,نوشهر,nowshahr,services,craft-skill-services
(پنهان‌شده؛ چت کنید),نوشهر,nowshahr,services,craft-skill-services
(پنهان‌شده؛ چت کنید),نوشهر,nowshahr,services,craft-skill-services
(پنهان‌شده؛ چت کنید),نوشهر,nowshahr,services,craft-skill-services
(پنهان‌شده؛ چت کنید),نوشهر,nowshahr,services,craft-skill-services
(پنهان‌شده؛ چت کنید),نوشهر,nowshahr,services,craft-skill-services
۰۹۱۱۱۹۶۸۹۲۰,نوشهر,nowshahr,services,craft-skill-services
۰۹۳۵۵۴۹۸۸۴۱,نوشهر,nowshahr,services,craft-skill-services
۰۹۰۳۳۹۷۵۵۷۲,نوشهر,nowshahr,services,craft-skill-services
۰۹۰۳۳۹۷۵۵۷۲,نوشهر,nowshahr,services,craft-skill-services
(پنهان‌شده؛ چت کنید),نوشهر,nowshahr,services,craft-skill-services
۰۹۰۲۴۵۳۵۹۰۰,نوشهر,nowshahr,services,beauty-services
۰۹۳۷۲۱۷۳۵۷۲,نوشهر,nowshahr,services,beauty-services
۰۹۲۲۲۳۶۳۱۲۲,نوشهر,nowshahr,services,beauty-services
۰۹۳۵۳۰۵۵۷۸۷,نوشهر,nowshahr,services,beauty-services
۰۹۱۱۹۱۱۸۲۲۷,نوشهر,nowshahr,services,beauty-services
۰۹۱۱۴۷۶۶۸۴۰,نوشهر,nowshahr,services,beauty-services
۰۹۳۶۵۹۸۴۱۰۸,نوشهر,nowshahr,services,beauty-services
۰۹۹۲۴۳۶۹۴۱۴,نوشهر,nowshahr,services,beauty-services
۰۹۳۷۶۹۰۱۰۰۹,نوشهر,nowshahr,services,beauty-services
۰۹۳۶۳۹۹۹۴۶۱,نوشهر,nowshahr,services,beauty-services
۰۹۳۶۳۹۹۹۴۶۱,نوشهر,nowshahr,services,beauty-services
۰۹۹۰۳۶۰۸۰۶۸,نوشهر,nowshahr,services,beauty-services
۰۹۳۰۶۸۶۸۳۳۵,نوشهر,nowshahr,services,beauty-services
۰۹۰۳۱۹۴۲۰۲۶,نوشهر,nowshahr,services,beauty-services
۰۹۳۳۱۳۷۸۲۶۲,نوشهر,nowshahr,services,beauty-services
۰۹۱۶۴۰۹۶۵۹۵,نوشهر,nowshahr,services,beauty-services
۰۹۱۰۰۰۱۸۲۲۵,نوشهر,nowshahr,services,entertaining-services
۰۹۰۳۷۵۹۶۳۷۰,نوشهر,nowshahr,services,cleaning-services
۰۹۱۲۰۹۹۳۴۴۹,نوشهر,nowshahr,services,cleaning-services
۰۹۰۳۳۹۷۵۵۷۲,نوشهر,nowshahr,services,cleaning-services
۰۹۱۱۸۹۶۱۹۰۱,نوشهر,nowshahr,services,cleaning-services
۰۹۱۲۹۴۷۲۹۴۹,نوشهر,nowshahr,services,cleaning-services
۰۹۹۲۶۵۳۰۶۷۰,نوشهر,nowshahr,services,cleaning-services
۰۹۳۵۵۳۳۲۰۴۲,نوشهر,nowshahr,services,cleaning-services
۰۹۰۳۳۹۷۵۵۷۲,نوشهر,nowshahr,services,cleaning-services
۰۹۰۳۳۹۷۵۵۷۲,نوشهر,nowshahr,services,cleaning-services
۰۹۱۱۹۹۰۲۹۶۲,نوشهر,nowshahr,services,cleaning-services
۰۹۳۳۳۱۶۷۲۲۴,نوشهر,nowshahr,services,cleaning-services
۰۹۱۱۷۴۵۰۵۶۰,نوشهر,nowshahr,services,cleaning-services
۰۹۱۲۷۱۴۹۳۶۲,نوشهر,nowshahr,services,gardening-services
۰۹۱۱۵۵۶۴۲۲۸,نوشهر,nowshahr,services,gardening-services
۰۹۱۲۳۱۹۰۸۳۹,نوشهر,nowshahr,services,gardening-services
۰۹۱۱۸۹۶۱۹۰۱,نوشهر,nowshahr,services,gardening-services
۰۹۹۲۴۳۶۹۴۱۴,نوشهر,nowshahr,services,gardening-services
۰۹۱۱۶۷۳۰۷۸۲,نوشهر,nowshahr,services,gardening-services
۰۹۲۱۶۵۴۴۳۵۳,نوشهر,nowshahr,services,gardening-services
۰۹۳۰۸۰۵۳۸۸۱,نوشهر,nowshahr,services,gardening-services
۰۹۳۶۵۷۵۳۶۵۸,نوشهر,nowshahr,services,gardening-services
۰۹۰۳۳۹۷۵۵۷۲,نوشهر,nowshahr,services,gardening-services
۰۹۳۰۸۰۵۳۸۸۱,نوشهر,nowshahr,services,gardening-services
۰۹۳۳۳۲۵۸۴۰۰,نوشهر,nowshahr,services,gardening-services
۰۹۳۷۸۷۵۲۰۲۸,نوشهر,nowshahr,services,gardening-services
۰۹۳۰۸۰۵۳۸۸۱,نوشهر,nowshahr,services,gardening-services
۰۹۳۰۸۰۵۳۸۸۱,نوشهر,nowshahr,services,gardening-services
۰۹۳۸۸۷۸۷۳۶۲,نوشهر,nowshahr,services,teaching-services
۰۹۹۰۳۵۳۴۷۸۸,نوشهر,nowshahr,services,teaching-services
۰۹۱۰۱۰۹۰۸۶۱,نوشهر,nowshahr,services,teaching-services
۰۹۰۵۲۳۰۷۱۱۸,نوشهر,nowshahr,services,teaching-services
۰۹۱۲۱۷۷۹۷۴۵,نوشهر,nowshahr,services,teaching-services
۰۹۱۱۳۹۵۰۴۵۹,نوشهر,nowshahr,services,teaching-services
۰۹۰۳۳۹۷۵۵۷۲,نوشهر,nowshahr,services,teaching-services
۰۹۰۳۳۹۷۵۵۷۲,نوشهر,nowshahr,services,teaching-services
۰۹۳۷۳۹۴۹۹۳۴,نوشهر,nowshahr,services,teaching-services
۰۹۳۰۴۰۹۸۱۹۳,نوشهر,nowshahr,services,teaching-services
۰۹۳۳۲۹۷۵۰۳۵,نوشهر,nowshahr,services,teaching-services
۰۹۰۳۳۹۷۵۵۷۲,نوشهر,nowshahr,services,teaching-services
۰۹۹۲۳۶۸۲۴۷۴,نوشهر,nowshahr,services,teaching-services
۰۹۹۱۹۵۲۸۱۸۳,نوشهر,nowshahr,services,teaching-services
۰۹۱۱۹۹۳۷۵۸۵,نوشهر,nowshahr,services,teaching-services
۰۹۹۰۰۵۵۶۳۰۶,نوشهر,nowshahr,services,teaching-services
۰۹۰۳۹۲۵۰۶۸۵,نوشهر,nowshahr,services,teaching-services
۰۹۳۳۴۵۸۱۹۸۰,نوشهر,nowshahr,services,teaching-services
۰۹۳۶۱۰۰۱۶۲۱,نوشهر,nowshahr,personal-goods,apparel
۰۹۱۲۳۹۰۵۸۰۹,نوشهر,nowshahr,personal-goods,apparel
۰۹۱۱۳۹۶۹۵۴۴,نوشهر,nowshahr,personal-goods,apparel
۰۹۱۱۳۹۶۹۵۴۴,نوشهر,nowshahr,personal-goods,apparel
۰۹۱۲۲۴۵۳۶۱۷,نوشهر,nowshahr,personal-goods,apparel
۰۹۱۲۲۴۵۳۶۱۷,نوشهر,nowshahr,personal-goods,apparel
۰۹۱۱۷۵۲۶۲۶۹,نوشهر,nowshahr,personal-goods,apparel
۰۹۳۰۷۸۷۰۸۸۳,نوشهر,nowshahr,personal-goods,apparel
۰۹۳۰۷۸۷۰۸۸۳,نوشهر,nowshahr,personal-goods,apparel
۰۹۱۷۱۰۰۱۷۲۶,نوشهر,nowshahr,personal-goods,apparel
۰۹۱۷۱۰۰۱۷۲۶,نوشهر,nowshahr,personal-goods,apparel
۰۹۱۷۱۰۰۱۷۲۶,نوشهر,nowshahr,personal-goods,apparel
۰۹۳۵۵۶۳۸۱۰۵,نوشهر,nowshahr,personal-goods,apparel
۰۹۳۵۵۶۳۸۱۰۵,نوشهر,nowshahr,personal-goods,apparel
۰۹۱۱۱۲۰۸۷۹۵,نوشهر,nowshahr,personal-goods,apparel
(پنهان‌شده؛ چت کنید),نوشهر,nowshahr,personal-goods,apparel
۰۹۳۵۵۶۳۸۱۰۵,نوشهر,nowshahr,personal-goods,apparel
۰۹۳۵۵۶۳۸۱۰۵,نوشهر,nowshahr,personal-goods,apparel
۰۹۳۵۵۶۳۸۱۰۵,نوشهر,nowshahr,personal-goods,apparel
۰۹۳۵۵۶۳۸۱۰۵,نوشهر,nowshahr,personal-goods,apparel
(پنهان‌شده؛ چت کنید),نوشهر,nowshahr,personal-goods,apparel
(پنهان‌شده؛ چت کنید),نوشهر,nowshahr,personal-goods,apparel
۰۹۳۵۶۵۶۱۲۵۵,نوشهر,nowshahr,personal-goods,apparel
۰۹۳۵۱۳۳۰۶۹۷,نوشهر,nowshahr,personal-goods,apparel
۰۹۳۵۱۳۳۰۶۹۷,نوشهر,nowshahr,personal-goods,apparel
۰۹۳۵۱۳۳۰۶۹۷,نوشهر,nowshahr,personal-goods,apparel
۰۹۳۵۱۳۳۰۶۹۷,نوشهر,nowshahr,personal-goods,apparel
۰۹۱۱۲۴۱۵۶۳۸,نوشهر,nowshahr,personal-goods,apparel
(پنهان‌شده؛ چت کنید),نوشهر,nowshahr,personal-goods,apparel
۰۹۰۱۶۲۲۰۶۲۰,نوشهر,nowshahr,personal-goods,apparel
۰۹۳۸۶۳۲۰۲۴۵,نوشهر,nowshahr,personal-goods,apparel
(پنهان‌شده؛ چت کنید),نوشهر,nowshahr,personal-goods,apparel
(پنهان‌شده؛ چت کنید),نوشهر,nowshahr,personal-goods,apparel
(پنهان‌شده؛ چت کنید),نوشهر,nowshahr,personal-goods,apparel
(پنهان‌شده؛ چت کنید),نوشهر,nowshahr,personal-goods,apparel
۰۹۱۱۴۵۷۵۱۳۰,نوشهر,nowshahr,personal-goods,apparel
۰۹۱۱۴۵۷۵۱۳۰,نوشهر,nowshahr,personal-goods,apparel
۰۹۰۲۴۵۳۲۸۸۰,نوشهر,nowshahr,personal-goods,apparel
۰۹۳۷۳۰۲۰۸۶۱,نوشهر,nowshahr,personal-goods,apparel
۰۹۳۳۲۴۳۹۹۸۱,نوشهر,nowshahr,personal-goods,apparel
۰۹۱۱۴۵۷۵۱۳۰,نوشهر,nowshahr,personal-goods,apparel
۰۹۰۳۷۵۸۴۲۵۴,نوشهر,nowshahr,personal-goods,apparel
۰۹۳۹۵۵۷۱۸۴۳,نوشهر,nowshahr,personal-goods,apparel
(پنهان‌شده؛ چت کنید),نوشهر,nowshahr,personal-goods,apparel
۰۹۱۱۴۵۷۵۱۳۰,نوشهر,nowshahr,personal-goods,apparel
۰۹۱۱۴۵۷۵۱۳۰,نوشهر,nowshahr,personal-goods,apparel
۰۹۳۷۰۴۶۴۳۷۵,نوشهر,nowshahr,personal-goods,apparel
۰۹۳۷۵۰۶۱۵۰۱,نوشهر,nowshahr,personal-goods,apparel
۰۹۰۲۵۴۳۶۲۵۶,نوشهر,nowshahr,personal-goods,apparel
۰۹۰۲۵۴۳۶۲۵۶,نوشهر,nowshahr,personal-goods,apparel
۰۹۳۸۹۱۲۶۶۱۴,نوشهر,nowshahr,personal-goods,apparel
(پنهان‌شده؛ چت کنید),نوشهر,nowshahr,personal-goods,apparel
۰۹۱۱۸۹۲۰۸۲۱,نوشهر,nowshahr,personal-goods,apparel
۰۹۱۱۵۷۳۱۵۸۹,نوشهر,nowshahr,personal-goods,apparel
۰۹۰۲۴۵۳۲۸۸۰,نوشهر,nowshahr,personal-goods,apparel
۰۹۳۵۶۵۶۱۲۵۵,نوشهر,nowshahr,personal-goods,apparel
۰۹۱۵۴۲۰۰۸۴۸,نوشهر,nowshahr,personal-goods,apparel
۰۹۱۵۴۲۰۰۸۴۸,نوشهر,nowshahr,personal-goods,apparel
۰۹۱۵۴۲۰۰۸۴۸,نوشهر,nowshahr,personal-goods,apparel
۰۹۰۲۶۶۵۹۱۶۶,نوشهر,nowshahr,personal-goods,apparel
۰۹۰۲۶۶۵۹۱۶۶,نوشهر,nowshahr,personal-goods,apparel
۰۹۱۱۷۸۷۷۴۱۱,نوشهر,nowshahr,personal-goods,apparel
۰۹۳۵۷۴۳۰۳۰۱,نوشهر,nowshahr,personal-goods,apparel
۰۹۳۵۷۴۳۰۳۰۱,نوشهر,nowshahr,personal-goods,apparel
(پنهان‌شده؛ چت کنید),نوشهر,nowshahr,personal-goods,apparel
(پنهان‌شده؛ چت کنید),نوشهر,nowshahr,personal-goods,apparel
۰۹۰۳۱۵۳۷۰۴۹,نوشهر,nowshahr,personal-goods,apparel
۰۹۳۹۹۱۲۶۰۱۵,نوشهر,nowshahr,personal-goods,apparel
۰۹۳۷۳۹۰۳۶۶۶,نوشهر,nowshahr,personal-goods,apparel
۰۹۳۳۴۷۸۹۷۲۸,نوشهر,nowshahr,personal-goods,apparel
۰۹۳۳۴۷۸۹۷۲۸,نوشهر,nowshahr,personal-goods,apparel
۰۹۰۳۲۰۵۵۲۸۹,نوشهر,nowshahr,personal-goods,accessories
۰۹۱۹۷۴۲۶۸۷۳,نوشهر,nowshahr,personal-goods,accessories
۰۹۹۲۳۱۰۲۶۴۹,نوشهر,nowshahr,personal-goods,accessories
۰۹۹۲۳۱۰۲۶۴۹,نوشهر,nowshahr,personal-goods,accessories
۰۹۳۶۹۱۰۳۸۶۷,نوشهر,nowshahr,personal-goods,accessories
۰۹۱۵۹۶۲۶۰۸۱,نوشهر,nowshahr,personal-goods,accessories
۰۹۳۵۹۶۱۸۹۸۰,نوشهر,nowshahr,personal-goods,accessories
۰۹۰۵۵۷۳۴۷۸۳,نوشهر,nowshahr,personal-goods,accessories
۰۹۰۳۳۴۲۸۱۷۵,نوشهر,nowshahr,personal-goods,accessories
۰۹۲۰۰۶۱۲۲۷۰,نوشهر,nowshahr,personal-goods,accessories
۰۹۱۱۳۹۱۲۹۲۱,نوشهر,nowshahr,personal-goods,accessories
۰۹۰۳۱۶۸۲۵۲۳,نوشهر,nowshahr,personal-goods,accessories
۰۹۱۱۸۰۳۰۹۰۰,نوشهر,nowshahr,personal-goods,accessories
۰۹۳۸۳۸۱۳۸۴۶,نوشهر,nowshahr,personal-goods,accessories
۰۹۱۲۰۸۸۴۱۷۷,نوشهر,nowshahr,personal-goods,beauty-and-personal-care
۰۹۱۱۳۹۶۴۵۴۰,نوشهر,nowshahr,personal-goods,beauty-and-personal-care
۰۹۰۱۰۲۶۵۷۲۹,نوشهر,nowshahr,personal-goods,beauty-and-personal-care
(پنهان‌شده؛ چت کنید),نوشهر,nowshahr,personal-goods,beauty-and-personal-care
۰۹۹۱۱۰۸۹۸۸۶,نوشهر,nowshahr,personal-goods,beauty-and-personal-care
۰۹۰۳۷۱۶۸۹۷۹,نوشهر,nowshahr,personal-goods,beauty-and-personal-care
۰۹۰۳۲۰۵۵۲۸۹,نوشهر,nowshahr,personal-goods,beauty-and-personal-care
۰۹۳۳۶۶۸۱۳۶۰,نوشهر,nowshahr,personal-goods,beauty-and-personal-care
۰۹۳۸۴۶۸۴۳۴۵,نوشهر,nowshahr,personal-goods,beauty-and-personal-care
۰۹۱۱۲۰۰۲۳۱۵,نوشهر,nowshahr,personal-goods,beauty-and-personal-care
۰۹۳۳۴۵۷۹۸۳۱,نوشهر,nowshahr,personal-goods,beauty-and-personal-care
۰۹۳۹۱۷۳۷۶۹۳,نوشهر,nowshahr,personal-goods,beauty-and-personal-care
۰۹۰۱۶۲۴۸۵۵۰,نوشهر,nowshahr,personal-goods,beauty-and-personal-care
۰۹۳۰۸۳۹۸۰۶۳,نوشهر,nowshahr,personal-goods,child-apparel
۰۹۳۰۷۸۷۰۸۸۳,نوشهر,nowshahr,personal-goods,child-apparel
۰۹۳۵۹۹۱۶۱۴۶,نوشهر,nowshahr,personal-goods,child-apparel
(پنهان‌شده؛ چت کنید),نوشهر,nowshahr,personal-goods,child-apparel
۰۹۱۱۲۴۱۵۶۳۸,نوشهر,nowshahr,personal-goods,child-apparel
۰۹۳۷۳۰۲۰۸۶۱,نوشهر,nowshahr,personal-goods,child-apparel
۰۹۰۱۱۹۳۱۸۳۶,نوشهر,nowshahr,personal-goods,child-apparel
۰۹۰۱۱۹۳۱۸۳۶,نوشهر,nowshahr,personal-goods,child-apparel
۰۹۱۵۴۲۰۰۸۴۸,نوشهر,nowshahr,personal-goods,child-apparel
۰۹۱۰۷۶۳۱۵۳۴,نوشهر,nowshahr,personal-goods,child-apparel
۰۹۲۲۶۴۶۱۹۰۴,نوشهر,nowshahr,personal-goods,child-apparel
۰۹۳۶۲۲۰۱۲۵۱,نوشهر,nowshahr,personal-goods,child-apparel
۰۹۳۹۱۲۸۰۵۷۵,نوشهر,nowshahr,personal-goods,child-apparel
(پنهان‌شده؛ چت کنید),نوشهر,nowshahr,personal-goods,child-apparel
۰۹۱۱۹۹۹۰۵۴۳,نوشهر,nowshahr,personal-goods,child-products
۰۹۳۶۲۴۵۵۲۸۰,نوشهر,nowshahr,personal-goods,child-products
۰۹۰۱۰۵۳۷۰۳۰,نوشهر,nowshahr,personal-goods,child-products
۰۹۱۲۷۷۹۶۲۸۴,نوشهر,nowshahr,personal-goods,child-products
۰۹۱۱۳۹۳۳۰۵۲,نوشهر,nowshahr,personal-goods,child-products
۰۹۱۱۳۹۳۳۰۵۲,نوشهر,nowshahr,personal-goods,child-products
۰۹۱۴۴۴۰۲۵۱۵,نوشهر,nowshahr,personal-goods,child-products
۰۹۳۹۵۸۹۷۲۵۴,نوشهر,nowshahr,personal-goods,child-products
۰۹۳۹۵۸۹۷۲۵۴,نوشهر,nowshahr,personal-goods,child-products
۰۹۱۱۱۹۶۷۱۰۳,نوشهر,nowshahr,personal-goods,child-products
۰۹۱۱۱۹۵۴۰۷۷,نوشهر,nowshahr,personal-goods,child-products
۰۹۱۴۵۳۳۰۶۱۹,نوشهر,nowshahr,personal-goods,child-products
۰۹۱۱۱۹۵۴۰۷۷,نوشهر,nowshahr,personal-goods,child-products
۰۹۳۶۶۷۶۶۲۴۲,نوشهر,nowshahr,personal-goods,child-products
۰۹۰۲۸۹۴۱۰۶۱,نوشهر,nowshahr,personal-goods,child-products
۰۹۳۶۲۳۸۹۵۵۷,نوشهر,nowshahr,personal-goods,stationery
۰۹۹۲۱۹۱۵۴۶۱,نوشهر,nowshahr,personal-goods,stationery
۰۹۳۵۹۹۶۶۶۳۸,نوشهر,nowshahr,personal-goods,stationery
۰۹۹۰۳۰۷۸۲۲۱,نوشهر,nowshahr,entertainment,publication
(پنهان‌شده؛ چت کنید),نوشهر,nowshahr,entertainment,publication
۰۹۱۰۷۶۳۱۵۳۴,نوشهر,nowshahr,entertainment,publication
۰۹۱۱۸۹۰۳۵۰۷,نوشهر,nowshahr,entertainment,publication
۰۹۱۱۲۹۳۲۰۳۶,نوشهر,nowshahr,entertainment,publication
۰۹۱۱۲۹۳۲۰۳۶,نوشهر,nowshahr,entertainment,publication
۰۹۱۱۲۹۳۲۰۳۶,نوشهر,nowshahr,entertainment,publication
۰۹۳۶۵۲۵۸۸۸۰,نوشهر,nowshahr,entertainment,bike-skate-scooter
۰۹۳۷۷۴۳۰۰۴۰,نوشهر,nowshahr,entertainment,bike-skate-scooter
۰۹۱۵۹۶۲۶۰۸۱,نوشهر,nowshahr,entertainment,bike-skate-scooter
۰۹۳۹۰۳۶۸۹۹۸,نوشهر,nowshahr,entertainment,bike-skate-scooter
۰۹۹۱۰۰۱۷۳۸۹,نوشهر,nowshahr,entertainment,bike-skate-scooter
۰۹۱۲۶۴۹۶۶۴۱,نوشهر,nowshahr,entertainment,bike-skate-scooter
۰۹۳۷۸۲۳۲۲۳۷,نوشهر,nowshahr,entertainment,bike-skate-scooter
۰۹۹۱۰۰۱۷۳۸۹,نوشهر,nowshahr,entertainment,bike-skate-scooter
۰۹۹۱۰۰۱۷۳۸۹,نوشهر,nowshahr,entertainment,bike-skate-scooter
۰۹۹۱۰۰۱۷۳۸۹,نوشهر,nowshahr,entertainment,bike-skate-scooter
۰۹۰۲۶۷۴۹۵۵۷,نوشهر,nowshahr,entertainment,bike-skate-scooter
۰۹۱۱۲۲۷۴۹۹۸,نوشهر,nowshahr,entertainment,bike-skate-scooter
۰۹۱۲۶۷۳۳۵۰۵,نوشهر,nowshahr,entertainment,bike-skate-scooter
۰۹۱۱۱۹۴۵۸۸۱,نوشهر,nowshahr,entertainment,bike-skate-scooter
۰۹۳۹۵۱۳۱۷۳۴,نوشهر,nowshahr,entertainment,bike-skate-scooter
۰۹۳۰۹۴۲۷۹۰۸,نوشهر,nowshahr,entertainment,pets-animals
۰۹۱۹۰۷۴۸۳۰۴,نوشهر,nowshahr,entertainment,pets-animals
۰۹۱۹۰۷۴۸۳۰۴,نوشهر,nowshahr,entertainment,pets-animals
۰۹۰۱۷۴۴۳۴۶۱,نوشهر,nowshahr,entertainment,pets-animals
۰۹۰۵۶۳۵۸۸۵۱,نوشهر,nowshahr,entertainment,pets-animals
۰۹۳۰۱۹۱۷۶۱۰,نوشهر,nowshahr,entertainment,pets-animals
۰۹۳۸۵۸۲۳۱۷۴,نوشهر,nowshahr,entertainment,pets-animals
۰۹۱۱۹۱۵۱۰۷۴,نوشهر,nowshahr,entertainment,pets-animals
۰۹۳۷۶۴۷۰۰۱۶,نوشهر,nowshahr,entertainment,pets-animals
۰۹۳۵۹۹۱۶۱۴۶,نوشهر,nowshahr,entertainment,pets-animals
۰۹۱۱۲۹۳۰۰۸۹,نوشهر,nowshahr,entertainment,pets-animals
۰۹۳۶۴۹۸۶۵۵۵,نوشهر,nowshahr,entertainment,pets-animals
۰۹۳۶۲۴۳۶۴۳۵,نوشهر,nowshahr,entertainment,pets-animals
۰۹۳۰۸۱۰۷۳۳۱,نوشهر,nowshahr,entertainment,pets-animals
۰۹۱۱۹۹۲۲۴۶۳,نوشهر,nowshahr,entertainment,pets-animals
(پنهان‌شده؛ چت کنید),نوشهر,nowshahr,entertainment,pets-animals
۰۹۰۳۲۰۵۵۲۸۹,نوشهر,nowshahr,entertainment,pets-animals
۰۹۳۵۱۴۶۶۷۶۷,نوشهر,nowshahr,entertainment,pets-animals
۰۹۰۳۸۲۷۴۰۸۷,نوشهر,nowshahr,entertainment,pets-animals
۰۹۳۳۵۲۳۱۶۹۷,نوشهر,nowshahr,entertainment,pets-animals
۰۹۳۶۷۹۵۰۱۹۸,نوشهر,nowshahr,entertainment,pets-animals
۰۹۰۳۱۴۴۱۰۰۳,نوشهر,nowshahr,entertainment,pets-animals
۰۹۱۱۱۹۴۸۰۰۲,نوشهر,nowshahr,entertainment,pets-animals
۰۹۳۸۵۸۲xxxx,نوشهر,nowshahr,entertainment,pets-animals
۰۹۳۸۳۱۴۵۸۸۲,نوشهر,nowshahr,entertainment,pets-animals
۰۹۰۳۸۲۷۴۰۸۷,نوشهر,nowshahr,entertainment,pets-animals
۰۹۰۳۲۰۵۵۲۸۹,نوشهر,nowshahr,entertainment,pets-animals
۰۹۱۲۹۲۵۹۴۱۶,نوشهر,nowshahr,entertainment,pets-animals
۰۹۱۱۲۹۳۰۰۸۹,نوشهر,nowshahr,entertainment,pets-animals
۰۹۱۱۳۹۳۱۶۳۸,نوشهر,nowshahr,entertainment,pets-animals
۰۹۳۰۲۰۵۹۴۱۲,نوشهر,nowshahr,entertainment,pets-animals
۰۹۱۱۲۹۳۰۰۸۹,نوشهر,nowshahr,entertainment,pets-animals
۰۹۱۱۱۹۶۴۱۹۹,نوشهر,nowshahr,entertainment,pets-animals
۰۹۱۱۳۹۶۲۵۸۱,نوشهر,nowshahr,entertainment,pets-animals
۰۹۱۱۳۹۶۲۵۸۱,نوشهر,nowshahr,entertainment,pets-animals
۰۹۱۱۳۹۶۲۵۸۱,نوشهر,nowshahr,entertainment,pets-animals
۰۹۱۱۹۹۹۰۴۷۰,نوشهر,nowshahr,entertainment,pets-animals
۰۹۱۱۳۹۵۳۱۱۸,نوشهر,nowshahr,entertainment,pets-animals
۰۹۰۳۳۹۲۶۱۱۵,نوشهر,nowshahr,entertainment,pets-animals
۰۹۰۳۳۹۲۶۱۱۵,نوشهر,nowshahr,entertainment,pets-animals
۰۹۰۲۶۸۸۸۵۰۴,نوشهر,nowshahr,entertainment,pets-animals
۰۹۱۱۱۹۶۴۱۹۹,نوشهر,nowshahr,entertainment,pets-animals
(پنهان‌شده؛ چت کنید),نوشهر,nowshahr,entertainment,pets-animals
۰۹۱۲۶۸۵۹۸۲۷,نوشهر,nowshahr,entertainment,pets-animals
۰۹۰۱۶۲۰۱۰۱۷,نوشهر,nowshahr,entertainment,pets-animals
۰۹۳۰۹۱۱۱۸۰۰,نوشهر,nowshahr,entertainment,pets-animals
۰۹۳۵۴۳۹۳۷۶۲,نوشهر,nowshahr,entertainment,collecting
۰۹۹۴۴۵۵۹۱۶۶,نوشهر,nowshahr,entertainment,collecting
۰۹۱۱۵۹۵۴۰۸۹,نوشهر,nowshahr,entertainment,collecting
۰۹۹۱۱۱۸۷۲۲۳,نوشهر,nowshahr,entertainment,collecting
۰۹۳۵۷۴۳۰۳۰۱,نوشهر,nowshahr,entertainment,collecting
۰۹۳۸۷۳۹۸۱۷۹,نوشهر,nowshahr,entertainment,collecting
۰۹۳۰۰۲۰۸۹۴۴,نوشهر,nowshahr,entertainment,collecting
۰۹۱۲۶۷۳۳۵۰۵,نوشهر,nowshahr,entertainment,collecting
۰۹۱۲۷۳۶۷۶۳۳,نوشهر,nowshahr,entertainment,musical-instruments
۰۹۳۷۴۱۰۱۲۵۰,نوشهر,nowshahr,entertainment,musical-instruments
۰۹۳۳۶۱۹۶۱۴۱,نوشهر,nowshahr,entertainment,musical-instruments
۰۹۳۵۹۳۶۱۱۷۸,نوشهر,nowshahr,entertainment,musical-instruments
۰۹۱۰۶۵۷۸۹۰۴,نوشهر,nowshahr,entertainment,musical-instruments
۰۹۳۷۶۹۰۱۰۰۹,نوشهر,nowshahr,entertainment,musical-instruments
۰۹۳۵۱۷۷۷۹۶۶,نوشهر,nowshahr,entertainment,musical-instruments
۰۹۳۵۴۱۲۵۵۵۰,نوشهر,nowshahr,entertainment,musical-instruments
۰۹۳۵۶۰۴۳۲۳۷,نوشهر,nowshahr,entertainment,musical-instruments
۰۹۳۶۱۰۶۱۵۲۰,نوشهر,nowshahr,entertainment,musical-instruments
۰۹۳۰۹۱۱۱۳۰۹,نوشهر,nowshahr,entertainment,musical-instruments
۰۹۱۱۲۲۷۴۹۹۸,نوشهر,nowshahr,entertainment,musical-instruments
۰۹۱۱۲۲۷۴۹۹۸,نوشهر,nowshahr,entertainment,musical-instruments
۰۹۱۱۳۹۶۴۴۰۸,نوشهر,nowshahr,entertainment,musical-instruments
۰۹۱۱۳۹۶۴۴۰۸,نوشهر,nowshahr,entertainment,musical-instruments
۰۹۰۳۳۴۲۸۱۷۵,نوشهر,nowshahr,entertainment,sport-entertainment
(پنهان‌شده؛ چت کنید),نوشهر,nowshahr,entertainment,sport-entertainment
۰۹۱۱۵۷۱۲۲۴۵,نوشهر,nowshahr,entertainment,sport-entertainment
۰۹۰۲۴۵۳۲۸۸۰,نوشهر,nowshahr,entertainment,sport-entertainment
۰۹۲۱۲۱۷۶۵۶۲,نوشهر,nowshahr,entertainment,sport-entertainment
۰۹۱۱۳۹۳۹۹۵۱,نوشهر,nowshahr,entertainment,sport-entertainment
۰۹۳۳۳۹۱۲۴۴۵,نوشهر,nowshahr,entertainment,sport-entertainment
۰۹۳۰۸۸۵۱۵۲۵,نوشهر,nowshahr,entertainment,sport-entertainment
۰۹۱۱۱۹۶۸۰۹۸,نوشهر,nowshahr,entertainment,sport-entertainment
۰۹۳۳۳۹۱۲۴۴۵,نوشهر,nowshahr,entertainment,sport-entertainment
(پنهان‌شده؛ چت کنید),نوشهر,nowshahr,entertainment,sport-entertainment
۰۹۰۲۴۱۵۹۹۳۳,نوشهر,nowshahr,entertainment,sport-entertainment
۰۹۱۱۳۹۱۲۸۰۰,نوشهر,nowshahr,entertainment,sport-entertainment
۰۹۱۱۱۹۵۴۲۴۴,نوشهر,nowshahr,entertainment,sport-entertainment
۰۹۱۰۶۷۸۸۹۶۰,نوشهر,nowshahr,entertainment,sport-entertainment
۰۹۱۱۵۷۳۱۵۸۹,نوشهر,nowshahr,entertainment,sport-entertainment
۰۹۳۵۵۱۴۲۴۴۱,نوشهر,nowshahr,entertainment,sport-entertainment
۰۹۳۳۸۱۸۲۷۴۱,نوشهر,nowshahr,entertainment,sport-entertainment
۰۹۰۳۲۱۸۴۳۲۳,نوشهر,nowshahr,social-services,event
۰۹۹۱۴۲۶۸۹۵۰,نوشهر,nowshahr,social-services,event
(پنهان‌شده؛ چت کنید),نوشهر,nowshahr,social-services,event
۰۹۹۱۵۲۸۴۶۹۳,نوشهر,nowshahr,social-services,event
۰۹۳۶۴۹۹۸۷۷۵,نوشهر,nowshahr,social-services,event
۰۹۳۹۷۹۱۰۰۶۷,نوشهر,nowshahr,social-services,event
۰۹۰۳۰۷۹۸۲۹۵,نوشهر,nowshahr,social-services,event
(پنهان‌شده؛ چت کنید),نوشهر,nowshahr,social-services,voluntary
۰۹۱۱۳۹۶۰۸۲۸,نوشهر,nowshahr,social-services,voluntary
۰۹۳۰۰۲۸۹۰۵۹,نوشهر,nowshahr,social-services,missing
۰۹۱۹۶۰۱۱۶۲۵,نوشهر,nowshahr,social-services,missing
۰۹۱۲۳۰۳۰۱۶۸,نوشهر,nowshahr,businesses,business-equipment
۰۹۱۲۵۰۲۳۸۴۷,نوشهر,nowshahr,businesses,business-equipment
۰۹۱۱۹۹۴۲۰۷۰,نوشهر,nowshahr,businesses,business-equipment
۰۹۹۰۳۱۹۴۷۳۰,نوشهر,nowshahr,businesses,business-equipment
۰۹۳۶۵۲۳۲۲۱۶,نوشهر,nowshahr,businesses,business-equipment
۰۹۱۲۵۷۶۲۱۹۷,نوشهر,nowshahr,businesses,business-equipment
۰۹۰۳۱۹۳۷۳۳۳,نوشهر,nowshahr,businesses,business-equipment
۰۹۱۹۸۳۹۰۱۸۰,نوشهر,nowshahr,businesses,business-equipment
۰۹۳۵۵۳۷۵۴۸۵,نوشهر,nowshahr,businesses,business-equipment
۰۹۱۱۴۸۵۱۹۸۲,نوشهر,nowshahr,businesses,business-equipment
۰۹۳۵۱۳۳۰۶۹۷,نوشهر,nowshahr,businesses,business-equipment
۰۹۳۵۱۳۳۰۶۹۷,نوشهر,nowshahr,businesses,business-equipment
۰۹۳۵۱۳۳۰۶۹۷,نوشهر,nowshahr,businesses,business-equipment
۰۹۱۹۶۱۴۴۸۵۹,نوشهر,nowshahr,businesses,business-equipment
(پنهان‌شده؛ چت کنید),نوشهر,nowshahr,businesses,business-equipment
(پنهان‌شده؛ چت کنید),نوشهر,nowshahr,businesses,business-equipment
۰۹۳۸۴۱۳۱۳۷۳,نوشهر,nowshahr,businesses,business-equipment
۰۹۱۱۳۹۳۲۴۴۵,نوشهر,nowshahr,businesses,business-equipment
۰۹۱۲۲۶۴۴۶۴۴,نوشهر,nowshahr,businesses,business-equipment
۰۹۱۱۱۹۶۸۱۲۱,نوشهر,nowshahr,businesses,business-equipment
۰۹۱۱۹۹۳۲۸۶۲,نوشهر,nowshahr,businesses,business-equipment
۰۹۱۱۳۹۵۴۱۸۹,نوشهر,nowshahr,businesses,business-equipment
۰۹۳۶۶۶۴۸۹۲۶,نوشهر,nowshahr,businesses,business-equipment
۰۹۳۷۴۲۰۶۹۳۴,نوشهر,nowshahr,businesses,business-equipment
۰۹۱۲۵۷۶۲۱۹۷,نوشهر,nowshahr,businesses,business-equipment
۰۹۱۲۵۷۶۲۱۹۷,نوشهر,nowshahr,businesses,business-equipment
۰۹۱۵۲۹۵۸۳۶۲,نوشهر,nowshahr,businesses,business-equipment
۰۹۱۲۰۱۴۷۴۹۰,نوشهر,nowshahr,businesses,business-equipment
۰۹۰۱۳۶۳۳۹۹۴,نوشهر,nowshahr,businesses,business-equipment
۰۹۳۸۶۳۲۰۲۴۵,نوشهر,nowshahr,businesses,business-equipment
۰۹۳۸۵۰۱۳۲۶۷,نوشهر,nowshahr,businesses,business-equipment
۰۹۹۱۷۹۶۹۸۳۱,نوشهر,nowshahr,businesses,business-equipment
۰۹۱۱۸۹۴۶۳۰۲,نوشهر,nowshahr,businesses,business-equipment
۰۹۳۳۶۲۵۰۲۷۶,نوشهر,nowshahr,businesses,business-equipment
۰۹۱۱۸۷۲۸۹۳۸,نوشهر,nowshahr,businesses,business-equipment
۰۹۰۲۱۷۷۳۳۶۱,نوشهر,nowshahr,businesses,business-equipment
۰۹۳۵۹۶۱۸۹۸۰,نوشهر,nowshahr,businesses,business-equipment
۰۹۳۵۷۴۱۱۴۲۳,نوشهر,nowshahr,businesses,business-equipment
۰۹۱۱۵۷۷۷۵۶۷,نوشهر,nowshahr,businesses,business-equipment
۰۹۱۱۳۱۷۶۲۷۴,نوشهر,nowshahr,businesses,business-equipment
۰۹۱۱۳۱۷۶۲۷۴,نوشهر,nowshahr,businesses,business-equipment
۰۹۳۳۶۰۴۳۶۱۰,نوشهر,nowshahr,businesses,business-equipment
۰۹۹۲۱۱۹۴۲۷۳,نوشهر,nowshahr,businesses,business-equipment
۰۹۱۲۰۸۰۸۶۱۳,نوشهر,nowshahr,businesses,business-equipment
۰۹۱۹۲۰۴۹۹۶۲,نوشهر,nowshahr,businesses,business-equipment
۰۹۱۱۷۰۹۲۸۳۰,نوشهر,nowshahr,businesses,business-equipment
۰۹۳۵۸۱۶۳۱۳۲,نوشهر,nowshahr,businesses,business-equipment
۰۹۱۱۲۹۳۰۲۵۲,نوشهر,nowshahr,businesses,business-equipment
۰۹۳۷۱۳۳۸۶۵۶,نوشهر,nowshahr,businesses,business-equipment
۰۹۳۷۱۳۳۸۶۵۶,نوشهر,nowshahr,businesses,business-equipment
۰۹۳۷۱۳۳۸۶۵۶,نوشهر,nowshahr,businesses,business-equipment
۰۹۲۲۹۵۶۵۱۶۹,نوشهر,nowshahr,businesses,business-equipment
۰۹۱۲۵۱۲۱۸۴۲,نوشهر,nowshahr,businesses,business-equipment
۰۹۳۵۴۵۶۰۱۲۴,نوشهر,nowshahr,businesses,business-equipment
۰۹۱۱۴۱۸۰۵۸۵,نوشهر,nowshahr,businesses,business-equipment
۰۹۳۳۴۹۵۰۶۶۹,نوشهر,nowshahr,businesses,business-equipment
۰۹۳۶۴۰۷۲۲۹۱,نوشهر,nowshahr,businesses,business-equipment
۰۹۰۳۱۶۲۶۱۵۵,نوشهر,nowshahr,businesses,business-equipment
۰۹۳۳۶۴۳۹۷۰۳,نوشهر,nowshahr,businesses,business-equipment
۰۹۹۰۱۴۰۷۱۱۳,نوشهر,nowshahr,businesses,business-equipment
۰۹۱۰۳۴۸۰۳۸۲,نوشهر,nowshahr,businesses,business-equipment
۰۹۳۶۱۲۲۳۳۳۹,نوشهر,nowshahr,businesses,business-equipment
۰۹۰۲۰۵۵۲۲۶۴,نوشهر,nowshahr,businesses,business-equipment
۰۹۰۲۰۵۵۲۲۹۱,نوشهر,nowshahr,businesses,business-equipment
۰۹۹۲۴۷۳۳۴۸۱,نوشهر,nowshahr,businesses,business-equipment
۰۹۳۷۸۲۱۵۲۹۹,نوشهر,nowshahr,businesses,business-equipment
۰۹۰۲۰۵۵۲۲۵۹,نوشهر,nowshahr,businesses,business-equipment
۰۹۳۹۵۷۴۹۰۴۳,نوشهر,nowshahr,businesses,business-equipment
۰۹۹۲۷۸۴۰۶۵۳,نوشهر,nowshahr,businesses,business-equipment
۰۹۲۲۹۵۶۵۱۶۸,نوشهر,nowshahr,businesses,business-equipment
۰۹۱۱۲۱۰۴۳۶۳,نوشهر,nowshahr,businesses,business-equipment
۰۹۱۱۱۹۳۱۷۳۲,نوشهر,nowshahr,businesses,wholesale
۰۹۱۱۳۱۰۴۷۰۷,نوشهر,nowshahr,businesses,wholesale
۰۹۳۹۲۷۷۱۱۰۹,نوشهر,nowshahr,businesses,wholesale
۰۹۱۹۲۴۶۷۴۰۴,نوشهر,nowshahr,businesses,wholesale
۰۹۱۰۶۹۹۳۱۶۵,نوشهر,nowshahr,businesses,wholesale
۰۹۳۶۳۹۴۸۸۴۶,نوشهر,nowshahr,businesses,wholesale
۰۹۰۳۴۹۱۱۰۸۴,نوشهر,nowshahr,businesses,wholesale
۰۹۱۱۹۹۰۱۵۸۹,نوشهر,nowshahr,businesses,wholesale
(پنهان‌شده؛ چت کنید),نوشهر,nowshahr,businesses,wholesale
۰۹۹۸۱۰۲۱۰۴۶,نوشهر,nowshahr,businesses,wholesale
۰۹۱۱۵۲۵۴۱۰۹,نوشهر,nowshahr,businesses,wholesale
۰۹۱۱۹۹۱۷۱۰۱,نوشهر,nowshahr,businesses,wholesale
۰۹۰۲۶۸۸۸۵۰۴,نوشهر,nowshahr,businesses,wholesale
(پنهان‌شده؛ چت کنید),نوشهر,nowshahr,businesses,wholesale
۰۹۱۲۱۷۲۸۸۲۱,نوشهر,nowshahr,businesses,wholesale
۰۹۹۰۶۵۱۷۳۲۰,نوشهر,nowshahr,businesses,wholesale
۰۹۱۱۶۸۸۴۵۲۶,نوشهر,nowshahr,businesses,wholesale
۰۹۱۹۱۱۲۲۲۱۶,نوشهر,nowshahr,businesses,wholesale
۰۹۰۵۶۱۶۲۳۱۶,نوشهر,nowshahr,businesses,wholesale
۰۹۱۱۱۱۸۲۹۵۵,نوشهر,nowshahr,businesses,wholesale
(پنهان‌شده؛ چت کنید),نوشهر,nowshahr,businesses,wholesale
۰۹۰۵۶۳۰۵۶۵۳,نوشهر,nowshahr,businesses,wholesale
۰۹۱۱۱۹۶۴۱۹۹,نوشهر,nowshahr,businesses,wholesale
۰۹۱۰۹۴۳۹۸۱۲,نوشهر,nowshahr,businesses,wholesale
۰۹۳۶۶۰۲۱۴۶۳,نوشهر,nowshahr,businesses,wholesale
۰۹۲۲۰۱۶۰۸۳۱,نوشهر,nowshahr,businesses,wholesale
۰۹۹۱۵۲۸۴۷۰۱,نوشهر,nowshahr,businesses,wholesale
۰۹۹۲۷۷۵۴۷۷۱,نوشهر,nowshahr,businesses,wholesale
۰۹۱۱۹۹۱۹۷۳۷,نوشهر,nowshahr,businesses,wholesale
۰۹۹۲۳۳۲۲۱۶۷,نوشهر,nowshahr,businesses,wholesale
۰۹۱۲۵۲۱۰۱۷۴,نوشهر,nowshahr,businesses,wholesale
۰۹۱۱۴۸۲۰۵۳۶,نوشهر,nowshahr,businesses,wholesale
۰۹۳۹۰۳۷۶۷۲۷,نوشهر,nowshahr,businesses,wholesale
۰۹۳۷۵۹۹۹۲۰۸,نوشهر,nowshahr,businesses,wholesale
۰۹۱۱۶۲۵۷۱۸۰,نوشهر,nowshahr,businesses,wholesale
۰۹۳۰۹۶۳۱۹۸۰,نوشهر,nowshahr,businesses,wholesale
۰۹۹۱۵۲۸۴۶۹۲,نوشهر,nowshahr,businesses,wholesale
۰۹۳۶۴۹۹۸۷۷۵,نوشهر,nowshahr,businesses,wholesale
۰۹۳۶۰۶۵۰۳۱۱,نوشهر,nowshahr,businesses,wholesale
۰۹۱۲۹۷۴۰۲۸۹,نوشهر,nowshahr,businesses,wholesale
۰۹۱۱۳۹۵۲۱۸۴,نوشهر,nowshahr,businesses,wholesale
۰۹۳۶۳۰۶۰۶۴۲,نوشهر,nowshahr,businesses,wholesale
۰۹۱۱۳۹۵۷۹۱۸,نوشهر,nowshahr,businesses,wholesale
۰۹۰۳۰۲۵۳۶۴۲,نوشهر,nowshahr,businesses,wholesale
۰۹۱۱۱۹۴۸۳۵۹,نوشهر,nowshahr,businesses,wholesale
۰۹۱۰۱۰۰۱۰۱۵,نوشهر,nowshahr,businesses,wholesale
۰۹۱۱۳۹۵۲۱۸۴,نوشهر,nowshahr,businesses,wholesale
