۰۹۳۵۴۷۹۹۵۰۰,نوشهر,nowshahr,jobs,administrative-jobs
۰۹۰۲۵۹۲۹۸۸۷,نوشهر,nowshahr,jobs,administrative-jobs
۰۹۱۹۸۸۶۰۰۸۶,نوشهر,nowshahr,jobs,administrative-jobs
۰۹۳۷۲۲۰۰۷۹۲,نوشهر,nowshahr,jobs,administrative-jobs
۰۹۱۲۱۴۳۸۷۳۳,نوشهر,nowshahr,jobs,administrative-jobs
۰۹۱۷۹۴۹۹۹۰۹,نوشهر,nowshahr,jobs,janitorial-jobs
۰۹۳۳۴۶۸۳۶۲۰,نوشهر,nowshahr,jobs,architect-jobs
۰۹۹۰۷۴۱۱۸۲۸,نوشهر,nowshahr,jobs,architect-jobs
۰۹۱۱۱۲۰۶۷۸۳,نوشهر,nowshahr,jobs,architect-jobs
۰۹۱۲۳۷۶۲۵۰۲,نوشهر,nowshahr,jobs,architect-jobs
۰۹۱۲۲۷۶۹۸۰۵,نوشهر,nowshahr,jobs,service-jobs
۰۹۱۱۳۹۳۱۴۳۵,نوشهر,nowshahr,jobs,service-jobs
۰۹۰۲۳۷۱۹۲۵۷,نوشهر,nowshahr,jobs,service-jobs
۰۹۱۲۴۵۴۱۲۴۳,نوشهر,nowshahr,jobs,service-jobs
۰۹۱۲۲۷۶۹۸۰۵,نوشهر,nowshahr,jobs,service-jobs
۰۹۳۶۷۵۳۹۳۲۱,نوشهر,nowshahr,jobs,service-jobs
۰۹۱۲۳۸۸۰۰۱۷,نوشهر,nowshahr,jobs,service-jobs
۰۹۱۲۶۸۹۸۲۱۲,نوشهر,nowshahr,jobs,service-jobs
۰۹۱۱۳۹۷۸۶۷۶,نوشهر,nowshahr,jobs,marketing-jobs
۰۹۰۱۵۵۰۸۰۱۴,نوشهر,nowshahr,jobs,marketing-jobs
۰۹۳۹۷۰۵۱۱۰۵,نوشهر,nowshahr,jobs,marketing-jobs
۰۹۳۵۴۷۹۹۵۰۰,نوشهر,nowshahr,jobs,marketing-jobs
۰۹۳۶۴۱۷۷۰۵۹,نوشهر,nowshahr,jobs,marketing-jobs
۰۹۱۱۷۷۸۲۰۳۴,نوشهر,nowshahr,jobs,marketing-jobs
۰۹۳۹۷۰۵۱۱۰۵,نوشهر,nowshahr,jobs,marketing-jobs
۰۹۱۲۴۱۳۵۳۳۴,نوشهر,nowshahr,jobs,marketing-jobs
۰۹۱۲۳۶۴۶۱۹۰,نوشهر,nowshahr,jobs,marketing-jobs
۰۹۱۱۷۹۰۶۳۲۹,نوشهر,nowshahr,jobs,marketing-jobs
۰۹۱۱۷۴۷۴۲۰۶,نوشهر,nowshahr,jobs,marketing-jobs
۰۹۱۲۳۱۴۶۷۵۸,نوشهر,nowshahr,jobs,marketing-jobs
۰۹۱۲۸۴۷۶۴۷۷,نوشهر,nowshahr,jobs,technical-jobs
۰۹۱۹۸۶۳۸۳۰۱,نوشهر,nowshahr,jobs,teaching-jobs
۰۹۰۱۵۵۰۸۰۱۴,نوشهر,nowshahr,jobs,transport-delivery-jobs
۰۹۳۹۰۲۹۰۵۸۳,نوشهر,nowshahr,jobs,transport-delivery-jobs
۰۹۰۳۷۰۵۰۴۹۸,نوشهر,nowshahr,jobs,health-beauty-jobs
۰۹۰۵۶۱۹۸۲۹۴,نوشهر,nowshahr,real-estate,buy-residential
۰۹۳۰۸۳۲۱۱۷۳,نوشهر,nowshahr,real-estate,buy-residential
۰۹۱۲۱۰۷۸۷۲۰,نوشهر,nowshahr,real-estate,buy-residential
۰۹۱۹۷۲۳۶۶۹۵,نوشهر,nowshahr,real-estate,buy-residential
۰۹۳۸۶۸۳۳۹۳۹,نوشهر,nowshahr,real-estate,buy-residential
۰۹۱۱۳۲۷۴۳۵۴,نوشهر,nowshahr,real-estate,buy-residential
۰۹۰۵۶۱۹۸۲۹۴,نوشهر,nowshahr,real-estate,buy-residential
۰۹۱۱۴۱۵۶۵۷۲,نوشهر,nowshahr,real-estate,buy-residential
۰۹۰۵۶۱۹۸۲۹۴,نوشهر,nowshahr,real-estate,buy-residential
۰۹۱۱۴۱۵۶۵۷۲,نوشهر,nowshahr,real-estate,buy-residential
۰۹۱۱۳۲۷۴۳۵۴,نوشهر,nowshahr,real-estate,buy-residential
۰۹۱۱۴۱۵۶۵۷۲,نوشهر,nowshahr,real-estate,buy-residential
۰۹۰۵۶۱۹۸۲۹۴,نوشهر,nowshahr,real-estate,buy-residential
۰۹۰۲۴۸۰۸۶۸۲,نوشهر,nowshahr,real-estate,buy-residential
۰۹۳۸۰۷۸۷۷۸۰,نوشهر,nowshahr,real-estate,buy-residential
۰۹۱۱۳۲۷۴۳۵۴,نوشهر,nowshahr,real-estate,buy-residential
۰۹۰۵۴۵۷۲۵۵۱,نوشهر,nowshahr,real-estate,buy-residential
۰۹۰۵۴۵۷۲۵۵۱,نوشهر,nowshahr,real-estate,buy-residential
۰۹۰۵۴۵۷۲۵۵۱,نوشهر,nowshahr,real-estate,buy-residential
۰۹۰۵۴۵۷۲۵۵۱,نوشهر,nowshahr,real-estate,buy-residential
۰۹۰۵۴۵۷۲۵۵۱,نوشهر,nowshahr,real-estate,buy-residential
۰۹۱۱۲۲۱۱۲۷۶,نوشهر,nowshahr,real-estate,buy-residential
۰۹۳۶۴۹۸۶۵۵۵,نوشهر,nowshahr,real-estate,buy-residential
۰۹۰۲۹۲۲۴۷۲۱,نوشهر,nowshahr,real-estate,buy-residential
۰۹۳۵۶۷۵۷۶۴۴,نوشهر,nowshahr,real-estate,buy-residential
۰۹۱۹۷۲۳۶۶۹۵,نوشهر,nowshahr,real-estate,buy-residential
۰۹۰۲۹۲۲۴۷۲۱,نوشهر,nowshahr,real-estate,buy-residential
۰۹۳۸۰۷۸۷۷۸۰,نوشهر,nowshahr,real-estate,buy-residential
۰۹۰۵۴۵۷۲۵۵۱,نوشهر,nowshahr,real-estate,buy-residential
۰۹۰۲۴۸۰۸۶۸۲,نوشهر,nowshahr,real-estate,buy-residential
۰۹۲۱۵۲۶۸۳۵۲,نوشهر,nowshahr,real-estate,buy-residential
۰۹۱۱۷۱۳۵۷۱۲,نوشهر,nowshahr,real-estate,buy-residential
۰۹۱۹۹۸۵۹۰۱۸,نوشهر,nowshahr,real-estate,buy-residential
۰۹۳۰۹۵۰۴۹۶۷,نوشهر,nowshahr,real-estate,buy-residential
۰۹۱۰۴۹۶۹۲۵۱,نوشهر,nowshahr,real-estate,buy-residential
۰۹۳۶۲۹۲۵۴۹۹,نوشهر,nowshahr,real-estate,buy-residential
۰۹۱۹۴۰۸۲۵۸۰,نوشهر,nowshahr,real-estate,buy-residential
۰۹۱۹۴۰۸۲۵۸۰,نوشهر,nowshahr,real-estate,buy-residential
۰۹۳۳۳۵۹۶۵۷۷,نوشهر,nowshahr,real-estate,buy-residential
۰۹۹۲۳۹۷۶۲۶۷,نوشهر,nowshahr,real-estate,buy-residential
۰۹۱۲۲۴۵۳۵۱۳,نوشهر,nowshahr,real-estate,buy-residential
۰۹۹۲۱۶۴۷۰۵۴,نوشهر,nowshahr,real-estate,buy-residential
۰۹۳۶۱۶۳۶۴۸۱,نوشهر,nowshahr,real-estate,buy-residential
۰۹۱۹۴۰۸۲۵۸۰,نوشهر,nowshahr,real-estate,buy-residential
۰۹۳۹۱۴۱۱۶۱۸,نوشهر,nowshahr,real-estate,buy-residential
۰۹۹۲۱۶۴۷۰۵۴,نوشهر,nowshahr,real-estate,buy-residential
۰۹۹۲۳۹۷۶۲۶۷,نوشهر,nowshahr,real-estate,buy-residential
۰۹۳۳۵۰۲۳۸۵۲,نوشهر,nowshahr,real-estate,buy-residential
۰۹۱۲۹۵۲۴۱۳۹,نوشهر,nowshahr,real-estate,buy-residential
۰۹۳۷۴۹۱۴۳۹۷,نوشهر,nowshahr,real-estate,buy-residential
۰۹۳۷۴۹۱۴۳۹۷,نوشهر,nowshahr,real-estate,buy-residential
۰۹۳۷۴۹۱۴۳۹۷,نوشهر,nowshahr,real-estate,buy-residential
۰۹۳۶۱۶۳۶۴۸۱,نوشهر,nowshahr,real-estate,buy-residential
۰۹۳۷۴۹۱۴۳۹۷,نوشهر,nowshahr,real-estate,buy-residential
۰۹۳۶۹۱۱۹۸۶۸,نوشهر,nowshahr,real-estate,buy-residential
۰۹۳۷۴۹۱۴۳۹۷,نوشهر,nowshahr,real-estate,buy-residential
۰۹۱۱۹۲۲۵۲۷۰,نوشهر,nowshahr,real-estate,buy-residential
۰۹۳۶۱۶۳۶۴۸۱,نوشهر,nowshahr,real-estate,buy-residential
۰۹۹۲۳۹۷۶۲۶۷,نوشهر,nowshahr,real-estate,buy-residential
۰۹۳۶۹۱۱۹۸۶۸,نوشهر,nowshahr,real-estate,buy-residential
۰۹۱۲۳۱۳۰۴۷۳,نوشهر,nowshahr,real-estate,buy-residential
۰۹۲۱۵۲۶۸۳۵۲,نوشهر,nowshahr,real-estate,buy-residential
