۰۹۱۱۹۱۶۶۴۶۶,نور,nur,jobs,administrative-jobs
۰۹۱۱۸۱۱۶۲۸۷,نور,nur,jobs,administrative-jobs
۰۹۱۹۹۳۶۸۹۲۸,نور,nur,jobs,janitorial-jobs
۰۹۱۰۶۲۸۲۸۰۰,نور,nur,jobs,janitorial-jobs
۰۹۹۰۹۷۰۶۳۰۲,نور,nur,jobs,service-jobs
۰۹۲۰۳۹۷۶۵۰۰,نور,nur,jobs,service-jobs
۰۹۱۲۲۱۷۷۲۸۰,نور,nur,jobs,service-jobs
۰۹۱۲۳۷۹۴۸۲۹,نور,nur,jobs,service-jobs
۰۹۱۲۵۷۵۸۲۰۳,نور,nur,jobs,service-jobs
۰۹۱۲۱۲۷۵۳۵۳,نور,nur,jobs,service-jobs
۰۹۱۱۱۱۸۲۴۹۸,نور,nur,jobs,service-jobs
(پنهان‌شده؛ چت کنید),نور,nur,jobs,marketing-jobs
۰۹۹۰۱۹۲۸۱۶۰,نور,nur,jobs,marketing-jobs
۰۹۱۵۲۶۲۵۳۵۹,نور,nur,jobs,marketing-jobs
۰۹۱۱۱۲۲۷۶۹۱,نور,nur,jobs,marketing-jobs
۰۹۰۳۱۴۴۴۹۳۰,نور,nur,jobs,marketing-jobs
۰۹۳۵۴۵۵۱۳۸۵,نور,nur,jobs,marketing-jobs
۰۹۱۱۲۱۴۳۱۶۷,نور,nur,jobs,technical-jobs
۰۹۱۹۹۱۹۹۳۷۳,نور,nur,real-estate,buy-residential
۰۹۱۹۰۱۱۴۵۴۳,نور,nur,real-estate,buy-residential
۰۹۱۱۹۱۳۱۸۱۳,نور,nur,real-estate,buy-residential
۰۹۱۹۰۱۱۴۵۴۳,نور,nur,real-estate,buy-residential
۰۹۹۱۳۲۲۷۰۳۴,نور,nur,real-estate,buy-residential
۰۹۳۸۷۲۵۷۰۸۵,نور,nur,real-estate,buy-residential
۰۹۱۹۹۱۶۳۷۳۵,نور,nur,real-estate,buy-residential
۰۹۱۲۲۳۳۲۴۹۰,نور,nur,real-estate,buy-residential
۰۹۱۹۹۸۵۹۰۱۸,نور,nur,real-estate,buy-residential
۰۹۱۱۶۹۰۳۹۵۹,نور,nur,real-estate,buy-residential
۰۹۱۲۱۰۰۸۲۲۳,نور,nur,real-estate,buy-residential
۰۹۱۹۰۱۱۴۵۴۳,نور,nur,real-estate,buy-residential
۰۹۳۸۱۷۴۲۳۸۲,نور,nur,real-estate,buy-residential
۰۹۱۱۹۱۸۴۲۰۹,نور,nur,real-estate,buy-residential
۰۹۳۸۱۷۴۲۳۸۲,نور,nur,real-estate,buy-residential
۰۹۱۱۱۲۰۰۷۷۹,نور,nur,real-estate,buy-residential
۰۹۱۱۱۲۰۰۷۷۹,نور,nur,real-estate,buy-residential
۰۹۰۱۶۵۴۸۶۵۹,نور,nur,real-estate,buy-residential
۰۹۳۳۵۲۹۸۸۵۸,نور,nur,real-estate,buy-residential
۰۹۱۹۷۴۰۴۵۱۳,نور,nur,real-estate,buy-residential
۰۹۳۶۳۲۳۶۵۲۱,نور,nur,real-estate,buy-residential
۰۹۳۳۵۲۹۸۸۵۸,نور,nur,real-estate,buy-residential
۰۹۳۶۳۲۳۶۵۲۱,نور,nur,real-estate,buy-residential
۰۹۳۶۳۲۳۶۵۲۱,نور,nur,real-estate,buy-residential
۰۹۱۲۴۷۹۹۷۴۶,نور,nur,real-estate,buy-residential
۰۹۳۷۹۲۰۲۵۲۱,نور,nur,real-estate,buy-residential
۰۹۳۷۹۲۰۲۵۲۱,نور,nur,real-estate,buy-residential
۰۹۱۱۵۵۴۰۳۷۲,نور,nur,real-estate,buy-residential
۰۹۹۰۶۰۶۲۰۷۲,نور,nur,real-estate,buy-residential
۰۹۱۱۷۳۸۷۶۵۳,نور,nur,real-estate,buy-residential
۰۹۱۲۶۲۱۹۶۳۸,نور,nur,real-estate,buy-residential
۰۹۱۲۴۷۹۹۷۴۶,نور,nur,real-estate,buy-residential
۰۹۱۹۹۵۱۷۸۵۲,نور,nur,real-estate,buy-residential
۰۹۱۱۳۲۵۵۴۵۹,نور,nur,real-estate,buy-residential
۰۹۱۱۳۲۵۵۴۵۹,نور,nur,real-estate,buy-residential
۰۹۱۱۴۳۰۹۰۸۶,نور,nur,real-estate,buy-residential
۰۹۱۱۴۳۰۹۰۸۶,نور,nur,real-estate,buy-residential
۰۹۱۱۳۲۵۵۴۵۹,نور,nur,real-estate,buy-residential
۰۹۱۹۳۴۹۸۰۰۹,نور,nur,real-estate,buy-residential
۰۹۱۱۴۵۸۳۸۹۷,نور,nur,real-estate,buy-residential
۰۹۱۱۳۲۵۵۴۵۹,نور,nur,real-estate,buy-residential
۰۹۱۹۳۴۹۸۰۰۹,نور,nur,real-estate,buy-residential
۰۹۱۱۴۳۰۹۰۸۶,نور,nur,real-estate,buy-residential
۰۹۱۱۷۳۸۷۶۵۳,نور,nur,real-estate,buy-residential
۰۹۱۹۳۴۹۸۰۰۹,نور,nur,real-estate,buy-residential
۰۹۱۱۴۸۷۰۹۰۶,نور,nur,real-estate,buy-residential
۰۹۱۹۳۴۹۸۰۰۹,نور,nur,real-estate,buy-residential
۰۹۱۲۲۵۹۲۷۴۲,نور,nur,real-estate,buy-residential
۰۹۰۵۶۳۲۰۴۹۹,نور,nur,real-estate,buy-residential
۰۹۰۵۶۳۲۰۴۹۹,نور,nur,real-estate,buy-residential
۰۹۱۱۵۸۳۰۱۴۸,نور,nur,real-estate,buy-residential
۰۹۱۲۰۷۵۵۷۵۲,نور,nur,real-estate,buy-residential
۰۹۰۵۶۳۲۰۴۹۹,نور,nur,real-estate,buy-residential
۰۹۰۵۶۳۲۰۴۹۹,نور,nur,real-estate,buy-residential
۰۹۰۵۶۳۲۰۴۹۴,نور,nur,real-estate,buy-residential
۰۹۳۸۱۳۹۸۲۳۵,نور,nur,real-estate,buy-residential
۰۹۱۱۵۰۵۰۹۰۴,نور,nur,real-estate,buy-residential
۰۹۳۸۱۳۹۸۲۳۵,نور,nur,real-estate,buy-residential
۰۹۳۳۰۵۱۹۱۰۵,نور,nur,real-estate,buy-residential
۰۹۱۱۸۹۲۲۲۰۱,نور,nur,real-estate,buy-residential
۰۹۰۵۶۳۲۰۴۹۹,نور,nur,real-estate,buy-residential
۰۹۰۵۶۳۲۰۴۹۴,نور,nur,real-estate,buy-residential
۰۹۳۶۱۶۳۷۷۰۲,نور,nur,real-estate,buy-residential
۰۹۰۵۶۳۲۰۴۹۴,نور,nur,real-estate,buy-residential
۰۹۳۸۱۳۹۸۲۳۵,نور,nur,real-estate,buy-residential
۰۹۳۸۱۳۹۸۲۳۵,نور,nur,real-estate,buy-residential
۰۹۳۸۱۳۹۸۲۳۵,نور,nur,real-estate,buy-residential
۰۹۱۱۵۰۲۳۸۵۳,نور,nur,real-estate,rent-residential
۰۹۱۲۷۶۶۱۳۸۹,نور,nur,real-estate,rent-residential
۰۹۱۱۵۰۲۳۸۵۳,نور,nur,real-estate,rent-residential
۰۹۱۲۷۶۶۱۳۸۹,نور,nur,real-estate,rent-residential
۰۹۱۹۷۴۷۱۸۰۸,نور,nur,real-estate,rent-residential
۰۹۱۹۷۴۷۱۸۰۸,نور,nur,real-estate,rent-residential
۰۹۱۹۷۴۷۱۸۰۸,نور,nur,real-estate,rent-residential
۰۹۱۲۲۸۷۰۷۴۰,نور,nur,real-estate,rent-residential
۰۹۱۱۲۷۱۴۹۵۷,نور,nur,real-estate,rent-residential
۰۹۱۱۴۱۲۴۷۵۵,نور,nur,real-estate,rent-residential
۰۹۳۸۹۳۸۹۰۱۸,نور,nur,real-estate,rent-residential
۰۹۱۹۷۴۷۱۸۰۸,نور,nur,real-estate,rent-residential
۰۹۱۹۷۴۷۱۸۰۸,نور,nur,real-estate,rent-residential
۰۹۱۱۹۱۰۲۳۰۵,نور,nur,real-estate,rent-residential
۰۹۱۱۹۱۰۲۳۰۵,نور,nur,real-estate,rent-residential
۰۹۱۱۱۲۰۷۱۶۱,نور,nur,real-estate,rent-residential
۰۹۱۹۲۴۴۷۲۰۰,نور,nur,real-estate,rent-residential
۰۹۱۹۷۴۷۱۸۰۸,نور,nur,real-estate,rent-residential
۰۹۱۰۱۶۷۳۰۲۹,نور,nur,real-estate,rent-residential
۰۹۱۱۷۱۷۳۵۹۲,نور,nur,real-estate,rent-residential
۰۹۳۹۸۲۲۲۸۸۶,نور,nur,real-estate,rent-residential
۰۹۱۱۱۱۴۷۷۷۵,نور,nur,real-estate,rent-residential
۰۹۳۵۳۷۸۷۵۴۳,نور,nur,real-estate,rent-residential
۰۹۱۲۰۳۰۷۳۳۱,نور,nur,real-estate,rent-residential
۰۹۱۹۷۴۷۱۸۰۸,نور,nur,real-estate,rent-residential
۰۹۱۲۶۹۹۷۶۹۰,نور,nur,real-estate,rent-residential
۰۹۱۱۴۸۷۰۹۰۶,نور,nur,real-estate,rent-residential
۰۹۱۹۳۶۰۵۹۲۳,نور,nur,real-estate,rent-residential
۰۹۱۹۷۴۷۱۸۰۸,نور,nur,real-estate,rent-residential
۰۹۳۳۵۵۵۶۶۱۷,نور,nur,real-estate,rent-residential
۰۹۳۸۷۱۱۵۹۱۱,نور,nur,real-estate,rent-residential
۰۹۱۹۷۴۷۱۸۰۸,نور,nur,real-estate,rent-residential
۰۹۱۹۷۴۷۱۸۰۸,نور,nur,real-estate,rent-residential
۰۹۳۵۲۷۸۵۲۳۰,نور,nur,real-estate,rent-residential
۰۹۱۱۴۸۷۰۹۰۶,نور,nur,real-estate,rent-residential
۰۹۱۱۱۱۴۷۷۷۵,نور,nur,real-estate,rent-residential
۰۹۱۱۱۱۴۷۷۷۵,نور,nur,real-estate,rent-residential
۰۹۱۱۱۱۴۷۷۷۵,نور,nur,real-estate,rent-residential
۰۹۳۷۴۵۲۰۳۰۰,نور,nur,real-estate,rent-residential
۰۹۱۹۰۲۹۲۷۲۲,نور,nur,real-estate,rent-residential
۰۹۳۷۴۵۲۰۳۰۰,نور,nur,real-estate,rent-residential
۰۹۰۱۰۹۱۴۲۵۵,نور,nur,real-estate,rent-residential
۰۹۳۵۳۷۸۷۵۴۳,نور,nur,real-estate,rent-residential
۰۹۳۵۳۷۸۷۵۴۳,نور,nur,real-estate,rent-residential
۰۹۱۱۱۱۳۴۰۷۲,نور,nur,real-estate,rent-residential
۰۹۱۹۷۴۷۱۸۰۸,نور,nur,real-estate,rent-residential
۰۹۱۹۷۴۷۱۸۰۸,نور,nur,real-estate,rent-residential
۰۹۱۹۷۴۷۱۸۰۸,نور,nur,real-estate,rent-residential
۰۹۱۱۲۷۱۴۹۵۷,نور,nur,real-estate,rent-residential
۰۹۳۹۸۲۲۲۸۸۶,نور,nur,real-estate,rent-residential
۰۹۱۱۱۲۵۰۱۵۸,نور,nur,real-estate,rent-residential
۰۹۳۷۴۵۲۰۳۰۰,نور,nur,real-estate,rent-residential
۰۹۹۰۷۲۸۲۰۴۶,نور,nur,real-estate,rent-residential
۰۹۳۷۴۵۲۰۳۰۰,نور,nur,real-estate,rent-residential
۰۹۳۷۴۵۲۰۳۰۰,نور,nur,real-estate,rent-residential
۰۹۳۷۸۷۵۱۹۴۰,نور,nur,real-estate,rent-residential
۰۹۳۷۸۷۵۱۹۴۰,نور,nur,real-estate,rent-residential
۰۹۱۱۱۱۴۷۷۷۵,نور,nur,real-estate,rent-residential
۰۹۰۱۶۴۳۲۰۴۸,نور,nur,real-estate,rent-residential
۰۹۱۲۹۱۷۶۷۷۴,نور,nur,real-estate,rent-residential
۰۹۱۱۴۱۲۴۷۵۵,نور,nur,real-estate,rent-residential
۰۹۹۱۸۶۶۵۴۳۱,نور,nur,real-estate,rent-residential
۰۹۱۹۷۴۷۱۸۰۸,نور,nur,real-estate,rent-residential
۰۹۲۱۳۹۰۹۰۴۲,نور,nur,real-estate,rent-residential
۰۹۱۱۲۷۱۴۹۵۷,نور,nur,real-estate,rent-residential
۰۹۳۷۱۹۸۴۷۶۶,نور,nur,real-estate,rent-residential
۰۹۳۷۱۹۸۴۷۶۶,نور,nur,real-estate,rent-residential
۰۹۱۱۱۲۰۷۱۶۱,نور,nur,real-estate,rent-residential
۰۹۱۱۹۱۲۱۷۷۲,نور,nur,real-estate,buy-commercial-property
۰۹۱۱۹۱۲۱۷۷۲,نور,nur,real-estate,buy-commercial-property
۰۹۳۰۳۰۱۱۹۰۳,نور,nur,real-estate,buy-commercial-property
۰۹۱۱۳۲۲۲۷۷۱,نور,nur,real-estate,buy-commercial-property
۰۹۱۱۳۲۵۷۷۵۳,نور,nur,real-estate,buy-commercial-property
۰۹۱۱۳۲۵۷۷۵۳,نور,nur,real-estate,buy-commercial-property
۰۹۱۲۵۲۷۰۰۲۰,نور,nur,real-estate,buy-commercial-property
۰۹۱۱۷۷۴۴۹۰۴,نور,nur,real-estate,buy-commercial-property
۰۹۱۱۴۱۲۴۷۵۵,نور,nur,real-estate,buy-commercial-property
۰۹۱۱۸۲۱۸۲۰۰,نور,nur,real-estate,buy-commercial-property
۰۹۱۱۸۲۱۸۲۰۰,نور,nur,real-estate,buy-commercial-property
۰۹۱۲۲۶۴۲۰۵۰,نور,nur,real-estate,buy-commercial-property
۰۹۱۱۴۱۲۴۷۵۵,نور,nur,real-estate,buy-commercial-property
۰۹۱۹۲۱۳۳۹۶۵,نور,nur,real-estate,buy-commercial-property
۰۹۱۱۳۹۶۱۲۹۲,نور,nur,real-estate,buy-commercial-property
۰۹۳۶۸۶۷۳۷۱۲,نور,nur,real-estate,buy-commercial-property
۰۹۱۲۰۲۷۱۱۷۹,نور,nur,real-estate,buy-commercial-property
۰۹۱۲۲۵۰۰۹۰۳,نور,nur,real-estate,buy-commercial-property
۰۹۱۲۱۸۳۳۱۶۲,نور,nur,real-estate,buy-commercial-property
۰۹۱۱۶۶۴۰۰۵۲,نور,nur,real-estate,buy-commercial-property
۰۹۳۳۹۷۲۱۱۱۸,نور,nur,real-estate,buy-commercial-property
۰۹۳۹۶۳۳۳۲۰۲,نور,nur,real-estate,buy-commercial-property
۰۹۱۱۴۱۲۴۷۵۵,نور,nur,real-estate,buy-commercial-property
۰۹۱۲۸۸۴۴۴۸۰,نور,nur,real-estate,buy-commercial-property
۰۹۱۱۶۶۴۰۰۵۲,نور,nur,real-estate,buy-commercial-property
۰۹۳۷۴۵۲۰۳۰۰,نور,nur,real-estate,rent-commercial-property
۰۹۱۲۲۶۴۲۰۵۰,نور,nur,real-estate,rent-commercial-property
۰۹۱۹۶۳۲۵۰۸۳,نور,nur,real-estate,rent-commercial-property
۰۹۱۲۲۶۴۲۰۵۰,نور,nur,real-estate,rent-commercial-property
۰۹۱۲۳۵۴۲۵۸۴,نور,nur,real-estate,rent-commercial-property
۰۹۱۲۲۴۹۳۴۶۴,نور,nur,real-estate,rent-commercial-property
۰۹۹۱۳۲۰۹۷۷۰,نور,nur,real-estate,rent-commercial-property
۰۹۳۵۹۰۹۳۹۴۵,نور,nur,real-estate,rent-commercial-property
۰۹۳۸۷۱۱۵۹۱۱,نور,nur,real-estate,rent-commercial-property
۰۹۱۱۶۵۲۱۱۲۴,نور,nur,real-estate,rent-commercial-property
۰۹۱۱۴۱۲۴۷۵۵,نور,nur,real-estate,rent-commercial-property
۰۹۳۶۴۶۲۲۳۰۷,نور,nur,real-estate,rent-temporary
۰۹۳۶۴۶۲۲۳۰۷,نور,nur,real-estate,rent-temporary
۰۹۱۱۶۸۹۲۸۲۴,نور,nur,real-estate,rent-temporary
۰۹۱۱۶۸۹۲۸۲۴,نور,nur,real-estate,rent-temporary
۰۹۱۱۴۳۷۲۱۰۳,نور,nur,real-estate,rent-temporary
۰۹۳۹۸۲۲۲۸۸۶,نور,nur,real-estate,rent-temporary
۰۹۳۹۸۲۲۲۸۸۶,نور,nur,real-estate,rent-temporary
۰۹۳۹۸۲۲۲۸۸۶,نور,nur,real-estate,rent-temporary
۰۹۱۱۷۱۷۳۵۹۲,نور,nur,real-estate,rent-temporary
۰۹۱۱۷۱۷۳۵۹۲,نور,nur,real-estate,rent-temporary
۰۹۱۱۷۱۷۳۵۹۲,نور,nur,real-estate,rent-temporary
۰۹۱۱۹۲۲۷۰۷۲,نور,nur,real-estate,rent-temporary
۰۹۳۶۴۶۲۲۳۰۷,نور,nur,real-estate,rent-temporary
۰۹۱۱۹۰۲۰۴۶۱,نور,nur,real-estate,rent-temporary
۰۹۱۱۴۷۱۸۰۲۶,نور,nur,real-estate,rent-temporary
۰۹۳۵۱۸۲۴۶۵۱,نور,nur,real-estate,rent-temporary
۰۹۱۱۷۱۷۳۵۹۲,نور,nur,real-estate,rent-temporary
۰۹۱۱۷۱۷۳۵۹۲,نور,nur,real-estate,rent-temporary
۰۹۳۹۸۲۲۲۸۸۶,نور,nur,real-estate,rent-temporary
۰۹۳۹۸۲۲۲۸۸۶,نور,nur,real-estate,rent-temporary
۰۹۳۶۹۸۶۵۷۰۷,نور,nur,real-estate,rent-temporary
۰۹۳۷۴۵۲۰۳۰۰,نور,nur,real-estate,rent-temporary
۰۹۳۷۴۵۲۰۳۰۰,نور,nur,real-estate,rent-temporary
۰۹۱۲۱۹۹۶۱۴۶,نور,nur,real-estate,rent-temporary
۰۹۳۶۴۶۲۲۳۰۷,نور,nur,real-estate,rent-temporary
۰۹۱۹۸۱۱۳۴۶۵,نور,nur,real-estate,rent-temporary
۰۹۱۹۸۱۱۳۴۶۵,نور,nur,real-estate,rent-temporary
۰۹۳۵۱۸۲۴۶۵۱,نور,nur,real-estate,rent-temporary
۰۹۱۱۳۲۵۷۴۰۱,نور,nur,real-estate,rent-temporary
۰۹۱۱۷۱۷۳۵۹۲,نور,nur,real-estate,rent-temporary
۰۹۳۹۱۹۲۷۱۱۰,نور,nur,real-estate,rent-temporary
۰۹۳۹۱۹۲۷۱۱۰,نور,nur,real-estate,rent-temporary
۰۹۳۶۴۶۲۲۳۰۷,نور,nur,real-estate,rent-temporary
۰۹۳۹۸۲۲۲۸۸۶,نور,nur,real-estate,rent-temporary
۰۹۳۹۸۲۲۲۸۸۶,نور,nur,real-estate,rent-temporary
۰۹۳۶۹۸۶۵۷۰۷,نور,nur,real-estate,rent-temporary
۰۹۳۹۱۹۲۷۱۱۰,نور,nur,real-estate,rent-temporary
۰۹۱۳۴۲۰۵۰۸۶,نور,nur,real-estate,rent-temporary
۰۹۱۱۷۱۷۳۵۹۲,نور,nur,real-estate,rent-temporary
۰۹۱۱۸۵۵۰۴۵۶,نور,nur,real-estate,rent-temporary
۰۹۱۱۷۱۷۳۵۹۲,نور,nur,real-estate,rent-temporary
۰۹۳۹۸۲۲۲۸۸۶,نور,nur,real-estate,rent-temporary
۰۹۳۹۸۲۲۲۸۸۶,نور,nur,real-estate,rent-temporary
۰۹۱۱۴۷۵۳۵۷۸,نور,nur,real-estate,rent-temporary
۰۹۱۱۳۲۵۲۱۵۲,نور,nur,real-estate,rent-temporary
۰۹۱۱۴۷۵۳۵۷۸,نور,nur,real-estate,rent-temporary
۰۹۳۹۱۹۲۷۱۱۰,نور,nur,real-estate,rent-temporary
۰۹۳۹۱۹۲۷۱۱۰,نور,nur,real-estate,rent-temporary
۰۹۳۹۱۹۲۷۱۱۰,نور,nur,real-estate,rent-temporary
۰۹۲۲۳۸۳۴۱۱۳,نور,nur,real-estate,rent-temporary
۰۹۳۶۸۸۴۴۲۴۷,نور,nur,real-estate,rent-temporary
۰۹۱۱۷۱۷۳۵۹۲,نور,nur,real-estate,rent-temporary
۰۹۳۹۸۲۲۲۸۸۶,نور,nur,real-estate,rent-temporary
۰۹۳۹۸۴۶۶۰۳۷,نور,nur,real-estate,rent-temporary
۰۹۳۵۱۸۲۴۶۵۱,نور,nur,real-estate,rent-temporary
۰۹۱۲۴۲۱۶۵۰۵,نور,nur,real-estate,rent-temporary
۰۹۱۲۴۲۱۶۵۰۵,نور,nur,real-estate,rent-temporary
۰۹۱۲۴۲۱۶۵۰۵,نور,nur,real-estate,rent-temporary
۰۹۱۲۴۲۱۶۵۰۵,نور,nur,real-estate,rent-temporary
۰۹۳۷۴۵۲۰۳۰۰,نور,nur,real-estate,rent-temporary
۰۹۳۷۴۵۲۰۳۰۰,نور,nur,real-estate,rent-temporary
۰۹۱۲۸۹۹۴۷۵۶,نور,nur,real-estate,rent-temporary
۰۹۳۹۸۴۶۶۰۳۷,نور,nur,real-estate,rent-temporary
۰۹۳۸۸۶۵۹۳۹۵,نور,nur,real-estate,rent-temporary
۰۹۱۱۶۸۶۶۷۰۵,نور,nur,real-estate,rent-temporary
۰۹۳۹۸۴۶۶۰۳۷,نور,nur,real-estate,rent-temporary
۰۹۳۹۱۹۲۷۱۱۰,نور,nur,real-estate,rent-temporary
۰۹۳۹۸۶۶۰۴۰۹,نور,nur,real-estate,real-estate-services
۰۹۱۱۳۲۵۰۴۵۹,نور,nur,real-estate,real-estate-services
۰۹۳۳۴۷۱۳۸۰۹,نور,nur,real-estate,real-estate-services
۰۹۱۹۷۰۱۲۴۵۴,نور,nur,real-estate,real-estate-services
۰۹۱۹۸۹۵۴۵۰۴,نور,nur,real-estate,real-estate-services
۰۹۱۱۴۱۲۴۷۵۵,نور,nur,real-estate,real-estate-services
۰۹۱۱۴۱۲۴۷۵۵,نور,nur,real-estate,real-estate-services
۰۹۱۶۰۶۶۲۳۴۲,نور,nur,real-estate,real-estate-services
۰۹۳۶۶۶۱۱۳۹۰,نور,nur,real-estate,real-estate-services
۰۹۱۱۳۴۵۷۶۳۸,نور,nur,real-estate,real-estate-services
۰۹۱۱۳۲۲۰۰۸۹,نور,nur,real-estate,real-estate-services
۰۹۱۱۹۰۴۵۲۹۲,نور,nur,real-estate,real-estate-services
۰۹۱۲۹۵۸۰۱۹۱,نور,nur,real-estate,real-estate-services
۰۹۳۷۶۳۱۴۹۱۵,نور,nur,real-estate,real-estate-services
۰۹۱۹۹۷۴۹۸۹۱,نور,nur,real-estate,real-estate-services
۰۹۱۹۸۶۴۴۶۳۳,نور,nur,real-estate,real-estate-services
۰۹۱۰۱۹۷۸۲۱۶,نور,nur,real-estate,real-estate-services
۰۹۳۳۴۸۸۶۲۸۴,نور,nur,real-estate,real-estate-services
۰۹۱۰۱۹۷۸۲۱۶,نور,nur,real-estate,real-estate-services
۰۹۱۰۱۹۷۸۲۱۶,نور,nur,real-estate,real-estate-services
۰۹۱۱۱۱۴۵۲۲۶,نور,nur,real-estate,real-estate-services
۰۹۰۵۵۸۲۵۸۱۲,نور,nur,vehicles,auto
۰۹۱۱۲۱۶۹۴۶۲,نور,nur,vehicles,auto
۰۹۱۹۶۴۶۱۸۴۶,نور,nur,vehicles,auto
۰۹۱۱۲۲۲۳۸۹۴,نور,nur,vehicles,auto
۰۹۳۰۴۲۹۳۴۴۱,نور,nur,vehicles,auto
۰۹۰۱۰۸۴۲۰۲۴,نور,nur,vehicles,auto
۰۹۳۸۲۱۶۵۹۲۹,نور,nur,vehicles,auto
۰۹۱۰۵۸۶۳۸۷۲,نور,nur,vehicles,auto
۰۹۱۱۶۹۲xxxx,نور,nur,vehicles,auto
۰۹۱۲۴۳۱۶۵۹۳,نور,nur,vehicles,auto
۰۹۱۱۲۲۵۴۳۴۵,نور,nur,vehicles,auto
۰۹۱۱۹۱۰۰۰۷۸,نور,nur,vehicles,auto
۰۹۳۵۸۰۰۴۶۹۶,نور,nur,vehicles,auto
۰۹۱۱۹۱۹۵۷۳۹,نور,nur,vehicles,auto
۰۹۹۱۹۲۹۹۹۲۸,نور,nur,vehicles,auto
۰۹۱۱۳۲۵۱۰۴۹,نور,nur,vehicles,auto
۰۹۳۹۹۹۷۴۴۵۳,نور,nur,vehicles,auto
۰۹۳۸۸۴۴۵۲۵۲,نور,nur,vehicles,auto
۰۹۱۱۹۰۱۹۹۱۹,نور,nur,vehicles,auto
۰۹۰۵۵۸۱۷۵۸۰,نور,nur,vehicles,auto
۰۹۱۱۷۲۰۰۳۲۲,نور,nur,vehicles,auto
۰۹۰۲۱۹۸۱۰۷۸,نور,nur,vehicles,auto
۰۹۳۵۶۴۰۱۶۱۶,نور,nur,vehicles,auto
۰۹۳۷۴۱۳۴۲۴۳,نور,nur,vehicles,auto
۰۹۱۱۷۳۷۱۳۷۱,نور,nur,vehicles,auto
۰۹۱۱۱۲۷۴۸۱۱,نور,nur,vehicles,auto
۰۹۱۱۶۸۵۹۴۵۴,نور,nur,vehicles,auto
۰۹۱۲۳۳۴۰۳۴۵,نور,nur,vehicles,auto
۰۹۱۲۸۰۹۵۷۰۷,نور,nur,vehicles,auto
۰۹۰۳۹۱۰۹۵۷۵,نور,nur,vehicles,auto
۰۹۳۵۵۰۴۸۰۴۳,نور,nur,vehicles,auto
۰۹۱۱۷۵۵۰۶۹۶,نور,nur,vehicles,auto
۰۹۱۱۵۹۱۵۶۵۴,نور,nur,vehicles,auto
۰۹۰۵۸۲۸۴۵۴۰,نور,nur,vehicles,auto
۰۹۱۱۳۲۱۴۹۱۶,نور,nur,vehicles,auto
۰۹۱۲۵۹۵۳۶۵۰,نور,nur,vehicles,auto
۰۹۱۱۹۲۲۸۵۹۰,نور,nur,vehicles,auto
۰۹۰۵۸۹۸۳۵۸۵,نور,nur,vehicles,auto
۰۹۰۳۱۱۶۴۷۰۳,نور,nur,vehicles,auto
۰۹۳۶۷۵۱۰۳۶۱,نور,nur,vehicles,auto
۰۹۱۲۸۰۹۵۷۰۷,نور,nur,vehicles,auto
۰۹۹۰۱۶۵۴۹۵۱,نور,nur,vehicles,auto
۰۹۱۱۹۲۰۳۴۶۷,نور,nur,vehicles,auto
۰۹۳۵۲۲۶۷۱۴۶,نور,nur,vehicles,auto
۰۹۱۲۲۹۷۷۷۷۲,نور,nur,vehicles,auto
۰۹۱۱۹۱۸۴۲۰۹,نور,nur,vehicles,auto
۰۹۱۱۱۲۰۳۰۵۰,نور,nur,vehicles,auto
۰۹۱۲۰۶۹۴۷۶۷,نور,nur,vehicles,auto
۰۹۱۹۷۷۴۶۴۸۸,نور,nur,vehicles,auto
۰۹۳۹۴۲۹۵۰۸۱,نور,nur,vehicles,auto
۰۹۱۲۵۷۶۷۶۷۱,نور,nur,vehicles,auto
۰۹۱۱۱۱۵۲۵۸۶,نور,nur,vehicles,auto
۰۹۱۲۰۱۸۹۲۱۴,نور,nur,vehicles,auto
۰۹۱۱۲۱۷۶۵۰۲,نور,nur,vehicles,auto
۰۹۳۸۲۳۴۹۶۲۵,نور,nur,vehicles,auto
۰۹۱۱۱۲۰۲۰۸۵,نور,nur,vehicles,auto
۰۹۱۹۸۲۱۳۸۰۵,نور,nur,vehicles,auto
۰۹۱۱۶۸۵۹۴۵۴,نور,nur,vehicles,auto
۰۹۱۴۸۹۸۸۹۳۸,نور,nur,vehicles,auto
۰۹۱۱۲۱۰۶۲۶۷,نور,nur,vehicles,auto
۰۹۱۲۸۰۹۵۷۰۷,نور,nur,vehicles,auto
۰۹۱۹۰۸۷۰۹۰۳,نور,nur,vehicles,auto
۰۹۳۹۷۹۶۵۲۲۳,نور,nur,vehicles,auto
۰۹۱۱۱۲۵۷۱۵۷,نور,nur,vehicles,auto
۰۹۳۳۶۲۹۸۸۲۰,نور,nur,vehicles,car-accessories
۰۹۳۰۹۶۶۲۱۶۹,نور,nur,vehicles,car-accessories
۰۹۱۱۳۲۷۷۰۶۶,نور,nur,vehicles,car-accessories
۰۹۳۳۹۹۲۰۸۹۱,نور,nur,vehicles,car-accessories
۰۹۱۳۳۱۶۹۵۵۴,نور,nur,vehicles,car-accessories
۰۹۱۱۱۲۲۰۱۱۸,نور,nur,vehicles,car-accessories
۰۹۳۰۳۰۳۷۹۵۱,نور,nur,vehicles,car-accessories
۰۹۳۷۵۷۶۳۹۱۸,نور,nur,vehicles,car-accessories
۰۹۱۲۵۷۶۷۶۷۱,نور,nur,vehicles,car-accessories
۰۹۱۱۴۴۱۳۶۶۰,نور,nur,vehicles,car-accessories
۰۹۳۶۵۲۰۵۷۸۲,نور,nur,vehicles,car-accessories
۰۹۱۱۳۲۲۰۵۴۰,نور,nur,vehicles,car-accessories
۰۹۱۵۵۲۸۶۰۹۴,نور,nur,vehicles,car-accessories
۰۹۱۱۵۸۶۶۳۰۰,نور,nur,vehicles,car-accessories
۰۹۱۱۱۲۰۴۹۴۰,نور,nur,vehicles,car-accessories
۰۹۱۱۶۸۶۷۴۸۱,نور,nur,vehicles,car-accessories
۰۹۱۱۴۵۷۸۱۴۷,نور,nur,vehicles,car-accessories
۰۹۱۱۲۲۲۳۸۹۴,نور,nur,vehicles,motorcycles
۰۹۳۷۶۲۰۹۸۴۴,نور,nur,vehicles,motorcycles
۰۹۰۱۱۴۵۸۹۶۹,نور,nur,vehicles,motorcycles
۰۹۱۲۵۴۲۰۰۷۱,نور,nur,vehicles,motorcycles
۰۹۱۹۸۱۱۳۴۶۵,نور,nur,vehicles,motorcycles
۰۹۱۲۳۳۳۳۵۷۱,نور,nur,vehicles,motorcycles
۰۹۱۹۸۱۱۳۴۶۵,نور,nur,vehicles,motorcycles
۰۹۳۰۸۸۹۲۰۹۸,نور,nur,vehicles,motorcycles
۰۹۳۳۳۱۴۰۴۴۵,نور,nur,vehicles,motorcycles
۰۹۳۷۳۲۳۳۶۹۳,نور,nur,vehicles,motorcycles
۰۹۳۶۸۵۶۰۳۶۹,نور,nur,vehicles,motorcycles
۰۹۳۸۷۱۸۲۴۸۰,نور,nur,vehicles,motorcycles
۰۹۳۰۹۸۳۱۸۶۳,نور,nur,vehicles,motorcycles
۰۹۱۲۸۶۵۶۲۸۲,نور,nur,vehicles,motorcycles
۰۹۱۲۷۲۰۵۷۵۱,نور,nur,vehicles,motorcycles
۰۹۰۱۷۸۰۸۳۸۳,نور,nur,vehicles,motorcycles
۰۹۳۷۱۴۱۷۹۶۰,نور,nur,vehicles,motorcycles
۰۹۱۱۴۰۸۷۰۶۴,نور,nur,vehicles,motorcycles
۰۹۱۱۱۰۰۸۵۲۳,نور,nur,electronic-devices,mobile-tablet
۰۹۱۱۶۸۸۶۶۸۹,نور,nur,electronic-devices,mobile-tablet
۰۹۱۲۱۹۴۷۸۴۵,نور,nur,electronic-devices,mobile-tablet
۰۹۳۰۰۹۳۳۵۸۲,نور,nur,electronic-devices,mobile-tablet
۰۹۳۰۰۹۳۳۵۸۲,نور,nur,electronic-devices,mobile-tablet
۰۹۳۳۵۲۰۷۳۰۴,نور,nur,electronic-devices,mobile-tablet
۰۹۳۵۵۵۰۲۴۳۰,نور,nur,electronic-devices,mobile-tablet
۰۹۱۱۵۷۵۰۶۶۷,نور,nur,electronic-devices,mobile-tablet
۰۹۱۱۹۱۷۹۷۵۱,نور,nur,electronic-devices,mobile-tablet
۰۹۱۱۳۹۰۷۹۸۱,نور,nur,electronic-devices,mobile-tablet
۰۹۳۸۹۳۸۹۰۱۸,نور,nur,electronic-devices,mobile-tablet
۰۹۳۹۳۴۷۹۶۷۵,نور,nur,electronic-devices,mobile-tablet
۰۹۱۱۱۲۰۲۵۸۸,نور,nur,electronic-devices,mobile-tablet
۰۹۳۵۸۹۳۶۷۲۳,نور,nur,electronic-devices,mobile-tablet
۰۹۱۱۸۹۶۰۶۰۲,نور,nur,electronic-devices,mobile-tablet
۰۹۰۲۲۲۵۰۰۴۹,نور,nur,electronic-devices,mobile-tablet
۰۹۱۹۸۳۲۱۵۶۰,نور,nur,electronic-devices,mobile-tablet
۰۹۱۱۸۰۰۰۷۴۳,نور,nur,electronic-devices,mobile-tablet
۰۹۳۳۸۹۸۷۶۲۶,نور,nur,electronic-devices,mobile-tablet
۰۹۳۷۶۳۵۰۵۵۵,نور,nur,electronic-devices,mobile-tablet
۰۹۰۵۷۵۲۱۴۳۹,نور,nur,electronic-devices,mobile-tablet
۰۹۳۶۵۴۰۹۲۵۶,نور,nur,electronic-devices,mobile-tablet
۰۹۰۱۱۹۱۱۳۱۴,نور,nur,electronic-devices,mobile-tablet
۰۹۳۹۳۶۶۲۲۳۸,نور,nur,electronic-devices,computers
۰۹۳۰۱۲۲۱۳۶۳,نور,nur,electronic-devices,computers
۰۹۰۲۷۳۸۶۹۶۱,نور,nur,electronic-devices,computers
۰۹۱۱۹۲۱۶۱۵۱,نور,nur,electronic-devices,computers
۰۹۱۱۹۲۱۶۱۵۱,نور,nur,electronic-devices,computers
۰۹۱۱۹۲۱۶۱۵۱,نور,nur,electronic-devices,computers
۰۹۱۱۷۴۴۴۶۹۴,نور,nur,electronic-devices,computers
۰۹۱۱۷۴۴۴۶۹۴,نور,nur,electronic-devices,computers
۰۹۳۷۴۹۸۰۹۵۰,نور,nur,electronic-devices,computers
۰۹۱۱۴۷۱۹۳۸۱,نور,nur,electronic-devices,game-consoles
(پنهان‌شده؛ چت کنید),نور,nur,electronic-devices,game-consoles
۰۹۹۱۷۸۷۴۵۷۲,نور,nur,electronic-devices,game-consoles
۰۹۳۳۸۹۸۷۶۲۶,نور,nur,electronic-devices,game-consoles
۰۹۳۰۲۲۵۰۱۹۶,نور,nur,electronic-devices,game-consoles
۰۹۱۱۶۸۸۶۶۸۹,نور,nur,electronic-devices,video-audio-device
۰۹۳۶۵۹۰۳۱۳۸,نور,nur,electronic-devices,video-audio-device
۰۹۳۵۱۱۴۰۲۳۰,نور,nur,electronic-devices,video-audio-device
۰۹۰۲۱۹۸۱۰۷۸,نور,nur,electronic-devices,video-audio-device
۰۹۱۱۹۰۱۷۱۶۰,نور,nur,electronic-devices,video-audio-device
۰۹۱۱۹۰۱۷۱۶۰,نور,nur,electronic-devices,video-audio-device
۰۹۱۱۹۰۱۷۱۶۰,نور,nur,electronic-devices,video-audio-device
۰۹۳۰۵۵۹۵۱۱۵,نور,nur,electronic-devices,video-audio-device
۰۹۱۱۹۰۷۹۱۳۸,نور,nur,electronic-devices,video-audio-device
۰۹۱۲۴۳۴۱۴۲۱,نور,nur,electronic-devices,video-audio-device
۰۹۰۵۹۸۷۱۳۱۱,نور,nur,electronic-devices,video-audio-device
۰۹۰۳۴۰۱۸۵۶۳,نور,nur,electronic-devices,video-audio-device
۰۹۱۹۴۶۹۳۰۰۱,نور,nur,home-and-kitchen,home-decor-furniture
۰۹۱۹۴۶۹۳۰۰۱,نور,nur,home-and-kitchen,home-decor-furniture
۰۹۱۹۴۶۹۳۰۰۱,نور,nur,home-and-kitchen,home-decor-furniture
۰۹۱۲۳۰۱۲۹۹۲,نور,nur,home-and-kitchen,home-decor-furniture
(پنهان‌شده؛ چت کنید),نور,nur,home-and-kitchen,home-decor-furniture
۰۹۱۱۹۲۱۵۵۲۸,نور,nur,home-and-kitchen,home-decor-furniture
۰۹۳۷۱۵۳۵۰۶۳,نور,nur,home-and-kitchen,home-decor-furniture
۰۹۳۷۱۵۳۵۰۶۳,نور,nur,home-and-kitchen,home-decor-furniture
۰۹۱۰۹۱۰۴۹۸۰,نور,nur,home-and-kitchen,home-decor-furniture
۰۹۱۹۱۹۹۵۴۳۱,نور,nur,home-and-kitchen,home-decor-furniture
۰۹۳۵۶۳۱۶۹۰۱,نور,nur,home-and-kitchen,home-decor-furniture
۰۹۱۱۸۵۴۶۶۰۲,نور,nur,home-and-kitchen,home-decor-furniture
۰۹۱۱۳۲۵۷۷۵۳,نور,nur,home-and-kitchen,home-decor-furniture
(پنهان‌شده؛ چت کنید),نور,nur,home-and-kitchen,home-decor-furniture
۰۹۱۱۹۱۸۶۵۶۲,نور,nur,home-and-kitchen,home-decor-furniture
۰۹۱۹۳۰۴۸۸۰۶,نور,nur,home-and-kitchen,home-decor-furniture
۰۹۳۸۱۳۸۱۳۰۲,نور,nur,home-and-kitchen,home-decor-furniture
۰۹۱۰۹۰۷۴۰۴۱,نور,nur,home-and-kitchen,home-decor-furniture
۰۹۱۲۸۲۴۵۴۷۰,نور,nur,home-and-kitchen,home-decor-furniture
(پنهان‌شده؛ چت کنید),نور,nur,home-and-kitchen,home-decor-furniture
(پنهان‌شده؛ چت کنید),نور,nur,home-and-kitchen,home-decor-furniture
۰۹۳۶۶۶۷۷۰۹۰,نور,nur,home-and-kitchen,home-decor-furniture
۰۹۳۶۶۶۷۷۰۹۰,نور,nur,home-and-kitchen,home-decor-furniture
۰۹۰۱۳۰۹xxxx,نور,nur,home-and-kitchen,kitchen-appliances
۰۹۰۵۶۸۶۹۹۶۴,نور,nur,home-and-kitchen,kitchen-appliances
۰۹۱۲۸۲۴۵۴۷۰,نور,nur,home-and-kitchen,kitchen-appliances
۰۹۱۳۳۱۶۹۵۵۴,نور,nur,home-and-kitchen,kitchen-appliances
۰۹۳۰۰۶۸۶۹۶۶,نور,nur,home-and-kitchen,kitchen-appliances
۰۹۳۶۹۸۶۵۷۱۸,نور,nur,home-and-kitchen,kitchen-appliances
۰۹۱۱۴۱۲۶۰۸۷,نور,nur,home-and-kitchen,kitchen-appliances
(پنهان‌شده؛ چت کنید),نور,nur,home-and-kitchen,kitchen-appliances
۰۹۱۹۰۸۸۱۳۴۹,نور,nur,home-and-kitchen,kitchen-appliances
۰۹۲۱۴۸۰۳۷۱۳,نور,nur,home-and-kitchen,kitchen-appliances
۰۹۳۹۲۹۹۷۷۱۵,نور,nur,home-and-kitchen,kitchen-appliances
۰۹۳۹۲۹۹۷۷۱۵,نور,nur,home-and-kitchen,kitchen-appliances
۰۹۱۱۹۰۷۹۱۳۸,نور,nur,home-and-kitchen,kitchen-appliances
۰۹۱۱۳۲۱۹۳۳۶,نور,nur,home-and-kitchen,kitchen-appliances
۰۹۱۱۳۲۱۹۳۳۶,نور,nur,home-and-kitchen,kitchen-appliances
۰۹۱۹۲۸۹۲۰۴۹,نور,nur,home-and-kitchen,kitchen-appliances
۰۹۳۶۳۸۶۶۵۷۴,نور,nur,home-and-kitchen,kitchen-appliances
۰۹۱۳۳۱۶۹۵۵۴,نور,nur,home-and-kitchen,home-appliances
۰۹۱۱۳۲۱۹۳۳۶,نور,nur,home-and-kitchen,home-appliances
۰۹۱۱۷۴۴۴۶۹۴,نور,nur,home-and-kitchen,home-appliances
۰۹۳۶۳۸۶۶۵۷۴,نور,nur,home-and-kitchen,home-appliances
۰۹۱۱۹۱۶۶۲۰۴,نور,nur,home-and-kitchen,building-garden
۰۹۳۵۱۱۲۶۴۵۴,نور,nur,home-and-kitchen,building-garden
۰۹۱۳۳۱۶۹۵۵۴,نور,nur,home-and-kitchen,building-garden
۰۹۱۸۶۴۲۰۶۴۹,نور,nur,home-and-kitchen,building-garden
۰۹۳۷۱۵۵۵۴۱۳,نور,nur,home-and-kitchen,building-garden
۰۹۳۵۵۵۰۲۴۳۰,نور,nur,home-and-kitchen,building-garden
۰۹۱۲۳۵۹۷۶۲۴,نور,nur,home-and-kitchen,building-garden
۰۹۱۲۲۵۷۸۸۲۷,نور,nur,home-and-kitchen,building-garden
۰۹۱۱۹۲۲۷۰۷۲,نور,nur,home-and-kitchen,building-garden
(پنهان‌شده؛ چت کنید),نور,nur,home-and-kitchen,building-garden
۰۹۱۱۷۳۴۵۸۲۷,نور,nur,home-and-kitchen,building-garden
۰۹۱۰۶۶۹۰۶۲۵,نور,nur,home-and-kitchen,building-garden
۰۹۹۰۵۳۸۶۴۷۵,نور,nur,services,vehicles-services
۰۹۱۱۱۲۵۸۲۹۴,نور,nur,services,vehicles-services
۰۹۳۸۰۲۵۳۰۵۲,نور,nur,services,vehicles-services
۰۹۲۲۰۱۰۵۱۶۵,نور,nur,services,technology-services
۰۹۰۵۴۳۲۹۸۱۹,نور,nur,services,technology-services
۰۹۰۵۴۳۲۹۸۱۸,نور,nur,services,technology-services
۰۹۳۸۳۸۴۶۳۵۱,نور,nur,services,technology-services
۰۹۰۵۴۳۲۹۸۱۸,نور,nur,services,technology-services
۰۹۰۵۴۳۲۹۸۱۹,نور,nur,services,technology-services
۰۹۹۰۵۳۸xxxx,نور,nur,services,financial-services
۰۹۱۱۲۹۷xxxx,نور,nur,services,financial-services
۰۹۱۱۸۰۷۵۷۴۴,نور,nur,services,transport-logistic-services
۰۹۰۵۹۴۹۶۱۲۱,نور,nur,services,transport-logistic-services
۰۹۰۵۹۴۹۶۱۲۱,نور,nur,services,transport-logistic-services
۰۹۰۵۹۴۹۶۱۲۱,نور,nur,services,transport-logistic-services
۰۹۳۹۰۸۰۱۴۶۲,نور,nur,services,transport-logistic-services
۰۹۱۲۴۷۵۳۵۸۰,نور,nur,services,transport-logistic-services
۰۹۱۱۴۲۶۱۵۶۹,نور,nur,services,transport-logistic-services
۰۹۳۶۲۰۹۰۵۳۷,نور,nur,services,transport-logistic-services
۰۹۱۱۸۶۲۸۶۰۸,نور,nur,services,craft-skill-services
(پنهان‌شده؛ چت کنید),نور,nur,services,craft-skill-services
۰۹۱۱۹۲۱۶۱۵۱,نور,nur,services,craft-skill-services
۰۹۰۵۹۴۹۶۱۲۱,نور,nur,services,craft-skill-services
۰۹۰۵۹۴۹۶۱۲۱,نور,nur,services,craft-skill-services
۰۹۱۹۹۱۲۹۰۲۳,نور,nur,services,craft-skill-services
۰۹۱۰۵۵۵۲۸۵۶,نور,nur,services,craft-skill-services
۰۹۰۵۹۴۹۶۱۲۱,نور,nur,services,craft-skill-services
۰۹۰۵۹۴۹۶۱۲۱,نور,nur,services,craft-skill-services
۰۹۰۵۹۴۹۶۱۲۱,نور,nur,services,craft-skill-services
۰۹۳۹۴۲۸۲۸۴۰,نور,nur,services,craft-skill-services
۰۹۱۱۲۱۰۴۳۵۶,نور,nur,services,craft-skill-services
۰۹۰۵۹۴۹۶۱۲۱,نور,nur,services,craft-skill-services
۰۹۰۵۹۴۹۶۱۲۱,نور,nur,services,craft-skill-services
۰۹۳۹۴۲۸۲۸۴۰,نور,nur,services,craft-skill-services
۰۹۰۵۹۴۹۶۱۲۱,نور,nur,services,craft-skill-services
(پنهان‌شده؛ چت کنید),نور,nur,services,craft-skill-services
۰۹۹۰۵۹۰۸۰۲۶,نور,nur,services,craft-skill-services
۰۹۰۵۹۴۹۶۱۲۱,نور,nur,services,craft-skill-services
۰۹۰۵۹۴۹۶۱۲۱,نور,nur,services,craft-skill-services
۰۹۰۵۹۴۹۶۱۲۱,نور,nur,services,craft-skill-services
۰۹۱۱۵۷۴۶۷۱۱,نور,nur,services,craft-skill-services
۰۹۱۱۹۱۷۹۱۳۱,نور,nur,services,craft-skill-services
۰۹۱۴۱۵۰۸۳۵۹,نور,nur,services,craft-skill-services
۰۹۳۹۴۲۸۲۸۴۰,نور,nur,services,craft-skill-services
۰۹۹۰۶۹۶۶۴۷۴,نور,nur,services,craft-skill-services
۰۹۳۹۴۲۸۲۸۴۰,نور,nur,services,craft-skill-services
۰۹۱۱۱۲۵۵۲۲۱,نور,nur,services,craft-skill-services
۰۹۳۳۴۴۷۲۶۴۴,نور,nur,services,craft-skill-services
۰۹۱۲۳۱۴۱۸۰۳,نور,nur,services,craft-skill-services
۰۹۳۹۳۷۶۹۳۲۲,نور,nur,services,craft-skill-services
۰۹۱۱۸۶۳۹۱۹۶,نور,nur,services,craft-skill-services
۰۹۱۱۷۴۴۴۵۲۸,نور,nur,services,craft-skill-services
۰۹۹۲۳۶۸۲۴۷۴,نور,nur,services,craft-skill-services
۰۹۳۶۹۵۰۷۹۰۰,نور,nur,services,craft-skill-services
۰۹۳۷۲۱۵۲۸۱۲,نور,nur,services,craft-skill-services
۰۹۱۱۶۲۴۲۰۲۴,نور,nur,services,craft-skill-services
۰۹۱۲۰۱۳۹۶۹۴,نور,nur,services,craft-skill-services
۰۹۱۲۵۳۵۸۰۳۸,نور,nur,services,craft-skill-services
۰۹۳۶۲۰۹۰۵۳۷,نور,nur,services,craft-skill-services
۰۹۱۲۰۷۹۲۴۱۴,نور,nur,services,craft-skill-services
۰۹۲۱۱۰۲۲۰۴۷,نور,nur,services,beauty-services
۰۹۳۹۴۰۳۳۳۷۹,نور,nur,services,beauty-services
۰۹۰۳۷۵۴۵۲۰۷,نور,nur,services,beauty-services
۰۹۳۷۵۸۲۷۰۵۴,نور,nur,services,beauty-services
۰۹۲۱۱۳۵۵۷۴۳,نور,nur,services,beauty-services
۰۹۱۲۸۶۶۴۹۴۰,نور,nur,services,beauty-services
۰۹۱۲۲۴۰۱۹۷۵,نور,nur,services,beauty-services
۰۹۹۰۳۷۰۷۱۰۸,نور,nur,services,beauty-services
۰۹۳۰۰۹۳۳۵۸۲,نور,nur,services,entertaining-services
۰۹۱۹۵۹۱۴۸۴۳,نور,nur,services,cleaning-services
۰۹۰۵۹۴۹۶۱۲۱,نور,nur,services,cleaning-services
۰۹۹۱۵۷۷۴۷۶۱,نور,nur,services,cleaning-services
۰۹۱۵۷۷۰۵۳۹۹,نور,nur,services,cleaning-services
۰۹۹۱۳۴۱۵۳۹۱,نور,nur,services,cleaning-services
۰۹۳۸۱۳۱۳۰۹۵,نور,nur,services,cleaning-services
۰۹۳۹۳۴۹۴۲۲۳,نور,nur,services,gardening-services
۰۹۱۱۲۷۶۷۲۱۳,نور,nur,services,gardening-services
۰۹۳۳۴۵۸۱۴۲۵,نور,nur,services,teaching-services
۰۹۱۰۴۵۵۴۶۳۳,نور,nur,services,teaching-services
۰۹۳۳۳۵۶۱۳۷۸,نور,nur,services,teaching-services
۰۹۱۱۳۰۰۳۱۹۷,نور,nur,services,teaching-services
۰۹۳۵۷۶۰۴۴۴۰,نور,nur,services,teaching-services
۰۹۲۲۹۶۲۹۳۷۴,نور,nur,services,teaching-services
۰۹۱۱۹۱۹۵۹۲۲,نور,nur,personal-goods,apparel
۰۹۱۱۹۱۹۵۹۲۲,نور,nur,personal-goods,apparel
۰۹۱۱۹۱۹۵۹۲۲,نور,nur,personal-goods,apparel
(پنهان‌شده؛ چت کنید),نور,nur,personal-goods,apparel
(پنهان‌شده؛ چت کنید),نور,nur,personal-goods,apparel
۰۹۱۹۹۶۷۹۹۰۹,نور,nur,personal-goods,apparel
۰۹۱۹۹۶۷۹۹۰۹,نور,nur,personal-goods,apparel
۰۹۱۹۹۶۷۹۹۰۹,نور,nur,personal-goods,apparel
۰۹۳۶۵۰۰۱۳۰۳,نور,nur,personal-goods,apparel
۰۹۱۱۷۴۴۴۵۲۸,نور,nur,personal-goods,apparel
۰۹۹۱۵۲۸۴۶۹۸,نور,nur,personal-goods,apparel
۰۹۹۰۷۱۱۲۱۶۸,نور,nur,personal-goods,apparel
۰۹۳۷۳۹۹۳۱۵۵,نور,nur,personal-goods,apparel
۰۹۳۵۳۹۰۹۵۲۲,نور,nur,personal-goods,apparel
۰۹۳۵۳۹۰۹۵۲۲,نور,nur,personal-goods,apparel
۰۹۳۸۶۸۵۸۴۳۱,نور,nur,personal-goods,apparel
۰۹۹۲۸۲۶۰۷۷۵,نور,nur,personal-goods,apparel
۰۹۰۱۱۲۸۵۴۴۲,نور,nur,personal-goods,apparel
۰۹۱۱۸۲۷۸۲۰۴,نور,nur,personal-goods,accessories
۰۹۱۳۳۱۶۹۵۵۴,نور,nur,personal-goods,accessories
(پنهان‌شده؛ چت کنید),نور,nur,personal-goods,accessories
۰۹۳۷۵۷۶۳۹۱۸,نور,nur,personal-goods,beauty-and-personal-care
۰۹۳۳۵۲۰۷۳۰۴,نور,nur,personal-goods,beauty-and-personal-care
۰۹۳۳۵۲۰۷۳۰۴,نور,nur,personal-goods,beauty-and-personal-care
۰۹۰۱۹۲۹۱۰۶۰,نور,nur,personal-goods,beauty-and-personal-care
۰۹۰۱۹۲۹۱۰۶۰,نور,nur,personal-goods,beauty-and-personal-care
۰۹۰۱۹۲۹۱۰۶۰,نور,nur,personal-goods,beauty-and-personal-care
۰۹۰۱۹۲۹۱۰۶۰,نور,nur,personal-goods,beauty-and-personal-care
۰۹۰۱۹۲۹۱۰۶۰,نور,nur,personal-goods,beauty-and-personal-care
۰۹۰۱۹۲۹۱۰۶۰,نور,nur,personal-goods,beauty-and-personal-care
۰۹۳۳۷۷۳۰۱۸۶,نور,nur,personal-goods,beauty-and-personal-care
۰۹۱۹۵۰۴۹۹۵۶,نور,nur,personal-goods,child-products
۰۹۱۹۰۳۶۶۴۴۸,نور,nur,personal-goods,child-products
۰۹۱۱۳۲۱۹۳۳۶,نور,nur,personal-goods,child-products
۰۹۱۱۳۲۱۹۳۳۶,نور,nur,personal-goods,child-products
۰۹۰۵۴۹۰۲۲۸۸,نور,nur,personal-goods,stationery
(پنهان‌شده؛ چت کنید),نور,nur,entertainment,ticket
۰۹۱۰۲۷۳۱۹۰۶,نور,nur,entertainment,ticket
۰۹۱۰۲۷۳۱۹۰۶,نور,nur,entertainment,ticket
۰۹۱۲۸۵۷۲۰۷۱,نور,nur,entertainment,tours
۰۹۱۹۱۲۴۷۴۷۱,نور,nur,entertainment,tours
(پنهان‌شده؛ چت کنید),نور,nur,entertainment,tours
(پنهان‌شده؛ چت کنید),نور,nur,entertainment,publication
۰۹۹۱۰۰۳۷۷۶۵,نور,nur,entertainment,publication
۰۹۳۰۷۴۷۳۶۶۱,نور,nur,entertainment,publication
۰۹۳۰۷۴۷۳۶۶۱,نور,nur,entertainment,publication
۰۹۲۲۴۷۸۹۷۴۱,نور,nur,entertainment,bike-skate-scooter
۰۹۰۱۰۲۷۸۷۰۴,نور,nur,entertainment,bike-skate-scooter
۰۹۱۱۹۰۷۹۱۳۸,نور,nur,entertainment,bike-skate-scooter
۰۹۳۳۸۹۸۷۶۲۶,نور,nur,entertainment,bike-skate-scooter
۰۹۰۵۵۱۶۲۱۶۶,نور,nur,entertainment,bike-skate-scooter
۰۹۱۱۸۵۴۴۵۰۷,نور,nur,entertainment,pets-animals
۰۹۳۶۶۸۸۶۹۴۸,نور,nur,entertainment,pets-animals
۰۹۰۱۴۵۰۷۷۱۸,نور,nur,entertainment,pets-animals
۰۹۱۹۶۰۷۱۹۲۵,نور,nur,entertainment,pets-animals
۰۹۱۲۰۶۸۳۰۰۸,نور,nur,entertainment,pets-animals
۰۹۳۶۶۸۸۶۹۴۸,نور,nur,entertainment,pets-animals
۰۹۱۹۲۹۳۲۵۰۲,نور,nur,entertainment,pets-animals
۰۹۰۵۴۰۶۸۵۱۷,نور,nur,entertainment,pets-animals
۰۹۹۰۱۰۵۶۹۴۳,نور,nur,entertainment,pets-animals
۰۹۱۲۰۸۰۱۲۴۱,نور,nur,entertainment,pets-animals
۰۹۰۵۳۹۹۰۰۳۹,نور,nur,entertainment,pets-animals
۰۹۳۳۶۵۰۵۰۶۶,نور,nur,entertainment,pets-animals
۰۹۳۵۴۵۲۳۸۸۲,نور,nur,entertainment,pets-animals
(پنهان‌شده؛ چت کنید),نور,nur,entertainment,pets-animals
۰۹۳۶۶۵۳۴۱۲۲,نور,nur,entertainment,pets-animals
۰۹۳۷۲۳۲۹۲۷۱,نور,nur,entertainment,pets-animals
۰۹۹۰۴۷۷۰۹۴۸,نور,nur,entertainment,pets-animals
۰۹۱۱۲۲۲۵۴۵۲,نور,nur,entertainment,pets-animals
۰۹۳۸۷۳۹۸۱۷۹,نور,nur,entertainment,collecting
۰۹۳۷۵۷۶۳۹۱۸,نور,nur,entertainment,musical-instruments
۰۹۳۹۵۴۵۴۴۱۲,نور,nur,entertainment,sport-entertainment
۰۹۱۲۲۰۰۴۴۲۹,نور,nur,entertainment,sport-entertainment
(پنهان‌شده؛ چت کنید),نور,nur,entertainment,sport-entertainment
۰۹۹۰۷۹۶۷۸۲۴,نور,nur,social-services,event
۰۹۹۲۷۶۹۶۱۳۰,نور,nur,social-services,event
۰۹۱۲۲۷۷۵۰۱۵,نور,nur,social-services,event
۰۹۹۱۷۳۸۰۶۲۳,نور,nur,social-services,event
۰۹۰۵۶۱۷۷۲۲۹,نور,nur,social-services,event
۰۹۰۵۶۴۸۳۸۹۹,نور,nur,social-services,event
۰۹۳۰۳۱۴۸۱۷۳,نور,nur,social-services,event
۰۹۹۲۸۳۸۶۲۳۶,نور,nur,social-services,event
۰۹۲۲۹۳۴۳۲۶۲,نور,nur,social-services,event
۰۹۱۴۹۰۵۲۴۴۰,نور,nur,social-services,voluntary
۰۹۳۷۵۸۱۱۲۲۱,نور,nur,social-services,voluntary
۰۹۱۱۳۲۷۹۵۴۰,نور,nur,businesses,business-equipment
۰۹۱۱۷۹۷۰۲۴۳,نور,nur,businesses,business-equipment
۰۹۱۹۹۱۲۹۰۲۳,نور,nur,businesses,business-equipment
۰۹۱۲۳۰۵۵۵۹۲,نور,nur,businesses,business-equipment
۰۹۱۱۱۲۷۹۵۱۱,نور,nur,businesses,business-equipment
۰۹۱۱۵۶۹۲۲۸۲,نور,nur,businesses,business-equipment
۰۹۳۷۵۸۲۷۰۵۴,نور,nur,businesses,business-equipment
۰۹۰۱۴۴۶۸۵۸۲,نور,nur,businesses,business-equipment
۰۹۰۱۴۴۶۸۵۸۲,نور,nur,businesses,business-equipment
۰۹۱۱۵۶۸۷۴۶۸,نور,nur,businesses,business-equipment
۰۹۳۷۴۶۹۵۲۰۵,نور,nur,businesses,business-equipment
۰۹۱۲۵۵۴۷۷۳۹,نور,nur,businesses,business-equipment
۰۹۱۱۸۶۳۹۱۹۶,نور,nur,businesses,business-equipment
۰۹۱۱۳۱۵۰۳۳۹,نور,nur,businesses,business-equipment
۰۹۰۵۴۵۹۲۵۲۰,نور,nur,businesses,business-equipment
۰۹۳۷۳۱۳۵۶۲۰,نور,nur,businesses,business-equipment
۰۹۳۷۸۶۸۸۴۹۲,نور,nur,businesses,business-equipment
۰۹۱۲۲۲۱۲۴۰۰,نور,nur,businesses,business-equipment
۰۹۳۸۷۸۵۸۳۸۲,نور,nur,businesses,business-equipment
۰۹۳۰۱۷۱۷۲۷۵,نور,nur,businesses,business-equipment
۰۹۱۱۹۰۳۲۷۱۴,نور,nur,businesses,business-equipment
۰۹۰۳۶۳۰۷۰۳۱,نور,nur,businesses,business-equipment
۰۹۳۰۱۷۱۷۲۷۵,نور,nur,businesses,business-equipment
۰۹۱۲۲۵۰۰۹۰۳,نور,nur,businesses,business-equipment
۰۹۰۵۹۸۷۱۳۱۱,نور,nur,businesses,business-equipment
۰۹۳۸۶۱۹۱۸۳۹,نور,nur,businesses,business-equipment
۰۹۱۲۶۹۷۲۴۵۱,نور,nur,businesses,business-equipment
۰۹۳۷۲۳۲۶۱۷۷,نور,nur,businesses,business-equipment
۰۹۱۲۱۹۸۳۰۳۲,نور,nur,businesses,business-equipment
۰۹۳۹۳۴۲۶۰۶۹,نور,nur,businesses,business-equipment
۰۹۱۰۲۱۰۷۴۱۲,نور,nur,businesses,business-equipment
۰۹۱۲۴۶۷۵۴۵۸,نور,nur,businesses,business-equipment
۰۹۱۶۹۳۲۹۴۴۱,نور,nur,businesses,wholesale
۰۹۱۲۸۹۴۹۵۶۳,نور,nur,businesses,wholesale
۰۹۰۲۷۰۹۹۸۵۷,نور,nur,businesses,wholesale
۰۹۱۱۱۲۰۲۰۳۵,نور,nur,businesses,wholesale
۰۹۱۱۸۲۱۸۲۰۰,نور,nur,businesses,wholesale
۰۹۳۷۶۶۶۵۱۷۲,نور,nur,businesses,wholesale
۰۹۹۲۳۳۸۳۲۲۵,نور,nur,businesses,wholesale
۰۹۱۱۸۵۲۳۱۷۵,نور,nur,businesses,wholesale
۰۹۱۱۵۳۵۰۳۸۵,نور,nur,businesses,wholesale
۰۹۱۱۹۰۳۲۵۱۷,نور,nur,businesses,wholesale
۰۹۹۲۳۳۱۶۸۶۵,نور,nur,businesses,wholesale
۰۹۹۱۵۲۸۴۷۰۳,نور,nur,businesses,wholesale
۰۹۱۱۸۴۸۶۲۵۰,نور,nur,businesses,wholesale
۰۹۹۱۷۳۸۰۶۲۳,نور,nur,businesses,wholesale
۰۹۰۱۹۷۳۹۷۷۶,نور,nur,businesses,wholesale
۰۹۳۹۷۴۴۲۶۷۵,نور,nur,businesses,wholesale
۰۹۹۱۷۳۸۰۳۲۶,نور,nur,businesses,wholesale
۰۹۳۶۳۰۶۰۶۴۲,نور,nur,businesses,wholesale
۰۹۱۱۹۱۷۸۷۰۵,نور,nur,businesses,wholesale
۰۹۱۱۹۲۲۰۳۸۴,نور,nur,businesses,wholesale
۰۹۹۲۸۴۳۵۱۶۲,نور,nur,businesses,wholesale
۰۹۱۱۹۰۴۸۳۹۲,نور,nur,businesses,wholesale
۰۹۱۲۲۵۰۰۹۰۳,نور,nur,businesses,wholesale
۰۹۱۳۲۰۰۷۸۱۶,نور,nur,businesses,wholesale
