۰۹۱۹۰۸۴۰۸۱۸,نورآباد,nurabad,jobs,architect-jobs
۰۹۱۷۷۲۳۴۲۴۰,نورآباد,nurabad,jobs,finance-legal-jobs
۰۹۳۳۷۳۳۱۴۱۱,نورآباد,nurabad,jobs,marketing-jobs
۰۹۱۷۱۳۹۶۷۷۰,نورآباد,nurabad,jobs,marketing-jobs
۰۹۹۱۶۵۴۴۰۳۲,نورآباد,nurabad,jobs,technical-jobs
۰۹۱۷۶۳۰۸۵۳۵,نورآباد,nurabad,real-estate,buy-residential
۰۹۳۳۷۰۶۸۲۸۴,نورآباد,nurabad,real-estate,buy-residential
۰۹۳۷۱۲۹۵۴۳۳,نورآباد,nurabad,real-estate,buy-residential
۰۹۱۷۹۲۲۱۶۳۶,نورآباد,nurabad,real-estate,buy-residential
۰۹۳۷۱۲۹۵۴۳۳,نورآباد,nurabad,real-estate,buy-residential
۰۹۰۱۲۴۶۰۸۰۲,نورآباد,nurabad,real-estate,buy-residential
۰۹۳۸۶۲۵۵۹۸۲,نورآباد,nurabad,real-estate,buy-residential
۰۹۱۱۳۹۰۰۸۸۹,نورآباد,nurabad,real-estate,buy-residential
۰۹۳۳۳۵۸۲۱۲۱,نورآباد,nurabad,real-estate,buy-residential
۰۹۳۹۳۱۳۶۳۲۰,نورآباد,nurabad,real-estate,buy-residential
۰۹۱۷۹۴۸۳۳۵۲,نورآباد,nurabad,real-estate,buy-residential
۰۹۱۷۱۲۲۴۶۱۱,نورآباد,nurabad,real-estate,buy-residential
۰۹۹۰۰۵۳۵۹۰۲,نورآباد,nurabad,real-estate,buy-residential
۰۹۱۷۷۲۳۲۰۳۷,نورآباد,nurabad,real-estate,buy-residential
۰۹۱۶۷۹۴۹۱۷۲,نورآباد,nurabad,real-estate,buy-residential
۰۹۱۵۰۹۳۱۷۴۵,نورآباد,nurabad,real-estate,buy-residential
۰۹۱۷۹۲۱۷۲۸۵,نورآباد,nurabad,real-estate,buy-residential
۰۹۱۲۵۳۹۲۵۹۶,نورآباد,nurabad,real-estate,buy-residential
۰۹۱۷۳۲۲۰۶۵۸,نورآباد,nurabad,real-estate,buy-residential
۰۹۱۷۸۲۳۷۶۶۸,نورآباد,nurabad,real-estate,buy-residential
۰۹۳۰۵۱۷۵۱۲۷,نورآباد,nurabad,real-estate,buy-residential
۰۹۱۷۵۶۹۳۳۱۵,نورآباد,nurabad,real-estate,buy-residential
۰۹۲۱۷۴۱۲۳۷۲,نورآباد,nurabad,real-estate,buy-residential
۰۹۹۰۰۶۹۸۶۶۴,نورآباد,nurabad,real-estate,buy-residential
۰۹۳۷۱۲۹۵۴۳۳,نورآباد,nurabad,real-estate,buy-residential
۰۹۱۷۸۲۲۲۳۹۲,نورآباد,nurabad,real-estate,buy-residential
۰۹۱۷۹۲۱۹۷۱۹,نورآباد,nurabad,real-estate,buy-residential
۰۹۳۹۱۲۲۴۴۰۶,نورآباد,nurabad,real-estate,buy-residential
۰۹۱۷۳۲۱۳۴۳۶,نورآباد,nurabad,real-estate,buy-residential
۰۹۳۶۹۲۵۰۹۷۵,نورآباد,nurabad,real-estate,buy-residential
۰۹۳۷۴۹۱۴۳۹۷,نورآباد,nurabad,real-estate,buy-residential
۰۹۱۷۷۲۳۲۲۳۴,نورآباد,nurabad,real-estate,buy-residential
۰۹۱۷۴۱۲۶۱۸۱,نورآباد,nurabad,real-estate,buy-residential
۰۹۲۲۷۶۶۲۸۱۵,نورآباد,nurabad,real-estate,buy-residential
۰۹۲۱۱۸۱۵۷۵۳,نورآباد,nurabad,real-estate,buy-residential
۰۹۲۲۷۶۶۲۸۱۵,نورآباد,nurabad,real-estate,buy-residential
۰۹۱۶۵۶۱۹۰۰۱,نورآباد,nurabad,real-estate,buy-residential
۰۹۱۷۵۳۸۹۶۰۱,نورآباد,nurabad,real-estate,buy-residential
۰۹۰۳۷۴۲۳۷۲۳,نورآباد,nurabad,real-estate,buy-residential
۰۹۱۷۸۴۰۳۴۳۱,نورآباد,nurabad,real-estate,buy-residential
۰۹۱۰۱۷۰۷۶۸۵,نورآباد,nurabad,real-estate,buy-residential
۰۹۲۱۲۴۸۱۷۹۵,نورآباد,nurabad,real-estate,buy-residential
۰۹۰۱۹۲۶۹۰۲۲,نورآباد,nurabad,real-estate,buy-residential
۰۹۱۷۲۰۱۹۸۴۳,نورآباد,nurabad,real-estate,rent-residential
۰۹۳۰۶۴۳۹۲۱۰,نورآباد,nurabad,real-estate,rent-residential
۰۹۱۶۷۲۰۷۵۵۴,نورآباد,nurabad,real-estate,rent-residential
۰۹۱۰۱۵۷۹۰۲۸,نورآباد,nurabad,real-estate,rent-residential
۰۹۱۷۶۸۰۴۶۷۳,نورآباد,nurabad,real-estate,buy-commercial-property
۰۹۱۷۶۸۰۴۶۷۳,نورآباد,nurabad,real-estate,buy-commercial-property
۰۹۱۷۶۸۱۲۹۳۸,نورآباد,nurabad,real-estate,buy-commercial-property
۰۹۱۷۶۸۱۲۹۳۸,نورآباد,nurabad,real-estate,buy-commercial-property
۰۹۱۷۸۲۲۱۰۲۲,نورآباد,nurabad,real-estate,buy-commercial-property
۰۹۱۷۱۲۲۴۶۱۱,نورآباد,nurabad,real-estate,buy-commercial-property
۰۹۱۷۸۲۴۹۸۱۰,نورآباد,nurabad,real-estate,buy-commercial-property
۰۹۱۷۴۵۵۲۳۴۲,نورآباد,nurabad,real-estate,buy-commercial-property
۰۹۱۶۶۶۰۴۶۳۸,نورآباد,nurabad,real-estate,buy-commercial-property
۰۹۱۷۶۳۹۴۵۰۹,نورآباد,nurabad,real-estate,buy-commercial-property
۰۹۳۷۳۲۸۸۵۶۲,نورآباد,nurabad,real-estate,buy-commercial-property
۰۹۱۷۱۲۴۳۷۹۹,نورآباد,nurabad,real-estate,rent-commercial-property
۰۹۰۳۹۱۳۵۵۰۳,نورآباد,nurabad,real-estate,rent-commercial-property
۰۹۱۷۴۴۹۰۸۶۷,نورآباد,nurabad,real-estate,rent-commercial-property
۰۹۳۰۱۳۶۳۰۴۳,نورآباد,nurabad,real-estate,rent-commercial-property
۰۹۰۳۹۱۳۵۵۰۳,نورآباد,nurabad,real-estate,rent-commercial-property
۰۹۳۷۶۸۹۳۶۸۲,نورآباد,nurabad,real-estate,rent-commercial-property
۰۹۱۷۵۸۹۲۴۵۸,نورآباد,nurabad,real-estate,rent-commercial-property
۰۹۱۶۴۸۷۰۷۶۰,نورآباد,nurabad,real-estate,rent-commercial-property
۰۹۱۶۴۵۷۷۱۲۶,نورآباد,nurabad,real-estate,rent-commercial-property
۰۹۱۷۳۲۲۱۷۰۶,نورآباد,nurabad,real-estate,rent-commercial-property
۰۹۳۸۴۶۱۶۱۰۰,نورآباد,nurabad,real-estate,real-estate-services
۰۹۱۶۷۰۶۹۲۶۲,نورآباد,nurabad,real-estate,real-estate-services
۰۹۱۹۶۷۰۷۹۸۲,نورآباد,nurabad,real-estate,real-estate-services
۰۹۱۶۸۰۲۶۲۹۳,نورآباد,nurabad,vehicles,auto
۰۹۱۶۹۸۴۳۷۹۲,نورآباد,nurabad,vehicles,auto
۰۹۳۸۵۴۶۱۱۷۸,نورآباد,nurabad,vehicles,auto
۰۹۳۳۵۲۱۰۲۳۷,نورآباد,nurabad,vehicles,auto
۰۹۹۰۶۷۲۷۴۵۱,نورآباد,nurabad,vehicles,auto
۰۹۱۷۶۴۵۰۱۱۴,نورآباد,nurabad,vehicles,auto
۰۹۱۷۵۳۷۷۱۸۱,نورآباد,nurabad,vehicles,auto
۰۹۰۱۱۷۰۳۹۵۹,نورآباد,nurabad,vehicles,auto
۰۹۱۶۹۶۰۳۱۰۰,نورآباد,nurabad,vehicles,auto
۰۹۱۶۵۴۴۶۱۷۳,نورآباد,nurabad,vehicles,auto
۰۹۱۷۸۲۱۹۵۵۰,نورآباد,nurabad,vehicles,auto
۰۹۱۷۳۲۴۱۲۸۴,نورآباد,nurabad,vehicles,auto
۰۹۱۷۴۹۱۷۷۸۹,نورآباد,nurabad,vehicles,auto
۰۹۱۹۲۶۸۴۲۱۴,نورآباد,nurabad,vehicles,auto
۰۹۳۹۶۴۵۳۹۴۹,نورآباد,nurabad,vehicles,auto
۰۹۱۷۴۴۶۱۱۹۳,نورآباد,nurabad,vehicles,auto
۰۹۱۷۸۸۲۱۸۰۷,نورآباد,nurabad,vehicles,auto
۰۹۱۷۵۱۲۶۵۳۷,نورآباد,nurabad,vehicles,auto
۰۹۳۶۷۹۴۶۰۸۸,نورآباد,nurabad,vehicles,auto
۰۹۹۰۷۴۶۱۶۸۰,نورآباد,nurabad,vehicles,auto
۰۹۱۹۷۶۸۵۹۳۷,نورآباد,nurabad,vehicles,auto
۰۹۱۷۷۸۸۴۰۷۹,نورآباد,nurabad,vehicles,auto
۰۹۱۶۴۵۴۵۸۷۱,نورآباد,nurabad,vehicles,auto
۰۹۳۹۷۳۳۵۷۵۰,نورآباد,nurabad,vehicles,auto
۰۹۰۱۲۸۴۲۹۹۵,نورآباد,nurabad,vehicles,auto
۰۹۰۱۲۸۴۲۹۹۵,نورآباد,nurabad,vehicles,auto
۰۹۱۷۷۳۴۶۶۷۱,نورآباد,nurabad,vehicles,auto
۰۹۱۷۸۱۸۸۱۳۹,نورآباد,nurabad,vehicles,auto
۰۹۰۳۵۱۰۶۵۰۶,نورآباد,nurabad,vehicles,auto
۰۹۱۷۶۳۹۷۰۴۷,نورآباد,nurabad,vehicles,auto
۰۹۰۳۹۷۳۹۶۹۷,نورآباد,nurabad,vehicles,auto
۰۹۳۰۲۴۷۰۲۰۳,نورآباد,nurabad,vehicles,auto
۰۹۱۷۹۳۰۹۷۶۰,نورآباد,nurabad,vehicles,auto
۰۹۰۵۶۹۶۰۲۹۵,نورآباد,nurabad,vehicles,auto
۰۹۱۷۱۲۴۳۰۲۱,نورآباد,nurabad,vehicles,auto
۰۹۱۷۴۸۰۳۱۰۹,نورآباد,nurabad,vehicles,auto
۰۹۱۶۶۶۳۲۹۹۱,نورآباد,nurabad,vehicles,auto
۰۹۹۲۱۳۲۹۵۶۵,نورآباد,nurabad,vehicles,auto
۰۹۱۷۸۲۱۵۲۴۵,نورآباد,nurabad,vehicles,auto
۰۹۱۷۳۸۱۲۱۵۶,نورآباد,nurabad,vehicles,auto
۰۹۳۸۱۲۹۵۹۱۳,نورآباد,nurabad,vehicles,auto
۰۹۱۶۶۹۸۲۳۶۷,نورآباد,nurabad,vehicles,auto
۰۹۱۶۸۹۵۴۹۵۵,نورآباد,nurabad,vehicles,auto
۰۹۰۵۸۷۲۰۲۸۴,نورآباد,nurabad,vehicles,car-accessories
۰۹۳۳۱۰۶۳۹۰۹,نورآباد,nurabad,vehicles,car-accessories
۰۹۰۳۲۵۰۱۶۱۵,نورآباد,nurabad,vehicles,car-accessories
۰۹۳۷۰۳۰۴۵۳۲,نورآباد,nurabad,vehicles,car-accessories
۰۹۱۷۸۲۳۸۳۵۸,نورآباد,nurabad,vehicles,car-accessories
۰۹۹۱۹۹۲۱۳۵۴,نورآباد,nurabad,vehicles,car-accessories
۰۹۱۹۵۹۰۷۲۷۵,نورآباد,nurabad,vehicles,car-accessories
۰۹۲۲۵۴۶۱۹۶۰,نورآباد,nurabad,vehicles,car-accessories
۰۹۱۶۹۸۴۸۲۵۲,نورآباد,nurabad,vehicles,car-accessories
۰۹۱۷۵۱۱۶۷۲۹,نورآباد,nurabad,vehicles,car-accessories
۰۹۳۶۷۵۶۵۰۲۰,نورآباد,nurabad,vehicles,car-accessories
۰۹۳۵۱۰۴۱۲۰۲,نورآباد,nurabad,vehicles,car-accessories
۰۹۳۵۱۰۴۱۲۰۲,نورآباد,nurabad,vehicles,car-accessories
۰۹۱۶۷۴۸۶۰۴۳,نورآباد,nurabad,vehicles,car-accessories
۰۹۱۷۳۲۱۸۳۶۸,نورآباد,nurabad,vehicles,car-accessories
۰۹۱۷۳۲۱۸۳۶۸,نورآباد,nurabad,vehicles,car-accessories
۰۹۱۷۳۲۱۸۳۶۸,نورآباد,nurabad,vehicles,car-accessories
۰۹۳۰۵۶۲۴۵۲۲,نورآباد,nurabad,vehicles,car-accessories
۰۹۱۷۴۱۰۹۸۷۱,نورآباد,nurabad,vehicles,car-accessories
۰۹۱۶۸۸۹۵۸۵۶,نورآباد,nurabad,vehicles,car-accessories
۰۹۱۶۹۶۱۷۱۳۲,نورآباد,nurabad,vehicles,car-accessories
۰۹۱۷۷۲۳۰۶۸۹,نورآباد,nurabad,vehicles,car-accessories
۰۹۱۶۶۲۹۵۰۶۳,نورآباد,nurabad,vehicles,car-accessories
۰۹۱۷۹۲۳۳۰۷۴,نورآباد,nurabad,vehicles,car-accessories
۰۹۹۰۵۰۲۴۰۸۷,نورآباد,nurabad,vehicles,car-accessories
۰۹۱۹۷۳۴۶۴۸۷,نورآباد,nurabad,vehicles,car-accessories
۰۹۱۶۹۶۳۵۳۹۶,نورآباد,nurabad,vehicles,car-accessories
۰۹۳۰۰۰۷۱۰۰۲,نورآباد,nurabad,vehicles,car-accessories
۰۹۱۷۰۵۹۸۴۹۹,نورآباد,nurabad,vehicles,motorcycles
۰۹۱۷۹۲۳۴۶۵۹,نورآباد,nurabad,vehicles,motorcycles
۰۹۱۰۹۳۷۶۶۷۲,نورآباد,nurabad,vehicles,motorcycles
۰۹۳۹۶۶۳۴۸۰۲,نورآباد,nurabad,vehicles,motorcycles
۰۹۳۹۰۴۵۴۸۶۴,نورآباد,nurabad,vehicles,motorcycles
۰۹۱۶۹۶۰۸۰۵۱,نورآباد,nurabad,vehicles,motorcycles
۰۹۱۷۸۲۳۶۴۸۹,نورآباد,nurabad,vehicles,motorcycles
۰۹۱۷۴۳۵۳۱۵۱,نورآباد,nurabad,vehicles,motorcycles
۰۹۳۳۲۶۶۲۴۵۴,نورآباد,nurabad,vehicles,motorcycles
۰۹۹۰۶۷۰۹۰۹۳,نورآباد,nurabad,vehicles,motorcycles
۰۹۰۳۹۷۳۹۷۸۵,نورآباد,nurabad,vehicles,motorcycles
۰۹۹۰۰۶۰۷۲۸۸,نورآباد,nurabad,vehicles,motorcycles
۰۹۱۹۶۵۰۵۳۶۸,نورآباد,nurabad,vehicles,motorcycles
۰۹۱۶۶۶۰۵۱۹۳,نورآباد,nurabad,vehicles,motorcycles
۰۹۳۰۰۷۱۴۴۰۱,نورآباد,nurabad,vehicles,motorcycles
۰۹۰۵۲۱۹۸۹۱۶,نورآباد,nurabad,vehicles,motorcycles
۰۹۱۷۸۶۷۹۴۰۵,نورآباد,nurabad,vehicles,motorcycles
۰۹۱۷۸۹۶۹۷۱۱,نورآباد,nurabad,vehicles,motorcycles
۰۹۱۶۹۸۴۴۹۱۰,نورآباد,nurabad,vehicles,motorcycles
۰۹۱۸۰۱۵۲۳۳۴,نورآباد,nurabad,vehicles,motorcycles
۰۹۳۰۴۹۹۸۰۰۷,نورآباد,nurabad,vehicles,motorcycles
۰۹۳۶۱۶۳۰۲۷۴,نورآباد,nurabad,vehicles,motorcycles
۰۹۱۱۸۳۲۶۶۵۳,نورآباد,nurabad,vehicles,motorcycles
۰۹۱۷۹۹۶۵۸۴۰,نورآباد,nurabad,vehicles,motorcycles
۰۹۹۱۷۴۵۲۶۰۸,نورآباد,nurabad,vehicles,motorcycles
۰۹۳۳۹۴۳۴۸۶۸,نورآباد,nurabad,vehicles,motorcycles
۰۹۱۶۹۶۱۴۰۲۱,نورآباد,nurabad,vehicles,motorcycles
۰۹۳۹۰۴۳۳۰۰۸,نورآباد,nurabad,vehicles,motorcycles
۰۹۰۲۵۸۰۲۷۹۲,نورآباد,nurabad,electronic-devices,mobile-tablet
۰۹۱۰۶۵۴۵۲۶۶,نورآباد,nurabad,electronic-devices,mobile-tablet
۰۹۳۳۹۸۲۰۴۴۲,نورآباد,nurabad,electronic-devices,mobile-tablet
۰۹۱۷۸۲۱۶۶۴۹,نورآباد,nurabad,electronic-devices,mobile-tablet
(پنهان‌شده؛ چت کنید),نورآباد,nurabad,electronic-devices,mobile-tablet
۰۹۹۲۸۰۴۳۳۰۷,نورآباد,nurabad,electronic-devices,mobile-tablet
۰۹۳۷۹۶۷۰۸۲۱,نورآباد,nurabad,electronic-devices,mobile-tablet
۰۹۲۱۳۲۴۱۵۳۹,نورآباد,nurabad,electronic-devices,mobile-tablet
۰۹۱۶۹۶۱۴۰۲۱,نورآباد,nurabad,electronic-devices,mobile-tablet
۰۹۰۳۳۰۳۱۹۱۹,نورآباد,nurabad,electronic-devices,mobile-tablet
۰۹۱۷۰۹۸۵۹۲۰,نورآباد,nurabad,electronic-devices,mobile-tablet
۰۹۰۱۲۵۹۶۴۲۷,نورآباد,nurabad,electronic-devices,mobile-tablet
۰۹۱۷۴۴۹۰۸۶۷,نورآباد,nurabad,electronic-devices,mobile-tablet
۰۹۰۳۳۷۰۸۷۴۰,نورآباد,nurabad,electronic-devices,mobile-tablet
۰۹۳۶۵۲۹۹۹۳۹,نورآباد,nurabad,electronic-devices,mobile-tablet
۰۹۱۶۴۷۴۵۶۰۰,نورآباد,nurabad,electronic-devices,mobile-tablet
۰۹۱۶۹۶۰۲۵۵۱,نورآباد,nurabad,electronic-devices,mobile-tablet
۰۹۱۷۲۱۶۴۳۷۳,نورآباد,nurabad,electronic-devices,mobile-tablet
۰۹۳۶۶۸۴۵۸۵۸,نورآباد,nurabad,electronic-devices,mobile-tablet
۰۹۱۸۳۳۹۹۰۷۷,نورآباد,nurabad,electronic-devices,mobile-tablet
۰۹۱۷۰۵۳۹۲۸۴,نورآباد,nurabad,electronic-devices,mobile-tablet
۰۹۱۶۹۶۳۴۹۳۰,نورآباد,nurabad,electronic-devices,mobile-tablet
۰۹۳۵۹۰۰۱۳۹۹,نورآباد,nurabad,electronic-devices,mobile-tablet
۰۹۰۱۴۱۶۱۶۸۵,نورآباد,nurabad,electronic-devices,mobile-tablet
۰۹۱۰۶۵۹۹۸۷۲,نورآباد,nurabad,electronic-devices,mobile-tablet
۰۹۱۶۹۶۰۲۰۴۷,نورآباد,nurabad,electronic-devices,mobile-tablet
(پنهان‌شده؛ چت کنید),نورآباد,nurabad,electronic-devices,mobile-tablet
۰۹۱۷۱۲۳۴۰۵۳,نورآباد,nurabad,electronic-devices,mobile-tablet
۰۹۳۶۱۷۹۴۸۲۷,نورآباد,nurabad,electronic-devices,mobile-tablet
۰۹۱۰۰۱۰۸۲۴۱,نورآباد,nurabad,electronic-devices,mobile-tablet
۰۹۱۰۱۹۹۹۴۳۱,نورآباد,nurabad,electronic-devices,mobile-tablet
۰۹۱۰۱۹۹۹۴۳۱,نورآباد,nurabad,electronic-devices,mobile-tablet
۰۹۱۶۸۶۹۶۷۶۳,نورآباد,nurabad,electronic-devices,mobile-tablet
(پنهان‌شده؛ چت کنید),نورآباد,nurabad,electronic-devices,mobile-tablet
(پنهان‌شده؛ چت کنید),نورآباد,nurabad,electronic-devices,mobile-tablet
۰۹۱۷۴۵۱۹۳۶۶,نورآباد,nurabad,electronic-devices,mobile-tablet
۰۹۳۳۵۵۲۷۰۷۸,نورآباد,nurabad,electronic-devices,mobile-tablet
۰۹۱۶۷۲۱۲۶۲۹,نورآباد,nurabad,electronic-devices,mobile-tablet
۰۹۹۲۲۳۴۷۳۸۴,نورآباد,nurabad,electronic-devices,mobile-tablet
۰۹۳۵۸۴۵۸۱۲۲,نورآباد,nurabad,electronic-devices,mobile-tablet
۰۹۳۰۷۶۲۹۳۳۹,نورآباد,nurabad,electronic-devices,mobile-tablet
۰۹۰۱۴۷۸۹۴۰۱,نورآباد,nurabad,electronic-devices,mobile-tablet
۰۹۰۳۴۱۵۶۶۰۲,نورآباد,nurabad,electronic-devices,mobile-tablet
۰۹۳۶۳۹۵۶۱۲۰,نورآباد,nurabad,electronic-devices,mobile-tablet
۰۹۹۰۷۸۵۸۳۷۳,نورآباد,nurabad,electronic-devices,mobile-tablet
(پنهان‌شده؛ چت کنید),نورآباد,nurabad,electronic-devices,mobile-tablet
۰۹۱۶۷۱۶۸۳۵۴,نورآباد,nurabad,electronic-devices,mobile-tablet
۰۹۳۳۷۶۷۱۹۱۲,نورآباد,nurabad,electronic-devices,mobile-tablet
۰۹۱۷۰۵۹۲۳۹۹,نورآباد,nurabad,electronic-devices,mobile-tablet
۰۹۳۵۱۰۳۲۹۰۴,نورآباد,nurabad,electronic-devices,mobile-tablet
۰۹۱۷۰۴۳۱۹۵۷,نورآباد,nurabad,electronic-devices,mobile-tablet
۰۹۳۷۸۲۱۵۸۴۶,نورآباد,nurabad,electronic-devices,mobile-tablet
۰۹۳۵۸۳۷۴۶۴۱,نورآباد,nurabad,electronic-devices,mobile-tablet
۰۹۲۲۶۳۴۶۴۰۱,نورآباد,nurabad,electronic-devices,mobile-tablet
۰۹۱۶۸۹۶۵۰۸۱,نورآباد,nurabad,electronic-devices,mobile-tablet
۰۹۳۹۰۴۵۴۸۶۴,نورآباد,nurabad,electronic-devices,mobile-tablet
۰۹۳۹۰۴۵۴۸۶۴,نورآباد,nurabad,electronic-devices,mobile-tablet
۰۹۳۰۳۹۵۹۵۲۷,نورآباد,nurabad,electronic-devices,mobile-tablet
۰۹۳۰۳۹۵۹۵۲۷,نورآباد,nurabad,electronic-devices,mobile-tablet
۰۹۱۶۹۶۰۲۵۵۱,نورآباد,nurabad,electronic-devices,mobile-tablet
۰۹۳۶۹۷۱۶۲۶۵,نورآباد,nurabad,electronic-devices,mobile-tablet
۰۹۱۲۷۰۳۸۲۵۳,نورآباد,nurabad,electronic-devices,mobile-tablet
۰۹۱۷۹۱۵۳۵۰۴,نورآباد,nurabad,electronic-devices,computers
۰۹۱۸۵۹۵۳۳۵۰,نورآباد,nurabad,electronic-devices,computers
۰۹۲۱۱۸۱۴۷۹۲,نورآباد,nurabad,electronic-devices,computers
۰۹۲۲۱۹۲۹۰۵۲,نورآباد,nurabad,electronic-devices,computers
(پنهان‌شده؛ چت کنید),نورآباد,nurabad,electronic-devices,computers
۰۹۹۰۰۵۳۵۷۶۶,نورآباد,nurabad,electronic-devices,computers
۰۹۳۷۱۵۰۴۱۵۵,نورآباد,nurabad,electronic-devices,computers
۰۹۳۶۱۹۱۶۳۶۳,نورآباد,nurabad,electronic-devices,computers
۰۹۰۱۷۶۷۶۵۱۲,نورآباد,nurabad,electronic-devices,computers
۰۹۱۷۵۱۲۹۲۷۶,نورآباد,nurabad,electronic-devices,computers
۰۹۱۷۹۱۵۳۵۰۴,نورآباد,nurabad,electronic-devices,computers
۰۹۱۶۹۶۳۵۶۳۵,نورآباد,nurabad,electronic-devices,computers
۰۹۹۰۷۴۴۹۴۷۵,نورآباد,nurabad,electronic-devices,computers
۰۹۰۲۸۴۷۳۹۸۱,نورآباد,nurabad,electronic-devices,computers
۰۹۹۰۳۰۷۱۵۱۱,نورآباد,nurabad,electronic-devices,computers
۰۹۳۸۹۰۴۹۸۱۹,نورآباد,nurabad,electronic-devices,computers
۰۹۳۹۰۴۵۴۸۶۴,نورآباد,nurabad,electronic-devices,computers
۰۹۳۸۴۱۵۳۴۴۷,نورآباد,nurabad,electronic-devices,computers
۰۹۱۶۰۲۰۶۶۱۷,نورآباد,nurabad,electronic-devices,game-consoles
۰۹۱۶۹۸۵۴۷۱۶,نورآباد,nurabad,electronic-devices,game-consoles
۰۹۱۶۶۶۱۴۳۸۸,نورآباد,nurabad,electronic-devices,game-consoles
۰۹۳۳۴۷۵۸۶۳۳,نورآباد,nurabad,electronic-devices,game-consoles
۰۹۰۲۱۲۳۵۷۰۸,نورآباد,nurabad,electronic-devices,video-audio-device
(پنهان‌شده؛ چت کنید),نورآباد,nurabad,electronic-devices,video-audio-device
۰۹۱۹۲۳۵۳۵۸۱,نورآباد,nurabad,electronic-devices,video-audio-device
(پنهان‌شده؛ چت کنید),نورآباد,nurabad,electronic-devices,video-audio-device
۰۹۳۸۱۴۸۵۵۳۷,نورآباد,nurabad,electronic-devices,video-audio-device
۰۹۱۶۶۳۰۳۹۷۱,نورآباد,nurabad,electronic-devices,video-audio-device
۰۹۳۳۹۴۳۴۸۶۸,نورآباد,nurabad,electronic-devices,video-audio-device
(پنهان‌شده؛ چت کنید),نورآباد,nurabad,electronic-devices,video-audio-device
۰۹۱۰۶۴۹۶۶۵۰,نورآباد,nurabad,electronic-devices,video-audio-device
۰۹۳۸۴۱۷۲۱۹۷,نورآباد,nurabad,electronic-devices,video-audio-device
۰۹۱۷۹۲۲۸۳۰۱,نورآباد,nurabad,electronic-devices,video-audio-device
(پنهان‌شده؛ چت کنید),نورآباد,nurabad,electronic-devices,video-audio-device
۰۹۱۷۲۵۸۵۷۳۳,نورآباد,nurabad,electronic-devices,video-audio-device
(پنهان‌شده؛ چت کنید),نورآباد,nurabad,electronic-devices,video-audio-device
۰۹۱۶۶۶۱۴۳۸۸,نورآباد,nurabad,electronic-devices,video-audio-device
۰۹۹۲۸۰۶۶۸۷۷,نورآباد,nurabad,electronic-devices,video-audio-device
۰۹۳۹۱۲۵۷۶۸۱,نورآباد,nurabad,electronic-devices,video-audio-device
۰۹۱۶۶۶۱۴۳۸۸,نورآباد,nurabad,electronic-devices,video-audio-device
۰۹۱۶۹۶۱۵۵۴۹,نورآباد,nurabad,electronic-devices,video-audio-device
۰۹۱۷۴۷۳۲۱۷۱,نورآباد,nurabad,electronic-devices,video-audio-device
۰۹۱۶۸۶۳۵۳۵۸,نورآباد,nurabad,electronic-devices,video-audio-device
۰۹۱۷۴۷۲۹۷۴۸,نورآباد,nurabad,electronic-devices,video-audio-device
۰۹۳۹۰۴۵۴۸۶۴,نورآباد,nurabad,electronic-devices,telephone
۰۹۱۶۵۶۴۳۵۰۵,نورآباد,nurabad,electronic-devices,telephone
۰۹۰۵۵۷۵۰۱۰۰,نورآباد,nurabad,home-and-kitchen,home-decor-furniture
۰۹۰۵۵۷۵۰۱۰۰,نورآباد,nurabad,home-and-kitchen,home-decor-furniture
۰۹۰۵۵۷۵۰۱۰۰,نورآباد,nurabad,home-and-kitchen,home-decor-furniture
۰۹۰۵۵۷۵۰۱۰۰,نورآباد,nurabad,home-and-kitchen,home-decor-furniture
(پنهان‌شده؛ چت کنید),نورآباد,nurabad,home-and-kitchen,home-decor-furniture
۰۹۳۳۰۱۰۸۱۸۱,نورآباد,nurabad,home-and-kitchen,home-decor-furniture
۰۹۱۶۸۸۸۵۷۱۹,نورآباد,nurabad,home-and-kitchen,home-decor-furniture
۰۹۱۷۴۵۵۸۱۳۱,نورآباد,nurabad,home-and-kitchen,home-decor-furniture
۰۹۱۶۸۸۸۵۷۱۹,نورآباد,nurabad,home-and-kitchen,home-decor-furniture
۰۹۰۳۴۴۴۸۹۰۴,نورآباد,nurabad,home-and-kitchen,home-decor-furniture
(پنهان‌شده؛ چت کنید),نورآباد,nurabad,home-and-kitchen,home-decor-furniture
۰۹۳۸۶۲۵۵۹۸۲,نورآباد,nurabad,home-and-kitchen,home-decor-furniture
۰۹۹۰۲۹۵۰۶۶۹,نورآباد,nurabad,home-and-kitchen,home-decor-furniture
۰۹۳۹۷۶۴۵۶۵۱,نورآباد,nurabad,home-and-kitchen,home-decor-furniture
۰۹۱۷۹۶۳۲۱۷۰,نورآباد,nurabad,home-and-kitchen,home-decor-furniture
۰۹۱۷۹۶۳۲۱۷۰,نورآباد,nurabad,home-and-kitchen,home-decor-furniture
(پنهان‌شده؛ چت کنید),نورآباد,nurabad,home-and-kitchen,home-decor-furniture
(پنهان‌شده؛ چت کنید),نورآباد,nurabad,home-and-kitchen,home-decor-furniture
(پنهان‌شده؛ چت کنید),نورآباد,nurabad,home-and-kitchen,home-decor-furniture
۰۹۳۰۹۸۶۷۴۳۵,نورآباد,nurabad,home-and-kitchen,home-decor-furniture
۰۹۹۲۵۹۹۲۰۵۹,نورآباد,nurabad,home-and-kitchen,home-decor-furniture
۰۹۹۲۵۹۹۲۰۵۹,نورآباد,nurabad,home-and-kitchen,home-decor-furniture
۰۹۰۳۹۷۳۹۷۰۳,نورآباد,nurabad,home-and-kitchen,home-decor-furniture
۰۹۱۷۲۴۷۳۰۵۶,نورآباد,nurabad,home-and-kitchen,home-decor-furniture
(پنهان‌شده؛ چت کنید),نورآباد,nurabad,home-and-kitchen,kitchen-appliances
۰۹۱۷۶۶۱۲۷۹۱,نورآباد,nurabad,home-and-kitchen,kitchen-appliances
۰۹۰۱۹۰۶۸۴۷۳,نورآباد,nurabad,home-and-kitchen,kitchen-appliances
۰۹۱۶۵۴۰۵۶۹۴,نورآباد,nurabad,home-and-kitchen,kitchen-appliances
۰۹۱۷۹۶۳۲۱۷۰,نورآباد,nurabad,home-and-kitchen,kitchen-appliances
۰۹۱۷۵۱۷۲۶۰۷,نورآباد,nurabad,home-and-kitchen,kitchen-appliances
۰۹۱۷۵۱۱۷۵۸۸,نورآباد,nurabad,home-and-kitchen,kitchen-appliances
۰۹۳۳۶۰۷۴۷۹۷,نورآباد,nurabad,home-and-kitchen,kitchen-appliances
(پنهان‌شده؛ چت کنید),نورآباد,nurabad,home-and-kitchen,kitchen-appliances
۰۹۱۶۳۶۶۴۶۹۶,نورآباد,nurabad,home-and-kitchen,kitchen-appliances
۰۹۳۸۳۵۵۷۴۴۲,نورآباد,nurabad,home-and-kitchen,kitchen-appliances
۰۹۱۶۹۶۷۹۲۴۷,نورآباد,nurabad,home-and-kitchen,kitchen-appliances
۰۹۱۷۸۵۴۱۱۳۸,نورآباد,nurabad,home-and-kitchen,kitchen-appliances
(پنهان‌شده؛ چت کنید),نورآباد,nurabad,home-and-kitchen,kitchen-appliances
۰۹۱۶۹۵۵۷۹۶۴,نورآباد,nurabad,home-and-kitchen,kitchen-appliances
۰۹۱۷۴۰۴۵۹۲۵,نورآباد,nurabad,home-and-kitchen,kitchen-appliances
۰۹۱۶۹۶۰۲۵۵۱,نورآباد,nurabad,home-and-kitchen,kitchen-appliances
۰۹۰۱۶۷۳۸۸۱۳,نورآباد,nurabad,home-and-kitchen,kitchen-appliances
۰۹۱۷۹۶۳۲۱۷۰,نورآباد,nurabad,home-and-kitchen,kitchen-appliances
۰۹۱۶۹۶۱۵۲۱۹,نورآباد,nurabad,home-and-kitchen,kitchen-appliances
۰۹۱۶۴۹۲۳۳۸۴,نورآباد,nurabad,home-and-kitchen,kitchen-appliances
۰۹۳۳۲۷۵۴۲۸۰,نورآباد,nurabad,home-and-kitchen,kitchen-appliances
۰۹۱۶۵۴۱۱۴۷۱,نورآباد,nurabad,home-and-kitchen,kitchen-appliances
۰۹۳۸۵۰۴۸۱۳۱,نورآباد,nurabad,home-and-kitchen,kitchen-appliances
۰۹۳۶۹۹۱۳۵۲۶,نورآباد,nurabad,home-and-kitchen,kitchen-appliances
۰۹۳۷۲۲۷۴۸۷۱,نورآباد,nurabad,home-and-kitchen,kitchen-appliances
۰۹۳۵۱۶۳۱۳۳۲,نورآباد,nurabad,home-and-kitchen,home-appliances
۰۹۱۶۴۸۳۱۷۳۵,نورآباد,nurabad,home-and-kitchen,home-appliances
(پنهان‌شده؛ چت کنید),نورآباد,nurabad,home-and-kitchen,home-appliances
۰۹۳۰۸۲۲۵۰۳۰,نورآباد,nurabad,home-and-kitchen,building-garden
۰۹۰۳۱۰۷۳۴۴۷,نورآباد,nurabad,home-and-kitchen,building-garden
۰۹۱۶۸۵۹۰۹۴۰,نورآباد,nurabad,home-and-kitchen,building-garden
۰۹۱۶۹۶۰۲۲۰۵,نورآباد,nurabad,home-and-kitchen,building-garden
(پنهان‌شده؛ چت کنید),نورآباد,nurabad,home-and-kitchen,building-garden
۰۹۱۶۵۵۷۴۴۵۹,نورآباد,nurabad,home-and-kitchen,building-garden
۰۹۳۸۴۹۴۴۰۱۴,نورآباد,nurabad,home-and-kitchen,building-garden
۰۹۱۸۵۹۵۳۳۵۰,نورآباد,nurabad,home-and-kitchen,building-garden
۰۹۱۲۲۶۳۱۹۴۵,نورآباد,nurabad,home-and-kitchen,building-garden
۰۹۱۸۱۳۰۸۳۹۹,نورآباد,nurabad,home-and-kitchen,building-garden
۰۹۱۶۹۶۰۸۶۱۲,نورآباد,nurabad,home-and-kitchen,building-garden
۰۹۳۵۹۳۱۳۵۹۶,نورآباد,nurabad,home-and-kitchen,building-garden
۰۹۱۲۲۶۳۱۹۴۵,نورآباد,nurabad,home-and-kitchen,building-garden
۰۹۹۰۰۶۸۶۴۱۰,نورآباد,nurabad,home-and-kitchen,building-garden
۰۹۳۷۵۱۸۵۸۶۳,نورآباد,nurabad,home-and-kitchen,building-garden
۰۹۱۲۲۶۳۱۹۴۵,نورآباد,nurabad,home-and-kitchen,building-garden
۰۹۱۲۲۶۳۱۹۴۵,نورآباد,nurabad,home-and-kitchen,building-garden
۰۹۳۸۳۸۳۹۴۸۳,نورآباد,nurabad,services,vehicles-services
۰۹۱۷۶۶۰۶۶۲۸,نورآباد,nurabad,services,vehicles-services
۰۹۰۱۴۸۴۸۲۳۲,نورآباد,nurabad,services,technology-services
۰۹۳۷۲۲۹۳۰۱۴,نورآباد,nurabad,services,technology-services
۰۹۳۷۲۲۹۳۰۱۴,نورآباد,nurabad,services,technology-services
۰۹۳۷۲۲۹۳۰۱۴,نورآباد,nurabad,services,technology-services
۰۹۳۷۲۲۹۳۰۱۴,نورآباد,nurabad,services,technology-services
۰۹۰۵۴۳۲۹۸۰۵,نورآباد,nurabad,services,technology-services
۰۹۰۵۴۳۲۹۸۰۴,نورآباد,nurabad,services,technology-services
۰۹۰۵۴۳۲۹۸۰۵,نورآباد,nurabad,services,technology-services
۰۹۰۵۴۳۲۹۸۰۴,نورآباد,nurabad,services,technology-services
۰۹۰۵۴۳۲۹۸۰۴,نورآباد,nurabad,services,technology-services
۰۹۳۷۲۲۹۳۰۱۴,نورآباد,nurabad,services,technology-services
۰۹۰۵۴۳۲۹۸۰۴,نورآباد,nurabad,services,technology-services
۰۹۰۵۴۳۲۹۸۰۵,نورآباد,nurabad,services,technology-services
۰۹۰۵۴۳۲۹۸۰۴,نورآباد,nurabad,services,technology-services
۰۹۰۵۴۳۲۹۸۰۵,نورآباد,nurabad,services,technology-services
۰۹۰۵۴۳۲۹۸۰۵,نورآباد,nurabad,services,technology-services
۰۹۰۵۴۳۲۹۸۰۵,نورآباد,nurabad,services,technology-services
۰۹۰۵۴۳۲۹۸۰۵,نورآباد,nurabad,services,technology-services
۰۹۰۵۴۳۲۹۸۰۵,نورآباد,nurabad,services,technology-services
۰۹۰۵۴۳۲۹۸۰۵,نورآباد,nurabad,services,technology-services
۰۹۰۵۴۳۲۹۸۰۵,نورآباد,nurabad,services,technology-services
۰۹۰۵۴۳۲۹۸۰۵,نورآباد,nurabad,services,technology-services
۰۹۰۵۴۳۲۹۸۰۴,نورآباد,nurabad,services,technology-services
۰۹۲۲۱۵۵۰۲۵۲,نورآباد,nurabad,services,financial-services
۰۹۳۷۵۴۵۳۷۷۹,نورآباد,nurabad,services,financial-services
۰۹۱۹۲۰۷۹۸۳۵,نورآباد,nurabad,services,financial-services
(پنهان‌شده؛ چت کنید),نورآباد,nurabad,services,financial-services
۰۹۱۶۸۵۶۹۵۳۶,نورآباد,nurabad,services,financial-services
۰۹۹۰۵۳۸۶۴۷۵,نورآباد,nurabad,services,financial-services
۰۹۹۰۵۳۸۶۴۷۵,نورآباد,nurabad,services,financial-services
۰۹۳۳۷۱۸۵۶۸۸,نورآباد,nurabad,services,financial-services
۰۹۳۸۸۰۱۱۱۵۹,نورآباد,nurabad,services,financial-services
۰۹۰۳۹۱۳۵۵۰۳,نورآباد,nurabad,services,transport-logistic-services
۰۹۱۷۰۳۷۷۸۴۴,نورآباد,nurabad,services,transport-logistic-services
۰۹۲۲۵۷۶۹۲۱۲,نورآباد,nurabad,services,transport-logistic-services
۰۹۱۷۵۰۶۲۲۱۶,نورآباد,nurabad,services,transport-logistic-services
۰۹۱۹۴۱۷۰۵۷۱,نورآباد,nurabad,services,transport-logistic-services
۰۹۱۶۳۶۶۵۵۰۶,نورآباد,nurabad,services,transport-logistic-services
۰۹۳۹۹۷۹۵۵۳۲,نورآباد,nurabad,services,transport-logistic-services
(پنهان‌شده؛ چت کنید),نورآباد,nurabad,services,craft-skill-services
۰۹۰۵۴۷۳۰۱۷۹,نورآباد,nurabad,services,craft-skill-services
(پنهان‌شده؛ چت کنید),نورآباد,nurabad,services,craft-skill-services
۰۹۱۰۷۴۱۹۰۵۲,نورآباد,nurabad,services,craft-skill-services
۰۹۲۲۵۷۰۴۱۴۸,نورآباد,nurabad,services,craft-skill-services
۰۹۱۶۹۶۰۷۵۳۷,نورآباد,nurabad,services,craft-skill-services
۰۹۰۳۹۱۳۵۵۰۳,نورآباد,nurabad,services,craft-skill-services
(پنهان‌شده؛ چت کنید),نورآباد,nurabad,services,craft-skill-services
۰۹۱۶۹۸۵۵۸۷۴,نورآباد,nurabad,services,craft-skill-services
۰۹۱۲۲۵۰۹۷۷۸,نورآباد,nurabad,services,craft-skill-services
۰۹۳۵۹۵۴۸۰۴۳,نورآباد,nurabad,services,craft-skill-services
۰۹۱۶۹۵۰۹۵۳۹,نورآباد,nurabad,services,craft-skill-services
۰۹۰۱۱۴۷۶۵۹۵,نورآباد,nurabad,services,craft-skill-services
۰۹۱۶۹۶۰۳۹۴۴,نورآباد,nurabad,services,craft-skill-services
۰۹۱۲۰۶۷۱۳۷۴,نورآباد,nurabad,services,craft-skill-services
۰۹۱۷۹۸۹۹۵۲۵,نورآباد,nurabad,services,craft-skill-services
۰۹۳۳۵۰۹۹۰۰۸,نورآباد,nurabad,services,craft-skill-services
۰۹۰۳۶۰۳۱۳۲۰,نورآباد,nurabad,services,craft-skill-services
۰۹۱۲۸۳۸۸۴۶۷,نورآباد,nurabad,services,beauty-services
۰۹۱۷۰۴۵۵۸۹۶,نورآباد,nurabad,services,beauty-services
۰۹۰۵۷۰۶۷۵۱۶,نورآباد,nurabad,services,beauty-services
۰۹۱۰۰۸۴۳۸۷۶,نورآباد,nurabad,services,beauty-services
۰۹۰۵۵۲۰۸۰۰۳,نورآباد,nurabad,services,beauty-services
۰۹۱۷۷۲۲۰۷۸۱,نورآباد,nurabad,services,beauty-services
۰۹۱۷۹۲۲۶۹۴۵,نورآباد,nurabad,services,gardening-services
۰۹۱۶۶۶۰۶۷۱۹,نورآباد,nurabad,services,gardening-services
۰۹۱۹۲۷۵۶۳۴۳,نورآباد,nurabad,services,gardening-services
۰۹۹۰۹۴۱۵۲۲۷,نورآباد,nurabad,services,gardening-services
۰۹۳۰۸۰۰۹۲۲۱,نورآباد,nurabad,services,teaching-services
۰۹۱۷۸۲۲۳۷۰۳,نورآباد,nurabad,services,teaching-services
(پنهان‌شده؛ چت کنید),نورآباد,nurabad,services,teaching-services
۰۹۱۷۸۳۶۰۴۹۴,نورآباد,nurabad,services,teaching-services
۰۹۲۲۹۵۳۹۳۴۵,نورآباد,nurabad,services,teaching-services
۰۹۳۰۸۲۲۵۰۳۰,نورآباد,nurabad,personal-goods,apparel
۰۹۱۹۶۲۱۷۳۸۷,نورآباد,nurabad,personal-goods,apparel
(پنهان‌شده؛ چت کنید),نورآباد,nurabad,personal-goods,apparel
(پنهان‌شده؛ چت کنید),نورآباد,nurabad,personal-goods,apparel
۰۹۱۶۷۹۵۵۳۷۹,نورآباد,nurabad,personal-goods,apparel
(پنهان‌شده؛ چت کنید),نورآباد,nurabad,personal-goods,apparel
(پنهان‌شده؛ چت کنید),نورآباد,nurabad,personal-goods,apparel
(پنهان‌شده؛ چت کنید),نورآباد,nurabad,personal-goods,apparel
۰۹۳۹۱۲۹۷۸۶۳,نورآباد,nurabad,personal-goods,apparel
۰۹۳۳۲۳۵۸۱۱۲,نورآباد,nurabad,personal-goods,apparel
۰۹۱۶۸۴۷۸۸۹۱,نورآباد,nurabad,personal-goods,apparel
(پنهان‌شده؛ چت کنید),نورآباد,nurabad,personal-goods,apparel
۰۹۰۳۱۲۰۷۰۲۳,نورآباد,nurabad,personal-goods,apparel
(پنهان‌شده؛ چت کنید),نورآباد,nurabad,personal-goods,apparel
۰۹۱۷۵۶۶۶۴۷۱,نورآباد,nurabad,personal-goods,apparel
(پنهان‌شده؛ چت کنید),نورآباد,nurabad,personal-goods,apparel
۰۹۰۳۳۴۰۲۲۸۶,نورآباد,nurabad,personal-goods,apparel
(پنهان‌شده؛ چت کنید),نورآباد,nurabad,personal-goods,apparel
(پنهان‌شده؛ چت کنید),نورآباد,nurabad,personal-goods,apparel
(پنهان‌شده؛ چت کنید),نورآباد,nurabad,personal-goods,apparel
۰۹۳۹۷۱۲۱۹۶۲,نورآباد,nurabad,personal-goods,apparel
۰۹۳۶۵۰۰۱۳۰۳,نورآباد,nurabad,personal-goods,apparel
۰۹۳۹۸۰۲۱۰۸۱,نورآباد,nurabad,personal-goods,apparel
(پنهان‌شده؛ چت کنید),نورآباد,nurabad,personal-goods,apparel
(پنهان‌شده؛ چت کنید),نورآباد,nurabad,personal-goods,apparel
۰۹۱۷۴۱۴۷۶۴۲,نورآباد,nurabad,personal-goods,apparel
۰۹۹۱۵۲۸۴۷۰۳,نورآباد,nurabad,personal-goods,apparel
۰۹۳۹۱۸۶۴۹۱۰,نورآباد,nurabad,personal-goods,apparel
(پنهان‌شده؛ چت کنید),نورآباد,nurabad,personal-goods,apparel
۰۹۱۲۵۶۲۱۷۶۵,نورآباد,nurabad,personal-goods,apparel
(پنهان‌شده؛ چت کنید),نورآباد,nurabad,personal-goods,apparel
۰۹۳۶۲۲۰۹۰۶۶,نورآباد,nurabad,personal-goods,apparel
(پنهان‌شده؛ چت کنید),نورآباد,nurabad,personal-goods,apparel
۰۹۹۱۵۲۸۴۶۹۸,نورآباد,nurabad,personal-goods,apparel
۰۹۱۹۷۶۸۷۱۸۱,نورآباد,nurabad,personal-goods,apparel
۰۹۱۷۴۳۲۳۴۱۲,نورآباد,nurabad,personal-goods,apparel
۰۹۹۰۶۹۱۷۳۲۷,نورآباد,nurabad,personal-goods,apparel
۰۹۹۲۷۶۳۶۸۵۹,نورآباد,nurabad,personal-goods,apparel
(پنهان‌شده؛ چت کنید),نورآباد,nurabad,personal-goods,apparel
۰۹۳۶۰۸۱۸۲۱۱,نورآباد,nurabad,personal-goods,apparel
(پنهان‌شده؛ چت کنید),نورآباد,nurabad,personal-goods,apparel
۰۹۳۳۷۲۱۵۱۶۷,نورآباد,nurabad,personal-goods,apparel
۰۹۱۷۱۲۴۵۰۷۴,نورآباد,nurabad,personal-goods,apparel
۰۹۳۳۶۳۶۱۳۵۰,نورآباد,nurabad,personal-goods,apparel
۰۹۳۶۹۲۵۸۴۳۰,نورآباد,nurabad,personal-goods,apparel
۰۹۰۱۳۹۴۵۴۰۳,نورآباد,nurabad,personal-goods,apparel
۰۹۱۶۴۰۷۹۰۶۵,نورآباد,nurabad,personal-goods,apparel
۰۹۰۱۱۷۹۲۱۴۶,نورآباد,nurabad,personal-goods,apparel
۰۹۱۷۸۴۳۴۲۷۶,نورآباد,nurabad,personal-goods,apparel
۰۹۱۰۰۱۷۶۶۳۱,نورآباد,nurabad,personal-goods,apparel
۰۹۱۶۸۵۵۷۵۰۸,نورآباد,nurabad,personal-goods,apparel
۰۹۲۲۲۸۵۱۱۴۵,نورآباد,nurabad,personal-goods,apparel
۰۹۲۲۲۸۵۱۱۴۵,نورآباد,nurabad,personal-goods,apparel
۰۹۲۲۲۸۵۱۱۴۵,نورآباد,nurabad,personal-goods,apparel
۰۹۱۶۵۶۴۳۵۰۵,نورآباد,nurabad,personal-goods,accessories
۰۹۰۳۸۵۰۳۹۳۵,نورآباد,nurabad,personal-goods,accessories
۰۹۱۷۳۲۴۳۴۲۱,نورآباد,nurabad,personal-goods,accessories
۰۹۱۷۲۹۰۰۰۵۷,نورآباد,nurabad,personal-goods,accessories
۰۹۰۵۶۸۱۷۹۵۲,نورآباد,nurabad,personal-goods,accessories
۰۹۱۶۹۷۹۴۴۲۵,نورآباد,nurabad,personal-goods,accessories
(پنهان‌شده؛ چت کنید),نورآباد,nurabad,personal-goods,accessories
۰۹۰۳۸۵۰۳۹۳۵,نورآباد,nurabad,personal-goods,accessories
۰۹۹۰۰۳۵۳۸۴۵,نورآباد,nurabad,personal-goods,accessories
۰۹۰۳۸۵۰۳۹۳۵,نورآباد,nurabad,personal-goods,accessories
۰۹۳۹۵۳۰۷۱۳۵,نورآباد,nurabad,personal-goods,accessories
۰۹۱۶۸۵۹۶۳۲۹,نورآباد,nurabad,personal-goods,accessories
۰۹۱۶۸۷۷۷۶۴۳,نورآباد,nurabad,personal-goods,accessories
(پنهان‌شده؛ چت کنید),نورآباد,nurabad,personal-goods,accessories
۰۹۹۱۷۹۰۹۴۱۸,نورآباد,nurabad,personal-goods,beauty-and-personal-care
۰۹۰۱۵۵۵۳۸۴۳,نورآباد,nurabad,personal-goods,beauty-and-personal-care
۰۹۱۷۲۸۰۰۰۳۹,نورآباد,nurabad,personal-goods,beauty-and-personal-care
(پنهان‌شده؛ چت کنید),نورآباد,nurabad,personal-goods,beauty-and-personal-care
۰۹۱۶۴۴۷۳۵۱۳,نورآباد,nurabad,personal-goods,beauty-and-personal-care
(پنهان‌شده؛ چت کنید),نورآباد,nurabad,personal-goods,beauty-and-personal-care
۰۹۳۳۶۳۱۹۵۴۱,نورآباد,nurabad,personal-goods,beauty-and-personal-care
۰۹۰۱۵۳۲۶۹۱۷,نورآباد,nurabad,personal-goods,child-apparel
۰۹۰۳۰۵۴۴۲۲۱,نورآباد,nurabad,personal-goods,child-products
۰۹۳۷۷۹۰۴۹۷۰,نورآباد,nurabad,personal-goods,child-products
(پنهان‌شده؛ چت کنید),نورآباد,nurabad,personal-goods,child-products
۰۹۰۳۰۸۵۹۸۴۷,نورآباد,nurabad,personal-goods,child-products
۰۹۱۶۸۵۵۷۲۰۵,نورآباد,nurabad,personal-goods,child-products
۰۹۱۶۶۶۳۶۰۸۲,نورآباد,nurabad,personal-goods,child-products
(پنهان‌شده؛ چت کنید),نورآباد,nurabad,personal-goods,child-products
۰۹۹۰۶۶۲۴۰۱۹,نورآباد,nurabad,personal-goods,child-products
(پنهان‌شده؛ چت کنید),نورآباد,nurabad,personal-goods,stationery
(پنهان‌شده؛ چت کنید),نورآباد,nurabad,personal-goods,stationery
۰۹۹۰۷۰۶۶۶۳۷,نورآباد,nurabad,personal-goods,stationery
(پنهان‌شده؛ چت کنید),نورآباد,nurabad,personal-goods,stationery
۰۹۱۶۹۶۳۵۶۰۹,نورآباد,nurabad,personal-goods,stationery
۰۹۱۷۴۸۸۲۳۱۹,نورآباد,nurabad,personal-goods,stationery
۰۹۱۸۷۹۱۵۴۹۱,نورآباد,nurabad,personal-goods,stationery
۰۹۹۰۶۹۱۲۰۵۹,نورآباد,nurabad,personal-goods,stationery
۰۹۹۰۷۰۶۶۶۳۷,نورآباد,nurabad,personal-goods,stationery
(پنهان‌شده؛ چت کنید),نورآباد,nurabad,personal-goods,stationery
۰۹۳۰۳۱۰۱۹۱۱,نورآباد,nurabad,personal-goods,stationery
۰۹۳۰۳۱۰۱۹۱۱,نورآباد,nurabad,personal-goods,stationery
۰۹۳۰۳۱۰۱۹۱۱,نورآباد,nurabad,personal-goods,stationery
۰۹۳۰۳۱۰۱۹۱۱,نورآباد,nurabad,personal-goods,stationery
۰۹۳۰۳۱۰۱۹۱۱,نورآباد,nurabad,personal-goods,stationery
۰۹۳۰۳۱۰۱۹۱۱,نورآباد,nurabad,personal-goods,stationery
۰۹۳۳۹۶۵۶۹۱۸,نورآباد,nurabad,personal-goods,stationery
۰۹۲۱۹۲۷۶۱۲۵,نورآباد,nurabad,personal-goods,stationery
۰۹۳۶۷۵۶۵۰۲۰,نورآباد,nurabad,personal-goods,stationery
(پنهان‌شده؛ چت کنید),نورآباد,nurabad,entertainment,tours
۰۹۱۷۴۱۴۴۷۴۱,نورآباد,nurabad,entertainment,tours
(پنهان‌شده؛ چت کنید),نورآباد,nurabad,entertainment,publication
(پنهان‌شده؛ چت کنید),نورآباد,nurabad,entertainment,publication
۰۹۳۳۰۱۰۸۱۸۱,نورآباد,nurabad,entertainment,publication
۰۹۱۷۴۸۴۳۱۷۹,نورآباد,nurabad,entertainment,publication
۰۹۲۲۳۸۰۸۲۱۰,نورآباد,nurabad,entertainment,publication
۰۹۲۲۳۸۰۸۲۱۰,نورآباد,nurabad,entertainment,publication
۰۹۲۲۳۸۰۸۲۱۰,نورآباد,nurabad,entertainment,publication
۰۹۰۱۹۲۰۲۸۱۸,نورآباد,nurabad,entertainment,publication
۰۹۱۶۶۶۰۴۲۱۶,نورآباد,nurabad,entertainment,publication
۰۹۲۱۱۸۱۴۷۹۲,نورآباد,nurabad,entertainment,bike-skate-scooter
۰۹۰۱۰۲۷۸۵۹۹,نورآباد,nurabad,entertainment,bike-skate-scooter
۰۹۰۱۰۲۷۸۵۹۹,نورآباد,nurabad,entertainment,bike-skate-scooter
۰۹۰۱۰۲۷۸۲۵۰,نورآباد,nurabad,entertainment,bike-skate-scooter
۰۹۰۲۵۱۴۶۲۶۰,نورآباد,nurabad,entertainment,bike-skate-scooter
۰۹۱۷۷۲۳۴۶۹۸,نورآباد,nurabad,entertainment,bike-skate-scooter
۰۹۱۶۵۵۸۸۵۵۳,نورآباد,nurabad,entertainment,bike-skate-scooter
۰۹۱۷۶۹۸۶۵۹۲,نورآباد,nurabad,entertainment,bike-skate-scooter
۰۹۱۶۵۷۴۸۰۵۳,نورآباد,nurabad,entertainment,bike-skate-scooter
۰۹۱۷۴۸۵۵۱۸۳,نورآباد,nurabad,entertainment,bike-skate-scooter
۰۹۹۱۷۳۲۷۹۰۶,نورآباد,nurabad,entertainment,bike-skate-scooter
۰۹۰۳۲۸۰۶۲۶۳,نورآباد,nurabad,entertainment,bike-skate-scooter
۰۹۳۹۵۳۰۷۱۳۵,نورآباد,nurabad,entertainment,bike-skate-scooter
۰۹۱۷۲۸۶۷۴۷۷,نورآباد,nurabad,entertainment,bike-skate-scooter
۰۹۳۷۷۹۰۴۹۷۰,نورآباد,nurabad,entertainment,bike-skate-scooter
(پنهان‌شده؛ چت کنید),نورآباد,nurabad,entertainment,bike-skate-scooter
۰۹۰۱۰۲۷۸۲۵۰,نورآباد,nurabad,entertainment,bike-skate-scooter
۰۹۰۱۰۲۷۸۲۵۰,نورآباد,nurabad,entertainment,bike-skate-scooter
۰۹۰۱۹۲۰۲۸۱۸,نورآباد,nurabad,entertainment,bike-skate-scooter
۰۹۰۳۳۱۴۲۹۹۱,نورآباد,nurabad,entertainment,bike-skate-scooter
۰۹۱۶۵۶۷۶۱۱۲,نورآباد,nurabad,entertainment,bike-skate-scooter
۰۹۱۶۵۶۴۷۵۲۷,نورآباد,nurabad,entertainment,pets-animals
۰۹۱۶۵۶۴۷۵۲۷,نورآباد,nurabad,entertainment,pets-animals
۰۹۳۶۳۰۷۱۵۹۰,نورآباد,nurabad,entertainment,pets-animals
۰۹۹۰۶۱۱۲۴۳۶,نورآباد,nurabad,entertainment,pets-animals
۰۹۹۰۶۱۱۲۴۳۶,نورآباد,nurabad,entertainment,pets-animals
۰۹۱۶۶۵۹۷۱۳۸,نورآباد,nurabad,entertainment,pets-animals
۰۹۳۸۵۶۴۰۶۰۱,نورآباد,nurabad,entertainment,pets-animals
۰۹۱۷۸۳۹۸۷۵۵,نورآباد,nurabad,entertainment,pets-animals
۰۹۰۱۹۵۹۴۳۸۰,نورآباد,nurabad,entertainment,pets-animals
(پنهان‌شده؛ چت کنید),نورآباد,nurabad,entertainment,pets-animals
۰۹۱۷۰۴۵۴۵۰۷,نورآباد,nurabad,entertainment,pets-animals
۰۹۳۰۸۵۵۶۲۴۷,نورآباد,nurabad,entertainment,pets-animals
۰۹۱۷۶۳۹۷۰۴۷,نورآباد,nurabad,entertainment,pets-animals
۰۹۱۱۵۸۷۲۲۷۴,نورآباد,nurabad,entertainment,pets-animals
۰۹۱۶۹۶۱۶۱۵۸,نورآباد,nurabad,entertainment,pets-animals
۰۹۰۱۰۴۴۳۵۸۹,نورآباد,nurabad,entertainment,pets-animals
۰۹۱۷۸۲۸۶۹۵۸,نورآباد,nurabad,entertainment,pets-animals
۰۹۱۶۹۵۸۳۴۴۲,نورآباد,nurabad,entertainment,pets-animals
(پنهان‌شده؛ چت کنید),نورآباد,nurabad,entertainment,pets-animals
۰۹۱۷۸۲۴۳۶۶۸,نورآباد,nurabad,entertainment,pets-animals
۰۹۱۷۹۲۱۱۱۷۳,نورآباد,nurabad,entertainment,pets-animals
۰۹۱۷۱۲۳۵۷۷۲,نورآباد,nurabad,entertainment,collecting
۰۹۳۸۷۳۹۸۱۷۹,نورآباد,nurabad,entertainment,collecting
۰۹۳۷۹۱۱۷۸۸۳,نورآباد,nurabad,entertainment,musical-instruments
۰۹۳۷۵۳۵۶۱۳۳,نورآباد,nurabad,entertainment,musical-instruments
۰۹۱۷۴۲۴۵۹۷۶,نورآباد,nurabad,entertainment,musical-instruments
۰۹۳۶۹۲۵۰۹۷۵,نورآباد,nurabad,entertainment,musical-instruments
۰۹۰۳۷۰۷۱۰۹۹,نورآباد,nurabad,entertainment,sport-entertainment
۰۹۳۷۶۵۳۵۴۵۹,نورآباد,nurabad,entertainment,sport-entertainment
۰۹۱۶۷۲۲۴۷۵۷,نورآباد,nurabad,entertainment,sport-entertainment
۰۹۱۹۰۲۶۰۹۷۹,نورآباد,nurabad,entertainment,sport-entertainment
۰۹۱۸۹۵۴۸۲۲۰,نورآباد,nurabad,entertainment,sport-entertainment
۰۹۱۷۸۵۰۹۴۱۳,نورآباد,nurabad,entertainment,sport-entertainment
(پنهان‌شده؛ چت کنید),نورآباد,nurabad,entertainment,game-and-toys
۰۹۰۳۱۲۰۷۰۲۳,نورآباد,nurabad,entertainment,game-and-toys
۰۹۹۲۸۷۰۴۸۹۶,نورآباد,nurabad,social-services,event
۰۹۰۵۶۱۷۷۲۲۹,نورآباد,nurabad,social-services,event
۰۹۳۰۳۱۴۸۱۷۳,نورآباد,nurabad,social-services,event
۰۹۹۲۸۳۸۶۲۳۶,نورآباد,nurabad,social-services,event
۰۹۹۲۸۴۴۸۲۵۴,نورآباد,nurabad,social-services,event
۰۹۱۶۵۵۹۹۵۹۷,نورآباد,nurabad,social-services,voluntary
۰۹۳۰۶۲۴۳۶۸۲,نورآباد,nurabad,social-services,voluntary
۰۹۱۷۰۴۶۴۴۷۶,نورآباد,nurabad,social-services,voluntary
۰۹۱۶۹۶۰۲۵۵۱,نورآباد,nurabad,social-services,missing
۰۹۳۸۳۵۰۱۳۷۳,نورآباد,nurabad,social-services,missing
۰۹۱۹۹۳۷۹۱۶۰,نورآباد,nurabad,social-services,missing
۰۹۱۷۱۰۰۲۸۰۲,نورآباد,nurabad,social-services,missing
۰۹۱۷۹۳۸۱۷۵۷,نورآباد,nurabad,social-services,missing
(پنهان‌شده؛ چت کنید),نورآباد,nurabad,businesses,business-equipment
۰۹۰۵۵۸۵۵۰۷۰,نورآباد,nurabad,businesses,business-equipment
۰۹۹۱۳۷۱۹۰۵۸,نورآباد,nurabad,businesses,business-equipment
۰۹۳۹۰۴۵۴۸۶۴,نورآباد,nurabad,businesses,business-equipment
۰۹۳۹۰۴۵۴۸۶۴,نورآباد,nurabad,businesses,business-equipment
۰۹۰۳۰۵۴۴۲۲۱,نورآباد,nurabad,businesses,business-equipment
۰۹۱۶۵۶۷۵۸۸۴,نورآباد,nurabad,businesses,business-equipment
۰۹۰۲۷۸۵۶۶۳۹,نورآباد,nurabad,businesses,business-equipment
۰۹۰۳۳۶۱۰۸۹۷,نورآباد,nurabad,businesses,business-equipment
۰۹۱۷۶۸۱۷۱۸۱,نورآباد,nurabad,businesses,business-equipment
۰۹۳۸۶۹۸۹۷۴۲,نورآباد,nurabad,businesses,business-equipment
۰۹۱۰۱۸۸۰۹۰۲,نورآباد,nurabad,businesses,business-equipment
۰۹۱۷۴۴۴۲۲۳۶,نورآباد,nurabad,businesses,business-equipment
۰۹۱۷۰۶۰۵۴۵۲,نورآباد,nurabad,businesses,business-equipment
۰۹۱۶۷۰۱۹۳۸۶,نورآباد,nurabad,businesses,business-equipment
۰۹۱۷۵۷۱۲۷۰۹,نورآباد,nurabad,businesses,business-equipment
۰۹۰۳۷۹۹۲۸۴۱,نورآباد,nurabad,businesses,business-equipment
۰۹۱۶۶۶۰۴۸۹۷,نورآباد,nurabad,businesses,business-equipment
۰۹۰۳۵۴۰۷۰۹۸,نورآباد,nurabad,businesses,business-equipment
۰۹۱۷۲۴۲۶۷۲۷,نورآباد,nurabad,businesses,business-equipment
۰۹۰۵۴۳۲۳۹۴۹,نورآباد,nurabad,businesses,business-equipment
۰۹۱۷۸۲۲۰۲۱۳,نورآباد,nurabad,businesses,business-equipment
(پنهان‌شده؛ چت کنید),نورآباد,nurabad,businesses,business-equipment
۰۹۰۵۸۷۲۰۲۸۴,نورآباد,nurabad,businesses,business-equipment
۰۹۱۷۳۲۱۸۳۶۸,نورآباد,nurabad,businesses,business-equipment
۰۹۲۱۷۹۸۳۹۷۵,نورآباد,nurabad,businesses,business-equipment
۰۹۱۹۳۰۸۳۴۵۸,نورآباد,nurabad,businesses,business-equipment
۰۹۱۶۴۴۹۱۰۸۰,نورآباد,nurabad,businesses,business-equipment
۰۹۱۷۸۲۷۳۹۱۹,نورآباد,nurabad,businesses,business-equipment
۰۹۱۶۵۵۱۱۴۸۰,نورآباد,nurabad,businesses,business-equipment
۰۹۱۷۹۲۳۴۶۵۹,نورآباد,nurabad,businesses,business-equipment
۰۹۱۶۹۶۳۵۲۵۴,نورآباد,nurabad,businesses,business-equipment
۰۹۱۲۴۷۰۵۶۱۷,نورآباد,nurabad,businesses,business-equipment
۰۹۰۳۹۱۳۵۵۰۳,نورآباد,nurabad,businesses,business-equipment
۰۹۱۷۴۰۴۵۹۲۵,نورآباد,nurabad,businesses,business-equipment
۰۹۱۶۷۱۹۶۰۳۹,نورآباد,nurabad,businesses,business-equipment
۰۹۳۸۰۰۵۸۲۳۷,نورآباد,nurabad,businesses,business-equipment
۰۹۱۷۹۴۳۱۴۳۰,نورآباد,nurabad,businesses,business-equipment
۰۹۰۳۴۵۹۵۷۳۸,نورآباد,nurabad,businesses,business-equipment
۰۹۱۷۸۳۹۸۷۵۵,نورآباد,nurabad,businesses,business-equipment
۰۹۱۲۴۰۵۱۲۸۱,نورآباد,nurabad,businesses,business-equipment
۰۹۱۸۷۶۸۶۳۲۳,نورآباد,nurabad,businesses,business-equipment
۰۹۳۸۴۱۶۸۲۰۴,نورآباد,nurabad,businesses,business-equipment
۰۹۱۶۹۶۱۹۱۳۵,نورآباد,nurabad,businesses,business-equipment
۰۹۱۶۵۷۷۲۱۸۱,نورآباد,nurabad,businesses,business-equipment
۰۹۳۷۷۳۷۰۹۱۲,نورآباد,nurabad,businesses,business-equipment
۰۹۹۲۷۸۳۴۹۸۵,نورآباد,nurabad,businesses,business-equipment
۰۹۲۲۹۵۶۵۱۴۳,نورآباد,nurabad,businesses,business-equipment
۰۹۱۶۶۶۰۷۸۰۴,نورآباد,nurabad,businesses,business-equipment
۰۹۰۲۷۹۸۶۹۳۲,نورآباد,nurabad,businesses,business-equipment
۰۹۰۱۲۳۲۴۱۴۰,نورآباد,nurabad,businesses,business-equipment
۰۹۳۳۲۲۷۴۹۴۷,نورآباد,nurabad,businesses,business-equipment
۰۹۰۲۰۵۵۲۲۵۳,نورآباد,nurabad,businesses,business-equipment
۰۹۱۷۴۳۷۹۰۶۹,نورآباد,nurabad,businesses,business-equipment
۰۹۰۲۷۸۵۶۷۳۲,نورآباد,nurabad,businesses,business-equipment
۰۹۹۸۱۴۸۵۷۹۸,نورآباد,nurabad,businesses,business-equipment
۰۹۲۲۹۵۶۵۱۴۴,نورآباد,nurabad,businesses,business-equipment
۰۹۱۵۹۲۲۲۴۱۶,نورآباد,nurabad,businesses,business-equipment
۰۹۳۶۹۷۱۶۶۷۵,نورآباد,nurabad,businesses,business-equipment
۰۹۳۹۵۹۱۹۲۹۲,نورآباد,nurabad,businesses,business-equipment
۰۹۳۶۳۵۱۱۵۸۱,نورآباد,nurabad,businesses,business-equipment
۰۹۱۷۳۲۳۷۴۱۸,نورآباد,nurabad,businesses,business-equipment
۰۹۱۹۲۰۷۹۸۳۵,نورآباد,nurabad,businesses,business-equipment
۰۹۳۹۰۴۵۴۸۶۴,نورآباد,nurabad,businesses,business-equipment
۰۹۳۹۰۴۵۴۸۶۴,نورآباد,nurabad,businesses,business-equipment
۰۹۱۸۰۱۶۸۷۰۶,نورآباد,nurabad,businesses,business-equipment
۰۹۹۰۰۶۸۶۴۱۰,نورآباد,nurabad,businesses,business-equipment
۰۹۱۶۹۶۱۷۳۶۳,نورآباد,nurabad,businesses,business-equipment
۰۹۱۶۹۶۰۳۸۲۱,نورآباد,nurabad,businesses,business-equipment
۰۹۰۳۸۰۲۸۶۷۰,نورآباد,nurabad,businesses,wholesale
۰۹۳۷۰۹۱۱۷۶۶,نورآباد,nurabad,businesses,wholesale
۰۹۱۷۰۸۰۷۲۰۹,نورآباد,nurabad,businesses,wholesale
۰۹۱۶۳۲۱۹۸۳۶,نورآباد,nurabad,businesses,wholesale
(پنهان‌شده؛ چت کنید),نورآباد,nurabad,businesses,wholesale
۰۹۱۷۹۲۳۱۶۰۸,نورآباد,nurabad,businesses,wholesale
۰۹۳۸۰۷۵۶۸۰۹,نورآباد,nurabad,businesses,wholesale
۰۹۱۰۸۸۸۴۲۳۲,نورآباد,nurabad,businesses,wholesale
۰۹۱۱۵۲۶۸۷۷۹,نورآباد,nurabad,businesses,wholesale
(پنهان‌شده؛ چت کنید),نورآباد,nurabad,businesses,wholesale
۰۹۰۵۶۴۴۵۲۲۰,نورآباد,nurabad,businesses,wholesale
۰۹۳۵۷۱۱۸۶۰۴,نورآباد,nurabad,businesses,wholesale
۰۹۱۷۰۶۳۴۳۲۴,نورآباد,nurabad,businesses,wholesale
۰۹۱۶۰۵۳۸۳۴۴,نورآباد,nurabad,businesses,wholesale
(پنهان‌شده؛ چت کنید),نورآباد,nurabad,businesses,wholesale
۰۹۱۶۳۶۶۲۹۱۱,نورآباد,nurabad,businesses,wholesale
(پنهان‌شده؛ چت کنید),نورآباد,nurabad,businesses,wholesale
۰۹۱۷۴۸۶۹۳۶۸,نورآباد,nurabad,businesses,wholesale
(پنهان‌شده؛ چت کنید),نورآباد,nurabad,businesses,wholesale
۰۹۱۶۹۶۱۶۱۶۵,نورآباد,nurabad,businesses,wholesale
۰۹۲۲۹۶۵۱۰۰۳,نورآباد,nurabad,businesses,wholesale
۰۹۲۲۹۶۵۱۰۰۳,نورآباد,nurabad,businesses,wholesale
۰۹۲۲۹۶۵۱۰۰۳,نورآباد,nurabad,businesses,wholesale
۰۹۱۷۱۲۶۵۷۸۲,نورآباد,nurabad,businesses,wholesale
(پنهان‌شده؛ چت کنید),نورآباد,nurabad,businesses,wholesale
۰۹۳۰۷۷۸۵۳۸۲,نورآباد,nurabad,businesses,wholesale
۰۹۳۶۷۶۷۱۲۶۸,نورآباد,nurabad,businesses,wholesale
۰۹۱۸۷۷۰۶۶۷۱,نورآباد,nurabad,businesses,wholesale
۰۹۱۷۸۲۲۳۷۰۳,نورآباد,nurabad,businesses,wholesale
۰۹۱۶۴۲۸۸۷۷۱,نورآباد,nurabad,businesses,wholesale
۰۹۱۶۳۶۳۰۶۱۸,نورآباد,nurabad,businesses,wholesale
۰۹۳۶۱۷۶۷۷۵۹,نورآباد,nurabad,businesses,wholesale
۰۹۱۷۵۳۵۶۳۰۹,نورآباد,nurabad,businesses,wholesale
۰۹۱۶۷۱۶۶۴۹۸,نورآباد,nurabad,businesses,wholesale
۰۹۱۶۴۸۶۲۳۸۸,نورآباد,nurabad,businesses,wholesale
۰۹۲۲۰۱۶۰۸۳۱,نورآباد,nurabad,businesses,wholesale
۰۹۹۱۵۲۸۴۷۰۱,نورآباد,nurabad,businesses,wholesale
۰۹۹۲۷۷۵۴۷۷۱,نورآباد,nurabad,businesses,wholesale
۰۹۱۶۸۵۵۷۱۵۶,نورآباد,nurabad,businesses,wholesale
۰۹۳۰۰۲۲۱۵۶۶,نورآباد,nurabad,businesses,wholesale
۰۹۳۶۷۶۷۱۲۶۸,نورآباد,nurabad,businesses,wholesale
۰۹۱۷۸۷۷۰۶۵۳,نورآباد,nurabad,businesses,wholesale
۰۹۲۱۷۹۸۲۲۱۵,نورآباد,nurabad,businesses,wholesale
۰۹۱۷۲۱۹۵۶۴۷,نورآباد,nurabad,businesses,wholesale
۰۹۱۶۸۵۶۴۳۰۳,نورآباد,nurabad,businesses,wholesale
۰۹۳۰۹۶۳۱۹۸۰,نورآباد,nurabad,businesses,wholesale
۰۹۹۱۷۳۸۰۳۲۶,نورآباد,nurabad,businesses,wholesale
۰۹۱۲۰۶۷۱۳۷۴,نورآباد,nurabad,businesses,wholesale
۰۹۳۹۶۲۶۱۰۲۲,نورآباد,nurabad,businesses,wholesale
۰۹۱۶۹۵۰۹۵۳۹,نورآباد,nurabad,businesses,wholesale
۰۹۰۱۷۳۸۸۷۷۸,نورآباد,nurabad,businesses,wholesale
۰۹۳۸۱۴۸۵۵۳۷,نورآباد,nurabad,businesses,wholesale
۰۹۳۶۳۰۶۰۶۴۲,نورآباد,nurabad,businesses,wholesale
۰۹۳۶۷۴۵۴۹۸۲,نورآباد,nurabad,businesses,wholesale
۰۹۰۱۴۷۰۴۶۸۵,نورآباد,nurabad,businesses,wholesale
۰۹۱۶۸۶۷۲۶۱۷,نورآباد,nurabad,businesses,wholesale
۰۹۱۱۴۲۸۶۸۰۱,نورآباد,nurabad,businesses,wholesale
۰۹۳۵۴۰۳۶۷۹۹,نورآباد,nurabad,businesses,wholesale
۰۹۱۷۹۲۳۲۳۱۷,نورآباد,nurabad,businesses,wholesale
۰۹۹۲۳۴۵۳۵۸۶,نورآباد,nurabad,businesses,wholesale
۰۹۹۲۸۴۳۵۱۶۲,نورآباد,nurabad,businesses,wholesale
۰۹۱۶۸۴۱۴۵۲۵,نورآباد,nurabad,businesses,wholesale
۰۹۳۹۳۷۱۲۵۰۶,نورآباد,nurabad,businesses,wholesale
۰۹۱۷۳۲۱۹۰۱۶,نورآباد,nurabad,businesses,wholesale
۰۹۱۷۹۲۳۶۲۹۰,نورآباد,nurabad,businesses,wholesale
۰۹۳۸۱۴۴۴۱۹۹,نورآباد,nurabad,businesses,wholesale
۰۹۱۹۷۳۳۷۹۵۵,نورآباد,nurabad,businesses,wholesale
۰۹۱۷۳۲۴۶۳۵۷,نورآباد,nurabad,businesses,wholesale
