۰۹۱۲۸۷۷۴۶۹۹,قیدار,qeydar,jobs,transport-delivery-jobs
۰۹۱۹۲۴۲۶۸۱۸,قیدار,qeydar,real-estate,buy-residential
۰۹۱۲۸۴۲۶۳۵۲,قیدار,qeydar,real-estate,buy-residential
۰۹۱۲۷۷۲۷۹۱۱,قیدار,qeydar,real-estate,buy-residential
۰۹۳۵۴۱۴۴۶۸۹,قیدار,qeydar,real-estate,buy-residential
۰۹۱۵۳۲۵۰۹۵۶,قیدار,qeydar,real-estate,buy-residential
۰۹۱۹۲۰۶۰۳۴۸,قیدار,qeydar,real-estate,buy-residential
۰۹۱۹۲۰۶۰۳۴۸,قیدار,qeydar,real-estate,buy-residential
۰۹۳۶۵۲۷۳۱۴۶,قیدار,qeydar,real-estate,buy-residential
۰۹۱۴۲۴۲۸۵۶۰,قیدار,qeydar,real-estate,buy-residential
۰۹۳۶۷۸۳۴۴۸۵,قیدار,qeydar,real-estate,buy-residential
۰۹۱۹۳۴۶۱۶۴۲,قیدار,qeydar,real-estate,buy-residential
۰۹۹۲۵۵۱۹۹۸۱,قیدار,qeydar,real-estate,buy-residential
۰۹۱۹۳۸۴۰۵۲۸,قیدار,qeydar,real-estate,buy-residential
۰۹۳۶۷۱۲۰۷۶۶,قیدار,qeydar,real-estate,buy-residential
۰۹۱۲۸۴۲۶۳۵۲,قیدار,qeydar,real-estate,buy-residential
۰۹۱۰۹۹۹۲۰۰۱,قیدار,qeydar,real-estate,buy-residential
۰۹۱۲۸۳۸۱۴۳۹,قیدار,qeydar,real-estate,buy-residential
۰۹۰۳۸۵۴۹۳۶۶,قیدار,qeydar,real-estate,buy-residential
۰۹۳۰۶۰۶۲۶۹۶,قیدار,qeydar,real-estate,buy-residential
۰۹۳۶۲۰۸۶۸۶۲,قیدار,qeydar,real-estate,buy-residential
۰۹۱۲۰۴۱۰۷۶۷,قیدار,qeydar,real-estate,buy-residential
۰۹۱۲۵۸۲۱۳۱۰,قیدار,qeydar,real-estate,buy-residential
۰۹۰۴۴۵۲۲۰۹۴,قیدار,qeydar,real-estate,buy-residential
۰۹۳۶۳۰۳۷۰۳۲,قیدار,qeydar,real-estate,buy-residential
۰۹۳۷۳۰۵۰۵۶۱,قیدار,qeydar,real-estate,buy-residential
۰۹۱۹۳۴۴۴۰۰۸,قیدار,qeydar,real-estate,buy-residential
۰۹۰۱۴۱۴۲۱۱۴,قیدار,qeydar,real-estate,buy-residential
۰۹۱۰۴۷۸۱۳۷۴,قیدار,qeydar,real-estate,buy-residential
۰۹۱۰۹۷۲۰۸۵۱,قیدار,qeydar,real-estate,buy-residential
۰۹۱۹۳۴۲۵۱۵۴,قیدار,qeydar,real-estate,rent-residential
۰۹۳۰۰۴۷۴۳۶۷,قیدار,qeydar,real-estate,rent-residential
۰۹۱۹۶۶۶۰۶۷۷,قیدار,qeydar,real-estate,rent-residential
۰۹۳۸۴۴۶۸۲۸۹,قیدار,qeydar,real-estate,rent-residential
۰۹۱۹۶۴۱۸۹۴۱,قیدار,qeydar,real-estate,rent-residential
۰۹۳۷۲۰۰۴۵۶۸,قیدار,qeydar,real-estate,rent-residential
۰۹۱۹۳۴۴۲۴۴۳,قیدار,qeydar,real-estate,rent-residential
۰۹۱۲۵۷۸۱۶۰۹,قیدار,qeydar,real-estate,buy-commercial-property
۰۹۳۹۳۴۱۸۵۵۹,قیدار,qeydar,real-estate,buy-commercial-property
۰۹۰۳۳۷۹۱۳۲۶,قیدار,qeydar,real-estate,buy-commercial-property
۰۹۳۹۳۲۴۹۴۰۴,قیدار,qeydar,real-estate,buy-commercial-property
۰۹۹۰۳۵۲۲۹۱۱,قیدار,qeydar,real-estate,buy-commercial-property
۰۹۹۰۸۹۴۹۲۶۳,قیدار,qeydar,real-estate,buy-commercial-property
۰۹۱۲۴۲۳۲۵۱۴,قیدار,qeydar,real-estate,buy-commercial-property
۰۹۱۹۳۴۲۵۱۵۴,قیدار,qeydar,real-estate,rent-commercial-property
۰۹۹۲۱۷۸۴۹۸۸,قیدار,qeydar,real-estate,rent-commercial-property
۰۹۳۶۵۸۰۳۰۵۴,قیدار,qeydar,real-estate,rent-commercial-property
۰۹۱۲۷۴۱۲۲۵۴,قیدار,qeydar,real-estate,rent-temporary
۰۹۱۹۶۴۱۸۹۴۱,قیدار,qeydar,real-estate,real-estate-services
۰۹۳۵۳۵۹۶۵۵۶,قیدار,qeydar,vehicles,auto
۰۹۱۲۲۴۲۷۰۴۰,قیدار,qeydar,vehicles,auto
۰۹۱۲۴۳۹۶۸۳۹,قیدار,qeydar,vehicles,auto
۰۹۱۲۷۷۲۰۳۸۸,قیدار,qeydar,vehicles,auto
۰۹۳۵۷۱۳۱۲۰۹,قیدار,qeydar,vehicles,auto
۰۹۱۲۹۲۸۰۵۷۵,قیدار,qeydar,vehicles,auto
۰۹۱۲۳۴۲۰۲۱۵,قیدار,qeydar,vehicles,auto
۰۹۱۲۶۴۱۲۳۵۲,قیدار,qeydar,vehicles,auto
۰۹۹۱۸۲۴۵۶۰۴,قیدار,qeydar,vehicles,auto
۰۹۱۹۱۰۴۸۰۷۳,قیدار,qeydar,vehicles,auto
۰۹۳۵۷۱۳۱۲۰۹,قیدار,qeydar,vehicles,auto
۰۹۱۲۳۴۲۱۰۷۶,قیدار,qeydar,vehicles,auto
۰۹۳۶۷۵۱۳۸۹۴,قیدار,qeydar,vehicles,auto
۰۹۱۲۴۵۸۱۸۳۵,قیدار,qeydar,vehicles,auto
۰۹۱۲۵۴۲۴۶۷۲,قیدار,qeydar,vehicles,auto
۰۹۱۲۸۳۸۱۴۳۹,قیدار,qeydar,vehicles,auto
۰۹۱۹۹۵۵۱۱۴۲,قیدار,qeydar,vehicles,auto
۰۹۱۱۲۱۸۲۳۲۷,قیدار,qeydar,vehicles,auto
۰۹۱۰۸۱۵۴۰۳۶,قیدار,qeydar,vehicles,auto
۰۹۱۲۰۸۲۶۸۰۵,قیدار,qeydar,vehicles,auto
۰۹۱۲۴۴۱۷۴۶۲,قیدار,qeydar,vehicles,auto
۰۹۳۵۴۳۴۱۱۰۴,قیدار,qeydar,vehicles,auto
۰۹۱۲۳۴۱۱۰۵۵,قیدار,qeydar,vehicles,auto
۰۹۱۲۸۴۲۱۳۵۳,قیدار,qeydar,vehicles,auto
۰۹۳۸۸۰۴۴۰۲۲,قیدار,qeydar,vehicles,auto
۰۹۰۳۲۴۹۷۸۱۲,قیدار,qeydar,vehicles,auto
۰۹۳۷۷۸۵۹۵۲۵,قیدار,qeydar,vehicles,auto
۰۹۱۲۳۴۲۴۴۱۷,قیدار,qeydar,vehicles,auto
۰۹۳۳۲۲۴۶۶۵۷,قیدار,qeydar,vehicles,auto
۰۹۱۰۹۷۴۸۴۸۹,قیدار,qeydar,vehicles,auto
۰۹۱۲۲۳۰۸۴۰۳,قیدار,qeydar,vehicles,auto
۰۹۰۲۸۴۹۳۶۱۷,قیدار,qeydar,vehicles,auto
۰۹۱۹۸۶۷۹۷۵۰,قیدار,qeydar,vehicles,auto
۰۹۱۹۲۰۰۶۳۴۲,قیدار,qeydar,vehicles,auto
۰۹۱۹۱۸۳۲۱۹۸,قیدار,qeydar,vehicles,auto
۰۹۱۲۳۴۲۴۵۹۴,قیدار,qeydar,vehicles,auto
۰۹۳۹۴۱۴۹۸۵۱,قیدار,qeydar,vehicles,auto
۰۹۳۵۳۷۲۰۰۱۹,قیدار,qeydar,vehicles,auto
۰۹۱۹۲۷۹۱۲۱۴,قیدار,qeydar,vehicles,auto
۰۹۱۹۴۵۰۳۹۳۳,قیدار,qeydar,vehicles,auto
۰۹۱۲۵۴۱۳۸۱۴,قیدار,qeydar,vehicles,auto
۰۹۱۹۳۴۵۱۷۸۳,قیدار,qeydar,vehicles,auto
۰۹۱۹۱۴۶۴۹۸۹,قیدار,qeydar,vehicles,auto
۰۹۳۸۲۰۱۳۰۱۲,قیدار,qeydar,vehicles,auto
۰۹۱۸۹۱۰۱۰۶۰,قیدار,qeydar,vehicles,car-accessories
۰۹۱۹۴۳۶۲۳۷۱,قیدار,qeydar,vehicles,car-accessories
۰۹۳۰۱۹۷۶۱۵۳,قیدار,qeydar,vehicles,car-accessories
۰۹۰۲۹۱۷۶۰۵۲,قیدار,qeydar,vehicles,car-accessories
۰۹۳۹۴۴۳۳۲۱۰,قیدار,qeydar,vehicles,car-accessories
۰۹۱۹۴۴۲۱۹۹۳,قیدار,qeydar,vehicles,car-accessories
۰۹۱۲۷۴۱۶۱۵۴,قیدار,qeydar,vehicles,car-accessories
۰۹۱۲۷۴۱۵۹۹۶,قیدار,qeydar,vehicles,car-accessories
۰۹۱۹۶۷۵۴۴۳۰,قیدار,qeydar,vehicles,car-accessories
۰۹۱۹۱۴۳۲۵۸۶,قیدار,qeydar,vehicles,car-accessories
۰۹۳۳۲۳۳۳۴۷۴,قیدار,qeydar,vehicles,car-accessories
۰۹۱۹۴۴۱۹۰۲۹,قیدار,qeydar,vehicles,car-accessories
۰۹۱۲۷۴۵۱۸۵۴,قیدار,qeydar,vehicles,car-accessories
۰۹۱۲۳۴۱۹۷۳۴,قیدار,qeydar,vehicles,car-accessories
۰۹۱۹۴۴۳۶۱۲۵,قیدار,qeydar,vehicles,car-accessories
۰۹۱۹۹۹۷۵۳۸۹,قیدار,qeydar,vehicles,car-accessories
۰۹۱۷۹۳۲۳۷۰۱,قیدار,qeydar,vehicles,car-accessories
۰۹۱۹۴۴۳۶۱۲۵,قیدار,qeydar,vehicles,car-accessories
۰۹۹۱۶۹۹۲۴۹۰,قیدار,qeydar,vehicles,car-accessories
۰۹۹۱۶۹۹۲۴۹۰,قیدار,qeydar,vehicles,car-accessories
۰۹۳۵۱۵۶۵۰۹۰,قیدار,qeydar,vehicles,car-accessories
۰۹۰۲۹۴۲۰۰۸۱,قیدار,qeydar,vehicles,car-accessories
۰۹۱۹۴۴۳۶۱۲۵,قیدار,qeydar,vehicles,car-accessories
۰۹۱۹۴۴۳۶۱۲۵,قیدار,qeydar,vehicles,car-accessories
۰۹۳۳۹۸۳۴۸۹۶,قیدار,qeydar,vehicles,car-accessories
۰۹۳۵۳۶۰۴۰۷۸,قیدار,qeydar,vehicles,car-accessories
۰۹۱۹۴۴۳۶۱۲۵,قیدار,qeydar,vehicles,car-accessories
۰۹۱۲۸۳۸۱۴۳۹,قیدار,qeydar,vehicles,car-accessories
۰۹۱۲۷۴۱۶۲۱۱,قیدار,qeydar,vehicles,car-accessories
۰۹۱۰۰۹۲۲۲۳۲,قیدار,qeydar,vehicles,car-accessories
۰۹۱۲۷۴۱۶۲۱۱,قیدار,qeydar,vehicles,car-accessories
۰۹۰۲۷۷۰۸۸۷۸,قیدار,qeydar,vehicles,car-accessories
۰۹۰۲۷۷۰۸۸۷۸,قیدار,qeydar,vehicles,car-accessories
۰۹۳۹۷۱۱۴۶۷۷,قیدار,qeydar,vehicles,car-accessories
۰۹۱۲۴۴۱۷۳۲۵,قیدار,qeydar,vehicles,car-accessories
۰۹۹۰۷۱۳۵۱۷۶,قیدار,qeydar,vehicles,car-accessories
۰۹۳۵۳۷۷۳۴۸۳,قیدار,qeydar,vehicles,car-accessories
۰۹۳۹۵۹۶۱۴۷۶,قیدار,qeydar,vehicles,car-accessories
۰۹۳۷۷۷۸۴۷۹۴,قیدار,qeydar,vehicles,car-accessories
۰۹۱۲۷۴۵۸۵۵۳,قیدار,qeydar,vehicles,car-accessories
۰۹۳۰۷۲۷۸۲۶۹,قیدار,qeydar,vehicles,motorcycles
۰۹۱۲۷۷۲۰۱۵۱,قیدار,qeydar,vehicles,motorcycles
۰۹۱۲۲۴۲۷۰۴۰,قیدار,qeydar,vehicles,motorcycles
۰۹۰۱۵۰۸۴۲۵۳,قیدار,qeydar,vehicles,motorcycles
۰۹۳۹۳۶۲۱۳۲۶,قیدار,qeydar,vehicles,motorcycles
۰۹۳۸۸۹۸۲۰۵۱,قیدار,qeydar,vehicles,motorcycles
۰۹۳۶۹۴۸۲۶۲۵,قیدار,qeydar,vehicles,motorcycles
۰۹۱۲۲۱۲۹۱۴۳,قیدار,qeydar,vehicles,motorcycles
۰۹۳۵۵۴۵۱۳۸۱,قیدار,qeydar,vehicles,motorcycles
۰۹۰۱۲۳۸۵۷۷۲,قیدار,qeydar,vehicles,motorcycles
۰۹۱۲۷۴۲۲۳۰۳,قیدار,qeydar,vehicles,motorcycles
۰۹۰۲۷۷۰۸۸۷۲,قیدار,qeydar,vehicles,motorcycles
۰۹۱۲۳۴۲۴۳۵۷,قیدار,qeydar,vehicles,motorcycles
۰۹۱۹۸۴۲۰۷۸۷,قیدار,qeydar,vehicles,motorcycles
۰۹۱۹۲۰۰۶۳۴۲,قیدار,qeydar,vehicles,motorcycles
۰۹۱۰۴۸۱۹۱۱۶,قیدار,qeydar,vehicles,motorcycles
۰۹۰۵۴۳۳۸۲۵۲,قیدار,qeydar,vehicles,motorcycles
۰۹۳۷۵۵۸۲۵۳۴,قیدار,qeydar,vehicles,motorcycles
۰۹۱۹۹۵۸۹۲۹۰,قیدار,qeydar,vehicles,motorcycles
۰۹۱۹۱۴۶۲۸۴۹,قیدار,qeydar,vehicles,motorcycles
۰۹۱۲۳۴۱۹۶۱۲,قیدار,qeydar,electronic-devices,mobile-tablet
۰۹۱۲۶۹۶۸۴۰۷,قیدار,qeydar,electronic-devices,mobile-tablet
۰۹۲۲۰۹۴۹۰۸۹,قیدار,qeydar,electronic-devices,mobile-tablet
۰۹۲۲۰۹۴۹۰۸۹,قیدار,qeydar,electronic-devices,mobile-tablet
(پنهان‌شده؛ چت کنید),قیدار,qeydar,electronic-devices,mobile-tablet
۰۹۱۹۶۷۴۴۹۹۰,قیدار,qeydar,electronic-devices,mobile-tablet
۰۹۰۳۴۰۶۹۳۳۰,قیدار,qeydar,electronic-devices,mobile-tablet
۰۹۰۱۳۴۲۷۷۴۵,قیدار,qeydar,electronic-devices,mobile-tablet
۰۹۰۵۳۸۰۵۵۳۷,قیدار,qeydar,electronic-devices,mobile-tablet
۰۹۳۹۸۶۵۴۸۱۰,قیدار,qeydar,electronic-devices,mobile-tablet
۰۹۳۸۸۹۸۲۰۵۱,قیدار,qeydar,electronic-devices,mobile-tablet
۰۹۰۱۲۳۸۵۶۴۹,قیدار,qeydar,electronic-devices,mobile-tablet
(پنهان‌شده؛ چت کنید),قیدار,qeydar,electronic-devices,mobile-tablet
۰۹۹۰۳۸۴۲۶۲۳,قیدار,qeydar,electronic-devices,mobile-tablet
۰۹۳۵۹۲۸۱۸۱۵,قیدار,qeydar,electronic-devices,mobile-tablet
۰۹۹۰۰۷۴۲۷۰۶,قیدار,qeydar,electronic-devices,mobile-tablet
۰۹۳۹۵۷۰۰۳۶۴,قیدار,qeydar,electronic-devices,mobile-tablet
۰۹۳۸۶۹۴۹۸۸۲,قیدار,qeydar,electronic-devices,mobile-tablet
۰۹۹۰۲۳۳۴۶۴۱,قیدار,qeydar,electronic-devices,mobile-tablet
۰۹۱۹۲۷۹۱۴۰۲,قیدار,qeydar,electronic-devices,mobile-tablet
۰۹۳۰۹۱۲۳۶۱۶,قیدار,qeydar,electronic-devices,mobile-tablet
۰۹۱۹۸۴۲۲۰۴۳,قیدار,qeydar,electronic-devices,mobile-tablet
۰۹۱۹۸۴۲۲۰۴۳,قیدار,qeydar,electronic-devices,mobile-tablet
۰۹۱۹۸۴۲۲۰۴۳,قیدار,qeydar,electronic-devices,mobile-tablet
۰۹۱۹۸۴۲۲۰۴۳,قیدار,qeydar,electronic-devices,mobile-tablet
۰۹۱۲۸۴۱۱۶۳۷,قیدار,qeydar,electronic-devices,mobile-tablet
(پنهان‌شده؛ چت کنید),قیدار,qeydar,electronic-devices,mobile-tablet
۰۹۱۹۰۶۰۹۰۴۵,قیدار,qeydar,electronic-devices,mobile-tablet
۰۹۳۶۱۶۷۱۴۴۱,قیدار,qeydar,electronic-devices,mobile-tablet
۰۹۰۲۸۴۹۳۵۹۵,قیدار,qeydar,electronic-devices,mobile-tablet
۰۹۱۹۹۹۷۹۸۶۴,قیدار,qeydar,electronic-devices,mobile-tablet
۰۹۳۹۵۷۰۰۳۶۴,قیدار,qeydar,electronic-devices,mobile-tablet
۰۹۱۹۳۴۱۱۲۷۶,قیدار,qeydar,electronic-devices,mobile-tablet
(پنهان‌شده؛ چت کنید),قیدار,qeydar,electronic-devices,mobile-tablet
۰۹۳۵۳۵۹۶۵۵۶,قیدار,qeydar,electronic-devices,mobile-tablet
۰۹۱۰۱۵۲۳۵۲۰,قیدار,qeydar,electronic-devices,mobile-tablet
۰۹۳۶۷۶۱۱۰۹۵,قیدار,qeydar,electronic-devices,mobile-tablet
۰۹۳۵۸۸۲۳۷۶۳,قیدار,qeydar,electronic-devices,mobile-tablet
(پنهان‌شده؛ چت کنید),قیدار,qeydar,electronic-devices,computers
۰۹۰۳۷۰۸۴۶۹۹,قیدار,qeydar,electronic-devices,computers
۰۹۳۶۴۵۷۵۱۴۳,قیدار,qeydar,electronic-devices,computers
۰۹۳۷۰۸۷۰۱۱۷,قیدار,qeydar,electronic-devices,game-consoles
۰۹۱۹۸۴۳۱۳۲۱,قیدار,qeydar,electronic-devices,game-consoles
۰۹۱۹۱۴۳۲۵۸۶,قیدار,qeydar,electronic-devices,game-consoles
۰۹۳۷۵۶۴۵۶۹۷,قیدار,qeydar,electronic-devices,video-audio-device
۰۹۲۲۰۹۴۹۰۸۹,قیدار,qeydar,electronic-devices,video-audio-device
۰۹۳۷۵۶۴۵۶۹۷,قیدار,qeydar,electronic-devices,video-audio-device
۰۹۳۷۵۶۴۵۶۹۷,قیدار,qeydar,electronic-devices,video-audio-device
۰۹۱۹۹۹۷۹۹۷۲,قیدار,qeydar,electronic-devices,video-audio-device
۰۹۰۵۳۱۵۱۸۳۸,قیدار,qeydar,electronic-devices,video-audio-device
۰۹۱۹۰۶۰۹۰۴۵,قیدار,qeydar,electronic-devices,video-audio-device
(پنهان‌شده؛ چت کنید),قیدار,qeydar,electronic-devices,video-audio-device
۰۹۱۲۷۷۲۷۹۸۸,قیدار,qeydar,electronic-devices,video-audio-device
۰۹۰۲۷۱۲۸۹۴۰,قیدار,qeydar,home-and-kitchen,home-decor-furniture
۰۹۱۹۵۶۹۳۶۶۲,قیدار,qeydar,home-and-kitchen,home-decor-furniture
۰۹۱۹۱۴۶۲۲۶۱,قیدار,qeydar,home-and-kitchen,home-decor-furniture
۰۹۱۲۶۴۱۴۲۶۱,قیدار,qeydar,home-and-kitchen,home-decor-furniture
۰۹۰۵۳۱۵۱۸۳۸,قیدار,qeydar,home-and-kitchen,home-decor-furniture
۰۹۱۲۷۴۵۰۷۱۴,قیدار,qeydar,home-and-kitchen,home-decor-furniture
(پنهان‌شده؛ چت کنید),قیدار,qeydar,home-and-kitchen,home-decor-furniture
(پنهان‌شده؛ چت کنید),قیدار,qeydar,home-and-kitchen,home-decor-furniture
۰۹۰۱۲۴۱۷۴۷۶,قیدار,qeydar,home-and-kitchen,home-decor-furniture
۰۹۰۱۷۳۴۳۲۳۵,قیدار,qeydar,home-and-kitchen,home-decor-furniture
۰۹۱۲۷۴۵۱۳۴۱,قیدار,qeydar,home-and-kitchen,home-decor-furniture
۰۹۱۹۷۴۹۹۵۷۷,قیدار,qeydar,home-and-kitchen,home-decor-furniture
۰۹۳۸۳۱۳۵۰۱۵,قیدار,qeydar,home-and-kitchen,home-decor-furniture
۰۹۰۱۷۳۴۳۲۳۵,قیدار,qeydar,home-and-kitchen,home-decor-furniture
۰۹۰۱۷۳۴۳۲۳۵,قیدار,qeydar,home-and-kitchen,home-decor-furniture
۰۹۹۰۰۷۴۲۷۰۶,قیدار,qeydar,home-and-kitchen,home-decor-furniture
۰۹۳۸۶۵۶۶۱۸۵,قیدار,qeydar,home-and-kitchen,home-decor-furniture
۰۹۱۲۷۴۱۶۲۱۱,قیدار,qeydar,home-and-kitchen,home-decor-furniture
۰۹۳۸۳۱۳۵۰۱۵,قیدار,qeydar,home-and-kitchen,home-decor-furniture
۰۹۹۴۴۲۵۷۸۲۴,قیدار,qeydar,home-and-kitchen,home-decor-furniture
۰۹۱۹۴۴۲۹۹۷۰,قیدار,qeydar,home-and-kitchen,home-decor-furniture
۰۹۳۸۲۷۲۵۰۶۵,قیدار,qeydar,home-and-kitchen,home-decor-furniture
۰۹۰۲۲۴۱۳۷۴۱,قیدار,qeydar,home-and-kitchen,home-decor-furniture
۰۹۰۲۲۴۱۳۷۴۱,قیدار,qeydar,home-and-kitchen,home-decor-furniture
۰۹۱۹۷۵۰۷۰۹۸,قیدار,qeydar,home-and-kitchen,kitchen-appliances
۰۹۱۹۹۹۷۹۶۲۴,قیدار,qeydar,home-and-kitchen,kitchen-appliances
۰۹۱۸۲۰۴۵۸۱۲,قیدار,qeydar,home-and-kitchen,kitchen-appliances
۰۹۱۹۳۴۲۹۱۶۳,قیدار,qeydar,home-and-kitchen,kitchen-appliances
۰۹۰۲۳۳۷۵۷۴۹,قیدار,qeydar,home-and-kitchen,kitchen-appliances
۰۹۳۹۵۷۰۰۳۶۴,قیدار,qeydar,home-and-kitchen,kitchen-appliances
۰۹۱۲۷۴۱۶۲۱۱,قیدار,qeydar,home-and-kitchen,kitchen-appliances
۰۹۳۳۵۶۴۰۴۲۹,قیدار,qeydar,home-and-kitchen,kitchen-appliances
۰۹۱۲۳۴۱۹۴۸۶,قیدار,qeydar,home-and-kitchen,kitchen-appliances
۰۹۱۹۱۲۰۷۱۳۰,قیدار,qeydar,home-and-kitchen,kitchen-appliances
۰۹۱۲۸۴۱۷۵۵۴,قیدار,qeydar,home-and-kitchen,kitchen-appliances
(پنهان‌شده؛ چت کنید),قیدار,qeydar,home-and-kitchen,home-appliances
۰۹۳۶۴۶۶۶۷۸۷,قیدار,qeydar,home-and-kitchen,home-appliances
۰۹۳۳۱۱۳۰۰۴۰,قیدار,qeydar,home-and-kitchen,home-appliances
۰۹۳۳۵۶۴۰۴۲۹,قیدار,qeydar,home-and-kitchen,home-appliances
۰۹۱۲۷۷۲۳۹۸۶,قیدار,qeydar,home-and-kitchen,home-appliances
۰۹۰۵۳۶۷۶۶۵۳,قیدار,qeydar,home-and-kitchen,building-garden
۰۹۱۲۷۴۵۰۷۱۴,قیدار,qeydar,home-and-kitchen,building-garden
۰۹۱۹۲۴۲۸۴۹۳,قیدار,qeydar,home-and-kitchen,building-garden
۰۹۰۳۸۱۳۰۰۶۱,قیدار,qeydar,home-and-kitchen,building-garden
۰۹۱۲۷۴۱۶۲۱۱,قیدار,qeydar,home-and-kitchen,building-garden
۰۹۱۰۵۴۸۹۳۵۷,قیدار,qeydar,home-and-kitchen,building-garden
۰۹۱۲۸۴۱۵۴۵۰,قیدار,qeydar,home-and-kitchen,building-garden
۰۹۳۶۴۶۶۶۷۸۷,قیدار,qeydar,home-and-kitchen,building-garden
۰۹۳۸۰۹۵۸۴۴۸,قیدار,qeydar,home-and-kitchen,building-garden
۰۹۰۲۴۲۸۹۸۵۳,قیدار,qeydar,home-and-kitchen,building-garden
۰۹۳۶۷۲۴۲۲۱۱,قیدار,qeydar,services,vehicles-services
۰۹۱۹۱۴۳۱۸۳۷,قیدار,qeydar,services,vehicles-services
۰۹۱۲۶۴۱۱۸۷۰,قیدار,qeydar,services,catering-services
۰۹۰۵۸۶۳۲۳۹۲,قیدار,qeydar,services,catering-services
۰۹۰۵۴۳۲۹۸۱۸,قیدار,qeydar,services,technology-services
۰۹۳۸۳۸۴۶۳۵۱,قیدار,qeydar,services,technology-services
۰۹۳۸۳۸۴۶۳۵۱,قیدار,qeydar,services,technology-services
۰۹۱۴۶۱۹۴۱۶۳,قیدار,qeydar,services,technology-services
۰۹۹۱۹۰۰۶۶۹۴,قیدار,qeydar,services,financial-services
۰۹۱۹۹۵۵۱۱۴۲,قیدار,qeydar,services,financial-services
۰۹۳۳۳۴۱۹۹۰۶,قیدار,qeydar,services,financial-services
۰۹۹۱۹۰۰۶۶۹۴,قیدار,qeydar,services,financial-services
۰۹۱۲۰۴۱۰۷۶۷,قیدار,qeydar,services,financial-services
۰۹۱۹۹۹۷۹۹۷۲,قیدار,qeydar,services,transport-logistic-services
۰۹۱۰۹۸۱۸۵۴۱,قیدار,qeydar,services,transport-logistic-services
۰۹۱۲۷۷۲۰۲۶۸,قیدار,qeydar,services,transport-logistic-services
۰۹۹۰۱۴۶۲۸۶۶,قیدار,qeydar,services,transport-logistic-services
۰۹۱۰۲۸۴۱۴۶۵,قیدار,qeydar,services,transport-logistic-services
۰۹۱۲۷۷۲۷۹۸۸,قیدار,qeydar,services,craft-skill-services
۰۹۹۲۸۳۲۴۶۱۰,قیدار,qeydar,services,craft-skill-services
۰۹۹۲۸۲۳۱۳۵۵,قیدار,qeydar,services,craft-skill-services
۰۹۳۶۷۹۱۳۶۴۹,قیدار,qeydar,services,craft-skill-services
۰۹۹۲۱۱۸۳۴۰۵,قیدار,qeydar,services,craft-skill-services
۰۹۱۹۵۸۹۶۱۴۳,قیدار,qeydar,services,craft-skill-services
۰۹۱۲۴۳۹۳۷۶۰,قیدار,qeydar,services,craft-skill-services
۰۹۳۵۹۵۸۴۷۴۱,قیدار,qeydar,services,craft-skill-services
۰۹۱۹۲۰۰۶۳۴۲,قیدار,qeydar,services,craft-skill-services
۰۹۳۰۴۰۱۹۳۲۰,قیدار,qeydar,services,craft-skill-services
۰۹۳۹۰۰۱۸۵۰۱,قیدار,qeydar,services,craft-skill-services
۰۹۳۷۱۸۴۷۴۴۳,قیدار,qeydar,services,craft-skill-services
۰۹۱۹۳۴۲۴۶۷۶,قیدار,qeydar,services,cleaning-services
۰۹۱۲۹۲۸۰۵۷۵,قیدار,qeydar,services,gardening-services
۰۹۱۹۹۸۱۳۴۱۵,قیدار,qeydar,services,gardening-services
۰۹۱۵۲۹۱۱۵۶۶,قیدار,qeydar,services,gardening-services
۰۹۱۸۹۲۸۱۰۶۷,قیدار,qeydar,services,teaching-services
۰۹۹۱۷۲۸۸۷۹۷,قیدار,qeydar,services,teaching-services
۰۹۱۲۸۴۱۲۰۸۴,قیدار,qeydar,personal-goods,apparel
۰۹۹۰۴۵۵۴۵۳۰,قیدار,qeydar,personal-goods,apparel
۰۹۰۳۴۰۶۹۳۳۰,قیدار,qeydar,personal-goods,apparel
۰۹۳۹۷۴۱۰۴۹۶,قیدار,qeydar,personal-goods,apparel
۰۹۹۰۸۸۵۰۵۷۷,قیدار,qeydar,personal-goods,apparel
۰۹۰۳۹۴۷۰۶۹۹,قیدار,qeydar,personal-goods,apparel
۰۹۲۲۵۰۵۲۶۷۴,قیدار,qeydar,personal-goods,apparel
۰۹۱۲۷۴۱۶۲۱۱,قیدار,qeydar,personal-goods,apparel
۰۹۰۳۰۳۸۶۷۰۴,قیدار,qeydar,personal-goods,apparel
(پنهان‌شده؛ چت کنید),قیدار,qeydar,personal-goods,apparel
۰۹۳۷۵۹۳۸۰۹۹,قیدار,qeydar,personal-goods,apparel
۰۹۳۷۵۹۳۸۰۹۹,قیدار,qeydar,personal-goods,apparel
۰۹۰۲۳۷۸۶۵۶۲,قیدار,qeydar,personal-goods,apparel
۰۹۰۱۳۲۹۲۶۰۶,قیدار,qeydar,personal-goods,apparel
۰۹۰۱۷۸۶۵۳۴۳,قیدار,qeydar,personal-goods,apparel
۰۹۹۱۵۲۸۴۷۰۳,قیدار,qeydar,personal-goods,apparel
۰۹۱۸۴۱۰۲۳۱۷,قیدار,qeydar,personal-goods,apparel
۰۹۳۷۵۹۳۸۰۹۹,قیدار,qeydar,personal-goods,apparel
۰۹۱۰۴۸۶۶۵۱۳,قیدار,qeydar,personal-goods,apparel
۰۹۳۳۰۱۷۴۴۱۷,قیدار,qeydar,personal-goods,apparel
۰۹۱۹۳۴۲۳۵۹۱,قیدار,qeydar,personal-goods,apparel
۰۹۳۳۵۸۶۷۰۳۱,قیدار,qeydar,personal-goods,apparel
۰۹۱۹۲۷۹۶۲۸۳,قیدار,qeydar,personal-goods,apparel
۰۹۹۰۲۰۲۹۵۸۱,قیدار,qeydar,personal-goods,apparel
۰۹۱۹۲۵۹۹۲۸۰,قیدار,qeydar,personal-goods,apparel
۰۹۱۹۶۷۵۸۶۷۶,قیدار,qeydar,personal-goods,accessories
۰۹۳۸۰۹۰۱۹۵۵,قیدار,qeydar,personal-goods,accessories
۰۹۱۹۱۴۳۲۵۸۶,قیدار,qeydar,personal-goods,accessories
۰۹۳۸۲۵۷۲۵۳۳,قیدار,qeydar,personal-goods,accessories
۰۹۳۸۲۵۷۲۵۳۳,قیدار,qeydar,personal-goods,accessories
۰۹۳۳۵۸۶۷۰۳۱,قیدار,qeydar,personal-goods,accessories
(پنهان‌شده؛ چت کنید),قیدار,qeydar,personal-goods,accessories
۰۹۱۲۷۷۲۷۷۵۹,قیدار,qeydar,personal-goods,beauty-and-personal-care
۰۹۳۵۰۶۵۴۵۱۲,قیدار,qeydar,personal-goods,beauty-and-personal-care
۰۹۱۲۷۷۲۰۲۰۶,قیدار,qeydar,personal-goods,beauty-and-personal-care
۰۹۰۱۲۴۱۷۴۷۶,قیدار,qeydar,personal-goods,child-apparel
(پنهان‌شده؛ چت کنید),قیدار,qeydar,personal-goods,stationery
۰۹۳۶۹۳۴۹۴۷۳,قیدار,qeydar,personal-goods,stationery
۰۹۱۹۲۷۹۶۴۴۵,قیدار,qeydar,personal-goods,stationery
۰۹۳۳۱۴۲۹۸۰۶,قیدار,qeydar,entertainment,publication
۰۹۰۱۰۲۷۸۷۰۴,قیدار,qeydar,entertainment,bike-skate-scooter
۰۹۰۱۰۸۷۴۴۵۲,قیدار,qeydar,entertainment,bike-skate-scooter
۰۹۱۲۷۰۵۳۹۹۶,قیدار,qeydar,entertainment,pets-animals
۰۹۰۵۸۹۳۲۹۶۱,قیدار,qeydar,entertainment,pets-animals
۰۹۳۸۵۳۱۶۴۵۷,قیدار,qeydar,entertainment,pets-animals
۰۹۳۷۳۰۶۰۹۲۸,قیدار,qeydar,entertainment,pets-animals
۰۹۳۷۰۸۷۰۱۱۷,قیدار,qeydar,entertainment,pets-animals
۰۹۳۹۲۱۲۵۷۵۸,قیدار,qeydar,entertainment,pets-animals
۰۹۳۹۲۱۲۵۷۵۸,قیدار,qeydar,entertainment,pets-animals
۰۹۳۰۹۶۶۱۸۱۶,قیدار,qeydar,entertainment,pets-animals
۰۹۱۲۰۴۳۷۷۹۵,قیدار,qeydar,entertainment,pets-animals
۰۹۰۵۰۱۷۴۵۲۰,قیدار,qeydar,entertainment,pets-animals
(پنهان‌شده؛ چت کنید),قیدار,qeydar,entertainment,pets-animals
(پنهان‌شده؛ چت کنید),قیدار,qeydar,entertainment,pets-animals
(پنهان‌شده؛ چت کنید),قیدار,qeydar,entertainment,pets-animals
۰۹۱۸۵۵۵۷۱۷۶,قیدار,qeydar,entertainment,pets-animals
(پنهان‌شده؛ چت کنید),قیدار,qeydar,entertainment,pets-animals
۰۹۳۰۵۹۶۱۹۹۶,قیدار,qeydar,entertainment,pets-animals
۰۹۱۰۹۷۲۹۴۲۳,قیدار,qeydar,entertainment,pets-animals
۰۹۳۹۳۷۹۷۴۳۱,قیدار,qeydar,entertainment,pets-animals
۰۹۱۹۱۴۶۶۱۵۳,قیدار,qeydar,entertainment,pets-animals
۰۹۳۰۸۳۸۶۹۴۲,قیدار,qeydar,entertainment,pets-animals
۰۹۱۲۳۴۱۹۶۳۳,قیدار,qeydar,entertainment,pets-animals
(پنهان‌شده؛ چت کنید),قیدار,qeydar,entertainment,pets-animals
۰۹۱۹۶۷۵۴۰۶۶,قیدار,qeydar,entertainment,pets-animals
۰۹۱۵۲۵۱۹۴۱۶,قیدار,qeydar,entertainment,collecting
۰۹۱۲۷۷۲۸۶۵۱,قیدار,qeydar,entertainment,sport-entertainment
۰۹۱۹۸۴۲۲۰۴۳,قیدار,qeydar,entertainment,sport-entertainment
۰۹۳۶۳۹۷۳۷۴۳,قیدار,qeydar,entertainment,sport-entertainment
۰۹۳۶۶۹۷۸۹۲۳,قیدار,qeydar,social-services,event
۰۹۹۲۷۷۱۰۸۶۴,قیدار,qeydar,social-services,event
۰۹۳۹۷۱۲۱۹۶۲,قیدار,qeydar,social-services,event
۰۹۰۲۳۷۸۶۵۶۲,قیدار,qeydar,social-services,event
۰۹۹۱۷۳۸۰۲۹۱,قیدار,qeydar,social-services,event
۰۹۱۱۵۳۸۸۴۰۲,قیدار,qeydar,social-services,missing
۰۹۱۹۸۴۳۷۸۲۳,قیدار,qeydar,businesses,business-equipment
۰۹۱۲۸۷۷۹۱۸۱,قیدار,qeydar,businesses,business-equipment
۰۹۱۹۱۴۳۲۵۸۶,قیدار,qeydar,businesses,business-equipment
۰۹۳۹۶۰۳۹۳۹۳,قیدار,qeydar,businesses,business-equipment
۰۹۳۵۵۶۶۶۳۹۵,قیدار,qeydar,businesses,business-equipment
۰۹۱۲۷۷۲۸۵۸۳,قیدار,qeydar,businesses,business-equipment
۰۹۳۸۲۵۳۶۰۳۶,قیدار,qeydar,businesses,business-equipment
۰۹۳۳۷۳۶۸۳۹۵,قیدار,qeydar,businesses,business-equipment
۰۹۳۳۳۶۸۱۲۹۳,قیدار,qeydar,businesses,business-equipment
۰۹۳۹۴۹۳۹۳۲۹,قیدار,qeydar,businesses,business-equipment
۰۹۳۷۸۳۱۷۲۶۸,قیدار,qeydar,businesses,business-equipment
۰۹۳۷۷۴۴۷۴۰۴,قیدار,qeydar,businesses,business-equipment
۰۹۱۰۰۳۰۵۲۷۲,قیدار,qeydar,businesses,business-equipment
۰۹۰۵۳۱۵۱۸۳۸,قیدار,qeydar,businesses,business-equipment
۰۹۰۱۷۳۸۹۸۵۹,قیدار,qeydar,businesses,business-equipment
۰۹۱۹۶۷۹۰۶۵۲,قیدار,qeydar,businesses,business-equipment
۰۹۹۲۳۴۵۳۵۸۶,قیدار,qeydar,businesses,business-equipment
۰۹۳۷۷۸۶۷۱۲۹,قیدار,qeydar,businesses,business-equipment
۰۹۹۲۴۹۰۹۷۴۳,قیدار,qeydar,businesses,business-equipment
۰۹۰۲۰۵۵۲۲۶۰,قیدار,qeydar,businesses,business-equipment
۰۹۱۹۶۷۹۳۴۱۴,قیدار,qeydar,businesses,business-equipment
۰۹۱۸۷۱۳۷۹۰۸,قیدار,qeydar,businesses,business-equipment
۰۹۳۰۶۹۱۶۳۰۲,قیدار,qeydar,businesses,business-equipment
۰۹۱۹۹۷۸۲۲۹۲,قیدار,qeydar,businesses,business-equipment
۰۹۹۱۳۵۴۳۹۸۱,قیدار,qeydar,businesses,business-equipment
۰۹۰۱۵۰۳۸۱۶۳,قیدار,qeydar,businesses,wholesale
۰۹۳۵۶۷۵۶۳۸۰,قیدار,qeydar,businesses,wholesale
۰۹۲۲۹۳۲۳۰۰۵,قیدار,qeydar,businesses,wholesale
۰۹۳۵۵۸۴۰۱۹۶,قیدار,qeydar,businesses,wholesale
۰۹۱۱۶۹۳۸۹۲۲,قیدار,qeydar,businesses,wholesale
۰۹۳۷۰۸۷۰۱۱۷,قیدار,qeydar,businesses,wholesale
۰۹۱۹۷۸۹۳۹۸۱,قیدار,qeydar,businesses,wholesale
۰۹۳۵۳۴۵۵۳۱۶,قیدار,qeydar,businesses,wholesale
۰۹۱۰۲۰۳۵۲۲۶,قیدار,qeydar,businesses,wholesale
۰۹۱۲۷۷۲۱۵۲۳,قیدار,qeydar,businesses,wholesale
۰۹۱۲۷۷۲۱۵۲۳,قیدار,qeydar,businesses,wholesale
۰۹۱۰۰۴۳۶۱۳۱,قیدار,qeydar,businesses,wholesale
۰۹۱۹۹۹۷۹۹۷۲,قیدار,qeydar,businesses,wholesale
۰۹۳۵۴۳۴۱۱۰۴,قیدار,qeydar,businesses,wholesale
۰۹۳۸۹۴۰۳۴۲۷,قیدار,qeydar,businesses,wholesale
۰۹۱۹۱۴۳۱۳۸۳,قیدار,qeydar,businesses,wholesale
۰۹۱۹۲۷۸۳۶۹۹,قیدار,qeydar,businesses,wholesale
۰۹۱۹۶۷۵۴۰۶۶,قیدار,qeydar,businesses,wholesale
۰۹۳۷۷۳۶۴۰۳۹,قیدار,qeydar,businesses,wholesale
۰۹۳۹۴۵۱۰۳۶۰,قیدار,qeydar,businesses,wholesale
۰۹۲۲۰۱۶۷۵۶۴,قیدار,qeydar,businesses,wholesale
۰۹۱۹۲۷۹۶۶۱۶,قیدار,qeydar,businesses,wholesale
۰۹۳۵۴۳۴۱۱۰۴,قیدار,qeydar,businesses,wholesale
۰۹۱۲۲۴۲۴۷۳۵,قیدار,qeydar,businesses,wholesale
۰۹۲۲۹۳۴۳۲۰۷,قیدار,qeydar,businesses,wholesale
۰۹۳۶۴۹۹۸۷۷۵,قیدار,qeydar,businesses,wholesale
۰۹۳۰۰۳۹۲۷۵۶,قیدار,qeydar,businesses,wholesale
۰۹۳۷۲۶۷۹۰۹۹,قیدار,qeydar,businesses,wholesale
۰۹۳۶۱۸۶۴۲۲۸,قیدار,qeydar,businesses,wholesale
۰۹۹۱۷۳۲۱۱۷۰,قیدار,qeydar,businesses,wholesale
۰۹۱۲۷۷۲۰۲۰۶,قیدار,qeydar,businesses,wholesale
۰۹۱۲۰۴۵۹۸۵۷,قیدار,qeydar,businesses,wholesale
۰۹۱۲۷۷۲۰۲۰۶,قیدار,qeydar,businesses,wholesale
۰۹۱۲۳۴۱۹۷۳۴,قیدار,qeydar,businesses,wholesale
۰۹۱۹۱۴۴۵۹۰۹,قیدار,qeydar,businesses,wholesale
۰۹۳۰۱۶۸۱۰۶۳,قیدار,qeydar,businesses,wholesale
۰۹۳۹۶۴۶۴۴۲۹,قیدار,qeydar,businesses,wholesale
۰۹۱۹۷۸۹۳۹۸۱,قیدار,qeydar,businesses,wholesale
۰۹۱۹۱۴۶۵۹۸۰,قیدار,qeydar,businesses,wholesale
۰۹۱۹۱۴۴۷۵۵۱,قیدار,qeydar,businesses,wholesale
۰۹۳۶۰۰۰۲۹۲۶,قیدار,qeydar,businesses,wholesale
۰۹۱۲۷۷۲۰۲۰۶,قیدار,qeydar,businesses,wholesale
۰۹۳۵۰۸۸۳۰۴۶,قیدار,qeydar,businesses,wholesale
۰۹۰۲۳۱۴۰۳۲۶,قیدار,qeydar,businesses,wholesale
۰۹۳۵۸۲۴۵۵۳۷,قیدار,qeydar,businesses,wholesale
۰۹۱۲۷۴۵۱۹۸۳,قیدار,qeydar,businesses,wholesale
