۰۹۱۹۹۸۵۸۷۲۵,قم، زنبیل‌آباد (شهید صدوقی),qom,jobs,administrative-jobs
(پنهان‌شده؛ چت کنید),قم، بنیاد,qom,jobs,administrative-jobs
۰۹۰۲۱۵۱۴۹۹۸,قم، صفائیه,qom,jobs,administrative-jobs
۰۹۱۲۸۷۵۱۸۹۳,قم، باجک (۱۹ دی),qom,jobs,administrative-jobs
۰۹۹۰۲۵۳۲۶۳۱,قم، امام,qom,jobs,administrative-jobs
۰۹۰۵۱۴۰۸۵۷۱,قم، امام,qom,jobs,administrative-jobs
۰۹۱۰۲۹۴۶۶۰۳,قم، عطاران,qom,jobs,administrative-jobs
۰۹۰۲۸۶۳۲۲۸۸,قم، سمیه,qom,jobs,administrative-jobs
۰۹۲۲۰۴۷۱۷۰۵,قم، آذر,qom,jobs,administrative-jobs
۰۹۱۹۹۸۵۵۳۴۲,قم، امام,qom,jobs,administrative-jobs
۰۹۳۸۸۷۴۹۱۳۶,قم، توحید,qom,jobs,administrative-jobs
۰۹۱۲۴۵۱۷۲۵۱,قم، انسجام,qom,jobs,administrative-jobs
۰۹۳۰۸۹۹۵۳۹۳,قم، آذر,qom,jobs,administrative-jobs
۰۹۳۰۸۹۹۵۳۹۳,قم، آذر,qom,jobs,administrative-jobs
۰۹۱۰۲۸۰۵۰۳۵,قم، پردیسان,qom,jobs,administrative-jobs
۰۹۳۸۹۳۵۸۳۳۴,قم، زنبیل‌آباد (شهید صدوقی),qom,jobs,administrative-jobs
۰۹۱۲۰۵۱۶۷۵۴,قم، جمهوری,qom,jobs,administrative-jobs
۰۹۳۹۱۰۱۷۸۱۱,قم، زنبیل‌آباد (شهید صدوقی),qom,jobs,administrative-jobs
۰۹۱۰۷۷۱۰۶۵۳,قم، شهید بهشتی,qom,jobs,administrative-jobs
۰۹۱۰۷۷۵۹۷۰۱,قم، بنیاد,qom,jobs,administrative-jobs
۰۹۳۵۹۶۲۳۸۷۴,قم، امام,qom,jobs,administrative-jobs
۰۹۱۲۴۷۵۴۸۰۰,قم، عطاران,qom,jobs,administrative-jobs
۰۹۳۶۰۶۲۸۰۰۶,قم، پردیسان,qom,jobs,administrative-jobs
۰۹۱۹۹۹۲۱۳۲۲,قم، سالاریه,qom,jobs,administrative-jobs
۰۹۱۲۶۵۲۹۶۵۸,قم، امام,qom,jobs,administrative-jobs
۰۹۱۲۰۵۲۱۸۷۳,قم، شهرک قدس,qom,jobs,administrative-jobs
۰۹۱۲۵۲۴۶۸۹۸,قم، صفائیه,qom,jobs,administrative-jobs
۰۹۱۹۰۶۶۲۶۴۰,قم، عطاران,qom,jobs,administrative-jobs
۰۹۱۲۷۵۹۲۶۰۸,قم، کلهری,qom,jobs,administrative-jobs
۰۹۱۰۶۱۹۵۴۵۸,قم، امام,qom,jobs,administrative-jobs
۰۹۳۷۷۹۷۸۸۵۰,قم، بلوار امین,qom,jobs,administrative-jobs
۰۹۰۲۳۵۱۳۷۰۹,قم، باجک (۱۹ دی),qom,jobs,administrative-jobs
۰۹۱۹۵۷۶۲۱۳۱,قم، امام,qom,jobs,administrative-jobs
۰۹۱۲۸۵۳۷۴۳۴,قم، سمیه,qom,jobs,administrative-jobs
۰۹۱۵۰۰۷۰۲۲۳,قم، عمار یاسر,qom,jobs,administrative-jobs
۰۹۱۰۰۹۶۶۸۷۷,قم، حرم,qom,jobs,administrative-jobs
۰۹۳۷۵۱۴۳۳۰۸,قم، زنبیل‌آباد (شهید صدوقی),qom,jobs,administrative-jobs
۰۹۱۲۸۵۲۲۹۸۰,قم، زنبیل‌آباد (شهید صدوقی),qom,jobs,administrative-jobs
۰۹۰۲۲۲۳۷۱۸۸,قم، زنبیل‌آباد (شهید صدوقی),qom,jobs,administrative-jobs
(پنهان‌شده؛ چت کنید),قم، مدرس,qom,jobs,administrative-jobs
۰۹۱۹۶۶۳۰۳۹۲,قم، بلوار کاشانی,qom,jobs,administrative-jobs
۰۹۱۲۴۵۱۰۸۱۴,قم، صفائیه,qom,jobs,administrative-jobs
۰۹۱۲۲۵۲۰۶۱۴,قم، سالاریه,qom,jobs,administrative-jobs
۰۹۱۲۲۵۲۰۶۱۴,قم، سالاریه,qom,jobs,administrative-jobs
۰۹۹۰۸۶۰۰۹۹۳,قم، حرم,qom,jobs,administrative-jobs
۰۹۱۰۰۷۹۸۰۰۱,قم، امام,qom,jobs,administrative-jobs
۰۹۳۸۸۲۶۵۶۲۴,قم، زنبیل‌آباد (شهید صدوقی),qom,jobs,administrative-jobs
۰۹۹۱۰۷۰۰۰۱۶,قم، بلوار امین,qom,jobs,administrative-jobs
۰۹۰۱۲۹۹۸۹۵۵,قم، آزادگان,qom,jobs,administrative-jobs
۰۹۱۹۳۱۵۴۶۰۲,قم، زنبیل‌آباد (شهید صدوقی),qom,jobs,administrative-jobs
۰۹۱۲۱۵۱۴۱۹۶,قم، سالاریه,qom,jobs,administrative-jobs
۰۹۱۲۰۵۲۱۸۷۳,قم، شهرک قدس,qom,jobs,administrative-jobs
۰۹۱۲۴۰۲۴۶۴۱,قم، امام,qom,jobs,administrative-jobs
۰۹۱۹۵۸۸۷۷۸۷,قم، عطاران,qom,jobs,administrative-jobs
۰۹۱۲۳۱۵۸۳۲۴,قم، دورشهر,qom,jobs,administrative-jobs
۰۹۱۰۲۸۰۶۸۷۱,قم، عطاران,qom,jobs,administrative-jobs
۰۹۱۰۰۵۹۰۹۸۸,قم، حرم,qom,jobs,administrative-jobs
۰۹۳۹۰۴۵۰۱۰۵,قم، امام,qom,jobs,administrative-jobs
۰۹۰۱۳۱۷۴۰۸۴,قم، شهرک قدس,qom,jobs,administrative-jobs
۰۹۲۱۹۱۷۹۵۱۸,قم، حرم,qom,jobs,administrative-jobs
۰۹۳۳۲۷۱۶۴۴۳,قم، دانیال,qom,jobs,administrative-jobs
۰۹۱۲۰۴۰۸۴۵۹,قم، دورشهر,qom,jobs,administrative-jobs
۰۹۰۵۹۶۹۹۴۱۱,قم، امام,qom,jobs,administrative-jobs
۰۹۱۲۷۵۲۲۷۶۰,قم، امام,qom,jobs,administrative-jobs
۰۹۱۹۷۴۵۴۶۶۳,قم، پردیسان,qom,jobs,administrative-jobs
۰۹۱۲۰۲۵۶۰۴۵,قم، سالاریه,qom,jobs,administrative-jobs
۰۹۱۲۵۵۱۰۲۱۴,قم، دورشهر,qom,jobs,administrative-jobs
۰۹۳۹۳۵۸۷۵۴۶,قم، توحید,qom,jobs,administrative-jobs
۰۹۱۹۲۹۳۴۸۱۷,قم، انصار‌الحسین,qom,jobs,administrative-jobs
۰۹۱۰۹۹۶۱۰۳۶,قم، توحید,qom,jobs,administrative-jobs
۰۹۱۲۱۵۳۷۴۳۶,قم، صفاشهر,qom,jobs,administrative-jobs
۰۹۱۹۵۶۲۸۶۳۳,قم، شهید بهشتی,qom,jobs,administrative-jobs
۰۹۱۲۸۹۲۱۶۲۳,قم، بلوار امین,qom,jobs,administrative-jobs
۰۹۱۹۱۴۸۵۹۳۳,قم، توحید,qom,jobs,administrative-jobs
۰۹۱۰۰۹۳۱۳۸۱,قم، زنبیل‌آباد (شهید صدوقی),qom,jobs,administrative-jobs
۰۹۹۱۰۶۱۷۳۹۵,قم، انقلاب (چهارمردان),qom,jobs,administrative-jobs
۰۹۱۲۰۶۹۸۳۹۸,قم، آذر,qom,jobs,administrative-jobs
۰۹۱۲۰۱۴۴۵۶۱,قم، سالاریه,qom,jobs,administrative-jobs
۰۹۹۱۸۶۶۸۸۷۲,قم، مدرس,qom,jobs,administrative-jobs
۰۹۱۹۸۵۲۵۱۲۳,قم، صفائیه,qom,jobs,administrative-jobs
۰۹۱۲۸۸۴۱۶۸۸,قم، باجک (۱۹ دی),qom,jobs,administrative-jobs
۰۹۱۲۷۵۹۵۰۰۷,قم، زنبیل‌آباد (شهید صدوقی),qom,jobs,administrative-jobs
۰۹۱۰۰۹۳۱۳۸۱,قم، زنبیل‌آباد (شهید صدوقی),qom,jobs,administrative-jobs
۰۹۱۳۵۵۲۶۵۶۸,قم، پردیسان,qom,jobs,administrative-jobs
۰۹۱۳۷۰۴۹۷۷۰,قم، حرم,qom,jobs,administrative-jobs
۰۹۰۲۶۵۳۰۰۴۸,قم، بلوار امین,qom,jobs,administrative-jobs
۰۹۱۹۳۵۱۹۸۷۸,قم، عطاران,qom,jobs,administrative-jobs
۰۹۹۰۹۲۱۲۲۰۶,قم، آذر,qom,jobs,administrative-jobs
۰۹۹۰۳۳۱۳۶۰۱,قم، آذر,qom,jobs,administrative-jobs
۰۹۱۹۱۴۸۸۳۵۸,قم، زنبیل‌آباد (شهید صدوقی),qom,jobs,administrative-jobs
۰۹۱۴۲۷۰۹۰۷۲,قم، دورشهر,qom,jobs,administrative-jobs
۰۹۳۹۲۵۲۴۶۸۲,قم، سالاریه,qom,jobs,administrative-jobs
۰۹۱۰۹۶۶۳۳۰۵,قم، باجک (۱۹ دی),qom,jobs,administrative-jobs
۰۹۳۶۳۳۶۴۱۰۸,قم، دانیال,qom,jobs,administrative-jobs
۰۹۱۳۱۵۸۵۱۰۷,قم، باجک (۱۹ دی),qom,jobs,administrative-jobs
۰۹۹۰۲۹۲۱۰۰۴,قم، امام,qom,jobs,administrative-jobs
۰۹۱۲۰۴۰۸۴۵۹,قم، دورشهر,qom,jobs,administrative-jobs
۰۹۰۵۶۹۳۲۱۱۲,قم، بلوار امین,qom,jobs,administrative-jobs
۰۹۰۳۵۷۷۳۹۵۴,قم، دورشهر,qom,jobs,administrative-jobs
۰۹۱۲۴۵۳۲۹۸۰,قم، دورشهر,qom,jobs,administrative-jobs
۰۹۲۲۳۷۲۹۹۱۷,قم، مدرس,qom,jobs,administrative-jobs
۰۹۱۲۷۴۸۹۵۹۰,قم، باجک (۱۹ دی),qom,jobs,administrative-jobs
۰۹۲۲۹۰۵۸۹۴۶,قم، آزادگان,qom,jobs,administrative-jobs
۰۹۱۲۷۵۲۰۰۷۹,قم، زنبیل‌آباد (شهید صدوقی),qom,jobs,administrative-jobs
۰۹۱۲۲۵۱۹۱۵۴,قم، جمهوری,qom,jobs,administrative-jobs
۰۹۱۹۸۵۳۶۳۵۳,قم، حرم,qom,jobs,administrative-jobs
۰۹۲۱۳۵۳۱۰۱۰,قم، زنبیل‌آباد (شهید صدوقی),qom,jobs,administrative-jobs
۰۹۲۲۰۰۹۳۸۱۴,قم، جمهوری,qom,jobs,administrative-jobs
۰۹۳۰۵۹۹۲۶۶۰,قم، بلوار امین,qom,jobs,administrative-jobs
۰۹۹۰۷۶۳۹۷۱۶,قم، عمار یاسر,qom,jobs,administrative-jobs
۰۹۱۰۱۳۷۰۲۰۵,قم، زنبیل‌آباد (شهید صدوقی),qom,jobs,administrative-jobs
۰۹۱۹۹۷۱۷۵۵۴,قم، هفت تیر,qom,jobs,administrative-jobs
۰۹۱۲۷۵۲۲۴۳۶,قم، امام,qom,jobs,administrative-jobs
۰۹۱۲۰۱۴۴۵۶۱,قم، سالاریه,qom,jobs,administrative-jobs
۰۹۱۲۶۵۱۷۸۱۸,قم، عطاران,qom,jobs,administrative-jobs
۰۹۱۹۲۹۴۲۴۲۹,قم، پردیسان,qom,jobs,administrative-jobs
۰۹۹۱۴۷۳۸۳۷۸,قم، زنبیل‌آباد (شهید صدوقی),qom,jobs,administrative-jobs
۰۹۱۲۵۳۲۷۳۴۰,قم، صفائیه,qom,jobs,administrative-jobs
۰۹۳۹۲۰۵۳۷۳۱,قم، امام,qom,jobs,administrative-jobs
۰۹۳۹۷۰۸۹۵۱۳,قم، زنبیل‌آباد (شهید صدوقی),qom,jobs,administrative-jobs
۰۹۱۲۴۵۲۷۴۳۷,قم، دانیال,qom,jobs,administrative-jobs
۰۹۱۲۳۵۱۴۲۰۶,قم، کلهری,qom,jobs,administrative-jobs
۰۹۱۹۲۹۴۴۳۷۲,قم، زنبیل‌آباد (شهید صدوقی),qom,jobs,administrative-jobs
۰۹۱۲۰۵۱۸۷۸۳,قم، جمهوری,qom,jobs,administrative-jobs
۰۹۹۲۱۷۵۹۸۵۹,قم، زنبیل‌آباد (شهید صدوقی),qom,jobs,administrative-jobs
۰۹۱۲۷۴۶۳۶۸۸,قم، حرم,qom,jobs,administrative-jobs
۰۹۱۲۴۹۸۴۱۹۹,قم، بلوار امین,qom,jobs,administrative-jobs
۰۹۳۰۳۷۶۷۵۱۸,قم، انقلاب (چهارمردان),qom,jobs,administrative-jobs
۰۹۳۵۷۲۰۱۷۳۹,قم، عمار یاسر,qom,jobs,administrative-jobs
۰۹۳۶۱۵۳۴۴۲۵,قم، زنبیل‌آباد (شهید صدوقی),qom,jobs,administrative-jobs
۰۹۰۲۵۶۳۱۱۸۴,قم، باجک (۱۹ دی),qom,jobs,administrative-jobs
۰۹۱۲۱۵۳۲۴۸۸,قم، حرم,qom,jobs,administrative-jobs
۰۹۱۰۹۲۲۹۲۶۲,قم، جمهوری,qom,jobs,administrative-jobs
۰۹۱۹۵۸۷۵۰۰۱,قم، بنیاد,qom,jobs,administrative-jobs
۰۹۱۹۸۵۰۴۰۰۱,قم، امامزاده ابراهیم,qom,jobs,administrative-jobs
۰۹۱۲۲۱۰۳۵۶۹,قم، بلوار امین,qom,jobs,administrative-jobs
۰۹۹۱۹۴۵۹۹۳۵,قم، بلوار امین,qom,jobs,administrative-jobs
۰۹۹۱۹۰۰۵۲۷۹,قم، انسجام,qom,jobs,administrative-jobs
۰۹۱۲۷۵۳۷۲۵۵,قم، عطاران,qom,jobs,administrative-jobs
۰۹۱۲۷۵۳۵۴۶۷,قم، زنبیل‌آباد (شهید صدوقی),qom,jobs,administrative-jobs
۰۹۰۱۲۰۷۲۲۱۴,قم، حرم,qom,jobs,administrative-jobs
۰۹۱۸۹۶۱۳۹۲۹,قم، دورشهر,qom,jobs,administrative-jobs
۰۹۱۲۶۵۲۹۷۱۹,قم، زنبیل‌آباد (شهید صدوقی),qom,jobs,administrative-jobs
۰۹۲۱۷۸۶۱۲۵۶,قم، عطاران,qom,jobs,administrative-jobs
۰۹۱۹۹۷۱۵۷۹۶,قم، پردیسان,qom,jobs,administrative-jobs
۰۹۱۹۸۸۶۹۴۱۲,قم، عمار یاسر,qom,jobs,administrative-jobs
۰۹۱۴۵۸۲۸۱۶۰,قم، صفائیه,qom,jobs,administrative-jobs
۰۹۱۰۶۱۲۷۹۲۱,قم، امام,qom,jobs,administrative-jobs
۰۹۳۶۶۶۶۵۰۵۶,قم، زنبیل‌آباد (شهید صدوقی),qom,jobs,administrative-jobs
۰۹۱۲۲۵۱۴۷۹۸,قم، دانیال,qom,jobs,administrative-jobs
۰۹۱۲۲۵۲۷۲۵۷,قم، امام,qom,jobs,administrative-jobs
۰۹۳۶۹۶۳۲۹۹۵,قم، بلوار امین,qom,jobs,administrative-jobs
۰۹۳۳۹۹۴۱۵۷۸,قم، بلوار امین,qom,jobs,administrative-jobs
۰۹۰۲۱۵۳۶۰۰۱,قم، امام,qom,jobs,administrative-jobs
۰۹۱۹۵۱۹۱۸۶۳,قم، شهرک قدس,qom,jobs,administrative-jobs
۰۹۱۲۳۱۶۹۳۰۶,قم، زنبیل‌آباد (شهید صدوقی),qom,jobs,administrative-jobs
۰۹۳۵۶۸۹۰۰۰۳,قم، پردیسان,qom,jobs,administrative-jobs
۰۹۳۶۷۰۹۹۵۹۱,قم، حرم,qom,jobs,administrative-jobs
۰۹۹۱۹۳۶۷۶۲۲,قم، سمیه,qom,jobs,administrative-jobs
۰۹۱۹۲۵۱۵۲۷۵,قم، بلوار امین,qom,jobs,administrative-jobs
۰۹۰۲۱۵۰۵۰۶۱,قم، آذر,qom,jobs,administrative-jobs
۰۹۰۵۸۵۹۱۱۹۶,قم، توحید,qom,jobs,administrative-jobs
۰۹۰۲۲۲۳۷۱۸۸,قم، زنبیل‌آباد (شهید صدوقی),qom,jobs,administrative-jobs
۰۹۱۲۱۵۱۹۰۹۰,قم، امام,qom,jobs,administrative-jobs
۰۹۰۳۰۳۲۴۷۲۹,قم، باجک (۱۹ دی),qom,jobs,administrative-jobs
۰۹۲۲۰۸۷۰۱۳۹,قم، امام,qom,jobs,administrative-jobs
۰۹۱۲۴۵۳۳۰۸۰,قم، بنیاد,qom,jobs,administrative-jobs
۰۹۲۲۱۰۶۳۶۷۵,قم، حرم,qom,jobs,administrative-jobs
۰۹۱۲۸۵۳۱۰۹۲,قم، بلوار امین,qom,jobs,administrative-jobs
۰۹۱۹۹۸۳۴۰۰۳,قم، پردیسان,qom,jobs,administrative-jobs
۰۹۱۰۹۳۷۴۱۱۷,قم، سمیه,qom,jobs,administrative-jobs
۰۹۰۱۲۹۹۹۳۹۵,قم، انقلاب (چهارمردان),qom,jobs,administrative-jobs
۰۹۱۰۰۱۳۰۱۹۸,قم، عطاران,qom,jobs,administrative-jobs
۰۹۱۲۲۵۲۱۵۴۳,قم، عطاران,qom,jobs,administrative-jobs
۰۹۱۹۱۵۳۶۰۴۰,قم، پردیسان,qom,jobs,administrative-jobs
۰۹۱۰۹۶۴۸۹۰۰,قم، جمهوری,qom,jobs,administrative-jobs
۰۹۱۲۳۴۷۷۱۴۵,قم، صفاشهر,qom,jobs,administrative-jobs
۰۹۱۸۰۰۲۴۲۲۰,قم، امام,qom,jobs,administrative-jobs
۰۹۲۱۱۳۴۷۹۴۱,قم، بلوار امین,qom,jobs,administrative-jobs
۰۹۹۱۳۳۹۶۸۱۴,قم، توحید,qom,jobs,administrative-jobs
۰۹۱۹۳۵۴۰۷۵۴,قم، پلیس,qom,jobs,administrative-jobs
۰۹۰۳۷۸۹۸۵۸۳,قم، بلوار امین,qom,jobs,administrative-jobs
۰۹۱۵۶۱۸۲۶۲۴,قم، انقلاب (چهارمردان),qom,jobs,administrative-jobs
۰۹۳۵۶۰۰۶۰۶۴,قم، عطاران,qom,jobs,administrative-jobs
۰۹۱۲۷۵۰۰۸۵۱,قم، پردیسان,qom,jobs,administrative-jobs
۰۹۱۲۱۵۱۰۵۸۲,قم، انقلاب (چهارمردان),qom,jobs,administrative-jobs
۰۹۳۷۰۰۶۲۶۲۰,قم، سمیه,qom,jobs,administrative-jobs
۰۹۰۳۶۵۸۸۷۹۷,قم، زنبیل‌آباد (شهید صدوقی),qom,jobs,administrative-jobs
۰۹۹۱۲۶۸۹۱۱۰,قم، عمار یاسر,qom,jobs,administrative-jobs
۰۹۹۰۷۱۵۵۵۸۲,قم، زنبیل‌آباد (شهید صدوقی),qom,jobs,administrative-jobs
۰۹۳۸۹۸۴۱۹۲۲,قم، امام,qom,jobs,janitorial-jobs
(پنهان‌شده؛ چت کنید),قم، زنبیل‌آباد (شهید صدوقی),qom,jobs,janitorial-jobs
۰۹۱۹۲۵۲۷۳۰۳,قم، امام,qom,jobs,janitorial-jobs
۰۹۰۵۱۴۰۸۵۷۱,قم، امام,qom,jobs,janitorial-jobs
۰۹۱۲۳۵۱۱۹۲۱,قم، حرم,qom,jobs,janitorial-jobs
۰۹۳۳۲۵۶۷۵۴۶,قم، مدرس,qom,jobs,janitorial-jobs
۰۹۱۲۵۵۳۲۰۳۱,قم، آزادگان,qom,jobs,janitorial-jobs
۰۹۳۹۹۴۳۵۸۵۸,قم، جمهوری,qom,jobs,janitorial-jobs
۰۹۹۱۲۶۶۹۴۵۰,قم، بلوار امین,qom,jobs,janitorial-jobs
۰۹۳۶۵۷۴۰۸۰۹,قم، پردیسان,qom,jobs,janitorial-jobs
۰۹۱۰۰۲۳۰۷۰۰,قم، توحید,qom,jobs,janitorial-jobs
۰۹۰۲۵۵۱۴۸۶۸,قم، آذر,qom,jobs,janitorial-jobs
۰۹۱۲۶۵۳۲۹۸۱,قم، امام,qom,jobs,janitorial-jobs
۰۹۳۸۹۶۷۶۰۱۴,قم، گلزار,qom,jobs,janitorial-jobs
۰۹۹۱۳۳۵۹۷۳۵,قم، حرم,qom,jobs,janitorial-jobs
۰۹۱۰۰۱۰۰۴۰۸,قم، حرم,qom,jobs,janitorial-jobs
۰۹۱۲۳۵۱۳۹۲۳,قم، بنیاد,qom,jobs,janitorial-jobs
۰۹۳۷۰۷۲۶۹۰۹,قم، امام,qom,jobs,janitorial-jobs
۰۹۳۶۲۵۲۵۶۶۴,قم، آذر,qom,jobs,janitorial-jobs
۰۹۳۶۱۵۳۹۰۰۷,قم، باجک (۱۹ دی),qom,jobs,janitorial-jobs
۰۹۹۱۶۶۲۶۲۹۵,قم، پردیسان,qom,jobs,janitorial-jobs
۰۹۰۵۲۳۵۷۴۵۳,قم، حرم,qom,jobs,janitorial-jobs
۰۹۰۵۵۷۹۵۳۳۱,قم، شهرک قدس,qom,jobs,janitorial-jobs
۰۹۰۲۳۳۲۶۳۸۵,قم، امام,qom,jobs,janitorial-jobs
۰۹۱۹۲۵۲۹۵۸۵,قم، امام,qom,jobs,janitorial-jobs
۰۹۳۵۹۷۲۹۳۵۱,قم، بنیاد,qom,jobs,janitorial-jobs
۰۹۱۲۷۵۹۵۳۹۶,قم، جمهوری,qom,jobs,janitorial-jobs
۰۹۱۹۵۱۹۸۳۷۵,قم، امام,qom,jobs,janitorial-jobs
۰۹۱۰۰۸۴۸۴۳۷,قم، انصار‌الحسین,qom,jobs,janitorial-jobs
۰۹۹۰۳۳۲۹۳۲۰,قم، آذر,qom,jobs,janitorial-jobs
۰۹۱۹۳۵۲۹۹۸۲,قم، صفائیه,qom,jobs,janitorial-jobs
۰۹۱۲۰۱۴۴۵۶۱,قم، سالاریه,qom,jobs,janitorial-jobs
۰۹۹۰۳۵۱۸۳۰۱,قم، حرم,qom,jobs,janitorial-jobs
۰۹۱۲۱۰۲۴۳۹۷,قم، حرم,qom,jobs,janitorial-jobs
۰۹۳۸۵۳۵۶۰۰۷,قم، زنبیل‌آباد (شهید صدوقی),qom,jobs,janitorial-jobs
۰۹۱۹۱۹۷۴۸۲۲,قم، کیوانفر,qom,jobs,janitorial-jobs
۰۹۱۹۱۴۷۴۲۷۱,قم، هفت تیر,qom,jobs,janitorial-jobs
۰۹۱۲۷۵۳۵۷۹۴,قم، حرم,qom,jobs,janitorial-jobs
۰۹۳۸۱۰۱۲۱۱۰,قم، جمهوری,qom,jobs,janitorial-jobs
۰۹۳۵۴۲۹۰۰۳۵,قم، امامزاده ابراهیم,qom,jobs,janitorial-jobs
۰۹۰۱۴۳۱۷۶۶۲,قم، هنرستان,qom,jobs,janitorial-jobs
۰۹۱۲۰۲۵۶۰۴۵,قم، سالاریه,qom,jobs,janitorial-jobs
۰۹۳۷۱۸۵۴۱۵۵,قم، بنیاد,qom,jobs,janitorial-jobs
۰۹۱۰۸۳۹۳۰۰۱,قم، صفائیه,qom,jobs,janitorial-jobs
۰۹۱۲۶۵۱۴۷۰۶,قم، کلهری,qom,jobs,janitorial-jobs
۰۹۳۳۴۴۴۵۸۴۰,قم، بنیاد,qom,jobs,janitorial-jobs
۰۹۳۰۳۲۱۹۷۹۹,قم، انقلاب (چهارمردان),qom,jobs,janitorial-jobs
۰۹۱۰۷۵۴۰۸۱۵,قم، توحید,qom,jobs,janitorial-jobs
۰۹۱۹۱۴۷۴۴۸۵,قم، جمهوری,qom,jobs,janitorial-jobs
۰۹۱۸۹۰۸۲۹۲۶,قم، بنیاد,qom,jobs,janitorial-jobs
۰۹۱۲۷۵۱۲۵۰۱,قم، امام,qom,jobs,janitorial-jobs
۰۹۱۰۰۹۳۱۳۸۱,قم، زنبیل‌آباد (شهید صدوقی),qom,jobs,janitorial-jobs
۰۹۹۱۹۴۵۰۳۳۶,قم، امامزاده ابراهیم,qom,jobs,janitorial-jobs
۰۹۱۲۱۵۱۲۳۰۶,قم، سالاریه,qom,jobs,janitorial-jobs
۰۹۱۲۷۴۷۱۷۱۵,قم، امام,qom,jobs,janitorial-jobs
۰۹۰۲۳۷۳۶۱۹۵,قم، حرم,qom,jobs,janitorial-jobs
۰۹۱۲۰۹۵۱۰۲۹,قم، آزادگان,qom,jobs,janitorial-jobs
۰۹۱۹۰۴۸۴۰۶۳,قم، حرم,qom,jobs,janitorial-jobs
۰۹۱۰۲۹۸۱۹۳۹,قم، امام,qom,jobs,janitorial-jobs
۰۹۳۷۰۸۴۳۶۱۱,قم، پردیسان,qom,jobs,janitorial-jobs
۰۹۳۰۱۵۱۵۰۸۱,قم، بنیاد,qom,jobs,janitorial-jobs
۰۹۱۶۵۰۸۲۵۶۱,قم، پردیسان,qom,jobs,janitorial-jobs
۰۹۳۶۲۶۷۸۵۱۹,قم، جمهوری,qom,jobs,janitorial-jobs
۰۹۳۶۱۸۵۹۰۶۷,قم، توحید,qom,jobs,janitorial-jobs
۰۹۰۱۰۸۲۵۴۶۳,قم، دورشهر,qom,jobs,janitorial-jobs
۰۹۱۹۸۷۰۸۴۸۲,قم، پردیسان,qom,jobs,janitorial-jobs
۰۹۹۰۰۰۶۵۶۳۵,قم، پردیسان,qom,jobs,janitorial-jobs
۰۹۱۲۷۵۰۶۶۵۰,قم، پردیسان,qom,jobs,janitorial-jobs
۰۹۰۱۰۱۶۲۰۲۵,قم، دورشهر,qom,jobs,janitorial-jobs
۰۹۳۳۷۹۱۴۹۲۶,قم، توحید,qom,jobs,janitorial-jobs
۰۹۱۹۱۵۳۹۸۲۲,قم، پردیسان,qom,jobs,janitorial-jobs
۰۹۱۲۵۵۲۲۸۷۹,قم، دورشهر,qom,jobs,janitorial-jobs
۰۹۱۲۲۵۳۷۳۹۷,قم، زنبیل‌آباد (شهید صدوقی),qom,jobs,janitorial-jobs
۰۹۱۰۰۱۸۷۹۱۸,قم، انقلاب (چهارمردان),qom,jobs,janitorial-jobs
۰۹۱۲۴۵۳۳۳۹۰,قم، بلوار امین,qom,jobs,janitorial-jobs
۰۹۰۱۹۶۶۴۴۱۴,قم، پلیس,qom,jobs,janitorial-jobs
۰۹۱۰۰۷۷۲۰۰۹,قم، بلوار امین,qom,jobs,architect-jobs
۰۹۱۰۹۹۷۹۶۱۳,قم، پردیسان,qom,jobs,architect-jobs
۰۹۱۲۰۶۹۰۳۸۸,قم، باجک (۱۹ دی),qom,jobs,architect-jobs
۰۹۱۲۱۵۳۶۲۰۸,قم، آذر,qom,jobs,architect-jobs
۰۹۳۸۷۹۰۶۱۲۶,قم، شهرک قدس,qom,jobs,architect-jobs
۰۹۱۰۰۹۴۰۰۳۰,قم، جمهوری,qom,jobs,architect-jobs
(پنهان‌شده؛ چت کنید),قم، بلوار ۱۵ خرداد,qom,jobs,architect-jobs
۰۹۱۲۶۶۰۴۵۳۰,قم، پردیسان,qom,jobs,architect-jobs
۰۹۱۲۸۵۲۵۹۳۹,قم، جمهوری,qom,jobs,architect-jobs
۰۹۹۱۹۰۰۸۷۵۵,قم، کیوانفر,qom,jobs,architect-jobs
۰۹۲۲۹۳۳۶۲۷۰,قم، امام,qom,jobs,architect-jobs
۰۹۳۳۵۹۵۷۵۷۳,قم، زنبیل‌آباد (شهید صدوقی),qom,jobs,architect-jobs
۰۹۱۹۲۰۹۴۵۲۰,قم، امامزاده ابراهیم,qom,jobs,architect-jobs
۰۹۱۳۳۶۶۷۳۵۷,قم، پردیسان,qom,jobs,architect-jobs
۰۹۳۸۱۲۶۳۹۸۳,قم، زنبیل‌آباد (شهید صدوقی),qom,jobs,architect-jobs
۰۹۱۹۱۹۷۲۲۸۴,قم، آزادگان,qom,jobs,architect-jobs
۰۹۱۲۷۵۸۱۶۱۹,قم، پردیسان,qom,jobs,architect-jobs
۰۹۱۰۵۸۶۰۸۸۹,قم، جمهوری,qom,jobs,architect-jobs
۰۹۱۲۷۵۹۷۹۶۷,قم، باجک (۱۹ دی),qom,jobs,architect-jobs
۰۹۱۲۶۵۲۷۶۲۷,قم، توحید,qom,jobs,architect-jobs
۰۹۱۲۵۵۱۴۷۰۱,قم، بلوار امین,qom,jobs,architect-jobs
۰۹۱۲۷۵۰۷۹۷۳,قم، توحید,qom,jobs,architect-jobs
۰۹۱۹۶۶۴۲۹۰۰,قم، زنبیل‌آباد (شهید صدوقی),qom,jobs,architect-jobs
(پنهان‌شده؛ چت کنید),قم، امام,qom,jobs,architect-jobs
۰۹۱۰۰۷۷۲۰۰۹,قم، بلوار امین,qom,jobs,architect-jobs
۰۹۱۹۲۵۴۵۳۷۰,قم، امام,qom,jobs,architect-jobs
۰۹۱۲۶۵۳۱۱۲۶,قم، امام,qom,jobs,architect-jobs
۰۹۹۰۷۶۷۰۰۴۹,قم، زنبیل‌آباد (شهید صدوقی),qom,jobs,architect-jobs
۰۹۱۲۷۰۸۱۸۲۷,قم، دورشهر,qom,jobs,architect-jobs
۰۹۹۱۰۲۸۶۷۳۳,قم، آذر,qom,jobs,architect-jobs
۰۹۳۵۹۱۹۰۵۶۶,قم، سالاریه,qom,jobs,architect-jobs
۰۹۱۰۲۹۴۲۸۲۲,قم، امام,qom,jobs,architect-jobs
۰۹۱۲۲۵۳۰۷۶۲,قم، زنبیل‌آباد (شهید صدوقی),qom,jobs,architect-jobs
۰۹۱۲۵۵۳۷۴۱۱,قم، آزادگان,qom,jobs,architect-jobs
۰۹۹۰۱۵۴۱۳۰۰,قم، انسجام,qom,jobs,architect-jobs
۰۹۱۹۰۶۶۲۲۶۰,قم، بنیاد,qom,jobs,architect-jobs
۰۹۱۰۴۶۴۲۰۳۷,قم، زنبیل‌آباد (شهید صدوقی),qom,jobs,architect-jobs
۰۹۱۲۳۸۵۹۳۹۱,قم، حرم,qom,jobs,architect-jobs
۰۹۱۶۹۶۶۹۱۵۴,قم، آزادگان,qom,jobs,architect-jobs
۰۹۱۲۶۵۱۳۸۷۶,قم، توحید,qom,jobs,architect-jobs
۰۹۱۲۸۵۴۳۴۲۲,قم، عطاران,qom,jobs,architect-jobs
۰۹۱۹۶۶۴۶۰۳۹,قم، جمهوری,qom,jobs,architect-jobs
۰۹۱۹۴۰۶۱۶۳۲,قم، بلوار ۱۵ خرداد,qom,jobs,architect-jobs
۰۹۱۲۹۳۸۳۷۷۵,قم، امام,qom,jobs,architect-jobs
۰۹۱۲۸۷۹۷۷۵۷,قم، کلهری,qom,jobs,architect-jobs
۰۹۱۰۷۷۱۲۱۶۴,قم، حرم,qom,jobs,architect-jobs
۰۹۹۱۹۴۰۳۴۲۹,قم، جمهوری,qom,jobs,architect-jobs
۰۹۳۷۱۵۰۶۸۷۶,قم، امام,qom,jobs,architect-jobs
۰۹۰۲۹۴۲۵۱۸۲,قم، زنبیل‌آباد (شهید صدوقی),qom,jobs,architect-jobs
۰۹۳۸۱۴۳۳۰۵۷,قم، جمهوری,qom,jobs,architect-jobs
۰۹۹۲۱۰۵۷۱۶۸,قم، بنیاد,qom,jobs,architect-jobs
۰۹۱۲۴۵۳۲۵۵۳,قم، سالاریه,qom,jobs,architect-jobs
۰۹۱۰۶۱۲۱۷۴۷,قم، بلوار امین,qom,jobs,architect-jobs
۰۹۱۲۷۵۳۳۹۲۴,قم، حرم,qom,jobs,architect-jobs
۰۹۳۶۱۱۷۵۴۴۹,قم، پردیسان,qom,jobs,architect-jobs
۰۹۱۹۱۴۷۴۵۰۴,قم، جمهوری,qom,jobs,architect-jobs
۰۹۱۲۶۵۳۳۰۷۴,قم، زنبیل‌آباد (شهید صدوقی),qom,jobs,architect-jobs
۰۹۱۲۱۷۱۳۷۸۹,قم، آذر,qom,jobs,architect-jobs
۰۹۱۹۱۷۲۵۸۰۲,قم، امامزاده ابراهیم,qom,jobs,architect-jobs
۰۹۱۰۰۸۱۸۱۲۰,قم، توحید,qom,jobs,architect-jobs
۰۹۳۷۰۹۴۶۳۹۳,قم، جمهوری,qom,jobs,architect-jobs
۰۹۱۲۷۵۰۰۰۷۳,قم، کلهری,qom,jobs,architect-jobs
۰۹۱۲۳۷۶۸۸۲۱,قم، پردیسان,qom,jobs,architect-jobs
۰۹۱۹۱۶۰۶۰۱۳,قم، پردیسان,qom,jobs,architect-jobs
۰۹۱۲۷۵۲۵۲۲۰,قم، امام,qom,jobs,architect-jobs
۰۹۱۲۷۵۴۴۶۵۲,قم، باجک (۱۹ دی),qom,jobs,service-jobs
(پنهان‌شده؛ چت کنید),قم، سالاریه,qom,jobs,service-jobs
۰۹۱۰۴۶۵۱۲۳۸,قم، بلوار ۱۵ خرداد,qom,jobs,service-jobs
۰۹۳۶۲۱۲۸۴۶۳,قم، سالاریه,qom,jobs,service-jobs
۰۹۲۱۷۸۵۲۴۸۸,قم، عطاران,qom,jobs,service-jobs
۰۹۱۲۲۵۲۲۴۱۱,قم، صفائیه,qom,jobs,service-jobs
۰۹۱۲۱۵۱۵۲۸۱,قم، شهرک قدس,qom,jobs,service-jobs
۰۹۹۱۷۰۸۰۹۰۱,قم، شهرک قدس,qom,jobs,service-jobs
۰۹۱۰۹۶۷۳۰۶۱,قم، پردیسان,qom,jobs,service-jobs
۰۹۱۲۷۵۳۹۶۳۳,قم، کلهری,qom,jobs,service-jobs
۰۹۱۶۸۳۱۶۵۶۱,قم، صفاشهر,qom,jobs,service-jobs
۰۹۱۹۶۶۴۲۸۴۴,قم، شهرک قدس,qom,jobs,service-jobs
۰۹۳۹۲۵۵۹۸۴۱,قم، توحید,qom,jobs,service-jobs
۰۹۹۲۳۹۴۰۰۵۲,قم، پردیسان,qom,jobs,service-jobs
۰۹۱۲۷۵۲۸۲۷۳,قم، هنرستان,qom,jobs,service-jobs
۰۹۱۲۷۵۱۶۹۴۱,قم، پردیسان,qom,jobs,service-jobs
۰۹۱۲۴۵۱۹۸۷۲,قم، بلوار امین,qom,jobs,service-jobs
۰۹۱۲۲۵۲۵۳۰۳,قم، باجک (۱۹ دی),qom,jobs,service-jobs
۰۹۱۲۴۵۱۵۸۵۴,قم، شهرک قدس,qom,jobs,service-jobs
۰۹۱۰۰۱۱۰۱۴۲,قم، جمهوری,qom,jobs,service-jobs
(پنهان‌شده؛ چت کنید),قم، آزادگان,qom,jobs,service-jobs
۰۹۱۸۳۴۸۸۸۵۳,قم، عطاران,qom,jobs,service-jobs
۰۹۳۰۷۶۸۸۰۴۸,قم، پردیسان,qom,jobs,service-jobs
۰۹۹۰۵۰۲۲۴۲۱,قم، امام,qom,jobs,service-jobs
۰۹۳۷۰۸۱۰۵۱۳,قم، بلوار امین,qom,jobs,service-jobs
(پنهان‌شده؛ چت کنید),قم، جمهوری,qom,jobs,service-jobs
۰۹۱۰۶۱۸۵۹۷۴,قم، عطاران,qom,jobs,service-jobs
۰۹۱۲۳۵۱۰۹۷۱,قم، بنیاد,qom,jobs,service-jobs
۰۹۳۸۴۱۱۷۵۸۲,قم، حرم,qom,jobs,service-jobs
۰۹۱۲۱۵۲۰۱۰۴,قم، سالاریه,qom,jobs,service-jobs
۰۹۱۲۶۶۱۷۷۱۲,قم، حرم,qom,jobs,service-jobs
۰۹۳۵۸۸۵۴۴۷۱,قم، زنبیل‌آباد (شهید صدوقی),qom,jobs,service-jobs
۰۹۱۲۵۵۳۳۸۰۸,قم، توحید,qom,jobs,service-jobs
۰۹۱۲۷۵۴۶۷۱۳,قم، صفاشهر,qom,jobs,service-jobs
۰۹۱۲۷۴۹۵۰۶۶,قم، زنبیل‌آباد (شهید صدوقی),qom,jobs,service-jobs
۰۹۱۲۹۳۸۹۹۷۰,قم، پردیسان,qom,jobs,service-jobs
۰۹۱۲۷۴۷۵۵۳۵,قم، بلوار امین,qom,jobs,service-jobs
۰۹۱۲۱۱۲۷۷۵۳,قم، زنبیل‌آباد (شهید صدوقی),qom,jobs,service-jobs
۰۹۱۹۸۵۲۶۶۰۳,قم، زنبیل‌آباد (شهید صدوقی),qom,jobs,service-jobs
۰۹۱۲۴۵۱۹۸۷۲,قم، بلوار امین,qom,jobs,service-jobs
۰۹۱۹۳۵۳۲۷۹۴,قم، پردیسان,qom,jobs,service-jobs
۰۹۱۲۱۵۱۷۲۶۵,قم، بلوار امین,qom,jobs,service-jobs
۰۹۱۲۴۵۱۵۰۵۸,قم، بنیاد,qom,jobs,service-jobs
(پنهان‌شده؛ چت کنید),قم، پردیسان,qom,jobs,service-jobs
(پنهان‌شده؛ چت کنید),قم، توحید,qom,jobs,service-jobs
۰۹۳۶۶۵۱۳۳۷۸,قم، زنبیل‌آباد (شهید صدوقی),qom,jobs,service-jobs
۰۹۰۲۰۳۵۰۷۸۰,قم، شهرک قدس,qom,jobs,service-jobs
۰۹۳۳۶۹۰۸۳۸۰,قم، آذر,qom,jobs,service-jobs
۰۹۳۵۹۶۲۹۲۹۷,قم، کیوانفر,qom,jobs,service-jobs
۰۹۳۸۴۷۷۴۷۳۶,قم، سالاریه,qom,jobs,service-jobs
۰۹۱۹۸۸۶۹۷۱۱,قم، سالاریه,qom,jobs,service-jobs
۰۹۳۵۸۹۸۱۲۶۵,قم، بنیاد,qom,jobs,service-jobs
(پنهان‌شده؛ چت کنید),قم، آذر,qom,jobs,service-jobs
۰۹۱۹۸۵۲۳۷۷۵,قم، بلوار امین,qom,jobs,service-jobs
۰۹۱۹۵۱۹۴۷۴۲,قم، عطاران,qom,jobs,service-jobs
۰۹۳۶۹۹۱۳۱۲۱,قم، توحید,qom,jobs,service-jobs
۰۹۱۰۹۹۷۴۹۴۲,قم، شهرک قدس,qom,jobs,service-jobs
۰۹۱۲۵۴۶۸۳۸۶,قم، جمهوری,qom,jobs,service-jobs
۰۹۳۶۹۹۱۳۱۲۱,قم، توحید,qom,jobs,service-jobs
۰۹۱۹۷۸۷۱۲۱۹,قم، عمار یاسر,qom,jobs,service-jobs
۰۹۰۲۵۳۰۶۱۰۰,قم، جمهوری,qom,jobs,service-jobs
۰۹۱۲۳۵۱۳۵۳۳,قم، آذر,qom,jobs,service-jobs
۰۹۱۹۱۵۱۸۳۰۵,قم، امام,qom,jobs,service-jobs
۰۹۳۶۸۸۸۰۱۶۶,قم، توحید,qom,jobs,service-jobs
۰۹۱۹۱۹۸۸۰۸۷,قم، جمهوری,qom,jobs,service-jobs
۰۹۳۷۹۶۰۱۰۵۳,قم، سالاریه,qom,jobs,service-jobs
۰۹۱۲۷۵۴۴۷۸۷,قم، دورشهر,qom,jobs,service-jobs
۰۹۱۲۴۵۱۹۵۱۸,قم، زنبیل‌آباد (شهید صدوقی),qom,jobs,service-jobs
۰۹۹۰۷۶۳۸۵۵۲,قم، پردیسان,qom,jobs,service-jobs
۰۹۱۲۷۵۲۶۳۸۳,قم، زنبیل‌آباد (شهید صدوقی),qom,jobs,service-jobs
۰۹۱۲۳۹۵۱۲۶۲,قم، پردیسان,qom,jobs,service-jobs
۰۹۱۲۶۵۲۴۳۶۳,قم، صفائیه,qom,jobs,service-jobs
۰۹۱۲۸۵۲۴۶۰۶,قم، هنرستان,qom,jobs,service-jobs
۰۹۱۹۸۸۰۶۳۶۸,قم، آزادگان,qom,jobs,service-jobs
۰۹۱۲۳۵۱۸۵۱۴,قم، سالاریه,qom,jobs,service-jobs
۰۹۱۲۷۵۴۱۱۷۸,قم، صفاشهر,qom,jobs,service-jobs
۰۹۱۲۸۵۲۸۰۵۹,قم، سالاریه,qom,jobs,service-jobs
۰۹۱۲۴۲۱۹۸۴۳,قم، صفائیه,qom,jobs,service-jobs
۰۹۱۹۱۵۲۳۵۹۲,قم، جمهوری,qom,jobs,service-jobs
۰۹۹۰۷۶۷۲۰۰۵,قم، بلوار ۱۵ خرداد,qom,jobs,service-jobs
۰۹۰۲۱۷۲۷۷۷۱,قم، سالاریه,qom,jobs,service-jobs
۰۹۱۹۷۴۶۵۷۷۲,قم، شهید بهشتی,qom,jobs,service-jobs
(پنهان‌شده؛ چت کنید),قم، توحید,qom,jobs,service-jobs
۰۹۳۵۸۲۵۶۵۵۰,قم، شهرک قدس,qom,jobs,service-jobs
۰۹۱۲۱۵۳۴۱۷۰,قم، شهید بهشتی,qom,jobs,service-jobs
۰۹۱۰۷۷۱۲۱۷۳,قم، توحید,qom,jobs,service-jobs
۰۹۱۲۷۵۹۵۰۴۹,قم، شهرک قدس,qom,jobs,service-jobs
۰۹۰۲۱۳۶۵۶۰۰,قم، صفائیه,qom,jobs,service-jobs
۰۹۱۲۹۳۸۲۷۰۳,قم، بلوار امین,qom,jobs,service-jobs
۰۹۱۲۶۵۱۰۲۴۸,قم، باجک (۱۹ دی),qom,jobs,service-jobs
۰۹۱۲۶۵۲۲۰۸۳,قم، مدرس,qom,jobs,service-jobs
۰۹۹۰۵۵۶۳۱۱۷,قم، آزادگان,qom,jobs,service-jobs
۰۹۰۵۳۳۵۳۲۸۱,قم، باجک (۱۹ دی),qom,jobs,service-jobs
۰۹۱۰۵۸۳۱۲۹۱,قم، بلوار امین,qom,jobs,service-jobs
۰۹۱۲۷۴۶۲۱۸۷,قم، پیام نور,qom,jobs,service-jobs
۰۹۱۳۵۳۴۰۳۰۰,قم، هفت تیر,qom,jobs,service-jobs
۰۹۱۲۲۵۲۳۴۴۸,قم، بلوار امین,qom,jobs,service-jobs
۰۹۱۲۵۵۱۴۷۱۴,قم، بلوار امین,qom,jobs,service-jobs
۰۹۱۹۲۹۳۴۳۰۶,قم، پردیسان,qom,jobs,service-jobs
۰۹۳۷۵۳۲۹۴۰۷,قم، زنبیل‌آباد (شهید صدوقی),qom,jobs,service-jobs
۰۹۳۳۸۴۷۹۰۷۵,قم، شهید بهشتی,qom,jobs,service-jobs
۰۹۱۰۶۸۸۲۴۱۲,قم، پردیسان,qom,jobs,service-jobs
۰۹۱۹۶۱۴۹۰۳۶,قم، دورشهر,qom,jobs,service-jobs
۰۹۱۲۶۵۲۲۹۴۸,قم، امام,qom,jobs,service-jobs
۰۹۳۷۳۳۹۵۲۷۵,قم، سالاریه,qom,jobs,service-jobs
۰۹۱۲۱۵۳۹۵۳۵,قم، بلوار امین,qom,jobs,service-jobs
۰۹۳۷۳۳۹۵۲۷۵,قم، سالاریه,qom,jobs,service-jobs
۰۹۰۱۰۲۹۷۷۸۶,قم، بلوار امین,qom,jobs,service-jobs
۰۹۱۲۵۷۰۵۱۵۸,قم، شهرک قدس,qom,jobs,service-jobs
(پنهان‌شده؛ چت کنید),قم، زنبیل‌آباد (شهید صدوقی),qom,jobs,service-jobs
۰۹۱۰۵۸۶۵۳۵۰,قم، سالاریه,qom,jobs,service-jobs
(پنهان‌شده؛ چت کنید),قم، باجک (۱۹ دی),qom,jobs,service-jobs
۰۹۱۰۸۲۱۲۷۹۷,قم، صفاشهر,qom,jobs,service-jobs
۰۹۱۲۴۵۲۶۶۵۷,قم، صفاشهر,qom,jobs,service-jobs
۰۹۳۵۷۹۰۶۲۵۲,قم، بلوار امین,qom,jobs,service-jobs
۰۹۱۹۹۸۵۷۷۲۸,قم، دانیال,qom,jobs,service-jobs
۰۹۱۲۲۵۲۰۴۰۹,قم، باجک (۱۹ دی),qom,jobs,service-jobs
۰۹۱۰۹۶۱۶۰۳۵,قم، صفاشهر,qom,jobs,service-jobs
(پنهان‌شده؛ چت کنید),قم، باجک (۱۹ دی),qom,jobs,service-jobs
۰۹۱۲۲۵۳۴۰۲۲,قم، شهرک قدس,qom,jobs,service-jobs
۰۹۰۵۳۳۲۴۷۲۹,قم، امام,qom,jobs,service-jobs
۰۹۱۲۶۵۲۲۱۲۴,قم، بلوار امین,qom,jobs,service-jobs
۰۹۱۲۸۵۱۰۱۶۴,قم، صفائیه,qom,jobs,service-jobs
۰۹۹۰۳۵۱۰۹۹۱,قم، آذر,qom,jobs,service-jobs
۰۹۱۲۷۵۹۵۵۹۴,قم، پردیسان,qom,jobs,service-jobs
۰۹۱۲۱۵۲۰۱۰۴,قم، سالاریه,qom,jobs,service-jobs
۰۹۱۲۱۱۲۷۷۵۳,قم، زنبیل‌آباد (شهید صدوقی),qom,jobs,service-jobs
۰۹۱۲۵۲۱۱۷۶۳,قم، امام,qom,jobs,service-jobs
۰۹۱۹۸۲۵۹۸۸۴,قم، بلوار امین,qom,jobs,service-jobs
۰۹۹۱۱۷۰۹۶۴۵,قم، زنبیل‌آباد (شهید صدوقی),qom,jobs,service-jobs
۰۹۱۲۷۵۷۷۷۲۹,قم، هفت تیر,qom,jobs,service-jobs
۰۹۱۲۶۵۱۶۰۷۵,قم، بنیاد,qom,jobs,service-jobs
۰۹۱۲۸۵۲۵۲۴۶,قم، کلهری,qom,jobs,service-jobs
۰۹۱۰۲۸۰۱۹۳۴,قم، زنبیل‌آباد (شهید صدوقی),qom,jobs,service-jobs
۰۹۱۲۸۴۰۶۹۹۳,قم، حرم,qom,jobs,service-jobs
۰۹۳۶۳۲۰۱۵۴۰,قم، حرم,qom,jobs,service-jobs
۰۹۱۲۷۵۲۹۶۴۹,قم، آزادگان,qom,jobs,service-jobs
۰۹۱۲۶۵۱۴۱۲۱,قم، پلیس,qom,jobs,service-jobs
۰۹۳۹۴۴۲۰۴۲۴,قم، پردیسان,qom,jobs,service-jobs
۰۹۱۹۳۵۷۷۸۴۴,قم، شهید بهشتی,qom,jobs,service-jobs
۰۹۱۲۸۵۱۶۸۷۳,قم، دانیال,qom,jobs,service-jobs
۰۹۱۰۹۹۸۵۳۱۵,قم، امام,qom,jobs,service-jobs
۰۹۳۳۱۰۹۷۹۲۹,قم، باجک (۱۹ دی),qom,jobs,service-jobs
۰۹۱۰۰۵۶۷۸۸۹,قم، شهرک قدس,qom,jobs,service-jobs
۰۹۱۰۸۲۱۷۴۰۷,قم، پردیسان,qom,jobs,service-jobs
۰۹۱۲۱۵۱۲۳۰۶,قم، سالاریه,qom,jobs,service-jobs
۰۹۲۱۶۸۸۹۱۷۴,قم، آزادگان,qom,jobs,service-jobs
۰۹۱۹۲۵۳۷۶۹۷,قم، باجک (۱۹ دی),qom,jobs,service-jobs
۰۹۱۲۸۵۴۱۴۴۰,قم، توحید,qom,jobs,service-jobs
۰۹۱۲۷۵۰۵۲۱۰,قم، صفائیه,qom,jobs,service-jobs
۰۹۳۶۰۲۳۴۳۳۷,قم، بلوار امین,qom,jobs,service-jobs
۰۹۱۹۸۸۶۸۵۲۱,قم، بنیاد,qom,jobs,service-jobs
۰۹۱۲۷۵۸۸۵۳۹,قم، جمهوری,qom,jobs,service-jobs
۰۹۱۲۱۵۲۱۳۴۸,قم، عمار یاسر,qom,jobs,service-jobs
۰۹۳۰۶۲۹۷۸۸۶,قم، امام,qom,jobs,service-jobs
۰۹۱۲۷۵۷۵۹۲۷,قم، آزادگان,qom,jobs,service-jobs
۰۹۹۱۹۳۵۹۷۰۵,قم، صفائیه,qom,jobs,service-jobs
۰۹۱۲۷۴۷۸۵۱۷,قم، شهرک قدس,qom,jobs,service-jobs
۰۹۱۲۷۵۲۳۱۷۱,قم، توحید,qom,jobs,service-jobs
۰۹۱۲۳۵۱۰۰۰۷,قم، سالاریه,qom,jobs,service-jobs
۰۹۱۰۹۶۴۹۱۱۴,قم، انقلاب (چهارمردان),qom,jobs,service-jobs
۰۹۲۱۷۰۱۶۳۳۷,قم، حرم,qom,jobs,service-jobs
۰۹۰۳۵۱۳۷۰۶۴,قم، جمهوری,qom,jobs,service-jobs
۰۹۱۱۳۴۵۷۲۵۶,قم، شهرک قدس,qom,jobs,service-jobs
۰۹۱۲۲۵۲۲۵۶۱,قم، عطاران,qom,jobs,service-jobs
۰۹۱۹۷۴۷۵۶۵۱,قم، آزادگان,qom,jobs,service-jobs
۰۹۱۲۷۵۰۵۷۲۲,قم، جمهوری,qom,jobs,service-jobs
۰۹۱۲۷۵۴۶۷۱۳,قم، صفاشهر,qom,jobs,service-jobs
۰۹۳۵۷۲۷۷۷۲۴,قم، بلوار امین,qom,jobs,service-jobs
۰۹۱۲۹۳۸۴۵۵۳,قم، باجک (۱۹ دی),qom,jobs,service-jobs
۰۹۹۱۱۹۲۴۰۰۱,قم، شهرک قدس,qom,jobs,service-jobs
۰۹۳۰۰۷۴۵۶۱۱,قم، حرم,qom,jobs,service-jobs
۰۹۱۲۲۵۱۰۹۳۲,قم، پردیسان,qom,jobs,service-jobs
۰۹۳۸۳۸۷۷۷۴۴,قم، زنبیل‌آباد (شهید صدوقی),qom,jobs,service-jobs
۰۹۱۲۲۵۳۳۰۴۱,قم، هفت تیر,qom,jobs,service-jobs
۰۹۳۰۳۴۰۱۶۰۹,قم، پردیسان,qom,jobs,service-jobs
۰۹۱۹۲۵۳۰۳۲۳,قم، بلوار ۱۵ خرداد,qom,jobs,service-jobs
۰۹۳۹۳۸۸۵۵۴۱,قم، زنبیل‌آباد (شهید صدوقی),qom,jobs,service-jobs
۰۹۰۲۲۰۳۷۱۴۷,قم، عمار یاسر,qom,jobs,service-jobs
۰۹۳۸۰۵۷۵۷۴۹,قم، پردیسان,qom,jobs,service-jobs
۰۹۲۰۵۵۲۸۵۲۵,قم، زنبیل‌آباد (شهید صدوقی),qom,jobs,service-jobs
۰۹۱۹۱۷۲۸۴۶۲,قم، صفاشهر,qom,jobs,service-jobs
۰۹۰۳۹۶۲۰۴۲۲,قم، سالاریه,qom,jobs,service-jobs
۰۹۳۵۷۴۷۲۷۲۲,قم، امام,qom,jobs,service-jobs
۰۹۹۱۹۳۶۲۶۹۱,قم، شهرک قدس,qom,jobs,service-jobs
۰۹۳۵۶۸۷۸۵۵۸,قم، سالاریه,qom,jobs,service-jobs
۰۹۱۲۵۵۲۲۳۲۸,قم، پردیسان,qom,jobs,service-jobs
۰۹۱۲۹۷۵۱۳۰۸,قم، توحید,qom,jobs,service-jobs
۰۹۳۶۶۷۴۷۵۸۶,قم، بلوار امین,qom,jobs,service-jobs
۰۹۱۹۸۵۱۰۵۷۲,قم، زنبیل‌آباد (شهید صدوقی),qom,jobs,service-jobs
۰۹۱۹۶۶۵۹۱۹۷,قم، جمهوری,qom,jobs,service-jobs
۰۹۰۲۷۴۴۲۴۹۴,قم، امامزاده ابراهیم,qom,jobs,service-jobs
۰۹۱۲۴۵۱۴۸۸۷,قم، بلوار امین,qom,jobs,service-jobs
۰۹۱۲۸۷۹۱۷۶۶,قم، دورشهر,qom,jobs,service-jobs
۰۹۱۲۷۴۷۲۱۵۶,قم، پردیسان,qom,jobs,service-jobs
۰۹۱۲۵۸۵۶۲۲۳,قم، صفائیه,qom,jobs,service-jobs
۰۹۱۹۱۵۹۲۵۶۷,قم، پردیسان,qom,jobs,service-jobs
۰۹۱۹۷۵۸۱۴۴۸,قم، بلوار امین,qom,jobs,service-jobs
۰۹۱۲۷۰۲۶۴۹۴,قم، حرم,qom,jobs,service-jobs
۰۹۳۹۱۳۷۰۰۵۱,قم، شهرک قدس,qom,jobs,service-jobs
۰۹۱۲۱۵۱۸۵۰۵,قم، زنبیل‌آباد (شهید صدوقی),qom,jobs,service-jobs
۰۹۱۲۷۴۷۴۵۳۲,قم، پلیس,qom,jobs,service-jobs
۰۹۱۲۸۵۳۹۴۹۶,قم، بلوار امین,qom,jobs,service-jobs
۰۹۳۰۲۵۳۲۵۶۴,قم، انصار‌الحسین,qom,jobs,service-jobs
۰۹۳۵۵۶۵۷۰۰۷,قم، بلوار امین,qom,jobs,service-jobs
۰۹۰۵۱۴۸۹۱۶۸,قم، پلیس,qom,jobs,service-jobs
۰۹۱۲۰۵۲۹۴۰۴,قم، شهید بهشتی,qom,jobs,service-jobs
۰۹۱۲۲۰۹۶۸۳۸,قم، سالاریه,qom,jobs,service-jobs
۰۹۹۲۵۸۷۰۳۴۵,قم، پردیسان,qom,jobs,service-jobs
۰۹۱۰۴۶۶۹۱۵۰,قم، انقلاب (چهارمردان),qom,jobs,service-jobs
۰۹۳۵۱۲۸۵۰۷۲,قم، سالاریه,qom,jobs,service-jobs
۰۹۰۲۲۵۲۶۳۰۷,قم، آذر,qom,jobs,service-jobs
۰۹۰۱۱۸۳۷۲۶۰,قم، بلوار امین,qom,jobs,service-jobs
۰۹۱۲۵۵۳۹۲۵۱,قم، زنبیل‌آباد (شهید صدوقی),qom,jobs,service-jobs
۰۹۱۲۷۵۴۲۴۱۸,قم، توحید,qom,jobs,service-jobs
۰۹۳۵۹۶۲۹۲۹۷,قم، کیوانفر,qom,jobs,service-jobs
۰۹۳۸۴۹۸۱۳۰۸,قم، زنبیل‌آباد (شهید صدوقی),qom,jobs,service-jobs
۰۹۱۲۶۵۱۶۰۷۵,قم، بنیاد,qom,jobs,service-jobs
۰۹۳۳۱۲۲۶۱۰۸,قم، باجک (۱۹ دی),qom,jobs,service-jobs
۰۹۱۰۹۶۶۰۶۸۳,قم، حرم,qom,jobs,service-jobs
۰۹۳۷۱۴۶۶۵۶۸,قم، صفائیه,qom,jobs,service-jobs
۰۹۱۹۱۵۹۰۹۵۰,قم، پردیسان,qom,jobs,service-jobs
۰۹۱۳۸۷۳۲۹۱۶,قم، بلوار امین,qom,jobs,service-jobs
۰۹۳۰۸۳۳۷۶۷۷,قم، جمهوری,qom,jobs,service-jobs
۰۹۱۹۲۹۳۸۸۳۸,قم، سالاریه,qom,jobs,service-jobs
۰۹۱۲۶۵۲۲۹۲۵,قم، انقلاب (چهارمردان),qom,jobs,service-jobs
۰۹۱۲۵۵۱۶۷۶۵,قم، عطاران,qom,jobs,service-jobs
۰۹۳۳۲۹۲۱۹۱۹,قم، پردیسان,qom,jobs,service-jobs
۰۹۱۰۰۷۵۵۶۰۰,قم، زنبیل‌آباد (شهید صدوقی),qom,jobs,service-jobs
۰۹۱۹۶۳۵۰۳۷۰,قم، پردیسان,qom,jobs,service-jobs
۰۹۱۲۳۵۱۲۶۱۹,قم، زنبیل‌آباد (شهید صدوقی),qom,jobs,service-jobs
۰۹۱۲۲۵۱۵۹۶۹,قم، عمار یاسر,qom,jobs,service-jobs
۰۹۱۲۵۵۱۶۷۶۵,قم، زنبیل‌آباد (شهید صدوقی),qom,jobs,service-jobs
۰۹۱۰۰۷۸۲۰۲۳,قم، سالاریه,qom,jobs,service-jobs
۰۹۱۲۸۵۴۴۴۱۵,قم، شهرک قدس,qom,jobs,service-jobs
۰۹۳۵۱۹۷۰۳۹۷,قم، امامزاده ابراهیم,qom,jobs,service-jobs
۰۹۱۲۵۵۳۶۴۳۳,قم، آزادگان,qom,jobs,service-jobs
۰۹۱۲۳۵۱۳۵۳۳,قم، آذر,qom,jobs,service-jobs
۰۹۱۹۲۹۰۷۵۴۲,قم، توحید,qom,jobs,service-jobs
۰۹۱۹۳۵۹۹۸۳۷,قم، توحید,qom,jobs,service-jobs
۰۹۰۲۰۰۶۹۸۰۰,قم، زنبیل‌آباد (شهید صدوقی),qom,jobs,service-jobs
۰۹۱۲۵۵۳۸۰۸۲,قم، بنیاد,qom,jobs,service-jobs
۰۹۱۲۲۵۱۷۶۴۰,قم، سالاریه,qom,jobs,service-jobs
۰۹۱۹۳۵۰۱۶۵۰,قم، توحید,qom,jobs,service-jobs
۰۹۱۲۳۵۱۳۵۳۳,قم، آذر,qom,jobs,service-jobs
۰۹۱۹۹۷۱۸۹۱۸,قم، امام,qom,jobs,service-jobs
۰۹۰۲۸۷۹۰۰۲۰,قم، توحید,qom,jobs,service-jobs
۰۹۱۲۲۵۲۰۴۲۲,قم، بلوار امین,qom,jobs,service-jobs
۰۹۱۱۹۰۳۵۲۲۸,قم، آزادگان,qom,jobs,service-jobs
۰۹۳۹۳۴۷۴۱۱۹,قم، صفائیه,qom,jobs,service-jobs
۰۹۳۵۷۴۴۸۲۵۷,قم، عمار یاسر,qom,jobs,service-jobs
۰۹۳۷۸۰۹۷۱۶۲,قم، باجک (۱۹ دی),qom,jobs,service-jobs
۰۹۱۹۳۵۸۲۱۲۳,قم، هنرستان,qom,jobs,service-jobs
۰۹۰۲۲۰۳۷۱۴۷,قم، عمار یاسر,qom,jobs,service-jobs
۰۹۱۲۳۵۱۴۰۹۹,قم، امام,qom,jobs,service-jobs
۰۹۱۲۱۵۱۸۶۶۲,قم، امام,qom,jobs,service-jobs
۰۹۳۰۰۹۱۷۰۰۵,قم، توحید,qom,jobs,service-jobs
۰۹۱۹۱۶۰۸۵۷۱,قم، امام,qom,jobs,service-jobs
۰۹۱۲۱۵۳۸۹۹۷,قم، شهرک قدس,qom,jobs,service-jobs
۰۹۹۹۹۸۵۳۱۴۰,قم، بلوار امین,qom,jobs,service-jobs
۰۹۱۰۵۸۶۵۳۵۰,قم، باجک (۱۹ دی),qom,jobs,service-jobs
۰۹۱۹۲۹۰۹۷۹۰,قم، باجک (۱۹ دی),qom,jobs,service-jobs
۰۹۳۹۷۰۶۶۶۹۱,قم، بنیاد,qom,jobs,service-jobs
۰۹۲۲۲۷۵۴۰۹۲,قم، توحید,qom,jobs,service-jobs
۰۹۱۹۷۴۶۰۳۲۰,قم، بلوار ۱۵ خرداد,qom,jobs,service-jobs
۰۹۳۷۱۳۳۷۱۰۷,قم، توحید,qom,jobs,service-jobs
۰۹۱۲۲۵۳۵۲۴۶,قم، بنیاد,qom,jobs,service-jobs
۰۹۱۹۸۷۱۶۸۲۰,قم، جمهوری,qom,jobs,service-jobs
۰۹۱۲۷۵۹۶۱۰۶,قم، سالاریه,qom,jobs,service-jobs
۰۹۱۲۸۵۴۵۵۴۱,قم، پردیسان,qom,jobs,service-jobs
۰۹۱۹۳۵۲۷۸۱۷,قم، دانیال,qom,jobs,service-jobs
۰۹۳۵۹۹۹۱۱۶۲,قم، سالاریه,qom,jobs,service-jobs
۰۹۰۲۷۵۷۷۳۴۹,قم، آزادگان,qom,jobs,service-jobs
۰۹۱۲۹۲۷۵۱۱۶,قم، شهید بهشتی,qom,jobs,service-jobs
۰۹۹۱۱۹۱۱۴۵۰,قم، آذر,qom,jobs,service-jobs
۰۹۰۵۳۳۲۴۷۲۹,قم، امام,qom,jobs,service-jobs
۰۹۳۵۱۸۸۳۷۳۰,قم، عطاران,qom,jobs,service-jobs
۰۹۳۰۲۰۱۰۵۷۱,قم، پلیس,qom,jobs,service-jobs
۰۹۱۲۴۵۱۰۷۸۸,قم، بلوار امین,qom,jobs,service-jobs
۰۹۱۰۷۶۷۲۴۰۱,قم، بنیاد,qom,jobs,service-jobs
۰۹۳۵۶۹۷۷۲۷۰,قم، توحید,qom,jobs,service-jobs
۰۹۱۰۹۹۸۳۳۷۸,قم، بلوار ۱۵ خرداد,qom,jobs,service-jobs
۰۹۱۰۰۵۹۹۸۰۵,قم، سالاریه,qom,jobs,service-jobs
۰۹۳۳۹۵۲۶۴۹۲,قم، حرم,qom,jobs,service-jobs
۰۹۱۹۶۹۱۷۷۸۷,قم، بنیاد,qom,jobs,service-jobs
۰۹۱۲۷۵۷۷۰۱۵,قم، امام,qom,jobs,service-jobs
۰۹۱۲۲۵۱۸۶۰۰,قم، توحید,qom,jobs,service-jobs
۰۹۱۲۵۵۲۹۰۳۸,قم، هفت تیر,qom,jobs,service-jobs
۰۹۱۹۱۵۲۲۷۴۳,قم، یزدان‌شهر,qom,jobs,service-jobs
۰۹۱۹۶۱۵۱۳۶۸,قم، جمهوری,qom,jobs,service-jobs
۰۹۱۳۴۷۴۷۴۲۴,قم، زنبیل‌آباد (شهید صدوقی),qom,jobs,service-jobs
۰۹۱۹۶۰۲۸۷۵۵,قم، انسجام,qom,jobs,service-jobs
۰۹۲۰۷۴۹۴۳۳۰,قم، باجک (۱۹ دی),qom,jobs,service-jobs
۰۹۱۲۶۵۱۴۲۱۹,قم، توحید,qom,jobs,service-jobs
۰۹۲۲۵۰۶۲۷۰۴,قم، بلوار امین,qom,jobs,service-jobs
۰۹۱۲۱۸۲۳۲۳۵,قم، عمار یاسر,qom,jobs,service-jobs
۰۹۱۲۴۵۱۵۸۵۴,قم، شهرک قدس,qom,jobs,service-jobs
۰۹۲۱۲۹۱۹۷۷۸,قم، پردیسان,qom,jobs,service-jobs
۰۹۱۹۱۵۲۶۱۳۲,قم، آزادگان,qom,jobs,service-jobs
۰۹۱۹۲۵۳۱۴۵۰,قم، آزادگان,qom,jobs,service-jobs
۰۹۱۳۷۰۴۹۷۷۰,قم، حرم,qom,jobs,service-jobs
۰۹۳۹۴۵۱۳۹۱۰,قم، پردیسان,qom,jobs,service-jobs
۰۹۰۱۵۴۴۲۶۵۴,قم، توحید,qom,jobs,service-jobs
۰۹۱۲۷۵۴۳۱۰۱,قم، عمار یاسر,qom,jobs,service-jobs
۰۹۱۹۱۹۵۱۴۹۱,قم، بنیاد,qom,jobs,service-jobs
۰۹۹۱۹۴۴۵۸۰۰,قم، امام,qom,jobs,service-jobs
۰۹۳۹۳۹۸۲۴۱۴,قم، امام,qom,jobs,service-jobs
۰۹۳۷۸۸۵۷۲۴۳,قم، امام,qom,jobs,service-jobs
۰۹۱۹۹۷۰۵۹۴۹,قم، باجک (۱۹ دی),qom,jobs,service-jobs
۰۹۹۰۳۰۲۸۱۷۴,قم، دانیال,qom,jobs,service-jobs
۰۹۱۲۷۵۹۹۰۳۹,قم، صفاشهر,qom,jobs,service-jobs
۰۹۱۲۵۵۱۴۸۶۳,قم، زنبیل‌آباد (شهید صدوقی),qom,jobs,service-jobs
۰۹۱۲۷۴۹۸۹۵۶,قم، آذر,qom,jobs,service-jobs
۰۹۳۸۴۶۶۶۵۲۶,قم، صفائیه,qom,jobs,service-jobs
۰۹۱۲۷۴۸۷۴۰۰,قم، آذر,qom,jobs,service-jobs
۰۹۱۲۳۵۳۴۴۸۶,قم، زنبیل‌آباد (شهید صدوقی),qom,jobs,service-jobs
۰۹۱۹۳۵۳۷۷۸۰,قم، توحید,qom,jobs,service-jobs
۰۹۱۹۲۵۲۶۵۷۰,قم، زنبیل‌آباد (شهید صدوقی),qom,jobs,service-jobs
۰۹۱۲۴۵۱۴۷۳۲,قم، باجک (۱۹ دی),qom,jobs,service-jobs
۰۹۱۲۷۵۴۱۳۹۳,قم، آذر,qom,jobs,service-jobs
۰۹۱۲۱۵۱۹۷۴۷,قم، زنبیل‌آباد (شهید صدوقی),qom,jobs,service-jobs
۰۹۱۳۲۰۶۱۴۰۷,قم، حرم,qom,jobs,service-jobs
۰۹۱۲۱۵۱۹۷۴۷,قم، زنبیل‌آباد (شهید صدوقی),qom,jobs,service-jobs
۰۹۱۰۷۷۴۹۶۵۹,قم، توحید,qom,jobs,service-jobs
۰۹۳۶۵۸۸۹۰۶۱,قم، هفت تیر,qom,jobs,service-jobs
۰۹۳۸۱۵۵۱۷۶۷,قم، امامزاده ابراهیم,qom,jobs,service-jobs
۰۹۱۲۷۵۱۷۷۸۵,قم، امام,qom,jobs,service-jobs
۰۹۰۲۵۹۵۶۶۵۴,قم، زنبیل‌آباد (شهید صدوقی),qom,jobs,service-jobs
۰۹۱۲۷۵۹۳۲۸۸,قم، هنرستان,qom,jobs,service-jobs
۰۹۳۶۳۸۰۶۴۵۲,قم، آزادگان,qom,jobs,service-jobs
۰۹۱۲۱۵۱۹۶۳۱,قم، بلوار ۱۵ خرداد,qom,jobs,service-jobs
۰۹۱۰۰۱۱۴۵۸۸,قم، پردیسان,qom,jobs,service-jobs
۰۹۱۹۵۱۵۲۱۲۵,قم، کلهری,qom,jobs,service-jobs
۰۹۳۳۰۶۳۹۲۳۳,قم، بنیاد,qom,jobs,service-jobs
۰۹۱۲۳۵۳۳۰۰۰,قم، بلوار امین,qom,jobs,service-jobs
۰۹۳۹۱۵۴۴۴۸۵,قم، شهرک قدس,qom,jobs,service-jobs
۰۹۱۲۰۶۹۶۴۳۴,قم، حرم,qom,jobs,service-jobs
۰۹۱۰۶۵۳۳۸۶۳,قم، آزادگان,qom,jobs,service-jobs
۰۹۱۲۳۷۸۷۶۱۲,قم، بنیاد,qom,jobs,service-jobs
۰۹۱۲۷۵۲۷۱۰۱,قم، شهرک قدس,qom,jobs,service-jobs
۰۹۱۲۵۵۱۱۴۲۰,قم، انقلاب (چهارمردان),qom,jobs,service-jobs
۰۹۱۲۴۵۱۹۸۷۲,قم، بلوار امین,qom,jobs,service-jobs
۰۹۱۲۶۵۱۲۷۰۹,قم، شهرک قدس,qom,jobs,service-jobs
۰۹۱۲۵۵۱۵۶۳۳,قم، شهرک قدس,qom,jobs,service-jobs
۰۹۳۳۸۹۸۴۳۲۵,قم، باجک (۱۹ دی),qom,jobs,service-jobs
۰۹۱۲۸۵۱۱۵۱۱,قم، امام,qom,jobs,service-jobs
۰۹۱۰۹۷۰۱۴۰۰,قم، توحید,qom,jobs,service-jobs
۰۹۱۹۵۸۷۵۷۳۵,قم، شهرک قدس,qom,jobs,service-jobs
۰۹۱۰۹۴۸۱۷۰۰,قم، پردیسان,qom,jobs,service-jobs
۰۹۱۰۹۴۸۱۷۰۰,قم، پردیسان,qom,jobs,service-jobs
۰۹۳۷۴۰۴۲۵۹۹,قم، باجک (۱۹ دی),qom,jobs,service-jobs
۰۹۱۲۲۱۲۸۸۲۵,قم، شهرک قدس,qom,jobs,service-jobs
۰۹۱۲۸۵۱۶۸۷۳,قم، زنبیل‌آباد (شهید صدوقی),qom,jobs,service-jobs
۰۹۱۲۷۵۲۷۴۸۴,قم، زنبیل‌آباد (شهید صدوقی),qom,jobs,service-jobs
۰۹۱۹۸۵۱۷۹۱۶,قم، سالاریه,qom,jobs,service-jobs
۰۹۱۰۵۸۶۵۰۳۰,قم، باجک (۱۹ دی),qom,jobs,service-jobs
۰۹۱۹۴۵۱۷۱۱۹,قم، جمهوری,qom,jobs,service-jobs
۰۹۰۱۹۹۳۰۸۸۲,قم، بلوار امین,qom,jobs,service-jobs
۰۹۳۷۵۸۲۵۲۰۳,قم، بنیاد,qom,jobs,service-jobs
۰۹۲۱۴۳۰۹۲۶۱,قم، عمار یاسر,qom,jobs,service-jobs
۰۹۱۲۷۵۷۳۴۳۶,قم، شهرک قدس,qom,jobs,service-jobs
۰۹۱۲۰۷۷۳۲۹۱,قم، آزادگان,qom,jobs,service-jobs
۰۹۱۲۲۵۱۰۹۳۲,قم، پردیسان,qom,jobs,service-jobs
۰۹۱۰۰۱۲۳۰۰۲,قم، زنبیل‌آباد (شهید صدوقی),qom,jobs,service-jobs
۰۹۱۹۸۶۷۳۶۴۲,قم، انصار‌الحسین,qom,jobs,service-jobs
۰۹۳۸۲۲۰۵۳۰۴,قم، بلوار امین,qom,jobs,service-jobs
۰۹۱۹۸۴۴۷۰۹۰,قم، آذر,qom,jobs,service-jobs
۰۹۹۱۹۴۵۱۶۶۳,قم، باجک (۱۹ دی),qom,jobs,service-jobs
۰۹۰۳۱۵۱۳۳۴۴,قم، بلوار امین,qom,jobs,service-jobs
۰۹۱۲۶۵۲۷۳۲۷,قم، کلهری,qom,jobs,service-jobs
۰۹۱۹۸۵۱۵۴۲۱,قم، زنبیل‌آباد (شهید صدوقی),qom,jobs,service-jobs
(پنهان‌شده؛ چت کنید),قم، توحید,qom,jobs,it-computer-jobs
۰۹۱۲۷۵۱۶۸۷۸,قم، زنبیل‌آباد (شهید صدوقی),qom,jobs,it-computer-jobs
۰۹۱۹۱۵۱۱۶۷۲,قم، بلوار امین,qom,jobs,it-computer-jobs
۰۹۰۲۲۳۴۳۳۷۷,قم، مدرس,qom,jobs,it-computer-jobs
۰۹۱۲۲۵۲۵۷۳۱,قم، زنبیل‌آباد (شهید صدوقی),qom,jobs,it-computer-jobs
۰۹۱۲۶۵۲۶۲۲۵,قم، صفائیه,qom,jobs,it-computer-jobs
۰۹۳۳۶۵۱۰۷۱۰,قم، حرم,qom,jobs,it-computer-jobs
۰۹۱۰۷۷۱۰۷۸۲,قم، توحید,qom,jobs,it-computer-jobs
۰۹۱۹۱۴۷۹۴۵۹,قم، بلوار امین,qom,jobs,it-computer-jobs
۰۹۳۵۳۳۷۲۰۸۲,قم، توحید,qom,jobs,it-computer-jobs
۰۹۱۲۱۵۳۱۲۶۰,قم، بلوار امین,qom,jobs,it-computer-jobs
۰۹۱۲۳۵۳۳۹۶۷,قم، کلهری,qom,jobs,it-computer-jobs
۰۹۱۲۵۵۲۱۷۱۲,قم، بلوار امین,qom,jobs,it-computer-jobs
۰۹۱۰۰۵۸۷۳۸۰,قم، توحید,qom,jobs,it-computer-jobs
۰۹۲۰۲۰۲۵۳۰۰,قم، حرم,qom,jobs,it-computer-jobs
۰۹۱۹۵۴۱۷۵۸۶,قم، جمهوری,qom,jobs,it-computer-jobs
۰۹۰۱۴۱۴۱۱۴۶,قم، صفائیه,qom,jobs,it-computer-jobs
۰۹۱۹۱۵۱۱۶۷۲,قم، بلوار امین,qom,jobs,it-computer-jobs
۰۹۱۲۷۴۶۰۷۲۷,قم، بلوار ۱۵ خرداد,qom,jobs,it-computer-jobs
۰۹۲۲۹۱۷۷۰۱۵,قم، عطاران,qom,jobs,it-computer-jobs
۰۹۱۹۰۶۱۷۶۹۴,قم، جمهوری,qom,jobs,it-computer-jobs
۰۹۰۲۷۴۵۶۴۶۷,قم، عمار یاسر,qom,jobs,it-computer-jobs
۰۹۳۳۵۳۶۳۵۴۰,قم، جمهوری,qom,jobs,it-computer-jobs
۰۹۱۲۸۷۹۰۱۷۰,قم، شهرک قدس,qom,jobs,it-computer-jobs
۰۹۱۲۲۵۲۴۳۵۷,قم، زنبیل‌آباد (شهید صدوقی),qom,jobs,it-computer-jobs
۰۹۱۲۳۷۶۱۱۴۱,قم، امام,qom,jobs,it-computer-jobs
۰۹۳۰۷۹۴۸۲۸۲,قم، هفت تیر,qom,jobs,it-computer-jobs
۰۹۱۹۳۵۹۴۶۰۳,قم، صفائیه,qom,jobs,it-computer-jobs
۰۹۱۹۱۴۷۱۴۱۶,قم، بلوار امین,qom,jobs,it-computer-jobs
۰۹۹۰۶۱۶۱۵۷۵,قم، جمهوری,qom,jobs,it-computer-jobs
۰۹۱۹۳۵۸۰۶۶۸,قم، هفت تیر,qom,jobs,it-computer-jobs
۰۹۱۲۱۰۵۹۲۵۱,قم، بلوار امین,qom,jobs,it-computer-jobs
۰۹۱۲۵۷۵۲۵۶۶,قم، عمار یاسر,qom,jobs,it-computer-jobs
۰۹۳۳۴۴۹۰۴۷۷,قم، عطاران,qom,jobs,it-computer-jobs
۰۹۳۳۶۴۷۰۸۲۸,قم، صفائیه,qom,jobs,it-computer-jobs
۰۹۱۹۷۴۶۲۶۱۷,قم، صفائیه,qom,jobs,it-computer-jobs
۰۹۱۲۴۵۲۴۵۲۴,قم، پردیسان,qom,jobs,it-computer-jobs
۰۹۱۲۰۱۴۰۸۵۹,قم، شهرک قدس,qom,jobs,it-computer-jobs
۰۹۳۶۲۵۴۴۲۸۴,قم، بلوار امین,qom,jobs,it-computer-jobs
۰۹۰۳۲۵۹۰۷۲۷,قم، باجک (۱۹ دی),qom,jobs,it-computer-jobs
۰۹۰۲۱۲۳۳۰۴۰,قم، پلیس,qom,jobs,it-computer-jobs
۰۹۱۲۳۵۱۴۷۵۷,قم، صفائیه,qom,jobs,it-computer-jobs
۰۹۳۶۱۶۹۷۲۵۱,قم، بنیاد,qom,jobs,it-computer-jobs
۰۹۰۱۶۲۲۶۱۹۲,قم، حرم,qom,jobs,it-computer-jobs
۰۹۱۲۰۶۰۹۹۶۱,قم، باجک (۱۹ دی),qom,jobs,it-computer-jobs
۰۹۳۶۹۶۳۲۹۹۵,قم، بلوار امین,qom,jobs,it-computer-jobs
۰۹۱۲۸۷۹۰۱۷۰,قم، شهرک قدس,qom,jobs,it-computer-jobs
۰۹۱۹۱۹۶۳۶۸۴,قم، انقلاب (چهارمردان),qom,jobs,it-computer-jobs
۰۹۳۵۷۹۷۳۳۰۱,قم، پردیسان,qom,jobs,it-computer-jobs
۰۹۱۲۰۲۱۹۹۱۰,قم، امامزاده ابراهیم,qom,jobs,it-computer-jobs
۰۹۱۹۷۴۵۴۴۹۰,قم، زنبیل‌آباد (شهید صدوقی),qom,jobs,it-computer-jobs
۰۹۱۹۱۵۳۶۴۰۳,قم، بلوار ۱۵ خرداد,qom,jobs,finance-legal-jobs
۰۹۳۳۳۶۱۰۴۹۲,قم، سالاریه,qom,jobs,finance-legal-jobs
۰۹۱۲۲۵۳۴۰۶۴,قم، توحید,qom,jobs,finance-legal-jobs
۰۹۰۳۶۷۵۰۳۱۶,قم، بلوار ۱۵ خرداد,qom,jobs,finance-legal-jobs
(پنهان‌شده؛ چت کنید),قم، بنیاد,qom,jobs,finance-legal-jobs
۰۹۳۳۶۷۱۳۹۳۴,قم، حرم,qom,jobs,finance-legal-jobs
۰۹۳۰۳۰۹۰۷۹۳,قم، امام,qom,jobs,finance-legal-jobs
۰۹۳۳۶۵۱۰۷۱۰,قم، حرم,qom,jobs,finance-legal-jobs
۰۹۱۲۶۵۱۰۹۲۹,قم، آزادگان,qom,jobs,finance-legal-jobs
۰۹۳۹۵۸۳۷۳۷۰,قم، امام,qom,jobs,finance-legal-jobs
۰۹۱۹۷۴۵۱۳۹۸,قم، توحید,qom,jobs,finance-legal-jobs
۰۹۱۰۹۰۶۸۶۹۲,قم، پردیسان,qom,jobs,finance-legal-jobs
۰۹۱۹۷۱۳۰۱۰۶,قم، حرم,qom,jobs,finance-legal-jobs
۰۹۱۲۷۴۹۴۸۹۴,قم، عطاران,qom,jobs,finance-legal-jobs
۰۹۱۰۰۸۰۲۴۹۱,قم، صفائیه,qom,jobs,finance-legal-jobs
۰۹۹۰۳۳۵۱۲۲۷,قم، شهرک قدس,qom,jobs,finance-legal-jobs
۰۹۱۹۰۶۵۱۷۵۴,قم، هفت تیر,qom,jobs,finance-legal-jobs
۰۹۱۲۷۵۳۴۷۰۱,قم، باجک (۱۹ دی),qom,jobs,finance-legal-jobs
۰۹۱۲۳۵۳۰۶۷۲,قم، کلهری,qom,jobs,finance-legal-jobs
۰۹۳۰۶۵۸۱۶۶۵,قم، آزادگان,qom,jobs,finance-legal-jobs
۰۹۱۰۲۸۲۵۹۹۰,قم، امام,qom,jobs,finance-legal-jobs
۰۹۳۳۳۵۳۰۸۲۳,قم، صفائیه,qom,jobs,finance-legal-jobs
۰۹۱۲۰۷۷۶۰۰۷,قم، صفائیه,qom,jobs,finance-legal-jobs
۰۹۱۲۰۹۵۲۰۰۳,قم، توحید,qom,jobs,finance-legal-jobs
۰۹۳۰۸۷۰۸۴۲۱,قم، پیام نور,qom,jobs,finance-legal-jobs
۰۹۱۲۰۹۵۲۰۰۳,قم، توحید,qom,jobs,finance-legal-jobs
۰۹۱۲۴۵۲۷۴۹۰,قم، زنبیل‌آباد (شهید صدوقی),qom,jobs,finance-legal-jobs
۰۹۳۹۲۵۰۸۶۶۶,قم، امام,qom,jobs,finance-legal-jobs
۰۹۱۲۸۵۱۰۱۶۴,قم، صفائیه,qom,jobs,finance-legal-jobs
۰۹۱۹۹۵۷۸۵۳۴,قم، توحید,qom,jobs,finance-legal-jobs
۰۹۱۲۱۵۱۲۳۸۰,قم، عطاران,qom,jobs,finance-legal-jobs
۰۹۱۲۰۹۸۲۹۰۹,قم، هفت تیر,qom,jobs,finance-legal-jobs
۰۹۳۰۱۱۰۵۹۷۶,قم، عطاران,qom,jobs,finance-legal-jobs
۰۹۱۲۷۴۶۱۰۲۴,قم، پردیسان,qom,jobs,finance-legal-jobs
۰۹۳۹۲۵۳۶۱۱۹,قم، زنبیل‌آباد (شهید صدوقی),qom,jobs,finance-legal-jobs
۰۹۲۲۷۴۳۵۵۸۷,قم، بلوار ۱۵ خرداد,qom,jobs,finance-legal-jobs
۰۹۱۹۵۸۸۷۳۱۸,قم، توحید,qom,jobs,finance-legal-jobs
۰۹۱۲۷۵۲۱۵۴۹,قم، امام,qom,jobs,finance-legal-jobs
۰۹۱۲۰۶۹۲۷۰۵,قم، بلوار امین,qom,jobs,finance-legal-jobs
۰۹۹۱۹۰۰۸۷۶۸,قم، صفائیه,qom,jobs,finance-legal-jobs
۰۹۹۱۰۲۸۶۷۳۳,قم، آذر,qom,jobs,finance-legal-jobs
۰۹۳۶۸۱۵۵۶۵۶,قم، انقلاب (چهارمردان),qom,jobs,finance-legal-jobs
۰۹۱۲۱۵۱۷۸۹۵,قم، پردیسان,qom,jobs,finance-legal-jobs
۰۹۳۵۳۱۲۷۸۳۲,قم، آزادگان,qom,jobs,finance-legal-jobs
۰۹۱۰۰۱۲۴۰۰۹,قم، توحید,qom,jobs,finance-legal-jobs
۰۹۱۲۲۵۲۱۲۳۶,قم، مدرس,qom,jobs,finance-legal-jobs
۰۹۱۰۰۱۲۱۳۰۶,قم، زنبیل‌آباد (شهید صدوقی),qom,jobs,finance-legal-jobs
۰۹۱۰۰۱۲۱۳۰۶,قم، زنبیل‌آباد (شهید صدوقی),qom,jobs,finance-legal-jobs
۰۹۲۱۱۰۲۵۷۱۵,قم، انقلاب (چهارمردان),qom,jobs,finance-legal-jobs
۰۹۱۲۰۲۶۸۵۵۳,قم، توحید,qom,jobs,finance-legal-jobs
۰۹۱۲۴۵۱۶۸۸۳,قم، صفاشهر,qom,jobs,finance-legal-jobs
۰۹۱۹۳۵۷۰۷۵۳,قم، امام,qom,jobs,finance-legal-jobs
۰۹۳۶۱۶۴۱۳۳۴,قم، زنبیل‌آباد (شهید صدوقی),qom,jobs,finance-legal-jobs
۰۹۳۵۴۵۱۸۷۲۵,قم، زنبیل‌آباد (شهید صدوقی),qom,jobs,finance-legal-jobs
۰۹۱۲۴۵۱۸۵۴۶,قم، بلوار امین,qom,jobs,finance-legal-jobs
۰۹۱۰۲۸۲۰۲۰۰,قم، امام,qom,jobs,finance-legal-jobs
۰۹۱۹۸۶۹۰۶۹۴,قم، حرم,qom,jobs,finance-legal-jobs
۰۹۳۹۶۱۱۷۴۰۰,قم، امام,qom,jobs,finance-legal-jobs
۰۹۱۲۱۵۱۴۸۱۱,قم، توحید,qom,jobs,finance-legal-jobs
۰۹۳۶۹۶۶۱۳۹۰,قم، حرم,qom,jobs,finance-legal-jobs
۰۹۱۲۴۵۱۵۸۵۴,قم، شهرک قدس,qom,jobs,finance-legal-jobs
۰۹۱۹۲۵۲۷۳۰۳,قم، امام,qom,jobs,finance-legal-jobs
۰۹۳۸۸۶۱۶۹۷۲,قم، انسجام,qom,jobs,finance-legal-jobs
۰۹۳۸۷۰۴۸۷۵۵,قم، امامزاده ابراهیم,qom,jobs,finance-legal-jobs
۰۹۱۳۵۷۵۵۸۷۹,قم، زنبیل‌آباد (شهید صدوقی),qom,jobs,finance-legal-jobs
۰۹۱۲۵۰۱۲۱۳۷,قم، جمهوری,qom,jobs,finance-legal-jobs
۰۹۱۲۶۵۲۷۶۹۵,قم، امام,qom,jobs,finance-legal-jobs
۰۹۱۹۰۴۹۵۶۴۶,قم، دورشهر,qom,jobs,finance-legal-jobs
۰۹۱۲۹۵۴۰۸۴۸,قم، جمهوری,qom,jobs,finance-legal-jobs
۰۹۳۸۵۲۲۷۹۰۹,قم، زنبیل‌آباد (شهید صدوقی),qom,jobs,finance-legal-jobs
۰۹۳۷۸۱۵۸۳۹۳,قم، صفائیه,qom,jobs,finance-legal-jobs
۰۹۱۶۸۰۸۰۴۳۶,قم، امام,qom,jobs,finance-legal-jobs
۰۹۹۰۵۵۷۵۲۸۷,قم، پلیس,qom,jobs,finance-legal-jobs
۰۹۳۳۵۱۵۱۳۷۹,قم، امام,qom,jobs,finance-legal-jobs
۰۹۳۹۱۲۱۸۰۷۸,قم، بلوار امین,qom,jobs,finance-legal-jobs
۰۹۳۳۴۵۴۸۰۰۴,قم، دورشهر,qom,jobs,finance-legal-jobs
۰۹۱۹۲۵۲۳۵۷۳,قم، آزادگان,qom,jobs,marketing-jobs
۰۹۱۲۲۵۱۴۹۳۵,قم، پردیسان,qom,jobs,marketing-jobs
۰۹۱۲۸۵۱۸۰۳۲,قم، بلوار امین,qom,jobs,marketing-jobs
۰۹۱۹۵۴۲۱۵۶۶,قم، عمار یاسر,qom,jobs,marketing-jobs
۰۹۱۹۹۸۵۰۱۷۹,قم، توحید,qom,jobs,marketing-jobs
۰۹۳۵۴۳۰۲۸۴۶,قم، امامزاده ابراهیم,qom,jobs,marketing-jobs
۰۹۱۲۸۵۳۵۰۶۱,قم، باجک (۱۹ دی),qom,jobs,marketing-jobs
(پنهان‌شده؛ چت کنید),قم، عمار یاسر,qom,jobs,marketing-jobs
(پنهان‌شده؛ چت کنید),قم، عمار یاسر,qom,jobs,marketing-jobs
۰۹۰۳۳۳۳۶۳۷۷,قم، جمهوری,qom,jobs,marketing-jobs
۰۹۳۹۳۴۳۷۷۶۵,قم، بلوار امین,qom,jobs,marketing-jobs
۰۹۱۲۷۵۰۱۹۸۸,قم، زنبیل‌آباد (شهید صدوقی),qom,jobs,marketing-jobs
۰۹۱۲۴۵۲۲۸۱۵,قم، پلیس,qom,jobs,marketing-jobs
۰۹۱۹۲۵۲۶۵۳۸,قم، زنبیل‌آباد (شهید صدوقی),qom,jobs,marketing-jobs
۰۹۱۲۹۴۸۷۷۳۱,قم، انصار‌الحسین,qom,jobs,marketing-jobs
(پنهان‌شده؛ چت کنید),قم، امام,qom,jobs,marketing-jobs
۰۹۱۲۰۷۷۴۷۷۹,قم، شهرک قدس,qom,jobs,marketing-jobs
۰۹۱۲۱۵۳۳۸۸۶,قم، زنبیل‌آباد (شهید صدوقی),qom,jobs,marketing-jobs
(پنهان‌شده؛ چت کنید),قم، عطاران,qom,jobs,marketing-jobs
۰۹۱۲۲۵۳۸۹۵۹,قم، آذر,qom,jobs,marketing-jobs
