۰۹۱۸۲۱۰۱۸۲۸,قروه,qorveh,jobs,administrative-jobs
۰۹۳۸۹۲۵۲۶۳۹,قروه,qorveh,jobs,janitorial-jobs
۰۹۳۶۱۲۸۶۸۸۲,قروه,qorveh,jobs,technical-jobs
۰۹۱۸۴۴۸۲۴۹۱,قروه,qorveh,jobs,transport-delivery-jobs
۰۹۱۸۷۰۲۹۸۸۱,قروه,qorveh,real-estate,buy-residential
۰۹۳۹۴۴۵۹۰۹۵,قروه,qorveh,real-estate,buy-residential
۰۹۱۸۲۸۳۸۱۵۷,قروه,qorveh,real-estate,buy-residential
۰۹۱۸۸۷۳۹۱۲۰,قروه,qorveh,real-estate,buy-residential
۰۹۱۸۳۷۸۷۹۵۵,قروه,qorveh,real-estate,buy-residential
۰۹۱۸۴۱۶۱۹۳۵,قروه,qorveh,real-estate,buy-residential
۰۹۱۸۵۵۷۲۵۷۷,قروه,qorveh,real-estate,buy-residential
۰۹۱۸۳۷۰۹۶۸۹,قروه,qorveh,real-estate,buy-residential
۰۹۱۰۲۴۴۱۲۶۸,قروه,qorveh,real-estate,buy-residential
۰۹۳۷۲۱۵۶۱۱۳,قروه,qorveh,real-estate,buy-residential
۰۹۳۳۸۳۹۱۸۹۹,قروه,qorveh,real-estate,buy-residential
۰۹۱۸۰۵۲۹۲۲۸,قروه,qorveh,real-estate,buy-residential
۰۹۲۲۱۸۴۰۴۸۹,قروه,qorveh,real-estate,buy-residential
۰۹۱۸۹۹۸۶۵۴۹,قروه,qorveh,real-estate,buy-residential
۰۹۱۰۵۴۲۹۲۵۵,قروه,qorveh,real-estate,buy-residential
۰۹۱۲۴۴۷۶۲۳۸,قروه,qorveh,real-estate,buy-residential
۰۹۱۸۹۸۰۸۵۵۴,قروه,qorveh,real-estate,buy-residential
۰۹۱۸۱۷۰۶۶۵۸,قروه,qorveh,real-estate,buy-residential
۰۹۱۸۳۷۰۸۱۴۲,قروه,qorveh,real-estate,buy-residential
۰۹۱۸۹۹۸۶۵۴۹,قروه,qorveh,real-estate,buy-residential
۰۹۱۸۹۹۸۶۵۴۹,قروه,qorveh,real-estate,buy-residential
۰۹۰۱۰۸۱۰۹۲۲,قروه,qorveh,real-estate,buy-residential
۰۹۳۵۸۴۸۰۹۲۴,قروه,qorveh,real-estate,buy-residential
۰۹۳۸۴۵۸۴۸۴۷,قروه,qorveh,real-estate,buy-residential
۰۹۱۸۶۵۶۶۷۲۳,قروه,qorveh,real-estate,buy-residential
۰۹۱۲۰۳۶۷۶۳۲,قروه,qorveh,real-estate,buy-residential
۰۹۳۷۸۵۰۵۱۵۱,قروه,qorveh,real-estate,buy-residential
۰۹۰۱۰۸۱۰۹۲۲,قروه,qorveh,real-estate,buy-residential
۰۹۰۲۸۰۵۹۶۷۴,قروه,qorveh,real-estate,buy-residential
۰۹۰۳۵۴۳۱۴۲۴,قروه,qorveh,real-estate,buy-residential
۰۹۱۹۶۰۳۷۲۵۷,قروه,qorveh,real-estate,buy-residential
۰۹۳۰۶۷۲۵۳۸۹,قروه,qorveh,real-estate,buy-residential
۰۹۳۹۰۸۰۱۵۷۲,قروه,qorveh,real-estate,buy-residential
۰۹۳۹۴۳۱۰۲۰۹,قروه,qorveh,real-estate,buy-residential
۰۹۱۸۶۶۹۳۳۴۵,قروه,qorveh,real-estate,buy-residential
۰۹۱۸۶۵۶۶۷۲۳,قروه,qorveh,real-estate,buy-residential
۰۹۰۳۶۰۲۵۶۲۰,قروه,qorveh,real-estate,buy-residential
۰۹۱۸۹۷۱۴۱۳۳,قروه,qorveh,real-estate,buy-residential
۰۹۹۲۱۳۵۴۳۷۴,قروه,qorveh,real-estate,buy-residential
۰۹۱۸۷۸۱۳۵۴۵,قروه,qorveh,real-estate,buy-residential
۰۹۱۸۶۵۵۵۱۶۸,قروه,qorveh,real-estate,buy-residential
۰۹۱۸۳۷۰۷۲۹۱,قروه,qorveh,real-estate,buy-residential
۰۹۱۸۸۷۳۱۲۹۶,قروه,qorveh,real-estate,buy-residential
۰۹۳۰۸۶۰۸۹۷۱,قروه,qorveh,real-estate,buy-residential
۰۹۱۸۹۹۸۶۵۴۹,قروه,qorveh,real-estate,buy-residential
۰۹۱۸۹۷۰۵۳۰۱,قروه,qorveh,real-estate,buy-residential
۰۹۱۸۵۲۰۰۳۹۹,قروه,qorveh,real-estate,buy-residential
۰۹۰۱۷۷۲۷۱۸۲,قروه,qorveh,real-estate,buy-residential
۰۹۱۲۶۵۴۰۱۵۹,قروه,qorveh,real-estate,buy-residential
۰۹۱۹۹۶۹۵۵۷۴,قروه,qorveh,real-estate,buy-residential
۰۹۰۲۸۰۵۹۶۷۴,قروه,qorveh,real-estate,buy-residential
۰۹۳۹۳۲۸۵۹۸۷,قروه,qorveh,real-estate,buy-residential
۰۹۳۰۰۲۳۷۴۳۴,قروه,qorveh,real-estate,buy-residential
۰۹۱۸۱۷۳۱۴۴۳,قروه,qorveh,real-estate,buy-residential
۰۹۱۸۳۷۰۶۱۹۸,قروه,qorveh,real-estate,buy-residential
۰۹۳۶۷۵۳۷۷۰۲,قروه,qorveh,real-estate,buy-residential
۰۹۰۳۵۰۸۹۶۷۳,قروه,qorveh,real-estate,buy-residential
۰۹۱۸۸۷۳۱۴۱۱,قروه,qorveh,real-estate,buy-residential
۰۹۱۸۷۸۱۲۲۸۰,قروه,qorveh,real-estate,buy-residential
۰۹۱۸۹۹۸۶۵۴۹,قروه,qorveh,real-estate,buy-residential
۰۹۱۱۸۰۳۶۳۱۳,قروه,qorveh,real-estate,buy-residential
۰۹۱۸۷۱۷۲۵۸۱,قروه,qorveh,real-estate,buy-residential
۰۹۱۸۶۷۰۶۸۶۴,قروه,qorveh,real-estate,buy-residential
۰۹۱۸۳۷۱۸۹۳۴,قروه,qorveh,real-estate,buy-residential
۰۹۳۰۴۷۹۲۶۹۰,قروه,qorveh,real-estate,buy-residential
۰۹۱۸۳۷۰۸۵۶۴,قروه,qorveh,real-estate,buy-residential
۰۹۱۸۹۸۲۳۳۸۰,قروه,qorveh,real-estate,buy-residential
۰۹۹۰۵۲۲۴۱۶۶,قروه,qorveh,real-estate,rent-residential
۰۹۱۸۴۵۰۵۶۵۰,قروه,qorveh,real-estate,rent-residential
۰۹۱۸۹۸۳۹۱۷۳,قروه,qorveh,real-estate,rent-residential
۰۹۳۸۸۰۸۰۸۷۵,قروه,qorveh,real-estate,rent-residential
۰۹۳۶۱۴۷۵۰۹۳,قروه,qorveh,real-estate,rent-residential
۰۹۹۰۲۲۸۰۳۴۶,قروه,qorveh,real-estate,rent-residential
۰۹۱۸۹۷۰۵۳۰۱,قروه,qorveh,real-estate,rent-residential
۰۹۱۸۶۹۰۰۰۲۴,قروه,qorveh,real-estate,rent-residential
۰۹۱۸۷۸۰۷۶۴۳,قروه,qorveh,real-estate,rent-residential
۰۹۱۸۹۷۰۵۳۰۱,قروه,qorveh,real-estate,rent-residential
۰۹۹۲۲۱۵۳۳۶۵,قروه,qorveh,real-estate,rent-residential
۰۹۱۲۰۷۲۹۸۱۳,قروه,qorveh,real-estate,rent-residential
۰۹۱۲۶۳۸۱۶۲۶,قروه,qorveh,real-estate,rent-residential
۰۹۱۸۸۷۱۴۴۱۶,قروه,qorveh,real-estate,rent-residential
۰۹۳۰۲۳۱۷۳۰۷,قروه,qorveh,real-estate,rent-residential
۰۹۱۸۹۷۳۲۴۳۸,قروه,qorveh,real-estate,rent-residential
۰۹۱۸۹۷۰۵۲۰۹,قروه,qorveh,real-estate,rent-residential
۰۹۰۳۹۵۸۳۶۴۰,قروه,qorveh,real-estate,rent-residential
۰۹۲۱۲۵۵۰۸۹۰,قروه,qorveh,real-estate,rent-residential
۰۹۱۸۲۰۷۱۹۴۴,قروه,qorveh,real-estate,rent-residential
۰۹۳۸۹۰۲۹۷۵۷,قروه,qorveh,real-estate,rent-residential
۰۹۳۹۰۷۹۰۳۰۹,قروه,qorveh,real-estate,rent-residential
۰۹۳۹۹۴۶۱۲۹۴,قروه,qorveh,real-estate,rent-residential
۰۹۱۸۴۴۹۰۹۵۱,قروه,qorveh,real-estate,rent-residential
۰۹۱۸۵۲۱۱۳۳۸,قروه,qorveh,real-estate,rent-residential
۰۹۱۸۶۴۶۳۶۱۸,قروه,qorveh,real-estate,rent-residential
۰۹۱۸۴۴۸۵۷۷۱,قروه,qorveh,real-estate,rent-residential
۰۹۱۹۹۱۳۰۱۹۲,قروه,qorveh,real-estate,rent-residential
۰۹۱۸۳۷۰۹۷۲۳,قروه,qorveh,real-estate,rent-residential
۰۹۲۱۷۷۵۲۱۲۰,قروه,qorveh,real-estate,rent-residential
۰۹۱۸۷۸۷۰۶۶۱,قروه,qorveh,real-estate,rent-residential
۰۹۳۹۳۴۷۰۰۹۸,قروه,qorveh,real-estate,rent-residential
۰۹۱۸۴۵۵۹۱۴۶,قروه,qorveh,real-estate,rent-residential
۰۹۰۱۶۶۳۲۴۴۹,قروه,qorveh,real-estate,buy-commercial-property
۰۹۱۲۲۷۷۸۸۷۴,قروه,qorveh,real-estate,buy-commercial-property
۰۹۱۸۸۷۲۷۲۳۱,قروه,qorveh,real-estate,buy-commercial-property
۰۹۱۸۳۱۴۸۱۷۸,قروه,qorveh,real-estate,buy-commercial-property
۰۹۱۸۶۷۰۶۸۶۴,قروه,qorveh,real-estate,buy-commercial-property
۰۹۱۹۹۳۰۲۱۵۰,قروه,qorveh,real-estate,buy-commercial-property
۰۹۱۸۶۷۰۶۸۶۴,قروه,qorveh,real-estate,buy-commercial-property
۰۹۱۸۳۷۰۷۳۳۵,قروه,qorveh,real-estate,buy-commercial-property
۰۹۱۴۱۵۱۲۴۲۴,قروه,qorveh,real-estate,buy-commercial-property
۰۹۳۳۱۳۲۱۵۱۶,قروه,qorveh,real-estate,buy-commercial-property
۰۹۳۶۳۴۹۳۵۷۱,قروه,qorveh,real-estate,buy-commercial-property
۰۹۳۵۸۶۷۰۲۰۰,قروه,qorveh,real-estate,buy-commercial-property
۰۹۱۸۶۴۵۳۴۱۶,قروه,qorveh,real-estate,buy-commercial-property
۰۹۱۸۸۷۷۸۶۳۳,قروه,qorveh,real-estate,buy-commercial-property
۰۹۳۵۹۲۴۰۱۷۱,قروه,qorveh,real-estate,buy-commercial-property
۰۹۱۸۷۸۱۱۳۰۸,قروه,qorveh,real-estate,buy-commercial-property
۰۹۱۸۲۹۸۱۰۴۴,قروه,qorveh,real-estate,buy-commercial-property
۰۹۱۸۳۷۷۹۱۵۴,قروه,qorveh,real-estate,buy-commercial-property
۰۹۳۳۸۶۲۵۴۵۸,قروه,qorveh,real-estate,buy-commercial-property
۰۹۰۳۸۲۰۵۹۲۷,قروه,qorveh,real-estate,buy-commercial-property
۰۹۱۸۴۵۱۶۳۶۵,قروه,qorveh,real-estate,buy-commercial-property
۰۹۱۸۳۷۲۴۵۰۲,قروه,qorveh,real-estate,buy-commercial-property
۰۹۲۲۰۰۷۳۵۲۹,قروه,qorveh,real-estate,buy-commercial-property
۰۹۳۰۶۵۴۱۷۰۷,قروه,qorveh,real-estate,buy-commercial-property
۰۹۳۷۵۵۳۱۱۶۰,قروه,qorveh,real-estate,buy-commercial-property
۰۹۳۸۳۷۹۳۳۴۵,قروه,qorveh,real-estate,buy-commercial-property
۰۹۱۹۵۶۹۲۶۲۸,قروه,qorveh,real-estate,rent-commercial-property
۰۹۳۵۶۰۰۱۳۰۶,قروه,qorveh,real-estate,rent-commercial-property
۰۹۰۱۴۲۴۵۱۲۰,قروه,qorveh,real-estate,rent-commercial-property
۰۹۱۲۳۹۳۰۵۸۴,قروه,qorveh,real-estate,rent-commercial-property
۰۹۱۲۶۳۵۱۳۳۴,قروه,qorveh,real-estate,rent-commercial-property
۰۹۳۵۲۸۲۲۱۰۱,قروه,qorveh,real-estate,rent-commercial-property
۰۹۱۸۴۴۹۰۹۵۱,قروه,qorveh,real-estate,rent-commercial-property
۰۹۳۷۱۵۷۷۴۷۱,قروه,qorveh,real-estate,rent-commercial-property
۰۹۱۸۸۷۳۱۳۹۳,قروه,qorveh,real-estate,rent-commercial-property
۰۹۱۸۸۱۱۰۱۸۰,قروه,qorveh,real-estate,rent-commercial-property
۰۹۳۷۵۶۸۶۳۹۲,قروه,qorveh,real-estate,rent-commercial-property
۰۹۳۰۹۴۶۲۴۲۱,قروه,qorveh,real-estate,rent-temporary
۰۹۳۸۲۹۷۵۲۵۱,قروه,qorveh,real-estate,real-estate-services
۰۹۱۹۱۳۸۰۱۷۸,قروه,qorveh,real-estate,real-estate-services
۰۹۱۲۶۰۹۳۶۸۷,قروه,qorveh,real-estate,real-estate-services
۰۹۱۲۰۲۶۳۹۷۵,قروه,qorveh,real-estate,real-estate-services
۰۹۱۸۳۷۹۴۸۲۴,قروه,qorveh,real-estate,real-estate-services
۰۹۱۸۶۴۵۱۷۴۴,قروه,qorveh,real-estate,real-estate-services
۰۹۱۸۸۷۷۸۷۷۲,قروه,qorveh,real-estate,real-estate-services
۰۹۱۸۴۶۰۵۰۵۷,قروه,qorveh,real-estate,real-estate-services
۰۹۳۸۹۲۱۰۴۹۹,قروه,qorveh,real-estate,real-estate-services
۰۹۳۸۹۲۱۰۴۹۹,قروه,qorveh,real-estate,real-estate-services
۰۹۰۱۲۷۳۲۵۱۷,قروه,qorveh,vehicles,auto
۰۹۱۸۴۸۷۷۴۵۰,قروه,qorveh,vehicles,auto
۰۹۱۸۹۸۱۵۰۲۸,قروه,qorveh,vehicles,auto
۰۹۳۹۴۵۴۲۰۸۴,قروه,qorveh,vehicles,auto
۰۹۱۸۲۴۹۷۳۱۷,قروه,qorveh,vehicles,auto
۰۹۱۸۸۷۸۴۸۲۷,قروه,qorveh,vehicles,auto
۰۹۱۸۵۰۱۶۴۴۰,قروه,qorveh,vehicles,auto
۰۹۳۵۳۲۸۰۵۳۱,قروه,qorveh,vehicles,auto
۰۹۳۳۱۶۴۶۱۶۳,قروه,qorveh,vehicles,auto
۰۹۳۷۱۳۶۱۰۷۷,قروه,qorveh,vehicles,auto
۰۹۱۸۰۵۲۶۲۲۱,قروه,qorveh,vehicles,auto
۰۹۱۸۳۷۰۷۰۷۳,قروه,qorveh,vehicles,auto
۰۹۱۸۸۷۷۲۵۶۹,قروه,qorveh,vehicles,auto
۰۹۱۸۰۶۱۲۴۹۵,قروه,qorveh,vehicles,auto
۰۹۱۸۴۰۴۱۸۱۰,قروه,qorveh,vehicles,auto
۰۹۱۸۵۰۵۷۸۷۵,قروه,qorveh,vehicles,auto
۰۹۳۸۴۵۸۴۸۴۷,قروه,qorveh,vehicles,auto
۰۹۳۸۵۳۷۵۸۸۴,قروه,qorveh,vehicles,auto
۰۹۱۸۳۸۳۱۳۵۱,قروه,qorveh,vehicles,auto
۰۹۳۶۹۲۸۸۳۲۶,قروه,qorveh,vehicles,auto
۰۹۱۸۸۷۳۰۴۵۱,قروه,qorveh,vehicles,auto
۰۹۰۱۴۸۸۶۳۸۰,قروه,qorveh,vehicles,auto
۰۹۹۰۶۸۶۵۹۱۷,قروه,qorveh,vehicles,auto
۰۹۰۳۹۴۲۱۳۶۱,قروه,qorveh,vehicles,auto
۰۹۳۶۸۶۳۲۵۱۲,قروه,qorveh,vehicles,auto
۰۹۱۸۹۹۹۳۹۱۶,قروه,qorveh,vehicles,auto
۰۹۱۸۳۱۵۱۸۵۱,قروه,qorveh,vehicles,auto
۰۹۳۶۴۵۰۹۳۹۳,قروه,qorveh,vehicles,auto
۰۹۳۷۱۵۲۸۳۱۱,قروه,qorveh,vehicles,auto
۰۹۳۳۳۰۵۸۶۰۷,قروه,qorveh,vehicles,auto
۰۹۱۸۴۰۴۱۸۱۰,قروه,qorveh,vehicles,auto
۰۹۳۹۰۲۲۴۱۹۲,قروه,qorveh,vehicles,auto
۰۹۳۰۳۲۳۷۲۶۱,قروه,qorveh,vehicles,auto
۰۹۱۸۸۷۳۵۹۳۳,قروه,qorveh,vehicles,auto
۰۹۱۲۸۹۵۴۳۴۰,قروه,qorveh,vehicles,auto
۰۹۰۲۲۹۳۵۰۲۴,قروه,qorveh,vehicles,auto
۰۹۳۸۹۵۴۷۷۶۰,قروه,qorveh,vehicles,auto
۰۹۱۶۷۸۹۴۲۸۸,قروه,qorveh,vehicles,auto
۰۹۱۶۷۸۹۴۲۸۸,قروه,qorveh,vehicles,auto
۰۹۱۸۱۷۰۶۶۰۲,قروه,qorveh,vehicles,auto
۰۹۳۷۱۵۵۹۲۲۰,قروه,qorveh,vehicles,auto
۰۹۱۸۵۳۸۹۵۵۸,قروه,qorveh,vehicles,auto
۰۹۳۸۰۵۳۴۹۳۹,قروه,qorveh,vehicles,auto
۰۹۲۱۲۹۳۵۰۲۴,قروه,qorveh,vehicles,auto
۰۹۱۸۶۶۱۹۹۷۹,قروه,qorveh,vehicles,auto
۰۹۳۸۴۵۸۴۸۴۷,قروه,qorveh,vehicles,auto
۰۹۱۸۶۵۷۱۶۵۵,قروه,qorveh,vehicles,auto
۰۹۱۸۹۸۳۹۸۰۹,قروه,qorveh,vehicles,auto
۰۹۱۸۹۸۳۹۸۰۹,قروه,qorveh,vehicles,auto
۰۹۱۸۴۷۳۲۰۵۷,قروه,qorveh,vehicles,auto
۰۹۳۸۹۲۲۳۰۸۲,قروه,qorveh,vehicles,auto
۰۹۱۸۹۸۰۹۱۶۶,قروه,qorveh,vehicles,auto
۰۹۱۸۳۷۰۶۵۰۰,قروه,qorveh,vehicles,auto
۰۹۱۸۵۷۷۹۲۵۴,قروه,qorveh,vehicles,auto
۰۹۱۸۷۸۳۷۲۱۴,قروه,qorveh,vehicles,auto
۰۹۳۳۴۶۱۱۰۶۵,قروه,qorveh,vehicles,auto
۰۹۰۱۲۴۰۴۷۶۰,قروه,qorveh,vehicles,auto
۰۹۱۹۷۸۹۷۳۱۹,قروه,qorveh,vehicles,auto
۰۹۲۲۳۳۵۱۹۸۶,قروه,qorveh,vehicles,auto
۰۹۱۸۳۷۷۳۱۲۲,قروه,qorveh,vehicles,auto
۰۹۱۸۹۱۱۷۳۱۴,قروه,qorveh,vehicles,auto
۰۹۱۸۹۷۱۵۸۸۰,قروه,qorveh,vehicles,auto
۰۹۱۸۹۷۱۵۸۸۰,قروه,qorveh,vehicles,auto
۰۹۳۸۷۸۶۸۰۸۴,قروه,qorveh,vehicles,auto
۰۹۱۸۷۸۵۵۳۰۷,قروه,qorveh,vehicles,auto
۰۹۳۶۷۷۲۷۵۰۸,قروه,qorveh,vehicles,auto
۰۹۱۸۶۷۰۰۵۳۱,قروه,qorveh,vehicles,car-accessories
۰۹۱۰۰۹۱۸۵۲۵,قروه,qorveh,vehicles,car-accessories
۰۹۱۰۰۹۱۸۵۲۵,قروه,qorveh,vehicles,car-accessories
۰۹۱۰۱۵۵۷۲۴۳,قروه,qorveh,vehicles,car-accessories
۰۹۱۲۹۲۸۴۸۷۷,قروه,qorveh,vehicles,car-accessories
۰۹۱۸۴۰۰۱۵۳۰,قروه,qorveh,vehicles,car-accessories
۰۹۳۷۲۰۴۵۹۸۴,قروه,qorveh,vehicles,car-accessories
۰۹۳۷۲۰۴۵۹۸۴,قروه,qorveh,vehicles,car-accessories
۰۹۱۸۱۷۰۷۲۲۱,قروه,qorveh,vehicles,car-accessories
۰۹۱۹۹۲۱۹۵۹۱,قروه,qorveh,vehicles,car-accessories
۰۹۱۸۳۰۷۲۱۸۵,قروه,qorveh,vehicles,car-accessories
۰۹۱۸۷۰۷۳۱۴۱,قروه,qorveh,vehicles,car-accessories
۰۹۱۸۲۸۸۳۵۳۲,قروه,qorveh,vehicles,car-accessories
۰۹۱۸۷۰۷۳۱۴۱,قروه,qorveh,vehicles,car-accessories
۰۹۹۱۰۵۹۱۶۳۷,قروه,qorveh,vehicles,car-accessories
۰۹۲۱۹۳۸۸۴۶۱,قروه,qorveh,vehicles,car-accessories
۰۹۱۸۴۰۰۱۵۳۰,قروه,qorveh,vehicles,car-accessories
۰۹۱۸۱۷۳۶۷۸۲,قروه,qorveh,vehicles,car-accessories
۰۹۱۸۴۱۵۳۷۲۶,قروه,qorveh,vehicles,car-accessories
۰۹۱۸۲۱۳۳۴۱۴,قروه,qorveh,vehicles,car-accessories
۰۹۰۱۱۰۹۵۸۲۵,قروه,qorveh,vehicles,car-accessories
۰۹۰۱۱۰۹۵۸۲۵,قروه,qorveh,vehicles,car-accessories
۰۹۱۸۱۷۳۱۳۲۱,قروه,qorveh,vehicles,car-accessories
۰۹۱۸۳۱۴۳۱۰۶,قروه,qorveh,vehicles,car-accessories
۰۹۱۸۶۶۷۴۳۱۰,قروه,qorveh,vehicles,car-accessories
۰۹۳۹۱۵۱۸۱۹۸,قروه,qorveh,vehicles,car-accessories
۰۹۱۸۱۷۳۶۷۸۲,قروه,qorveh,vehicles,car-accessories
۰۹۳۰۱۰۵۰۸۵۱,قروه,qorveh,vehicles,car-accessories
۰۹۱۲۰۲۷۷۷۸۲,قروه,qorveh,vehicles,car-accessories
۰۹۱۸۳۷۹۸۸۴۹,قروه,qorveh,vehicles,car-accessories
۰۹۰۱۲۹۴۸۹۴۳,قروه,qorveh,vehicles,car-accessories
۰۹۹۲۷۸۹۰۶۷۰,قروه,qorveh,vehicles,car-accessories
۰۹۱۹۰۴۷۲۹۱۶,قروه,qorveh,vehicles,car-accessories
۰۹۱۸۸۷۱۳۰۷۴,قروه,qorveh,vehicles,car-accessories
۰۹۱۸۸۷۱۲۶۲۳,قروه,qorveh,vehicles,car-accessories
۰۹۱۸۴۵۶۸۸۶۷,قروه,qorveh,vehicles,car-accessories
۰۹۲۱۹۳۸۸۴۶۱,قروه,qorveh,vehicles,car-accessories
۰۹۳۳۶۰۶۷۴۸۳,قروه,qorveh,vehicles,car-accessories
۰۹۱۸۵۲۰۱۰۱۸,قروه,qorveh,vehicles,car-accessories
۰۹۳۶۷۳۱۱۳۲۲,قروه,qorveh,vehicles,car-accessories
۰۹۳۳۳۴۳۵۷۵۱,قروه,qorveh,vehicles,car-accessories
۰۹۱۸۷۸۲۴۶۷۰,قروه,qorveh,vehicles,car-accessories
۰۹۱۹۰۴۷۲۹۱۶,قروه,qorveh,vehicles,car-accessories
۰۹۱۲۰۲۵۸۰۱۲,قروه,qorveh,vehicles,car-accessories
۰۹۳۶۳۴۹۳۵۷۱,قروه,qorveh,vehicles,car-accessories
۰۹۱۸۲۸۳۷۱۶۱,قروه,qorveh,vehicles,car-accessories
۰۹۱۹۰۴۷۲۹۱۶,قروه,qorveh,vehicles,car-accessories
۰۹۱۹۰۴۷۲۹۱۶,قروه,qorveh,vehicles,car-accessories
۰۹۱۸۸۱۸۲۷۳۸,قروه,qorveh,vehicles,car-accessories
۰۹۲۱۹۳۸۸۴۶۱,قروه,qorveh,vehicles,car-accessories
۰۹۱۸۶۴۹۳۵۸۰,قروه,qorveh,vehicles,car-accessories
۰۹۰۳۱۷۹۷۴۲۱,قروه,qorveh,vehicles,car-accessories
۰۹۳۶۵۱۱۰۶۱۸,قروه,qorveh,vehicles,car-accessories
۰۹۰۵۱۴۴۵۹۲۷,قروه,qorveh,vehicles,car-accessories
۰۹۲۱۹۳۸۸۴۶۱,قروه,qorveh,vehicles,car-accessories
۰۹۱۰۹۴۹۶۵۷۰,قروه,qorveh,vehicles,car-accessories
۰۹۳۵۶۰۰۱۳۰۶,قروه,qorveh,vehicles,car-accessories
۰۹۱۸۳۸۱۳۹۹۰,قروه,qorveh,vehicles,car-accessories
۰۹۱۰۸۱۷۵۶۷۱,قروه,qorveh,vehicles,car-accessories
۰۹۱۸۴۱۹۵۴۹۷,قروه,qorveh,vehicles,car-accessories
۰۹۳۶۷۷۲۷۵۰۸,قروه,qorveh,vehicles,car-accessories
۰۹۱۹۲۳۹۷۶۸۱,قروه,qorveh,vehicles,car-accessories
۰۹۳۰۱۹۷۸۵۴۹,قروه,qorveh,vehicles,car-accessories
۰۹۱۸۴۱۶۱۶۹۳,قروه,qorveh,vehicles,car-accessories
۰۹۱۸۳۷۰۹۷۰۹,قروه,qorveh,vehicles,car-accessories
۰۹۱۸۵۱۹۵۸۸۶,قروه,qorveh,vehicles,car-accessories
۰۹۳۶۷۳۱۱۳۲۲,قروه,qorveh,vehicles,car-accessories
۰۹۳۳۳۴۳۵۷۵۱,قروه,qorveh,vehicles,car-accessories
۰۹۳۹۹۴۱۵۲۹۶,قروه,qorveh,vehicles,car-accessories
۰۹۱۸۴۵۹۶۷۴۰,قروه,qorveh,vehicles,car-accessories
۰۹۳۳۸۵۸۵۲۰۳,قروه,qorveh,vehicles,car-accessories
۰۹۰۲۷۶۷۰۰۷۳,قروه,qorveh,vehicles,motorcycles
۰۹۱۸۷۷۷۵۸۲۰,قروه,qorveh,vehicles,motorcycles
۰۹۱۸۴۱۹۴۴۲۶,قروه,qorveh,vehicles,motorcycles
۰۹۳۷۶۸۵۶۵۷۰,قروه,qorveh,vehicles,motorcycles
۰۹۱۸۴۶۷۵۶۳۴,قروه,qorveh,vehicles,motorcycles
۰۹۳۵۴۶۸۵۶۷۹,قروه,qorveh,vehicles,motorcycles
۰۹۱۸۶۶۳۷۱۸۸,قروه,qorveh,vehicles,motorcycles
۰۹۰۵۱۴۴۵۹۵۴,قروه,qorveh,vehicles,motorcycles
۰۹۱۸۷۷۷۵۸۲۰,قروه,qorveh,vehicles,motorcycles
۰۹۱۸۴۳۹۳۶۱۹,قروه,qorveh,vehicles,motorcycles
۰۹۳۶۱۶۴۶۵۱۸,قروه,qorveh,vehicles,motorcycles
۰۹۰۱۱۵۰۶۳۴۶,قروه,qorveh,vehicles,motorcycles
۰۹۱۸۷۰۱۰۱۱۵,قروه,qorveh,vehicles,motorcycles
۰۹۳۵۶۷۹۳۵۴۰,قروه,qorveh,vehicles,motorcycles
۰۹۲۲۹۸۵۵۷۴۳,قروه,qorveh,vehicles,motorcycles
۰۹۱۸۴۳۹۳۶۱۹,قروه,qorveh,vehicles,motorcycles
۰۹۱۹۸۲۷۶۵۸۱,قروه,qorveh,vehicles,motorcycles
۰۹۱۸۵۳۱۱۶۸۶,قروه,qorveh,vehicles,motorcycles
۰۹۱۸۶۸۴۵۲۰۴,قروه,qorveh,vehicles,motorcycles
۰۹۱۹۱۶۵۹۴۶۷,قروه,qorveh,vehicles,motorcycles
۰۹۱۸۷۸۹۴۹۳۹,قروه,qorveh,vehicles,motorcycles
۰۹۱۸۲۴۹۸۰۱۰,قروه,qorveh,vehicles,motorcycles
۰۹۱۸۴۷۷۰۵۰۳,قروه,qorveh,vehicles,motorcycles
۰۹۳۳۱۷۹۰۷۶۶,قروه,qorveh,vehicles,motorcycles
۰۹۹۲۸۷۰۱۸۴۷,قروه,qorveh,electronic-devices,mobile-tablet
۰۹۱۸۳۷۰۵۴۷۲,قروه,qorveh,electronic-devices,mobile-tablet
۰۹۰۱۹۲۸۴۸۴۱,قروه,qorveh,electronic-devices,mobile-tablet
۰۹۱۲۷۱۸۲۴۴۸,قروه,qorveh,electronic-devices,mobile-tablet
۰۹۹۰۶۰۰۸۲۴۸,قروه,qorveh,electronic-devices,mobile-tablet
۰۹۲۲۵۷۳۵۴۶۵,قروه,qorveh,electronic-devices,mobile-tablet
۰۹۳۰۱۲۶۵۴۳۴,قروه,qorveh,electronic-devices,mobile-tablet
۰۹۰۵۳۸۰۵۵۳۷,قروه,qorveh,electronic-devices,mobile-tablet
۰۹۱۸۳۸۱۱۳۱۶,قروه,qorveh,electronic-devices,mobile-tablet
۰۹۱۸۶۵۱۷۸۹۰,قروه,qorveh,electronic-devices,mobile-tablet
۰۹۱۸۶۵۱۷۸۹۰,قروه,qorveh,electronic-devices,mobile-tablet
۰۹۱۸۳۷۰۹۳۲۱,قروه,qorveh,electronic-devices,mobile-tablet
۰۹۳۹۷۸۴۶۹۰۱,قروه,qorveh,electronic-devices,mobile-tablet
۰۹۲۲۶۵۰۴۴۱۸,قروه,qorveh,electronic-devices,mobile-tablet
۰۹۰۱۶۸۱۶۱۳۱,قروه,qorveh,electronic-devices,mobile-tablet
۰۹۱۸۳۷۰۵۴۷۲,قروه,qorveh,electronic-devices,mobile-tablet
(پنهان‌شده؛ چت کنید),قروه,qorveh,electronic-devices,mobile-tablet
۰۹۹۰۹۳۳۵۷۵۳,قروه,qorveh,electronic-devices,mobile-tablet
۰۹۱۸۳۸۱۱۳۱۶,قروه,qorveh,electronic-devices,mobile-tablet
۰۹۳۳۸۸۵۵۰۸۷,قروه,qorveh,electronic-devices,mobile-tablet
۰۹۱۹۹۹۳۳۰۹۲,قروه,qorveh,electronic-devices,mobile-tablet
۰۹۳۶۵۵۴۷۶۰۶,قروه,qorveh,electronic-devices,mobile-tablet
۰۹۱۸۴۴۱۷۶۴۹,قروه,qorveh,electronic-devices,mobile-tablet
۰۹۱۸۲۴۹۸۰۱۰,قروه,qorveh,electronic-devices,mobile-tablet
۰۹۹۲۵۸۹۷۴۰۷,قروه,qorveh,electronic-devices,mobile-tablet
۰۹۱۸۳۷۰۵۴۷۲,قروه,qorveh,electronic-devices,mobile-tablet
۰۹۹۲۸۲۴۰۷۹۱,قروه,qorveh,electronic-devices,mobile-tablet
۰۹۳۰۵۵۵۷۲۶۵,قروه,qorveh,electronic-devices,mobile-tablet
۰۹۰۲۵۷۳۹۷۰۱,قروه,qorveh,electronic-devices,mobile-tablet
۰۹۳۰۷۱۲۱۳۰۳,قروه,qorveh,electronic-devices,mobile-tablet
۰۹۱۸۶۵۱۹۵۵۰,قروه,qorveh,electronic-devices,mobile-tablet
۰۹۱۸۳۷۰۵۴۷۲,قروه,qorveh,electronic-devices,mobile-tablet
۰۹۱۸۳۷۰۵۴۷۲,قروه,qorveh,electronic-devices,mobile-tablet
۰۹۰۲۷۴۹۲۶۸۰,قروه,qorveh,electronic-devices,mobile-tablet
۰۹۱۴۴۵۳۴۹۱۲,قروه,qorveh,electronic-devices,mobile-tablet
(پنهان‌شده؛ چت کنید),قروه,qorveh,electronic-devices,mobile-tablet
۰۹۱۸۰۵۱۱۱۳۲,قروه,qorveh,electronic-devices,mobile-tablet
۰۹۰۳۱۷۹۷۴۲۱,قروه,qorveh,electronic-devices,mobile-tablet
۰۹۳۳۰۶۸۸۲۹۱,قروه,qorveh,electronic-devices,mobile-tablet
۰۹۱۸۰۸۱۵۸۲۶,قروه,qorveh,electronic-devices,mobile-tablet
۰۹۳۷۶۳۴۱۲۲۷,قروه,qorveh,electronic-devices,mobile-tablet
۰۹۳۹۹۶۸۳۷۳۸,قروه,qorveh,electronic-devices,mobile-tablet
(پنهان‌شده؛ چت کنید),قروه,qorveh,electronic-devices,mobile-tablet
۰۹۱۸۴۵۷۴۵۲۵,قروه,qorveh,electronic-devices,mobile-tablet
۰۹۱۹۷۰۶۲۱۷۲,قروه,qorveh,electronic-devices,mobile-tablet
۰۹۳۰۶۳۰۳۷۳۰,قروه,qorveh,electronic-devices,mobile-tablet
۰۹۱۸۷۹۵۲۷۰۵,قروه,qorveh,electronic-devices,mobile-tablet
۰۹۱۹۸۲۷۶۵۸۱,قروه,qorveh,electronic-devices,mobile-tablet
۰۹۱۸۹۸۰۹۵۷۲,قروه,qorveh,electronic-devices,mobile-tablet
۰۹۱۸۷۲۴۶۳۰۶,قروه,qorveh,electronic-devices,mobile-tablet
۰۹۱۸۷۲۴۶۳۰۶,قروه,qorveh,electronic-devices,mobile-tablet
۰۹۳۷۰۸۴۲۱۴۸,قروه,qorveh,electronic-devices,mobile-tablet
۰۹۱۸۵۷۶۹۹۲۶,قروه,qorveh,electronic-devices,mobile-tablet
۰۹۳۵۳۲۵۵۴۴۱,قروه,qorveh,electronic-devices,mobile-tablet
۰۹۳۹۰۸۶۱۶۰۲,قروه,qorveh,electronic-devices,mobile-tablet
۰۹۳۵۳۷۰۷۳۷۳,قروه,qorveh,electronic-devices,mobile-tablet
۰۹۰۱۷۴۵۶۹۷۴,قروه,qorveh,electronic-devices,mobile-tablet
۰۹۱۸۵۳۷۷۷۶۲,قروه,qorveh,electronic-devices,mobile-tablet
۰۹۱۸۹۹۹۳۳۶۳,قروه,qorveh,electronic-devices,mobile-tablet
۰۹۱۸۶۶۸۶۱۵۷,قروه,qorveh,electronic-devices,mobile-tablet
۰۹۹۱۸۳۰۳۲۱۷,قروه,qorveh,electronic-devices,mobile-tablet
۰۹۱۲۰۸۷۲۶۹۹,قروه,qorveh,electronic-devices,mobile-tablet
۰۹۱۸۹۸۰۸۹۹۴,قروه,qorveh,electronic-devices,mobile-tablet
(پنهان‌شده؛ چت کنید),قروه,qorveh,electronic-devices,mobile-tablet
۰۹۳۹۴۷۸۴۵۴۶,قروه,qorveh,electronic-devices,mobile-tablet
۰۹۰۵۶۳۴۴۱۴۵,قروه,qorveh,electronic-devices,mobile-tablet
۰۹۳۹۰۸۷۷۷۸۴,قروه,qorveh,electronic-devices,mobile-tablet
۰۹۱۰۷۴۶۸۶۰۲,قروه,qorveh,electronic-devices,mobile-tablet
(پنهان‌شده؛ چت کنید),قروه,qorveh,electronic-devices,mobile-tablet
۰۹۱۸۷۷۱۵۷۷۹,قروه,qorveh,electronic-devices,mobile-tablet
۰۹۳۸۵۱۷۵۶۱۱,قروه,qorveh,electronic-devices,computers
۰۹۳۶۱۳۱۵۶۳۲,قروه,qorveh,electronic-devices,computers
۰۹۰۵۰۸۶۴۸۲۵,قروه,qorveh,electronic-devices,computers
۰۹۱۲۰۶۱۵۱۱۷,قروه,qorveh,electronic-devices,computers
۰۹۳۰۷۵۲۲۵۰۵,قروه,qorveh,electronic-devices,computers
۰۹۱۸۸۸۳۸۴۶۴,قروه,qorveh,electronic-devices,computers
۰۹۳۸۶۵۹۷۶۳۳,قروه,qorveh,electronic-devices,computers
۰۹۱۴۴۵۳۴۹۱۲,قروه,qorveh,electronic-devices,computers
۰۹۱۹۳۶۶۲۱۶۷,قروه,qorveh,electronic-devices,computers
۰۹۱۴۴۵۳۴۹۱۲,قروه,qorveh,electronic-devices,computers
(پنهان‌شده؛ چت کنید),قروه,qorveh,electronic-devices,computers
(پنهان‌شده؛ چت کنید),قروه,qorveh,electronic-devices,computers
۰۹۳۷۲۰۴۵۹۸۴,قروه,qorveh,electronic-devices,computers
۰۹۳۹۹۶۸۳۷۳۸,قروه,qorveh,electronic-devices,computers
۰۹۳۵۷۵۵۶۰۶۲,قروه,qorveh,electronic-devices,computers
۰۹۲۲۳۳۴۹۷۱۴,قروه,qorveh,electronic-devices,computers
۰۹۰۱۰۴۹۲۲۳۸,قروه,qorveh,electronic-devices,computers
۰۹۱۸۳۷۰۸۵۱۵,قروه,qorveh,electronic-devices,computers
۰۹۱۸۶۵۵۴۰۳۷,قروه,qorveh,electronic-devices,game-consoles
(پنهان‌شده؛ چت کنید),قروه,qorveh,electronic-devices,game-consoles
(پنهان‌شده؛ چت کنید),قروه,qorveh,electronic-devices,game-consoles
۰۹۱۸۷۲۹۳۶۲۸,قروه,qorveh,electronic-devices,game-consoles
۰۹۰۳۷۹۰۴۳۶۵,قروه,qorveh,electronic-devices,game-consoles
۰۹۱۸۵۷۴۴۰۸۶,قروه,qorveh,electronic-devices,game-consoles
۰۹۱۸۶۵۵۴۰۳۷,قروه,qorveh,electronic-devices,game-consoles
۰۹۱۰۱۷۲۲۴۹۲,قروه,qorveh,electronic-devices,game-consoles
۰۹۱۸۹۸۲۷۴۶۶,قروه,qorveh,electronic-devices,game-consoles
۰۹۳۹۸۷۲۹۳۱۰,قروه,qorveh,electronic-devices,video-audio-device
۰۹۳۳۸۷۰۳۴۹۶,قروه,qorveh,electronic-devices,video-audio-device
۰۹۳۶۷۸۴۷۲۳۰,قروه,qorveh,electronic-devices,video-audio-device
(پنهان‌شده؛ چت کنید),قروه,qorveh,electronic-devices,video-audio-device
۰۹۱۸۶۵۳۸۴۶۴,قروه,qorveh,electronic-devices,video-audio-device
۰۹۱۸۷۸۸۷۶۱۴,قروه,qorveh,electronic-devices,video-audio-device
۰۹۱۸۸۷۳۵۰۸۸,قروه,qorveh,electronic-devices,video-audio-device
۰۹۹۲۲۸۶۷۲۹۱,قروه,qorveh,electronic-devices,video-audio-device
۰۹۰۵۳۰۷۹۴۵۹,قروه,qorveh,electronic-devices,video-audio-device
۰۹۱۸۴۵۷۱۴۷۶,قروه,qorveh,electronic-devices,video-audio-device
۰۹۳۹۱۸۹۲۱۸۸,قروه,qorveh,electronic-devices,video-audio-device
۰۹۱۸۶۵۳۳۳۰۶,قروه,qorveh,electronic-devices,video-audio-device
۰۹۱۸۹۹۹۳۱۲۱,قروه,qorveh,electronic-devices,video-audio-device
۰۹۰۱۰۷۱۵۰۸۵,قروه,qorveh,electronic-devices,video-audio-device
۰۹۱۸۳۷۱۹۰۸۶,قروه,qorveh,electronic-devices,video-audio-device
۰۹۳۷۲۰۴۵۹۸۴,قروه,qorveh,electronic-devices,video-audio-device
۰۹۳۹۷۸۴۶۹۰۱,قروه,qorveh,electronic-devices,video-audio-device
۰۹۳۸۶۵۹۳۱۴۴,قروه,qorveh,electronic-devices,video-audio-device
۰۹۱۸۴۵۱۶۴۵۴,قروه,qorveh,electronic-devices,video-audio-device
۰۹۳۷۲۰۴۵۹۸۴,قروه,qorveh,electronic-devices,telephone
۰۹۱۸۳۸۱۳۹۹۰,قروه,qorveh,electronic-devices,telephone
۰۹۳۳۷۷۶۵۶۹۰,قروه,qorveh,electronic-devices,telephone
۰۹۱۸۴۵۶۶۲۳۵,قروه,qorveh,home-and-kitchen,home-decor-furniture
۰۹۱۹۲۴۸۳۰۴۷,قروه,qorveh,home-and-kitchen,home-decor-furniture
(پنهان‌شده؛ چت کنید),قروه,qorveh,home-and-kitchen,home-decor-furniture
(پنهان‌شده؛ چت کنید),قروه,qorveh,home-and-kitchen,home-decor-furniture
۰۹۳۷۶۸۵۶۵۷۰,قروه,qorveh,home-and-kitchen,home-decor-furniture
۰۹۲۱۲۰۸۳۹۶۷,قروه,qorveh,home-and-kitchen,home-decor-furniture
۰۹۲۱۲۰۸۳۹۶۷,قروه,qorveh,home-and-kitchen,home-decor-furniture
۰۹۲۱۲۰۸۳۹۶۷,قروه,qorveh,home-and-kitchen,home-decor-furniture
۰۹۲۱۲۰۸۳۹۶۷,قروه,qorveh,home-and-kitchen,home-decor-furniture
۰۹۱۸۴۱۵۷۵۷۱,قروه,qorveh,home-and-kitchen,home-decor-furniture
۰۹۱۸۵۳۵۴۵۳۳,قروه,qorveh,home-and-kitchen,home-decor-furniture
(پنهان‌شده؛ چت کنید),قروه,qorveh,home-and-kitchen,home-decor-furniture
۰۹۱۸۶۶۸۳۵۶۴,قروه,qorveh,home-and-kitchen,home-decor-furniture
۰۹۳۶۲۰۲۸۲۳۴,قروه,qorveh,home-and-kitchen,home-decor-furniture
۰۹۱۲۴۰۳۶۴۶۷,قروه,qorveh,home-and-kitchen,home-decor-furniture
۰۹۱۸۳۷۰۸۴۲۱,قروه,qorveh,home-and-kitchen,home-decor-furniture
۰۹۱۸۳۷۰۸۴۲۱,قروه,qorveh,home-and-kitchen,home-decor-furniture
۰۹۱۸۳۷۰۸۴۲۱,قروه,qorveh,home-and-kitchen,home-decor-furniture
۰۹۱۸۶۶۷۴۴۹۵,قروه,qorveh,home-and-kitchen,home-decor-furniture
۰۹۱۲۰۲۶۳۸۵۸,قروه,qorveh,home-and-kitchen,home-decor-furniture
۰۹۳۳۱۳۱۵۷۰۰,قروه,qorveh,home-and-kitchen,home-decor-furniture
۰۹۳۳۰۲۶۴۹۶۸,قروه,qorveh,home-and-kitchen,home-decor-furniture
۰۹۳۳۸۸۱۸۸۹۱,قروه,qorveh,home-and-kitchen,home-decor-furniture
۰۹۳۷۹۶۲۵۸۸۳,قروه,qorveh,home-and-kitchen,home-decor-furniture
۰۹۱۸۳۷۸۸۲۰۸,قروه,qorveh,home-and-kitchen,home-decor-furniture
۰۹۱۸۳۷۸۲۴۹۷,قروه,qorveh,home-and-kitchen,home-decor-furniture
۰۹۳۵۰۵۶۷۲۲۰,قروه,qorveh,home-and-kitchen,home-decor-furniture
۰۹۱۸۹۸۳۹۰۱۷,قروه,qorveh,home-and-kitchen,home-decor-furniture
۰۹۱۸۹۸۰۸۱۰۴,قروه,qorveh,home-and-kitchen,home-decor-furniture
۰۹۳۷۱۸۹۳۲۳۶,قروه,qorveh,home-and-kitchen,home-decor-furniture
۰۹۳۷۲۶۸۵۸۹۷,قروه,qorveh,home-and-kitchen,home-decor-furniture
۰۹۲۲۹۳۵۲۵۳۸,قروه,qorveh,home-and-kitchen,home-decor-furniture
۰۹۱۸۷۲۹۳۶۲۸,قروه,qorveh,home-and-kitchen,home-decor-furniture
۰۹۱۸۶۵۵۵۱۶۸,قروه,qorveh,home-and-kitchen,home-decor-furniture
۰۹۲۱۷۷۹۶۵۲۹,قروه,qorveh,home-and-kitchen,home-decor-furniture
۰۹۳۶۹۸۷۰۶۴۱,قروه,qorveh,home-and-kitchen,home-decor-furniture
۰۹۱۸۰۵۳۸۱۹۸,قروه,qorveh,home-and-kitchen,home-decor-furniture
۰۹۱۸۷۸۳۸۵۳۵,قروه,qorveh,home-and-kitchen,home-decor-furniture
(پنهان‌شده؛ چت کنید),قروه,qorveh,home-and-kitchen,home-decor-furniture
۰۹۳۵۳۲۳۰۲۲۹,قروه,qorveh,home-and-kitchen,home-decor-furniture
۰۹۳۳۰۷۸۷۴۶۷,قروه,qorveh,home-and-kitchen,home-decor-furniture
۰۹۳۳۰۷۸۷۴۶۷,قروه,qorveh,home-and-kitchen,home-decor-furniture
۰۹۱۸۳۷۰۵۵۰۶,قروه,qorveh,home-and-kitchen,home-decor-furniture
۰۹۹۱۰۶۶۳۱۷۸,قروه,qorveh,home-and-kitchen,home-decor-furniture
۰۹۰۲۹۶۷۷۸۹۹,قروه,qorveh,home-and-kitchen,home-decor-furniture
۰۹۱۸۵۱۹۳۰۵۰,قروه,qorveh,home-and-kitchen,home-decor-furniture
۰۹۱۸۵۱۹۳۰۵۰,قروه,qorveh,home-and-kitchen,home-decor-furniture
۰۹۱۸۶۸۸۱۲۹۹,قروه,qorveh,home-and-kitchen,home-decor-furniture
۰۹۹۲۸۶۷۹۲۴۲,قروه,qorveh,home-and-kitchen,kitchen-appliances
۰۹۱۸۲۹۵۵۷۷۶,قروه,qorveh,home-and-kitchen,kitchen-appliances
۰۹۱۸۷۸۱۰۲۷۰,قروه,qorveh,home-and-kitchen,kitchen-appliances
۰۹۳۸۶۷۸۳۰۹۶,قروه,qorveh,home-and-kitchen,kitchen-appliances
۰۹۱۲۰۶۱۵۱۱۷,قروه,qorveh,home-and-kitchen,kitchen-appliances
۰۹۱۸۳۷۲۹۸۵۵,قروه,qorveh,home-and-kitchen,kitchen-appliances
۰۹۱۸۸۸۳۶۰۹۷,قروه,qorveh,home-and-kitchen,kitchen-appliances
۰۹۱۸۷۰۶۱۶۲۲,قروه,qorveh,home-and-kitchen,kitchen-appliances
۰۹۱۸۴۰۰۳۲۲۰,قروه,qorveh,home-and-kitchen,kitchen-appliances
۰۹۱۸۰۵۳۸۱۹۸,قروه,qorveh,home-and-kitchen,kitchen-appliances
۰۹۱۸۰۵۳۸۱۹۸,قروه,qorveh,home-and-kitchen,kitchen-appliances
۰۹۳۳۳۴۶۱۳۱۸,قروه,qorveh,home-and-kitchen,kitchen-appliances
(پنهان‌شده؛ چت کنید),قروه,qorveh,home-and-kitchen,kitchen-appliances
۰۹۱۸۵۳۹۲۹۳۹,قروه,qorveh,home-and-kitchen,kitchen-appliances
۰۹۱۱۶۰۲۱۹۱۳,قروه,qorveh,home-and-kitchen,kitchen-appliances
(پنهان‌شده؛ چت کنید),قروه,qorveh,home-and-kitchen,kitchen-appliances
(پنهان‌شده؛ چت کنید),قروه,qorveh,home-and-kitchen,kitchen-appliances
۰۹۳۸۶۹۷۹۸۵۸,قروه,qorveh,home-and-kitchen,kitchen-appliances
۰۹۱۸۹۷۱۶۵۵۰,قروه,qorveh,home-and-kitchen,kitchen-appliances
۰۹۳۶۵۱۱۰۶۱۸,قروه,qorveh,home-and-kitchen,kitchen-appliances
۰۹۰۲۹۶۷۷۸۹۹,قروه,qorveh,home-and-kitchen,kitchen-appliances
۰۹۱۸۶۶۷۹۵۳۴,قروه,qorveh,home-and-kitchen,kitchen-appliances
۰۹۱۸۳۸۱۱۳۱۶,قروه,qorveh,home-and-kitchen,kitchen-appliances
۰۹۳۹۹۶۳۸۶۹۴,قروه,qorveh,home-and-kitchen,kitchen-appliances
۰۹۱۸۶۶۴۶۴۵۰,قروه,qorveh,home-and-kitchen,kitchen-appliances
۰۹۱۸۶۶۴۶۴۵۰,قروه,qorveh,home-and-kitchen,kitchen-appliances
۰۹۰۱۴۷۲۳۴۳۲,قروه,qorveh,home-and-kitchen,kitchen-appliances
۰۹۰۵۰۸۸۷۱۴۵,قروه,qorveh,home-and-kitchen,kitchen-appliances
۰۹۱۸۳۷۷۵۲۶۸,قروه,qorveh,home-and-kitchen,kitchen-appliances
۰۹۹۲۳۸۷۳۲۵۲,قروه,qorveh,home-and-kitchen,kitchen-appliances
۰۹۳۷۳۶۶۶۱۳۸,قروه,qorveh,home-and-kitchen,kitchen-appliances
۰۹۳۷۳۶۶۶۱۳۸,قروه,qorveh,home-and-kitchen,kitchen-appliances
۰۹۲۱۹۴۱۳۲۳۶,قروه,qorveh,home-and-kitchen,kitchen-appliances
۰۹۳۷۲۰۴۵۹۸۴,قروه,qorveh,home-and-kitchen,kitchen-appliances
۰۹۳۷۷۵۴۸۱۵۱,قروه,qorveh,home-and-kitchen,kitchen-appliances
۰۹۱۸۳۸۱۳۹۹۰,قروه,qorveh,home-and-kitchen,kitchen-appliances
۰۹۳۷۲۲۷۹۴۳۳,قروه,qorveh,home-and-kitchen,kitchen-appliances
۰۹۳۷۸۲۷۸۵۲۰,قروه,qorveh,home-and-kitchen,kitchen-appliances
۰۹۹۰۳۸۳۷۴۱۳,قروه,qorveh,home-and-kitchen,kitchen-appliances
۰۹۰۲۵۳۴۶۰۱۳,قروه,qorveh,home-and-kitchen,kitchen-appliances
۰۹۰۲۵۳۴۶۰۱۳,قروه,qorveh,home-and-kitchen,kitchen-appliances
۰۹۰۲۵۳۴۶۰۱۳,قروه,qorveh,home-and-kitchen,kitchen-appliances
۰۹۱۲۶۷۷۱۹۴۹,قروه,qorveh,home-and-kitchen,kitchen-appliances
۰۹۱۸۳۷۰۴۹۰۸,قروه,qorveh,home-and-kitchen,kitchen-appliances
۰۹۳۵۶۵۶۵۴۱۲,قروه,qorveh,home-and-kitchen,kitchen-appliances
۰۹۰۳۲۳۷۳۶۱۱,قروه,qorveh,home-and-kitchen,kitchen-appliances
۰۹۹۰۲۳۶۸۲۲۳,قروه,qorveh,home-and-kitchen,kitchen-appliances
۰۹۱۸۳۷۰۵۷۴۱,قروه,qorveh,home-and-kitchen,kitchen-appliances
۰۹۲۱۲۰۸۳۹۶۷,قروه,qorveh,home-and-kitchen,kitchen-appliances
۰۹۳۰۳۸۲۷۳۲۸,قروه,qorveh,home-and-kitchen,kitchen-appliances
۰۹۹۲۶۸۵۳۹۸۶,قروه,qorveh,home-and-kitchen,kitchen-appliances
۰۹۱۸۶۷۷۰۲۵۵,قروه,qorveh,home-and-kitchen,kitchen-appliances
۰۹۹۰۲۳۱۴۸۵۳,قروه,qorveh,home-and-kitchen,kitchen-appliances
۰۹۱۸۷۸۳۸۵۳۵,قروه,qorveh,home-and-kitchen,home-appliances
۰۹۱۸۷۱۷۲۵۸۱,قروه,qorveh,home-and-kitchen,home-appliances
۰۹۱۸۶۷۸۲۷۰۹,قروه,qorveh,home-and-kitchen,home-appliances
۰۹۳۵۵۹۸۹۲۲۶,قروه,qorveh,home-and-kitchen,home-appliances
(پنهان‌شده؛ چت کنید),قروه,qorveh,home-and-kitchen,home-appliances
۰۹۳۰۱۵۷۰۰۹۰,قروه,qorveh,home-and-kitchen,home-appliances
۰۹۹۰۵۷۲۹۴۰۲,قروه,qorveh,home-and-kitchen,home-appliances
۰۹۹۲۱۷۲۸۵۵۰,قروه,qorveh,home-and-kitchen,home-appliances
۰۹۰۵۰۲۶۰۳۸۲,قروه,qorveh,home-and-kitchen,home-appliances
۰۹۱۸۶۰۷۰۳۵۰,قروه,qorveh,home-and-kitchen,building-garden
۰۹۱۸۱۷۳۴۱۱۷,قروه,qorveh,home-and-kitchen,building-garden
۰۹۱۸۵۹۷۷۰۲۰,قروه,qorveh,home-and-kitchen,building-garden
۰۹۱۸۹۷۲۴۳۹۴,قروه,qorveh,home-and-kitchen,building-garden
۰۹۱۸۵۴۴۰۵۹۵,قروه,qorveh,home-and-kitchen,building-garden
۰۹۱۸۳۷۰۵۲۳۵,قروه,qorveh,home-and-kitchen,building-garden
۰۹۲۲۵۷۴۲۷۸۳,قروه,qorveh,home-and-kitchen,building-garden
۰۹۲۲۵۸۴۹۱۱۷,قروه,qorveh,home-and-kitchen,building-garden
۰۹۳۷۱۰۳۹۲۴۳,قروه,qorveh,home-and-kitchen,building-garden
۰۹۱۹۵۴۰۸۰۸۸,قروه,qorveh,home-and-kitchen,building-garden
۰۹۱۸۷۰۸۹۹۲۰,قروه,qorveh,home-and-kitchen,building-garden
۰۹۱۸۹۸۲۴۰۱۶,قروه,qorveh,home-and-kitchen,building-garden
۰۹۰۱۳۸۳۴۰۲۴,قروه,qorveh,home-and-kitchen,building-garden
۰۹۱۸۵۳۶۹۴۶۰,قروه,qorveh,home-and-kitchen,building-garden
(پنهان‌شده؛ چت کنید),قروه,qorveh,home-and-kitchen,building-garden
۰۹۱۸۰۵۱۹۵۹۷,قروه,qorveh,home-and-kitchen,building-garden
۰۹۱۸۳۷۰۹۲۱۸,قروه,qorveh,home-and-kitchen,building-garden
۰۹۱۸۲۸۳۵۷۰۰,قروه,qorveh,home-and-kitchen,building-garden
۰۹۱۸۹۸۳۱۷۵۴,قروه,qorveh,home-and-kitchen,building-garden
(پنهان‌شده؛ چت کنید),قروه,qorveh,home-and-kitchen,building-garden
۰۹۳۹۵۸۰۸۸۷۹,قروه,qorveh,home-and-kitchen,building-garden
۰۹۳۹۳۳۱۳۳۵۱,قروه,qorveh,home-and-kitchen,building-garden
۰۹۲۱۹۱۱۴۹۰۸,قروه,qorveh,home-and-kitchen,building-garden
۰۹۱۸۸۷۱۳۰۹۹,قروه,qorveh,home-and-kitchen,building-garden
۰۹۱۸۴۴۱۸۱۲۰,قروه,qorveh,home-and-kitchen,building-garden
۰۹۳۵۱۰۳۷۷۴۹,قروه,qorveh,home-and-kitchen,building-garden
۰۹۱۹۱۸۰۸۴۹۸,قروه,qorveh,home-and-kitchen,building-garden
۰۹۱۸۴۴۰xxxx,قروه,qorveh,home-and-kitchen,building-garden
۰۹۰۱۰۷۹۳۵۷۶,قروه,qorveh,home-and-kitchen,building-garden
۰۹۰۳۶۶۸۹۴۰۱,قروه,qorveh,home-and-kitchen,building-garden
۰۹۳۵۹۷۱۸۰۳۹,قروه,qorveh,home-and-kitchen,building-garden
۰۹۳۹۷۳۹۷۵۲۷,قروه,qorveh,home-and-kitchen,building-garden
۰۹۰۳۶۶۸۹۴۰۲,قروه,qorveh,home-and-kitchen,building-garden
۰۹۱۸۶۰۵۰۰۴۵,قروه,qorveh,home-and-kitchen,building-garden
۰۹۱۸۷۸۵۳۹۱۹,قروه,qorveh,home-and-kitchen,building-garden
۰۹۹۲۳۹۴۶۹۲۶,قروه,qorveh,home-and-kitchen,building-garden
۰۹۹۲۳۹۴۶۹۲۶,قروه,qorveh,home-and-kitchen,building-garden
۰۹۹۲۸۰۲۲۳۷۱,قروه,qorveh,home-and-kitchen,building-garden
۰۹۹۲۸۰۲۲۳۷۱,قروه,qorveh,home-and-kitchen,building-garden
۰۹۱۸۸۷۳۵۳۱۰,قروه,qorveh,home-and-kitchen,building-garden
۰۹۱۸۱۷۰۶۵۸۵,قروه,qorveh,home-and-kitchen,building-garden
۰۹۳۷۰۴۹۰۶۲۵,قروه,qorveh,home-and-kitchen,building-garden
۰۹۱۸۴۹۵۵۷۹۹,قروه,qorveh,home-and-kitchen,building-garden
۰۹۱۸۵۳۸۳۷۲۸,قروه,qorveh,home-and-kitchen,building-garden
۰۹۱۸۹۷۲۹۳۲۸,قروه,qorveh,home-and-kitchen,building-garden
۰۹۲۲۷۸۶۰۶۱۲,قروه,qorveh,home-and-kitchen,building-garden
۰۹۱۸۳۷۷۵۶۹۲,قروه,qorveh,home-and-kitchen,building-garden
۰۹۳۵۸۴۲۰۰۷۲,قروه,qorveh,home-and-kitchen,building-garden
۰۹۳۳۴۶۸۳۷۶۷,قروه,qorveh,home-and-kitchen,building-garden
۰۹۳۳۹۸۸۱۳۹۹,قروه,qorveh,home-and-kitchen,building-garden
۰۹۱۲۷۵۸۵۰۱۸,قروه,qorveh,home-and-kitchen,building-garden
۰۹۱۸۳۷۲۱۳۰۹,قروه,qorveh,home-and-kitchen,building-garden
۰۹۰۱۳۹۵۶۵۸۹,قروه,qorveh,home-and-kitchen,building-garden
۰۹۱۰۷۶۵۹۸۸۴,قروه,qorveh,home-and-kitchen,building-garden
۰۹۳۶۵۷۵۲۴۱۱,قروه,qorveh,home-and-kitchen,building-garden
۰۹۱۸۴۵۸۷۴۱۳,قروه,qorveh,home-and-kitchen,building-garden
۰۹۳۹۲۳۷۲۱۷۹,قروه,qorveh,home-and-kitchen,building-garden
۰۹۱۸۳۱۳۰۵۷۶,قروه,qorveh,home-and-kitchen,building-garden
۰۹۱۸۹۱۱۷۱۶۴,قروه,qorveh,services,vehicles-services
۰۹۹۰۳۸۹۵۶۶۷,قروه,qorveh,services,vehicles-services
۰۹۱۸۳۷۳۶۰۰۴,قروه,qorveh,services,vehicles-services
۰۹۳۳۶۰۶۷۴۸۳,قروه,qorveh,services,vehicles-services
۰۹۱۸۴۰۹۰۰۵۳,قروه,qorveh,services,vehicles-services
۰۹۱۸۹۸۲۴۰۸۲,قروه,qorveh,services,catering-services
۰۹۱۸۷۷۰۵۷۵۹,قروه,qorveh,services,catering-services
۰۹۹۲۱۲۰۴۱۸۱,قروه,qorveh,services,catering-services
۰۹۰۵۴۳۲۹۸۱۳,قروه,qorveh,services,technology-services
۰۹۰۵۴۳۲۹۸۱۲,قروه,qorveh,services,technology-services
۰۹۰۵۴۳۲۹۸۱۳,قروه,qorveh,services,technology-services
۰۹۰۵۴۳۲۹۸۱۳,قروه,qorveh,services,technology-services
۰۹۱۸۳۷۰۵۴۷۲,قروه,qorveh,services,technology-services
۰۹۰۵۴۳۲۹۸۱۳,قروه,qorveh,services,technology-services
۰۹۰۵۴۳۲۹۸۱۲,قروه,qorveh,services,technology-services
۰۹۰۵۴۳۲۹۸۱۲,قروه,qorveh,services,technology-services
۰۹۲۲۳۳۴۹۷۱۴,قروه,qorveh,services,technology-services
۰۹۰۵۴۳۲۹۸۱۲,قروه,qorveh,services,technology-services
۰۹۰۵۴۳۲۹۸۱۳,قروه,qorveh,services,technology-services
۰۹۰۵۴۳۲۹۸۱۳,قروه,qorveh,services,technology-services
۰۹۱۲۶۹۸۱۹۷۷,قروه,qorveh,services,technology-services
۰۹۱۸۱۷۱۷۱۵۱,قروه,qorveh,services,technology-services
۰۹۱۸۳۷۲۱۳۰۹,قروه,qorveh,services,financial-services
۰۹۳۵۷۶۶۷۷۳۴,قروه,qorveh,services,financial-services
۰۹۱۸۳۷۲۱۳۰۹,قروه,qorveh,services,financial-services
۰۹۳۶۴۲۱۹۵۷۵,قروه,qorveh,services,financial-services
۰۹۳۶۱۲۸۶۸۸۲,قروه,qorveh,services,financial-services
(پنهان‌شده؛ چت کنید),قروه,qorveh,services,financial-services
۰۹۱۸۴۱۵۰۸۷۰,قروه,qorveh,services,financial-services
۰۹۰۵۶۵۵۲۷۹۱,قروه,qorveh,services,financial-services
۰۹۱۸۰۸۲۷۶۸۸,قروه,qorveh,services,financial-services
۰۹۱۸۴۳۹۶۵۱۳,قروه,qorveh,services,financial-services
۰۹۱۹۸۲۴۱۸۰۸,قروه,qorveh,services,financial-services
۰۹۱۸۵۴۲۸۴۵۰,قروه,qorveh,services,financial-services
۰۹۱۸۳۸۰۱۶۵۷,قروه,qorveh,services,financial-services
۰۹۱۸۴۳۹۶۴۰۸,قروه,qorveh,services,financial-services
۰۹۱۸۶۵۵۸۸۴۱,قروه,qorveh,services,transport-logistic-services
۰۹۲۲۵۳۰۴۴۰۲,قروه,qorveh,services,transport-logistic-services
۰۹۲۱۲۵۵۰۸۹۰,قروه,qorveh,services,transport-logistic-services
۰۹۱۸۵۳۵۴۵۷۷,قروه,qorveh,services,transport-logistic-services
۰۹۱۸۴۸۷۷۴۵۰,قروه,qorveh,services,craft-skill-services
۰۹۱۸۹۸۲۸۹۵۳,قروه,qorveh,services,craft-skill-services
۰۹۰۲۷۳۹۳۹۸۳,قروه,qorveh,services,craft-skill-services
۰۹۰۲۷۳۹۳۹۸۳,قروه,qorveh,services,craft-skill-services
۰۹۱۸۹۸۲۳۷۸۹,قروه,qorveh,services,craft-skill-services
۰۹۱۸۵۲۲۹۵۴۲,قروه,qorveh,services,craft-skill-services
۰۹۹۲۰۷۹۱۸۳۱,قروه,qorveh,services,craft-skill-services
۰۹۰۳۶۶۸۹۴۲۳,قروه,qorveh,services,craft-skill-services
۰۹۱۸۹۸۲۸۹۵۳,قروه,qorveh,services,craft-skill-services
۰۹۱۵۰۶۴۱۶۵۳,قروه,qorveh,services,craft-skill-services
۰۹۱۸۲۶۹۸۳۱۸,قروه,qorveh,services,craft-skill-services
۰۹۲۲۰۱۸۳۱۵۵,قروه,qorveh,services,craft-skill-services
۰۹۲۲۰۱۸۳۱۵۵,قروه,qorveh,services,craft-skill-services
۰۹۲۲۰۱۸۳۱۵۵,قروه,qorveh,services,craft-skill-services
۰۹۲۲۰۱۸۳۱۵۵,قروه,qorveh,services,craft-skill-services
۰۹۱۸۰۵۹۴۹۶۰,قروه,qorveh,services,craft-skill-services
۰۹۱۰۷۸۲۷۵۶۵,قروه,qorveh,services,craft-skill-services
۰۹۳۰۴۷۹۸۳۲۳,قروه,qorveh,services,craft-skill-services
۰۹۹۰۳۳۵۷۹۷۳,قروه,qorveh,services,craft-skill-services
۰۹۹۰۳۳۵۷۹۷۳,قروه,qorveh,services,craft-skill-services
۰۹۰۲۵۵۰۴۱۳۷,قروه,qorveh,services,craft-skill-services
۰۹۰۲۵۵۰۴۱۳۷,قروه,qorveh,services,craft-skill-services
۰۹۰۲۵۵۰۴۱۳۷,قروه,qorveh,services,craft-skill-services
۰۹۳۸۸۷۷۱۱۶۱,قروه,qorveh,services,craft-skill-services
۰۹۱۸۹۹۸۸۵۵۴,قروه,qorveh,services,craft-skill-services
۰۹۹۱۳۴۸۶۲۲۱,قروه,qorveh,services,craft-skill-services
۰۹۹۱۳۴۸۶۲۲۱,قروه,qorveh,services,craft-skill-services
۰۹۱۸۹۷۳۲۰۷۶,قروه,qorveh,services,craft-skill-services
۰۹۹۲۸۸۲۳۶۸۴,قروه,qorveh,services,craft-skill-services
۰۹۱۸۴۴۰۴۲۱۱,قروه,qorveh,services,craft-skill-services
۰۹۱۸۴۹۷۸۷۴۸,قروه,qorveh,services,craft-skill-services
۰۹۹۱۳۴۸۶۲۲۱,قروه,qorveh,services,craft-skill-services
۰۹۱۸۶۶۸۵۳۲۴,قروه,qorveh,services,craft-skill-services
۰۹۱۸۳۷۰۵۱۳۷,قروه,qorveh,services,craft-skill-services
۰۹۱۸۸۷۱۳۱۲۸,قروه,qorveh,services,craft-skill-services
۰۹۳۵۶۶۵۷۹۰۲,قروه,qorveh,services,craft-skill-services
۰۹۱۸۷۱۰۵۹۹۳,قروه,qorveh,services,craft-skill-services
۰۹۰۳۷۹۰۴۴۰۴,قروه,qorveh,services,craft-skill-services
۰۹۳۶۱۸۴۴۳۹۲,قروه,qorveh,services,craft-skill-services
۰۹۳۵۳۲۲۲۱۵۹,قروه,qorveh,services,craft-skill-services
۰۹۱۸۱۷۰۷۰۶۱,قروه,qorveh,services,craft-skill-services
۰۹۱۸۲۰۷۳۴۹۳,قروه,qorveh,services,craft-skill-services
۰۹۱۸۶۶۶۶۰۰۴,قروه,qorveh,services,craft-skill-services
۰۹۱۸۰۸۲۹۷۰۵,قروه,qorveh,services,craft-skill-services
۰۹۱۸۴۳۹۳۳۴۹,قروه,qorveh,services,craft-skill-services
۰۹۱۸۶۰۶۳۱۲۰,قروه,qorveh,services,craft-skill-services
۰۹۱۸۰۸۲۷۶۹۰,قروه,qorveh,services,craft-skill-services
۰۹۱۹۸۳۶۷۴۴۲,قروه,qorveh,services,craft-skill-services
۰۹۱۸۳۷۲۱۳۰۹,قروه,qorveh,services,craft-skill-services
۰۹۱۸۷۰۰۷۵۶۰,قروه,qorveh,services,craft-skill-services
۰۹۱۸۶۶۰۱۰۶۵,قروه,qorveh,services,craft-skill-services
۰۹۱۲۰۸۳۳۰۴۴,قروه,qorveh,services,beauty-services
(پنهان‌شده؛ چت کنید),قروه,qorveh,services,beauty-services
(پنهان‌شده؛ چت کنید),قروه,qorveh,services,beauty-services
۰۹۱۸۴۱۶۱۷۰۰,قروه,qorveh,services,beauty-services
۰۹۲۲۷۸۶۰۶۱۲,قروه,qorveh,services,beauty-services
۰۹۱۹۵۶۸۵۵۱۵,قروه,qorveh,services,beauty-services
۰۹۳۵۰۶۷۷۶۴۱,قروه,qorveh,services,beauty-services
۰۹۳۵۰۶۷۷۶۴۱,قروه,qorveh,services,beauty-services
۰۹۳۵۰۶۷۷۶۴۱,قروه,qorveh,services,beauty-services
۰۹۳۵۰۶۷۷۶۴۱,قروه,qorveh,services,beauty-services
۰۹۱۸۵۲۱۲۴۹۵,قروه,qorveh,services,entertaining-services
۰۹۱۸۳۷۸۸۱۴۳,قروه,qorveh,services,entertaining-services
۰۹۱۹۸۳۶۷۴۴۲,قروه,qorveh,services,cleaning-services
۰۹۱۸۹۸۰۸۷۳۱,قروه,qorveh,services,gardening-services
۰۹۱۸۸۱۹۷۹۹۰,قروه,qorveh,services,gardening-services
۰۹۱۸۵۳۱۱۶۸۶,قروه,qorveh,services,gardening-services
۰۹۰۳۹۸۲۳۰۶۷,قروه,qorveh,services,gardening-services
۰۹۰۱۶۶۳۲۴۴۹,قروه,qorveh,services,gardening-services
(پنهان‌شده؛ چت کنید),قروه,qorveh,services,teaching-services
(پنهان‌شده؛ چت کنید),قروه,qorveh,services,teaching-services
۰۹۰۲۹۶۷۷۸۹۹,قروه,qorveh,services,teaching-services
۰۹۱۸۶۷۰۱۸۱۴,قروه,qorveh,services,teaching-services
۰۹۲۲۷۰۹۵۲۵۵,قروه,qorveh,services,teaching-services
۰۹۱۸۷۹۰۱۷۳۷,قروه,qorveh,services,teaching-services
۰۹۹۹۱۴۸۲۱۴۴,قروه,qorveh,services,teaching-services
(پنهان‌شده؛ چت کنید),قروه,qorveh,personal-goods,apparel
۰۹۳۹۷۰۶۷۱۵۴,قروه,qorveh,personal-goods,apparel
۰۹۱۸۶۹۰۵۹۳۲,قروه,qorveh,personal-goods,apparel
۰۹۱۸۲۸۵۳۶۸۰,قروه,qorveh,personal-goods,apparel
۰۹۰۲۰۶۰۴۶۶۹,قروه,qorveh,personal-goods,apparel
۰۹۰۲۰۶۰۴۶۶۹,قروه,qorveh,personal-goods,apparel
۰۹۰۲۰۶۰۴۶۶۹,قروه,qorveh,personal-goods,apparel
۰۹۰۲۰۶۰۴۶۶۹,قروه,qorveh,personal-goods,apparel
۰۹۰۲۰۶۰۴۶۶۹,قروه,qorveh,personal-goods,apparel
۰۹۰۲۰۶۰۴۶۶۹,قروه,qorveh,personal-goods,apparel
۰۹۱۸۰۶۱۴۴۳۰,قروه,qorveh,personal-goods,apparel
۰۹۹۱۶۸۱۵۷۸۰,قروه,qorveh,personal-goods,apparel
۰۹۳۶۰۷۷۷۳۵۷,قروه,qorveh,personal-goods,apparel
۰۹۲۲۱۹۹۵۴۸۳,قروه,qorveh,personal-goods,apparel
۰۹۱۸۵۰۲xxxx,قروه,qorveh,personal-goods,apparel
۰۹۲۲۹۳۵۲۵۳۸,قروه,qorveh,personal-goods,apparel
۰۹۳۷۹۶۰۵۱۱۲,قروه,qorveh,personal-goods,apparel
۰۹۰۱۷۹۹۶۸۷۹,قروه,qorveh,personal-goods,apparel
۰۹۳۳۱۵۷۱۱۴۴,قروه,qorveh,personal-goods,apparel
۰۹۳۳۱۵۷۱۱۴۴,قروه,qorveh,personal-goods,apparel
(پنهان‌شده؛ چت کنید),قروه,qorveh,personal-goods,apparel
(پنهان‌شده؛ چت کنید),قروه,qorveh,personal-goods,apparel
۰۹۱۸۶۶۸۰۴۷۱,قروه,qorveh,personal-goods,apparel
۰۹۱۸۰۶۰۴۹۹۳,قروه,qorveh,personal-goods,apparel
۰۹۱۸۶۵۳۹۷۴۷,قروه,qorveh,personal-goods,apparel
۰۹۱۸۷۹۹۴۵۷۲,قروه,qorveh,personal-goods,apparel
۰۹۳۳۳۴۶۱۳۱۸,قروه,qorveh,personal-goods,apparel
۰۹۹۱۳۵۸۶۷۷۱,قروه,qorveh,personal-goods,apparel
۰۹۱۸۸۷۳۷۷۰۸,قروه,qorveh,personal-goods,apparel
۰۹۱۸۶۵۳۳۳۰۶,قروه,qorveh,personal-goods,apparel
۰۹۳۳۳۴۶۱۳۱۸,قروه,qorveh,personal-goods,apparel
(پنهان‌شده؛ چت کنید),قروه,qorveh,personal-goods,apparel
۰۹۰۱۰۲۳۹۲۵۱,قروه,qorveh,personal-goods,apparel
۰۹۳۶۹۸۷۷۱۵۱,قروه,qorveh,personal-goods,apparel
۰۹۲۲۵۰۷۶۱۸۶,قروه,qorveh,personal-goods,apparel
۰۹۳۳۳۴۶۱۳۱۸,قروه,qorveh,personal-goods,apparel
۰۹۱۸۷۹۰۲۶۳۳,قروه,qorveh,personal-goods,apparel
۰۹۳۳۹۶۵۰۶۷۷,قروه,qorveh,personal-goods,apparel
۰۹۹۱۴۶۳۱۹۶۵,قروه,qorveh,personal-goods,apparel
۰۹۳۵۵۸۶۵۹۸۷,قروه,qorveh,personal-goods,apparel
۰۹۹۰۳۸۳۷۴۱۳,قروه,qorveh,personal-goods,apparel
۰۹۹۰۳۸۳۷۴۱۳,قروه,qorveh,personal-goods,apparel
۰۹۳۹۲۳۶۳۵۴۸,قروه,qorveh,personal-goods,apparel
۰۹۳۳۳۴۶۱۳۱۸,قروه,qorveh,personal-goods,apparel
۰۹۳۰۷۳۹۰۰۲۸,قروه,qorveh,personal-goods,apparel
۰۹۰۱۱۴۸۵۵۵۳,قروه,qorveh,personal-goods,apparel
۰۹۳۹۲۳۶۳۵۴۸,قروه,qorveh,personal-goods,apparel
(پنهان‌شده؛ چت کنید),قروه,qorveh,personal-goods,apparel
۰۹۱۸۳۷۰۸۹۶۸,قروه,qorveh,personal-goods,apparel
۰۹۱۸۳۷۰۸۹۶۸,قروه,qorveh,personal-goods,apparel
(پنهان‌شده؛ چت کنید),قروه,qorveh,personal-goods,apparel
۰۹۱۲۰۳۸۰۱۳۱,قروه,qorveh,personal-goods,apparel
۰۹۱۸۴۱۰۲۳۱۷,قروه,qorveh,personal-goods,apparel
۰۹۳۰۸۷۰۷۲۸۵,قروه,qorveh,personal-goods,apparel
(پنهان‌شده؛ چت کنید),قروه,qorveh,personal-goods,apparel
(پنهان‌شده؛ چت کنید),قروه,qorveh,personal-goods,apparel
۰۹۱۸۶۵۳۳۳۰۶,قروه,qorveh,personal-goods,apparel
۰۹۳۷۲۰۴۲۸۶۲,قروه,qorveh,personal-goods,apparel
۰۹۱۸۸۷۲۶۹۸۱,قروه,qorveh,personal-goods,apparel
۰۹۱۸۷۹۹۴۵۷۲,قروه,qorveh,personal-goods,apparel
(پنهان‌شده؛ چت کنید),قروه,qorveh,personal-goods,apparel
(پنهان‌شده؛ چت کنید),قروه,qorveh,personal-goods,apparel
(پنهان‌شده؛ چت کنید),قروه,qorveh,personal-goods,apparel
۰۹۱۲۵۶۲۶۱۹۲,قروه,qorveh,personal-goods,apparel
۰۹۳۳۴۰۰۳۷۹۷,قروه,qorveh,personal-goods,apparel
۰۹۳۹۰۲۱۶۳۳۴,قروه,qorveh,personal-goods,apparel
۰۹۱۸۶۵۳۳۳۰۶,قروه,qorveh,personal-goods,apparel
۰۹۱۸۶۵۳۳۳۰۶,قروه,qorveh,personal-goods,apparel
۰۹۱۸۲۴۹۷۴۳۷,قروه,qorveh,personal-goods,apparel
۰۹۱۸۵۰۸۰۶۵۱,قروه,qorveh,personal-goods,apparel
۰۹۱۸۹۸۰۵۴۰۱,قروه,qorveh,personal-goods,apparel
۰۹۱۸۳۸۳۳۵۸۰,قروه,qorveh,personal-goods,apparel
۰۹۳۳۱۸۷۱۶۰۱,قروه,qorveh,personal-goods,accessories
۰۹۱۸۷۸۱۱۸۹۹,قروه,qorveh,personal-goods,accessories
۰۹۰۲۹۶۷۷۸۹۹,قروه,qorveh,personal-goods,accessories
۰۹۳۵۹۰۴۶۷۱۵,قروه,qorveh,personal-goods,accessories
۰۹۱۸۰۸۲۹۷۰۵,قروه,qorveh,personal-goods,accessories
۰۹۱۸۲۸۵۶۲۵۰,قروه,qorveh,personal-goods,accessories
۰۹۱۸۴۵۵۹۱۷۴,قروه,qorveh,personal-goods,accessories
۰۹۳۵۹۰۴۶۷۱۵,قروه,qorveh,personal-goods,accessories
۰۹۳۵۹۰۴۶۷۱۵,قروه,qorveh,personal-goods,accessories
۰۹۳۷۷۳۱۲۸۴۲,قروه,qorveh,personal-goods,accessories
۰۹۱۸۵۳۷۹۸۱۵,قروه,qorveh,personal-goods,accessories
۰۹۰۳۵۸۰۲۵۱۳,قروه,qorveh,personal-goods,accessories
۰۹۱۸۱۷۰۶۵۸۵,قروه,qorveh,personal-goods,accessories
۰۹۳۶۱۱۳۹۳۰۵,قروه,qorveh,personal-goods,accessories
۰۹۱۸۵۱۳۳۷۹۱,قروه,qorveh,personal-goods,accessories
(پنهان‌شده؛ چت کنید),قروه,qorveh,personal-goods,accessories
۰۹۲۲۲۵۲۲۶۰۳,قروه,qorveh,personal-goods,accessories
۰۹۳۶۴۶۵۱۸۹۲,قروه,qorveh,personal-goods,accessories
۰۹۳۷۲۴۰۸۴۸۳,قروه,qorveh,personal-goods,accessories
۰۹۱۰۴۷۳۸۸۴۷,قروه,qorveh,personal-goods,accessories
۰۹۰۱۵۹۳۴۴۰۳,قروه,qorveh,personal-goods,accessories
(پنهان‌شده؛ چت کنید),قروه,qorveh,personal-goods,beauty-and-personal-care
۰۹۱۸۸۸۳۶۰۹۷,قروه,qorveh,personal-goods,beauty-and-personal-care
۰۹۱۸۶۴۴۷۱۳۸,قروه,qorveh,personal-goods,beauty-and-personal-care
۰۹۱۸۲۸۴۹۴۸۶,قروه,qorveh,personal-goods,beauty-and-personal-care
(پنهان‌شده؛ چت کنید),قروه,qorveh,personal-goods,beauty-and-personal-care
۰۹۰۲۰۵۲۹۲۵۱,قروه,qorveh,personal-goods,beauty-and-personal-care
۰۹۱۲۸۵۷۳۵۴۰,قروه,qorveh,personal-goods,beauty-and-personal-care
۰۹۳۹۷۶۵۱۶۰۶,قروه,qorveh,personal-goods,beauty-and-personal-care
۰۹۰۳۰۱۱۷۲۹۲,قروه,qorveh,personal-goods,beauty-and-personal-care
۰۹۱۸۴۲۲۸۶۵۵,قروه,qorveh,personal-goods,beauty-and-personal-care
۰۹۳۹۷۶۵۱۶۰۶,قروه,qorveh,personal-goods,beauty-and-personal-care
۰۹۳۹۷۶۱۸۰۱۸,قروه,qorveh,personal-goods,beauty-and-personal-care
۰۹۳۰۱۶۹۳۶۷۲,قروه,qorveh,personal-goods,child-apparel
۰۹۱۸۶۵۲۶۹۴۵,قروه,qorveh,personal-goods,child-apparel
۰۹۱۸۵۲۱۹۹۳۰,قروه,qorveh,personal-goods,child-apparel
۰۹۱۸۰۶۴۲۸۷۷,قروه,qorveh,personal-goods,child-apparel
۰۹۱۸۹۸۶۶۹۴۵,قروه,qorveh,personal-goods,child-apparel
۰۹۳۰۸۰۱۷۸۳۵,قروه,qorveh,personal-goods,child-apparel
۰۹۱۹۲۰۰۸۹۶۹,قروه,qorveh,personal-goods,child-apparel
۰۹۳۸۹۲۵۲۶۳۹,قروه,qorveh,personal-goods,child-apparel
۰۹۱۸۷۹۹۴۵۷۲,قروه,qorveh,personal-goods,child-apparel
۰۹۳۶۸۷۱۶۵۲۵,قروه,qorveh,personal-goods,child-apparel
۰۹۳۷۳۲۸۹۷۸۲,قروه,qorveh,personal-goods,child-apparel
۰۹۹۰۱۱۴۳۷۹۴,قروه,qorveh,personal-goods,child-products
۰۹۱۸۴۷۴۵۱۱۴,قروه,qorveh,personal-goods,child-products
۰۹۱۸۵۲۰۰۹۵۷,قروه,qorveh,personal-goods,child-products
۰۹۱۸۲۸۴۹۴۸۶,قروه,qorveh,personal-goods,child-products
۰۹۱۸۳۷۰۷۷۳۴,قروه,qorveh,personal-goods,child-products
۰۹۳۶۸۵۶۵۳۱۲,قروه,qorveh,personal-goods,child-products
۰۹۱۸۱۷۱۰۵۵۲,قروه,qorveh,personal-goods,child-products
(پنهان‌شده؛ چت کنید),قروه,qorveh,personal-goods,child-products
۰۹۳۷۳۴۰۲۰۶۷,قروه,qorveh,personal-goods,child-products
۰۹۳۷۳۴۰۲۰۶۷,قروه,qorveh,personal-goods,child-products
۰۹۳۹۹۶۳۸۶۹۴,قروه,qorveh,personal-goods,child-products
۰۹۳۹۴۹۷۸۵۳۵,قروه,qorveh,personal-goods,child-products
۰۹۱۸۴۰۵۵۵۹۳,قروه,qorveh,personal-goods,child-products
۰۹۱۸۳۷۰۴۹۰۸,قروه,qorveh,personal-goods,child-products
۰۹۱۸۶۵۱۹۶۳۴,قروه,qorveh,personal-goods,child-products
۰۹۰۱۵۷۶۵۸۷۸,قروه,qorveh,personal-goods,child-products
(پنهان‌شده؛ چت کنید),قروه,qorveh,personal-goods,stationery
۰۹۳۰۴۱۵۵۲۲۷,قروه,qorveh,personal-goods,stationery
۰۹۳۰۴۱۵۵۲۲۷,قروه,qorveh,personal-goods,stationery
۰۹۱۸۱۷۳۶۸۹۹,قروه,qorveh,personal-goods,stationery
۰۹۰۱۲۶۱۶۲۶۲,قروه,qorveh,personal-goods,stationery
۰۹۱۸۹۷۳۹۸۱۹,قروه,qorveh,personal-goods,stationery
۰۹۱۸۳۷۲۱۳۰۹,قروه,qorveh,personal-goods,stationery
۰۹۱۸۸۷۳۵۳۲۲,قروه,qorveh,personal-goods,stationery
(پنهان‌شده؛ چت کنید),قروه,qorveh,personal-goods,stationery
۰۹۱۰۴۵۷۶۹۵۰,قروه,qorveh,personal-goods,stationery
۰۹۳۸۵۳۵۲۰۳۹,قروه,qorveh,entertainment,publication
۰۹۱۸۲۶۹۴۴۰۸,قروه,qorveh,entertainment,publication
۰۹۳۹۲۳۷۴۶۰۰,قروه,qorveh,entertainment,publication
۰۹۳۹۲۳۷۴۶۰۰,قروه,qorveh,entertainment,publication
۰۹۱۸۰۰۴۱۴۶۵,قروه,qorveh,entertainment,publication
۰۹۱۸۶۵۲۲۶۷۸,قروه,qorveh,entertainment,publication
(پنهان‌شده؛ چت کنید),قروه,qorveh,entertainment,publication
۰۹۱۹۲۴۸۳۰۴۷,قروه,qorveh,entertainment,bike-skate-scooter
۰۹۰۳۶۷۵۸۰۴۱,قروه,qorveh,entertainment,bike-skate-scooter
۰۹۱۲۹۴۹۸۰۳۳,قروه,qorveh,entertainment,bike-skate-scooter
۰۹۳۵۸۸۶۹۴۸۸,قروه,qorveh,entertainment,bike-skate-scooter
۰۹۳۸۹۵۲۷۶۰۰,قروه,qorveh,entertainment,bike-skate-scooter
۰۹۹۱۰۱۶۹۱۴۰,قروه,qorveh,entertainment,bike-skate-scooter
۰۹۹۱۰۱۶۹۱۴۰,قروه,qorveh,entertainment,bike-skate-scooter
۰۹۹۱۰۱۶۹۱۴۰,قروه,qorveh,entertainment,bike-skate-scooter
۰۹۱۸۳۷۹۱۰۷۰,قروه,qorveh,entertainment,bike-skate-scooter
۰۹۱۸۴۵۱۳۶۹۳,قروه,qorveh,entertainment,bike-skate-scooter
۰۹۳۹۲۳۶۳۵۴۸,قروه,qorveh,entertainment,bike-skate-scooter
(پنهان‌شده؛ چت کنید),قروه,qorveh,entertainment,bike-skate-scooter
۰۹۰۳۱۰۱۶۱۳۳,قروه,qorveh,entertainment,bike-skate-scooter
(پنهان‌شده؛ چت کنید),قروه,qorveh,entertainment,bike-skate-scooter
۰۹۹۰۳۸۳۷۴۱۳,قروه,qorveh,entertainment,bike-skate-scooter
۰۹۱۰۰۹۷۳۳۸۳,قروه,qorveh,entertainment,bike-skate-scooter
۰۹۱۸۰۶۱۳۹۳۷,قروه,qorveh,entertainment,bike-skate-scooter
۰۹۱۰۹۴۵۸۳۹۹,قروه,qorveh,entertainment,bike-skate-scooter
۰۹۰۲۰۲۰۱۱۵۷,قروه,qorveh,entertainment,pets-animals
۰۹۹۱۶۸۱۵۷۸۰,قروه,qorveh,entertainment,pets-animals
(پنهان‌شده؛ چت کنید),قروه,qorveh,entertainment,pets-animals
۰۹۳۹۷۵۰۰۶۲۲,قروه,qorveh,entertainment,pets-animals
۰۹۱۸۹۸۰۱۷۵۶,قروه,qorveh,entertainment,pets-animals
۰۹۱۸۹۷۲۴۳۹۴,قروه,qorveh,entertainment,pets-animals
۰۹۱۸۱۷۳۵۳۸۷,قروه,qorveh,entertainment,pets-animals
۰۹۱۸۷۷۲۰۸۸۲,قروه,qorveh,entertainment,pets-animals
۰۹۱۸۹۸۰۱۲۶۷,قروه,qorveh,entertainment,pets-animals
۰۹۱۸۰۵۱۱۵۶۱,قروه,qorveh,entertainment,pets-animals
۰۹۰۱۲۸۴۸۹۸۵,قروه,qorveh,entertainment,pets-animals
۰۹۱۸۲۰۷۹۴۸۱,قروه,qorveh,entertainment,pets-animals
۰۹۳۶۹۴۶۵۶۴۲,قروه,qorveh,entertainment,pets-animals
(پنهان‌شده؛ چت کنید),قروه,qorveh,entertainment,pets-animals
۰۹۱۸۲۸۳۸۵۸۳,قروه,qorveh,entertainment,pets-animals
(پنهان‌شده؛ چت کنید),قروه,qorveh,entertainment,pets-animals
۰۹۰۱۴۶۲۷۰۹۷,قروه,qorveh,entertainment,pets-animals
۰۹۰۱۶۴۰۵۹۶۱,قروه,qorveh,entertainment,pets-animals
۰۹۱۸۲۰۷۲۶۴۰,قروه,qorveh,entertainment,pets-animals
۰۹۱۸۶۰۷۹۰۴۸,قروه,qorveh,entertainment,pets-animals
۰۹۳۳۰۹۷۲۷۸۸,قروه,qorveh,entertainment,pets-animals
۰۹۳۷۲۸۱۲۸۷۴,قروه,qorveh,entertainment,pets-animals
۰۹۳۳۰۹۷۲۷۸۸,قروه,qorveh,entertainment,pets-animals
۰۹۳۳۶۳۱۳۶۸۱,قروه,qorveh,entertainment,pets-animals
۰۹۲۲۶۰۰۸۷۰۹,قروه,qorveh,entertainment,pets-animals
(پنهان‌شده؛ چت کنید),قروه,qorveh,entertainment,pets-animals
۰۹۱۸۷۸۶۷۳۱۳,قروه,qorveh,entertainment,pets-animals
(پنهان‌شده؛ چت کنید),قروه,qorveh,entertainment,pets-animals
(پنهان‌شده؛ چت کنید),قروه,qorveh,entertainment,pets-animals
۰۹۱۸۶۵۵۶۵۲۶,قروه,qorveh,entertainment,pets-animals
(پنهان‌شده؛ چت کنید),قروه,qorveh,entertainment,pets-animals
۰۹۰۲۸۷۱۴۶۰۸,قروه,qorveh,entertainment,pets-animals
(پنهان‌شده؛ چت کنید),قروه,qorveh,entertainment,pets-animals
۰۹۰۱۰۱۰۱۵۱۴,قروه,qorveh,entertainment,pets-animals
۰۹۳۵۹۱۶۰۸۸۵,قروه,qorveh,entertainment,pets-animals
(پنهان‌شده؛ چت کنید),قروه,qorveh,entertainment,pets-animals
۰۹۱۸۷۷۱۷۶۵۵,قروه,qorveh,entertainment,pets-animals
۰۹۱۸۲۸۴۲۸۳۰,قروه,qorveh,entertainment,pets-animals
۰۹۱۸۴۱۸۵۰۱۱,قروه,qorveh,entertainment,pets-animals
۰۹۱۸۷۰۲۹۹۲۶,قروه,qorveh,entertainment,pets-animals
۰۹۰۱۷۳۴۲۱۶۲,قروه,qorveh,entertainment,pets-animals
۰۹۰۲۵۹۹۵۷۲۸,قروه,qorveh,entertainment,pets-animals
۰۹۳۳۲۱۹۲۰۱۶,قروه,qorveh,entertainment,pets-animals
۰۹۱۸۲۸۳۹۶۸۸,قروه,qorveh,entertainment,pets-animals
۰۹۱۸۶۴۷۸۰۴۲,قروه,qorveh,entertainment,pets-animals
۰۹۳۳۰۶۸۸۲۹۱,قروه,qorveh,entertainment,pets-animals
(پنهان‌شده؛ چت کنید),قروه,qorveh,entertainment,pets-animals
۰۹۳۰۹۴۶۲۴۲۱,قروه,qorveh,entertainment,collecting
۰۹۱۰۹۷۹۶۴۵۴,قروه,qorveh,entertainment,collecting
۰۹۳۰۱۲۲۱۲۵۴,قروه,qorveh,entertainment,musical-instruments
۰۹۳۰۱۲۲۱۲۵۴,قروه,qorveh,entertainment,musical-instruments
۰۹۰۳۵۱۸۹۰۷۷,قروه,qorveh,entertainment,musical-instruments
۰۹۰۱۰۴۹۲۲۳۸,قروه,qorveh,entertainment,musical-instruments
۰۹۱۹۲۴۸۳۰۴۷,قروه,qorveh,entertainment,sport-entertainment
۰۹۳۰۳۷۳۵۸۱۲,قروه,qorveh,entertainment,sport-entertainment
۰۹۱۸۷۸۳۸۵۳۵,قروه,qorveh,entertainment,sport-entertainment
۰۹۱۸۹۷۲۴۳۹۴,قروه,qorveh,entertainment,sport-entertainment
۰۹۱۸۴۹۹۷۵۱۲,قروه,qorveh,entertainment,sport-entertainment
۰۹۱۸۴۱۷۰۱۶۰,قروه,qorveh,entertainment,sport-entertainment
۰۹۱۸۹۷۳۹۸۱۹,قروه,qorveh,entertainment,sport-entertainment
(پنهان‌شده؛ چت کنید),قروه,qorveh,entertainment,sport-entertainment
۰۹۱۸۹۸۱۰۸۵۰,قروه,qorveh,entertainment,sport-entertainment
۰۹۳۹۷۳۹۷۵۲۷,قروه,qorveh,entertainment,sport-entertainment
۰۹۱۲۲۷۵۲۵۸۰,قروه,qorveh,entertainment,sport-entertainment
۰۹۱۸۶۵۵۵۵۳۶,قروه,qorveh,entertainment,sport-entertainment
۰۹۱۸۶۹۱۸۵۹۵,قروه,qorveh,entertainment,sport-entertainment
۰۹۱۹۰۷۰۱۳۷۹,قروه,qorveh,entertainment,sport-entertainment
۰۹۰۵۰۷۸۸۰۸۹,قروه,qorveh,entertainment,sport-entertainment
۰۹۱۸۹۸۲۳۹۸۵,قروه,qorveh,entertainment,sport-entertainment
۰۹۱۸۵۳۷۵۰۰۳,قروه,qorveh,entertainment,sport-entertainment
۰۹۹۱۵۲۸۴۶۹۵,قروه,qorveh,social-services,event
(پنهان‌شده؛ چت کنید),قروه,qorveh,social-services,missing
۰۹۱۰۷۸۳۸۸۵۷,قروه,qorveh,social-services,missing
۰۹۱۸۲۷۱۹۰۱۹,قروه,qorveh,social-services,missing
۰۹۲۱۵۰۹۶۴۲۶,قروه,qorveh,social-services,missing
۰۹۹۱۸۳۲۳۱۰۳,قروه,qorveh,social-services,missing
۰۹۱۸۵۹۷۷۴۳۳,قروه,qorveh,social-services,missing
۰۹۱۸۹۶۹۴۸۵۹,قروه,qorveh,social-services,missing
۰۹۱۸۷۶۹۳۷۵۵,قروه,qorveh,social-services,missing
۰۹۱۸۹۷۷۰۳۱۱,قروه,qorveh,social-services,missing
۰۹۱۸۸۷۱۲۵۰۶,قروه,qorveh,social-services,missing
۰۹۱۸۶۰۷۳۰۸۶,قروه,qorveh,businesses,business-equipment
(پنهان‌شده؛ چت کنید),قروه,qorveh,businesses,business-equipment
۰۹۳۹۵۵۹۳۱۳۰,قروه,qorveh,businesses,business-equipment
(پنهان‌شده؛ چت کنید),قروه,qorveh,businesses,business-equipment
(پنهان‌شده؛ چت کنید),قروه,qorveh,businesses,business-equipment
۰۹۱۸۰۸۷۳۳۵۸,قروه,qorveh,businesses,business-equipment
۰۹۳۹۳۳۱۳۳۵۱,قروه,qorveh,businesses,business-equipment
۰۹۱۸۳۸۱۳۹۹۰,قروه,qorveh,businesses,business-equipment
۰۹۱۸۸۷۱۳۱۱۶,قروه,qorveh,businesses,business-equipment
۰۹۱۸۸۷۱۳۱۱۶,قروه,qorveh,businesses,business-equipment
۰۹۱۸۵۱۶۷۶۴۰,قروه,qorveh,businesses,business-equipment
۰۹۳۷۵۳۱۸۷۹۷,قروه,qorveh,businesses,business-equipment
۰۹۹۱۱۵۰۲۰۹۶,قروه,qorveh,businesses,business-equipment
۰۹۳۷۵۰۰۵۱۹۶,قروه,qorveh,businesses,business-equipment
۰۹۱۸۷۰۷۳۱۴۱,قروه,qorveh,businesses,business-equipment
۰۹۳۷۶۱۵۸۹۳۱,قروه,qorveh,businesses,business-equipment
۰۹۱۸۷۸۴۵۲۶۱,قروه,qorveh,businesses,business-equipment
۰۹۱۸۶۵۹۲۸۰۹,قروه,qorveh,businesses,business-equipment
۰۹۱۸۹۲۵۶۱۰۰,قروه,qorveh,businesses,business-equipment
(پنهان‌شده؛ چت کنید),قروه,qorveh,businesses,business-equipment
۰۹۳۵۲۷۹۳۰۳۰,قروه,qorveh,businesses,business-equipment
۰۹۱۸۷۸۳۸۶۳۸,قروه,qorveh,businesses,business-equipment
۰۹۳۹۲۸۹۱۹۱۹,قروه,qorveh,businesses,business-equipment
(پنهان‌شده؛ چت کنید),قروه,qorveh,businesses,business-equipment
۰۹۰۱۷۶۰۴۶۱۴,قروه,qorveh,businesses,business-equipment
۰۹۱۸۴۵۱۸۲۷۱,قروه,qorveh,businesses,business-equipment
۰۹۱۸۲۴۹۷۴۷۶,قروه,qorveh,businesses,business-equipment
۰۹۱۸۴۳۹۸۳۰۲,قروه,qorveh,businesses,business-equipment
۰۹۱۸۳۸۱۳۶۴۱,قروه,qorveh,businesses,business-equipment
۰۹۱۴۴۵۳۴۹۱۲,قروه,qorveh,businesses,business-equipment
۰۹۱۸۰۶۱۸۶۱۹,قروه,qorveh,businesses,business-equipment
۰۹۱۹۵۹۸۳۹۷۰,قروه,qorveh,businesses,business-equipment
۰۹۳۸۶۵۹۷۶۳۳,قروه,qorveh,businesses,business-equipment
۰۹۰۱۲۹۴۸۹۴۳,قروه,qorveh,businesses,business-equipment
۰۹۳۶۴۸۵۷۶۸۳,قروه,qorveh,businesses,business-equipment
۰۹۹۰۲۱۹۶۸۶۲,قروه,qorveh,businesses,business-equipment
(پنهان‌شده؛ چت کنید),قروه,qorveh,businesses,business-equipment
۰۹۱۸۹۷۳۹۸۳۶,قروه,qorveh,businesses,business-equipment
۰۹۱۸۹۱۴۷۹۳۳,قروه,qorveh,businesses,business-equipment
۰۹۱۸۴۰۰۹۵۹۰,قروه,qorveh,businesses,business-equipment
۰۹۳۹۷۴۵۷۲۹۲,قروه,qorveh,businesses,business-equipment
۰۹۱۸۶۵۵۵۰۸۱,قروه,qorveh,businesses,business-equipment
۰۹۱۸۱۷۰۶۵۸۵,قروه,qorveh,businesses,business-equipment
۰۹۱۸۷۷۳۰۲۷۳,قروه,qorveh,businesses,business-equipment
۰۹۱۸۷۷۳۰۲۷۳,قروه,qorveh,businesses,business-equipment
۰۹۱۸۹۷۱۷۱۳۸,قروه,qorveh,businesses,business-equipment
۰۹۱۸۸۷۷۸۳۹۵,قروه,qorveh,businesses,business-equipment
۰۹۱۸۶۶۷۹۷۲۸,قروه,qorveh,businesses,business-equipment
۰۹۱۸۲۱۲۰۴۹۳,قروه,qorveh,businesses,business-equipment
۰۹۱۲۳۵۴۵۸۲۱,قروه,qorveh,businesses,business-equipment
۰۹۳۵۹۲۷۳۲۳۲,قروه,qorveh,businesses,business-equipment
۰۹۳۵۹۲۷۳۳۲۸,قروه,qorveh,businesses,business-equipment
۰۹۱۲۱۷۸۷۹۶۶,قروه,qorveh,businesses,business-equipment
۰۹۰۵۶۱۷۶۵۱۹,قروه,qorveh,businesses,business-equipment
۰۹۱۸۲۳۰۸۱۰۰,قروه,qorveh,businesses,business-equipment
۰۹۱۹۸۲۷۶۵۸۱,قروه,qorveh,businesses,business-equipment
۰۹۳۵۹۳۹۶۲۱۹,قروه,qorveh,businesses,business-equipment
۰۹۹۲۴۹۰۹۳۶۹,قروه,qorveh,businesses,business-equipment
۰۹۰۲۰۵۵۲۳۰۴,قروه,qorveh,businesses,business-equipment
۰۹۰۵۵۹۴۲۰۸۹,قروه,qorveh,businesses,business-equipment
۰۹۹۲۴۹۶۴۶۷۹,قروه,qorveh,businesses,business-equipment
۰۹۳۵۲۶۰۳۱۲۰,قروه,qorveh,businesses,business-equipment
۰۹۳۳۷۰۲۸۷۹۱,قروه,qorveh,businesses,business-equipment
۰۹۱۸۳۸۱۳۹۹۰,قروه,qorveh,businesses,business-equipment
۰۹۳۵۹۷۰۳۴۷۴,قروه,qorveh,businesses,business-equipment
۰۹۳۷۹۹۴۳۶۹۰,قروه,qorveh,businesses,business-equipment
۰۹۱۸۳۷۲۲۰۸۲,قروه,qorveh,businesses,business-equipment
(پنهان‌شده؛ چت کنید),قروه,qorveh,businesses,business-equipment
۰۹۱۸۸۷۷۸۵۱۷,قروه,qorveh,businesses,business-equipment
۰۹۱۶۷۱۱۳۲۶۱,قروه,qorveh,businesses,business-equipment
۰۹۳۰۷۸۸۱۷۷۲,قروه,qorveh,businesses,business-equipment
۰۹۳۶۱۰۹۳۷۸۰,قروه,qorveh,businesses,business-equipment
۰۹۱۸۹۷۳۲۰۲۳,قروه,qorveh,businesses,wholesale
۰۹۱۸۹۷۰۵۵۹۵,قروه,qorveh,businesses,wholesale
(پنهان‌شده؛ چت کنید),قروه,qorveh,businesses,wholesale
۰۹۱۸۶۵۱۹۱۲۵,قروه,qorveh,businesses,wholesale
۰۹۱۸۸۷۲۸۳۶۶,قروه,qorveh,businesses,wholesale
۰۹۱۸۹۸۰۵۴۳۹,قروه,qorveh,businesses,wholesale
۰۹۱۸۴۵۸۱۷۱۳,قروه,qorveh,businesses,wholesale
۰۹۱۸۵۷۷۰۲۲۷,قروه,qorveh,businesses,wholesale
۰۹۹۱۵۷۸۹۶۹۳,قروه,qorveh,businesses,wholesale
۰۹۱۸۳۷۰۵۱۵۴,قروه,qorveh,businesses,wholesale
۰۹۱۸۳۷۰۹۵۹۹,قروه,qorveh,businesses,wholesale
۰۹۳۸۲۲۹۴۷۹۱,قروه,qorveh,businesses,wholesale
۰۹۲۲۱۹۹۵۴۸۳,قروه,qorveh,businesses,wholesale
۰۹۰۱۱۷۷۳۴۵۷,قروه,qorveh,businesses,wholesale
۰۹۳۶۶۹۸۳۳۲۷,قروه,qorveh,businesses,wholesale
۰۹۹۱۷۲۸۵۵۶۱,قروه,qorveh,businesses,wholesale
۰۹۱۸۷۱۹۴۷۰۸,قروه,qorveh,businesses,wholesale
۰۹۱۸۰۱۲۱۸۴۲,قروه,qorveh,businesses,wholesale
۰۹۳۰۹۲۹۷۴۴۲,قروه,qorveh,businesses,wholesale
۰۹۱۸۲۷۲۵۲۵۶,قروه,qorveh,businesses,wholesale
۰۹۱۱۵۱۳۴۱۶۹,قروه,qorveh,businesses,wholesale
۰۹۱۸۷۷۳۰۴۲۱,قروه,qorveh,businesses,wholesale
۰۹۳۰۹۰۸۹۳۹۱,قروه,qorveh,businesses,wholesale
۰۹۱۹۹۱۶۲۰۱۹,قروه,qorveh,businesses,wholesale
۰۹۱۸۱۷۳۷۸۰۷,قروه,qorveh,businesses,wholesale
۰۹۳۸۵۱۰۱۹۳۴,قروه,qorveh,businesses,wholesale
۰۹۳۶۱۰۴۱۴۹۹,قروه,qorveh,businesses,wholesale
۰۹۱۲۰۵۸۶۸۵۱,قروه,qorveh,businesses,wholesale
۰۹۳۰۹۶۳۰۸۸۲,قروه,qorveh,businesses,wholesale
(پنهان‌شده؛ چت کنید),قروه,qorveh,businesses,wholesale
(پنهان‌شده؛ چت کنید),قروه,qorveh,businesses,wholesale
۰۹۱۸۸۸۱۳۳۸۵,قروه,qorveh,businesses,wholesale
۰۹۱۸۹۰۹۲۹۰۱,قروه,qorveh,businesses,wholesale
۰۹۱۸۷۸۲۹۲۱۶,قروه,qorveh,businesses,wholesale
۰۹۱۸۷۸۲۳۳۴۷,قروه,qorveh,businesses,wholesale
۰۹۰۳۸۲۰۵۸۹۹,قروه,qorveh,businesses,wholesale
۰۹۳۸۵۲۰۳۶۵۳,قروه,qorveh,businesses,wholesale
۰۹۱۸۷۹۰۱۷۳۷,قروه,qorveh,businesses,wholesale
(پنهان‌شده؛ چت کنید),قروه,qorveh,businesses,wholesale
۰۹۱۸۳۷۱۸۹۸۶,قروه,qorveh,businesses,wholesale
۰۹۱۸۳۸۱۸۱۲۲,قروه,qorveh,businesses,wholesale
۰۹۱۸۳۸۳۵۹۹۱,قروه,qorveh,businesses,wholesale
۰۹۱۸۴۵۶۸۳۷۱,قروه,qorveh,businesses,wholesale
۰۹۳۳۰۶۸۸۲۹۱,قروه,qorveh,businesses,wholesale
۰۹۳۶۷۲۰۰۹۵۳,قروه,qorveh,businesses,wholesale
۰۹۰۳۱۷۹۶۵۳۱,قروه,qorveh,businesses,wholesale
۰۹۱۸۹۱۳۶۰۷۲,قروه,qorveh,businesses,wholesale
۰۹۱۱۵۲۴۴۹۹۳,قروه,qorveh,businesses,wholesale
۰۹۳۳۰۶۸۸۲۹۱,قروه,qorveh,businesses,wholesale
۰۹۱۲۳۵۴۵۸۲۱,قروه,qorveh,businesses,wholesale
۰۹۰۳۸۲۰۵۸۹۹,قروه,qorveh,businesses,wholesale
۰۹۹۰۳۸۳۷۴۱۳,قروه,qorveh,businesses,wholesale
۰۹۰۳۸۷۶۸۱۱۵,قروه,qorveh,businesses,wholesale
۰۹۳۷۵۰۶۴۰۷۸,قروه,qorveh,businesses,wholesale
۰۹۰۱۷۰۱۱۰۴۱,قروه,qorveh,businesses,wholesale
۰۹۱۸۷۸۳۸۶۳۸,قروه,qorveh,businesses,wholesale
۰۹۱۸۷۷۰۵۷۵۹,قروه,qorveh,businesses,wholesale
۰۹۳۶۲۹۶۴۱۶۱,قروه,qorveh,businesses,wholesale
۰۹۱۸۳۷۲۷۶۹۴,قروه,qorveh,businesses,wholesale
۰۹۱۸۴۱۶۱۶۳۳,قروه,qorveh,businesses,wholesale
۰۹۱۸۵۰۸۰۹۹۷,قروه,qorveh,businesses,wholesale
۰۹۳۶۱۰۴۱۴۹۹,قروه,qorveh,businesses,wholesale
۰۹۳۳۶۳۱۲۸۳۰,قروه,qorveh,businesses,wholesale
۰۹۳۸۵۲۰۳۶۵۳,قروه,qorveh,businesses,wholesale
۰۹۰۵۳۰۷۹۴۵۹,قروه,qorveh,businesses,wholesale
۰۹۱۸۳۷۸۸۲۱۳,قروه,qorveh,businesses,wholesale
۰۹۳۳۰۴۹۰۰۵۸,قروه,qorveh,businesses,wholesale
۰۹۱۸۹۷۰۵۱۶۸,قروه,qorveh,businesses,wholesale
۰۹۱۸۹۸۰۸۲۸۹,قروه,qorveh,businesses,wholesale
