۰۹۱۳۱۸۱۳۹۰۶,شهرکرد,shahrekord,jobs,administrative-jobs
۰۹۱۳۲۸۵۷۶۹۹,شهرکرد,shahrekord,jobs,administrative-jobs
۰۹۳۳۷۰۵۷۷۴۶,شهرکرد,shahrekord,jobs,administrative-jobs
۰۹۰۵۲۴۸۳۵۴۲,شهرکرد,shahrekord,jobs,administrative-jobs
۰۹۰۵۲۴۸۳۵۴۲,شهرکرد,shahrekord,jobs,administrative-jobs
۰۹۱۳۲۸۰۷۳۱۲,شهرکرد,shahrekord,jobs,administrative-jobs
۰۹۳۷۴۵۱۵۳۶۰,شهرکرد,shahrekord,jobs,administrative-jobs
۰۹۰۲۳۱۹۰۱۵۰,شهرکرد,shahrekord,jobs,janitorial-jobs
۰۹۰۳۰۴۳۶۵۸۶,شهرکرد,shahrekord,jobs,janitorial-jobs
۰۹۱۳۰۵۷۱۰۰۸,شهرکرد,shahrekord,jobs,architect-jobs
۰۹۱۳۸۸۰۰۴۶۴,شهرکرد,shahrekord,jobs,architect-jobs
۰۹۱۳۹۸۲۶۰۰۱,شهرکرد,shahrekord,jobs,architect-jobs
۰۹۱۴۰۲۲۰۰۴۶,شهرکرد,shahrekord,jobs,architect-jobs
۰۹۱۹۹۳۵۵۰۳۷,شهرکرد,shahrekord,jobs,architect-jobs
۰۹۱۷۲۰۳۶۸۰۰,شهرکرد,shahrekord,jobs,architect-jobs
(پنهان‌شده؛ چت کنید),شهرکرد,shahrekord,jobs,service-jobs
۰۹۹۱۰۵۴۳۹۵۲,شهرکرد,shahrekord,jobs,service-jobs
۰۹۱۳۹۷۸۷۲۵۹,شهرکرد,shahrekord,jobs,service-jobs
۰۹۱۳۱۸۲۰۹۲۲,شهرکرد,shahrekord,jobs,service-jobs
۰۹۳۵۵۰۰۱۷۰۶,شهرکرد,shahrekord,jobs,service-jobs
۰۹۳۹۴۵۵۲۰۴۰,شهرکرد,shahrekord,jobs,service-jobs
۰۹۱۰۰۷۷۸۸۱۱,شهرکرد,shahrekord,jobs,service-jobs
۰۹۱۳۰۰۵۲۰۶۰,شهرکرد,shahrekord,jobs,service-jobs
۰۹۱۳۸۸۵۶۳۰۳,شهرکرد,shahrekord,jobs,service-jobs
۰۹۳۳۱۸۴۶۲۲۰,شهرکرد,shahrekord,jobs,service-jobs
۰۹۳۸۷۰۱۰۴۴۲,شهرکرد,shahrekord,jobs,service-jobs
۰۹۱۲۸۵۸۱۳۸۰,شهرکرد,shahrekord,jobs,service-jobs
۰۹۲۲۰۹۵۷۴۶۳,شهرکرد,shahrekord,jobs,it-computer-jobs
۰۹۹۱۳۱۴۸۲۵۴,شهرکرد,shahrekord,jobs,finance-legal-jobs
۰۹۹۲۶۵۵۳۶۹۸,شهرکرد,shahrekord,jobs,finance-legal-jobs
۰۹۹۰۳۲۳۱۹۶۳,شهرکرد,shahrekord,jobs,finance-legal-jobs
۰۹۱۳۵۹۳۲۵۵۰,شهرکرد,shahrekord,jobs,marketing-jobs
۰۹۱۳۱۸۵۸۷۱۴,شهرکرد,shahrekord,jobs,marketing-jobs
۰۹۳۳۸۷۴۶۸۴۲,شهرکرد,shahrekord,jobs,marketing-jobs
۰۹۳۰۲۷۹۳۵۷۱,شهرکرد,shahrekord,jobs,marketing-jobs
۰۹۹۰۳۲۰۱۰۳۸,شهرکرد,shahrekord,jobs,marketing-jobs
۰۹۱۳۱۸۳۴۶۴۴,شهرکرد,shahrekord,jobs,marketing-jobs
۰۹۱۲۰۷۰۹۵۳۲,شهرکرد,shahrekord,jobs,marketing-jobs
۰۹۱۳۹۷۸۲۰۸۸,شهرکرد,shahrekord,jobs,marketing-jobs
(پنهان‌شده؛ چت کنید),شهرکرد,shahrekord,jobs,marketing-jobs
۰۹۱۶۲۳۳۸۹۵۸,شهرکرد,shahrekord,jobs,marketing-jobs
۰۹۱۳۶۴۲۱۲۳۷,شهرکرد,shahrekord,jobs,marketing-jobs
۰۹۱۳۰۲۳۰۱۰۱,شهرکرد,shahrekord,jobs,marketing-jobs
۰۹۱۳۳۶۸۷۳۸۸,شهرکرد,shahrekord,jobs,marketing-jobs
۰۹۱۳۳۸۹۷۵۶۷,شهرکرد,shahrekord,jobs,marketing-jobs
۰۹۱۳۳۸۰۷۷۸۹,شهرکرد,shahrekord,jobs,marketing-jobs
۰۹۱۳۲۶۹۶۰۹۰,شهرکرد,shahrekord,jobs,marketing-jobs
۰۹۳۰۳۰۱۱۵۶۶,شهرکرد,shahrekord,jobs,marketing-jobs
۰۹۱۷۴۹۳۰۴۹۵,شهرکرد,shahrekord,jobs,marketing-jobs
۰۹۳۶۱۸۳۶۰۷۱,شهرکرد,shahrekord,jobs,marketing-jobs
۰۹۱۲۵۷۸۰۰۴۶,شهرکرد,shahrekord,jobs,marketing-jobs
۰۹۳۳۱۵۵۲۰۰۴,شهرکرد,shahrekord,jobs,marketing-jobs
۰۹۱۳۷۰۷۳۸۶۸,شهرکرد,shahrekord,jobs,marketing-jobs
۰۹۱۳۷۰۷۳۸۶۸,شهرکرد,shahrekord,jobs,marketing-jobs
۰۹۰۳۹۴۱۳۱۹۹,شهرکرد,shahrekord,jobs,marketing-jobs
۰۹۱۳۲۸۰۲۱۹۶,شهرکرد,shahrekord,jobs,marketing-jobs
۰۹۱۹۶۸۲۶۱۳۱,شهرکرد,shahrekord,jobs,marketing-jobs
۰۹۱۳۱۸۵۸۷۱۴,شهرکرد,shahrekord,jobs,marketing-jobs
۰۹۰۳۶۵۹۴۲۰۰,شهرکرد,shahrekord,jobs,marketing-jobs
۰۹۱۳۳۳۶۴۵۱۶,شهرکرد,shahrekord,jobs,marketing-jobs
۰۹۹۱۳۷۵۰۷۳۲,شهرکرد,shahrekord,jobs,marketing-jobs
۰۹۱۳۴۸۰۰۶۹۳,شهرکرد,shahrekord,jobs,marketing-jobs
۰۹۳۶۸۴۶۲۵۱۱,شهرکرد,shahrekord,jobs,technical-jobs
۰۹۳۷۰۰۹۰۰۳۴,شهرکرد,shahrekord,jobs,technical-jobs
۰۹۱۹۳۱۶۰۱۹۸,شهرکرد,shahrekord,jobs,technical-jobs
۰۹۱۶۱۳۰۰۰۰۰,شهرکرد,shahrekord,jobs,technical-jobs
۰۹۱۲۳۳۲۸۴۴۳,شهرکرد,shahrekord,jobs,technical-jobs
۰۹۱۳۳۸۲۷۲۸۸,شهرکرد,shahrekord,jobs,technical-jobs
۰۹۳۰۲۴۵۸۰۵۸,شهرکرد,shahrekord,jobs,technical-jobs
۰۹۹۱۳۷۵۵۳۴۳,شهرکرد,shahrekord,jobs,technical-jobs
۰۹۱۳۲۸۸۲۱۳۳,شهرکرد,shahrekord,jobs,technical-jobs
۰۹۱۳۵۹۱۰۸۹۸,شهرکرد,shahrekord,jobs,teaching-jobs
۰۹۱۳۹۸۵۲۲۴۸,شهرکرد,shahrekord,jobs,teaching-jobs
۰۹۱۳۱۸۱xxxx,شهرکرد,shahrekord,jobs,transport-delivery-jobs
۰۹۳۵۶۵۸xxxx,شهرکرد,shahrekord,jobs,transport-delivery-jobs
۰۹۱۳۱۸۵۳۹۱۸,شهرکرد,shahrekord,jobs,transport-delivery-jobs
۰۹۱۲۷۱۶۱۶۶۷,شهرکرد,shahrekord,jobs,health-beauty-jobs
۰۹۳۸۳۱۱۶۷۷۷,شهرکرد,shahrekord,jobs,health-beauty-jobs
۰۹۱۳۰۸۴۲۹۱۹,شهرکرد,shahrekord,jobs,art-media-jobs
۰۹۱۳۷۷۳۳۵۷۵,شهرکرد,shahrekord,jobs,art-media-jobs
۰۹۱۳۲۸۰۶۴۱۹,شهرکرد,shahrekord,real-estate,buy-residential
۰۹۰۱۴۳۸۵۱۷۹,شهرکرد,shahrekord,real-estate,buy-residential
۰۹۱۳۳۸۰۷۶۳۵,شهرکرد,shahrekord,real-estate,buy-residential
۰۹۱۳۳۸۰۹۱۸۶,شهرکرد,shahrekord,real-estate,buy-residential
۰۹۳۳۰۵۴۲۵۴۰,شهرکرد,shahrekord,real-estate,buy-residential
۰۹۱۳۶۳۰۸۸۷۴,شهرکرد,shahrekord,real-estate,buy-residential
۰۹۱۴۰۷۸۳۳۰۵,شهرکرد,shahrekord,real-estate,buy-residential
۰۹۱۳۷۰۱۱۸۷۰,شهرکرد,shahrekord,real-estate,buy-residential
۰۹۳۳۷۸۶۲۴۱۵,شهرکرد,shahrekord,real-estate,buy-residential
۰۹۳۳۷۸۶۲۴۱۵,شهرکرد,shahrekord,real-estate,buy-residential
۰۹۳۳۷۸۶۲۴۱۵,شهرکرد,shahrekord,real-estate,buy-residential
۰۹۱۴۰۷۹۵۶۲۰,شهرکرد,shahrekord,real-estate,buy-residential
۰۹۳۶۱۳۶۳۴۴۶,شهرکرد,shahrekord,real-estate,buy-residential
۰۹۱۴۰۸۵۱۶۵۰,شهرکرد,shahrekord,real-estate,buy-residential
۰۹۱۳۵۹۲۷۱۰۰,شهرکرد,shahrekord,real-estate,buy-residential
۰۹۱۳۸۷۹۲۲۴۶,شهرکرد,shahrekord,real-estate,buy-residential
۰۹۱۳۲۸۹۱۱۵۲,شهرکرد,shahrekord,real-estate,buy-residential
۰۹۱۳۹۷۷۸۴۰۰,شهرکرد,shahrekord,real-estate,buy-residential
۰۹۱۳۹۸۱۵۶۰۸,شهرکرد,shahrekord,real-estate,buy-residential
۰۹۱۴۰۷۶۷۵۱۵,شهرکرد,shahrekord,real-estate,buy-residential
۰۹۱۳۵۹۲۵۴۶۴,شهرکرد,shahrekord,real-estate,buy-residential
۰۹۱۳۱۸۴۹۸۴۷,شهرکرد,shahrekord,real-estate,buy-residential
۰۹۱۲۹۴۵۴۱۲۲,شهرکرد,shahrekord,real-estate,buy-residential
۰۹۳۸۵۱۵۱۱۸۰,شهرکرد,shahrekord,real-estate,buy-residential
۰۹۲۲۷۴۰۸۵۹۰,شهرکرد,shahrekord,real-estate,buy-residential
۰۹۱۳۱۸۳۱۷۱۳,شهرکرد,shahrekord,real-estate,buy-residential
۰۹۱۳۱۸۱۱۴۲۳,شهرکرد,shahrekord,real-estate,buy-residential
۰۹۳۳۹۹۱۲۴۹۳,شهرکرد,shahrekord,real-estate,buy-residential
۰۹۱۶۹۱۹۴۱۰۲,شهرکرد,shahrekord,real-estate,buy-residential
۰۹۱۳۰۰۵۹۵۳۷,شهرکرد,shahrekord,real-estate,buy-residential
۰۹۱۹۹۰۵۰۰۲۹,شهرکرد,shahrekord,real-estate,buy-residential
۰۹۱۳۶۸۶۵۲۴۰,شهرکرد,shahrekord,real-estate,buy-residential
۰۹۲۱۱۸۵۸۸۰۹,شهرکرد,shahrekord,real-estate,buy-residential
۰۹۱۳۹۶۵۶۱۱۸,شهرکرد,shahrekord,real-estate,buy-residential
۰۹۹۱۰۶۰۳۳۱۴,شهرکرد,shahrekord,real-estate,buy-residential
۰۹۳۰۴۵۴۹۵۶۸,شهرکرد,shahrekord,real-estate,buy-residential
۰۹۳۹۴۸۸۰۶۷۴,شهرکرد,shahrekord,real-estate,buy-residential
۰۹۹۲۰۷۲۱۰۷۵,شهرکرد,shahrekord,real-estate,buy-residential
۰۹۳۳۸۸۳۸۳۸۵,شهرکرد,shahrekord,real-estate,buy-residential
۰۹۱۳۹۸۲۷۳۴۹,شهرکرد,shahrekord,real-estate,buy-residential
۰۹۰۳۹۸۲۸۳۹۸,شهرکرد,shahrekord,real-estate,buy-residential
۰۹۱۴۰۱۹۹۴۴۶,شهرکرد,shahrekord,real-estate,buy-residential
۰۹۱۲۰۳۳۷۳۲۳,شهرکرد,shahrekord,real-estate,buy-residential
۰۹۱۳۸۸۳۴۹۲۱,شهرکرد,shahrekord,real-estate,buy-residential
۰۹۳۷۰۴۲۷۰۲۲,شهرکرد,shahrekord,real-estate,buy-residential
۰۹۰۵۵۰۵۴۴۸۸,شهرکرد,shahrekord,real-estate,buy-residential
۰۹۱۴۰۸۲۲۸۰۰,شهرکرد,shahrekord,real-estate,buy-residential
۰۹۱۳۸۱۴۳۵۹۲,شهرکرد,shahrekord,real-estate,buy-residential
۰۹۱۳۴۸۴۴۴۷۵,شهرکرد,shahrekord,real-estate,buy-residential
۰۹۱۳۲۸۷۷۷۲۸,شهرکرد,shahrekord,real-estate,buy-residential
۰۹۱۳۹۷۷۷۴۴۲,شهرکرد,shahrekord,real-estate,buy-residential
۰۹۱۳۵۷۸۲۳۵۸,شهرکرد,shahrekord,real-estate,buy-residential
۰۹۱۳۹۸۶۹۸۶۹,شهرکرد,shahrekord,real-estate,buy-residential
۰۹۱۳۳۸۱۵۷۹۵,شهرکرد,shahrekord,real-estate,buy-residential
۰۹۱۳۳۸۴۱۶۶۷,شهرکرد,shahrekord,real-estate,buy-residential
۰۹۱۳۲۸۴۸۸۲۷,شهرکرد,shahrekord,real-estate,buy-residential
۰۹۳۵۱۱۰۳۳۴۹,شهرکرد,shahrekord,real-estate,buy-residential
۰۹۰۳۰۶۸۱۲۷۴,شهرکرد,shahrekord,real-estate,buy-residential
۰۹۱۳۱۸۳۱۱۳۰,شهرکرد,shahrekord,real-estate,buy-residential
۰۹۱۳۳۸۲۳۶۵۸,شهرکرد,shahrekord,real-estate,buy-residential
۰۹۱۳۳۸۳۶۵۱۲,شهرکرد,shahrekord,real-estate,buy-residential
۰۹۲۲۰۴۰۶۳۱۷,شهرکرد,shahrekord,real-estate,buy-residential
۰۹۱۳۱۸۵۹۸۵۲,شهرکرد,shahrekord,real-estate,buy-residential
۰۹۱۴۰۲۲۰۱۰۹,شهرکرد,shahrekord,real-estate,buy-residential
۰۹۳۶۱۷۲۵۶۱۸,شهرکرد,shahrekord,real-estate,buy-residential
۰۹۱۳۷۰۴۷۱۶۶,شهرکرد,shahrekord,real-estate,rent-residential
۰۹۳۹۴۳۸۱۰۵۷,شهرکرد,shahrekord,real-estate,rent-residential
۰۹۳۷۳۰۵۱۳۵۴,شهرکرد,shahrekord,real-estate,rent-residential
۰۹۱۶۲۲۱۶۶۰۸,شهرکرد,shahrekord,real-estate,rent-residential
۰۹۱۳۲۸۰۸۵۵۲,شهرکرد,shahrekord,real-estate,rent-residential
۰۹۰۵۳۸۱۲۷۱۶,شهرکرد,shahrekord,real-estate,rent-residential
۰۹۳۰۹۱۹۵۰۰۶,شهرکرد,shahrekord,real-estate,rent-residential
۰۹۱۳۱۸۳۱۱۳۰,شهرکرد,shahrekord,real-estate,rent-residential
۰۹۱۸۷۶۴۹۱۲۹,شهرکرد,shahrekord,real-estate,rent-residential
۰۹۱۳۶۷۵۲۹۴۵,شهرکرد,shahrekord,real-estate,rent-residential
۰۹۱۳۸۸۲۴۲۱۴,شهرکرد,shahrekord,real-estate,rent-residential
۰۹۱۳۱۸۳۳۸۷۹,شهرکرد,shahrekord,real-estate,rent-residential
۰۹۱۶۲۲۰۲۸۱۷,شهرکرد,shahrekord,real-estate,rent-residential
۰۹۱۳۹۸۵۷۸۱۵,شهرکرد,shahrekord,real-estate,rent-residential
۰۹۱۳۹۸۲۲۷۳۶,شهرکرد,shahrekord,real-estate,rent-residential
۰۹۱۳۲۸۳۳۸۹۰,شهرکرد,shahrekord,real-estate,rent-residential
۰۹۱۳۳۸۲۱۹۸۱,شهرکرد,shahrekord,real-estate,rent-residential
۰۹۱۳۳۸۲۱۹۸۱,شهرکرد,shahrekord,real-estate,rent-residential
۰۹۱۳۳۸۲۱۹۸۱,شهرکرد,shahrekord,real-estate,rent-residential
۰۹۹۲۱۷۹۰۸۲۹,شهرکرد,shahrekord,real-estate,rent-residential
۰۹۹۲۱۷۹۰۸۲۹,شهرکرد,shahrekord,real-estate,rent-residential
۰۹۰۲۲۵۷۸۰۰۸,شهرکرد,shahrekord,real-estate,rent-residential
۰۹۱۳۶۰۵۹۴۰۱,شهرکرد,shahrekord,real-estate,rent-residential
۰۹۱۳۸۸۶۹۰۷۵,شهرکرد,shahrekord,real-estate,rent-residential
۰۹۱۳۶۷۶۷۸۹۴,شهرکرد,shahrekord,real-estate,rent-residential
۰۹۱۳۳۸۰۳۱۷۱,شهرکرد,shahrekord,real-estate,rent-residential
۰۹۱۳۰۲۳۰۱۰۱,شهرکرد,shahrekord,real-estate,rent-residential
۰۹۱۳۳۸۰۱۰۸۷,شهرکرد,shahrekord,real-estate,rent-residential
۰۹۱۳۷۰۰۶۳۶۸,شهرکرد,shahrekord,real-estate,rent-residential
۰۹۱۳۹۷۸۵۰۷۸,شهرکرد,shahrekord,real-estate,rent-residential
۰۹۱۳۲۸۲۳۰۳۶,شهرکرد,shahrekord,real-estate,rent-residential
۰۹۱۶۲۸۱۱۶۳۸,شهرکرد,shahrekord,real-estate,rent-residential
۰۹۱۶۲۲۰۲۸۱۷,شهرکرد,shahrekord,real-estate,rent-residential
۰۹۱۶۲۲۰۲۸۱۷,شهرکرد,shahrekord,real-estate,rent-residential
۰۹۱۶۲۲۰۲۸۱۷,شهرکرد,shahrekord,real-estate,rent-residential
۰۹۱۳۱۸۳۱۱۳۰,شهرکرد,shahrekord,real-estate,rent-residential
۰۹۱۶۲۲۰۲۸۱۷,شهرکرد,shahrekord,real-estate,rent-residential
۰۹۱۳۱۸۳۱۱۳۰,شهرکرد,shahrekord,real-estate,rent-residential
۰۹۹۲۱۸۹۳۰۶۶,شهرکرد,shahrekord,real-estate,rent-residential
۰۹۱۳۱۸۳۰۳۸۰,شهرکرد,shahrekord,real-estate,rent-residential
۰۹۱۳۲۸۳۴۰۵۵,شهرکرد,shahrekord,real-estate,rent-residential
۰۹۰۳۵۱۲۵۹۶۱,شهرکرد,shahrekord,real-estate,rent-residential
۰۹۰۱۷۲۶۷۶۷۴,شهرکرد,shahrekord,real-estate,rent-residential
۰۹۱۳۹۸۱۷۸۴۳,شهرکرد,shahrekord,real-estate,rent-residential
۰۹۱۳۵۱۰۲۰۶۶,شهرکرد,shahrekord,real-estate,rent-residential
۰۹۹۱۴۷۰۶۶۷۲,شهرکرد,shahrekord,real-estate,rent-residential
۰۹۱۳۱۸۳۱۱۳۰,شهرکرد,shahrekord,real-estate,rent-residential
۰۹۱۳۱۸۳۱۱۳۰,شهرکرد,shahrekord,real-estate,rent-residential
۰۹۳۸۰۰۲۳۶۹۳,شهرکرد,shahrekord,real-estate,rent-residential
۰۹۱۳۸۸۰۹۱۸۲,شهرکرد,shahrekord,real-estate,rent-residential
۰۹۱۴۰۸۲۲۷۶۱,شهرکرد,shahrekord,real-estate,rent-residential
۰۹۱۳۱۸۱۴۶۷۱,شهرکرد,shahrekord,real-estate,rent-residential
۰۹۱۳۷۲۲۸۹۴۷,شهرکرد,shahrekord,real-estate,rent-residential
۰۹۱۷۴۴۲۱۵۸۸,شهرکرد,shahrekord,real-estate,rent-residential
۰۹۱۴۰۸۲۲۵۰۰,شهرکرد,shahrekord,real-estate,rent-residential
۰۹۹۱۹۰۸۱۷۸۱,شهرکرد,shahrekord,real-estate,rent-residential
۰۹۱۳۱۸۵۹۹۸۵,شهرکرد,shahrekord,real-estate,rent-residential
۰۹۰۳۶۰۷۶۳۰۳,شهرکرد,shahrekord,real-estate,rent-residential
۰۹۱۲۳۷۵۴۷۷۲,شهرکرد,shahrekord,real-estate,rent-residential
۰۹۲۱۷۱۷۶۳۶۶,شهرکرد,shahrekord,real-estate,rent-residential
۰۹۱۳۰۶۸۵۵۷۲,شهرکرد,shahrekord,real-estate,rent-residential
۰۹۱۳۱۸۴۹۲۶۴,شهرکرد,shahrekord,real-estate,rent-residential
۰۹۱۳۱۸۴۰۳۶۳,شهرکرد,shahrekord,real-estate,rent-residential
۰۹۳۶۰۷۷۴۳۶۴,شهرکرد,shahrekord,real-estate,rent-residential
۰۹۱۳۱۸۱۳۶۲۸,شهرکرد,shahrekord,real-estate,rent-residential
۰۹۱۳۳۸۱۷۲۳۷,شهرکرد,shahrekord,real-estate,rent-residential
۰۹۱۳۳۸۵۰۱۹۸,شهرکرد,shahrekord,real-estate,rent-residential
۰۹۱۳۳۸۳۵۰۲۳,شهرکرد,shahrekord,real-estate,rent-residential
۰۹۱۳۶۰۵۹۴۰۱,شهرکرد,shahrekord,real-estate,rent-residential
۰۹۱۳۲۸۲۲۱۱۷,شهرکرد,shahrekord,real-estate,buy-commercial-property
۰۹۱۳۷۳۲۰۲۰۰,شهرکرد,shahrekord,real-estate,buy-commercial-property
۰۹۱۳۱۸۴۳۲۶۹,شهرکرد,shahrekord,real-estate,buy-commercial-property
۰۹۱۳۳۸۱۰۶۸۵,شهرکرد,shahrekord,real-estate,buy-commercial-property
۰۹۳۹۷۰۳۱۶۵۸,شهرکرد,shahrekord,real-estate,buy-commercial-property
۰۹۱۳۹۲۵۱۷۱۱,شهرکرد,shahrekord,real-estate,buy-commercial-property
۰۹۱۳۸۸۵۰۹۱۰,شهرکرد,shahrekord,real-estate,buy-commercial-property
۰۹۱۹۲۱۹۴۳۶۸,شهرکرد,shahrekord,real-estate,buy-commercial-property
۰۹۳۵۹۶۲۱۰۱۶,شهرکرد,shahrekord,real-estate,buy-commercial-property
۰۹۳۶۴۴۶۶۶۵۰,شهرکرد,shahrekord,real-estate,buy-commercial-property
۰۹۳۰۷۱۰۷۲۳۹,شهرکرد,shahrekord,real-estate,buy-commercial-property
۰۹۳۸۷۴۴۷۴۹۲,شهرکرد,shahrekord,real-estate,buy-commercial-property
۰۹۱۳۲۸۱۹۲۹۴,شهرکرد,shahrekord,real-estate,buy-commercial-property
۰۹۱۳۲۸۱۴۶۰۶,شهرکرد,shahrekord,real-estate,buy-commercial-property
۰۹۱۳۶۰۴۵۳۵۵,شهرکرد,shahrekord,real-estate,buy-commercial-property
۰۹۱۴۰۷۶۶۵۸۳,شهرکرد,shahrekord,real-estate,buy-commercial-property
۰۹۱۰۰۰۸۵۰۹۵,شهرکرد,shahrekord,real-estate,buy-commercial-property
۰۹۱۳۲۸۳۱۴۶۲,شهرکرد,shahrekord,real-estate,buy-commercial-property
۰۹۱۳۱۸۵۳۰۴۷,شهرکرد,shahrekord,real-estate,buy-commercial-property
۰۹۱۴۰۴۵۱۵۳۴,شهرکرد,shahrekord,real-estate,buy-commercial-property
۰۹۱۳۲۶۵۱۵۵۷,شهرکرد,shahrekord,real-estate,buy-commercial-property
۰۹۱۳۴۸۰۱۳۶۸,شهرکرد,shahrekord,real-estate,buy-commercial-property
۰۹۱۳۷۰۰۱۷۷۴,شهرکرد,shahrekord,real-estate,buy-commercial-property
۰۹۱۳۹۰۰۸۳۸۹,شهرکرد,shahrekord,real-estate,buy-commercial-property
۰۹۱۳۱۸۱۹۷۲۷,شهرکرد,shahrekord,real-estate,buy-commercial-property
۰۹۳۵۸۶۴۳۹۳۸,شهرکرد,shahrekord,real-estate,buy-commercial-property
۰۹۳۸۴۷۷۳۹۳۹,شهرکرد,shahrekord,real-estate,buy-commercial-property
۰۹۱۳۵۵۴۵۷۵۰,شهرکرد,shahrekord,real-estate,buy-commercial-property
۰۹۱۳۱۸۳۷۷۵۲,شهرکرد,shahrekord,real-estate,buy-commercial-property
۰۹۱۰۰۰۸۵۰۹۵,شهرکرد,shahrekord,real-estate,buy-commercial-property
۰۹۱۳۳۸۳۲۲۵۶,شهرکرد,shahrekord,real-estate,buy-commercial-property
۰۹۱۳۲۸۴۶۷۰۱,شهرکرد,shahrekord,real-estate,buy-commercial-property
۰۹۱۳۳۸۱۴۷۸۰,شهرکرد,shahrekord,real-estate,buy-commercial-property
۰۹۱۳۲۸۹۱۱۵۲,شهرکرد,shahrekord,real-estate,buy-commercial-property
۰۹۱۳۲۸۹۱۱۵۲,شهرکرد,shahrekord,real-estate,buy-commercial-property
۰۹۱۳۲۸۹۱۱۵۲,شهرکرد,shahrekord,real-estate,buy-commercial-property
۰۹۱۳۲۸۹۱۱۵۲,شهرکرد,shahrekord,real-estate,buy-commercial-property
۰۹۳۹۰۴۰۵۱۳۲,شهرکرد,shahrekord,real-estate,buy-commercial-property
۰۹۳۰۵۸۰۶۰۸۴,شهرکرد,shahrekord,real-estate,buy-commercial-property
۰۹۱۳۴۸۰۶۰۵۵,شهرکرد,shahrekord,real-estate,buy-commercial-property
۰۹۱۳۵۹۰۰۱۳۳,شهرکرد,shahrekord,real-estate,buy-commercial-property
۰۹۱۳۷۹۶۳۲۷۳,شهرکرد,shahrekord,real-estate,buy-commercial-property
۰۹۱۷۲۶۲۶۹۰۳,شهرکرد,shahrekord,real-estate,buy-commercial-property
۰۹۹۰۴۹۶۱۲۸۷,شهرکرد,shahrekord,real-estate,buy-commercial-property
۰۹۱۳۶۰۴۴۳۹۲,شهرکرد,shahrekord,real-estate,buy-commercial-property
۰۹۱۳۴۸۲۲۱۶۹,شهرکرد,shahrekord,real-estate,buy-commercial-property
۰۹۱۲۵۲۰۶۴۹۰,شهرکرد,shahrekord,real-estate,buy-commercial-property
۰۹۱۳۳۸۱۲۹۰۹,شهرکرد,shahrekord,real-estate,buy-commercial-property
۰۹۱۳۱۸۲۰۷۴۱,شهرکرد,shahrekord,real-estate,buy-commercial-property
۰۹۹۲۴۵۰۱۰۰۹,شهرکرد,shahrekord,real-estate,buy-commercial-property
۰۹۱۳۹۰۰۸۳۸۹,شهرکرد,shahrekord,real-estate,buy-commercial-property
۰۹۱۳۳۸۰۰۳۹۸,شهرکرد,shahrekord,real-estate,buy-commercial-property
۰۹۱۲۸۰۰۱۴۵۲,شهرکرد,shahrekord,real-estate,buy-commercial-property
۰۹۱۳۳۱۵۹۷۱۹,شهرکرد,shahrekord,real-estate,buy-commercial-property
۰۹۱۳۲۸۰۱۱۲۷,شهرکرد,shahrekord,real-estate,buy-commercial-property
۰۹۱۳۲۸۰۰۵۲۳,شهرکرد,shahrekord,real-estate,buy-commercial-property
۰۹۱۶۹۹۵۹۵۰۰,شهرکرد,shahrekord,real-estate,buy-commercial-property
۰۹۰۴۴۰۹۰۱۹۱,شهرکرد,shahrekord,real-estate,buy-commercial-property
۰۹۱۳۹۸۰۴۹۰۹,شهرکرد,shahrekord,real-estate,buy-commercial-property
۰۹۱۰۴۶۸۴۹۲۴,شهرکرد,shahrekord,real-estate,buy-commercial-property
۰۹۱۳۰۶۶۲۷۹۷,شهرکرد,shahrekord,real-estate,buy-commercial-property
۰۹۱۳۶۰۴۱۹۸۸,شهرکرد,shahrekord,real-estate,buy-commercial-property
۰۹۱۳۹۸۲۱۷۶۱,شهرکرد,shahrekord,real-estate,buy-commercial-property
۰۹۱۴۰۷۶۶۵۸۳,شهرکرد,shahrekord,real-estate,buy-commercial-property
۰۹۳۶۶۹۶۳۹۱۴,شهرکرد,shahrekord,real-estate,buy-commercial-property
۰۹۱۳۲۳۳۷۹۱۵,شهرکرد,shahrekord,real-estate,buy-commercial-property
۰۹۱۶۰۴۳۴۸۳۸,شهرکرد,shahrekord,real-estate,buy-commercial-property
۰۹۱۳۷۷۲۷۰۶۷,شهرکرد,shahrekord,real-estate,buy-commercial-property
۰۹۱۳۱۸۴۳۱۴۱,شهرکرد,shahrekord,real-estate,buy-commercial-property
۰۹۱۳۵۰۹۷۷۰۱,شهرکرد,shahrekord,real-estate,buy-commercial-property
۰۹۱۳۹۱۹۰۲۵۶,شهرکرد,shahrekord,real-estate,buy-commercial-property
۰۹۱۳۰۶۷۸۹۶۶,شهرکرد,shahrekord,real-estate,buy-commercial-property
۰۹۱۳۷۳۴۰۰۷۶,شهرکرد,shahrekord,real-estate,rent-commercial-property
۰۹۱۳۳۸۲۳۴۱۰,شهرکرد,shahrekord,real-estate,rent-commercial-property
۰۹۱۳۱۸۳۱۱۳۰,شهرکرد,shahrekord,real-estate,rent-commercial-property
۰۹۱۳۳۸۱۰۳۴۴,شهرکرد,shahrekord,real-estate,rent-commercial-property
۰۹۳۷۳۰۵۱۳۵۴,شهرکرد,shahrekord,real-estate,rent-commercial-property
۰۹۳۸۲۵۱۷۰۹۲,شهرکرد,shahrekord,real-estate,rent-commercial-property
۰۹۲۱۰۶۷۷۳۱۹,شهرکرد,shahrekord,real-estate,rent-commercial-property
۰۹۲۲۵۵۳۸۵۴۳,شهرکرد,shahrekord,real-estate,rent-commercial-property
۰۹۰۳۴۸۵۲۷۳۷,شهرکرد,shahrekord,real-estate,rent-commercial-property
۰۹۱۳۳۸۱۰۳۴۴,شهرکرد,shahrekord,real-estate,rent-commercial-property
۰۹۱۳۵۹۲۸۲۹۲,شهرکرد,shahrekord,real-estate,rent-commercial-property
۰۹۱۹۲۶۲۰۳۴۷,شهرکرد,shahrekord,real-estate,rent-commercial-property
۰۹۱۳۹۷۸۸۱۱۳,شهرکرد,shahrekord,real-estate,rent-commercial-property
۰۹۳۰۴۷۹۶۵۵۶,شهرکرد,shahrekord,real-estate,rent-commercial-property
۰۹۱۳۹۸۶۰۲۵۰,شهرکرد,shahrekord,real-estate,rent-commercial-property
۰۹۱۳۴۲۳۸۷۴۷,شهرکرد,shahrekord,real-estate,rent-commercial-property
۰۹۱۳۳۸۳۰۷۸۰,شهرکرد,shahrekord,real-estate,rent-commercial-property
۰۹۳۹۶۵۱۴۸۵۳,شهرکرد,shahrekord,real-estate,rent-commercial-property
۰۹۱۳۴۲۳۸۷۴۷,شهرکرد,shahrekord,real-estate,rent-commercial-property
۰۹۱۳۳۰۵۸۵۸۸,شهرکرد,shahrekord,real-estate,rent-commercial-property
۰۹۱۳۸۰۷۳۴۷۰,شهرکرد,shahrekord,real-estate,rent-commercial-property
۰۹۱۳۱۸۳۵۶۵۲,شهرکرد,shahrekord,real-estate,rent-commercial-property
۰۹۱۲۱۲۴۳۶۳۲,شهرکرد,shahrekord,real-estate,rent-commercial-property
۰۹۲۱۷۱۷۶۳۶۶,شهرکرد,shahrekord,real-estate,rent-commercial-property
۰۹۱۳۱۸۱۴۷۰۸,شهرکرد,shahrekord,real-estate,rent-commercial-property
۰۹۱۳۰۸۳۱۸۱۵,شهرکرد,shahrekord,real-estate,rent-commercial-property
۰۹۱۶۴۷۴۲۱۲۶,شهرکرد,shahrekord,real-estate,rent-commercial-property
۰۹۱۳۲۳۸۵۳۳۰,شهرکرد,shahrekord,real-estate,rent-commercial-property
۰۹۱۳۱۸۱۴۷۶۸,شهرکرد,shahrekord,real-estate,rent-commercial-property
۰۹۳۳۱۸۱۱۳۷۳,شهرکرد,shahrekord,real-estate,rent-commercial-property
۰۹۱۳۸۷۹۳۲۲۶,شهرکرد,shahrekord,real-estate,rent-commercial-property
۰۹۱۳۱۸۳۸۴۵۵,شهرکرد,shahrekord,real-estate,rent-commercial-property
۰۹۱۳۱۸۱۷۱۶۲,شهرکرد,shahrekord,real-estate,rent-commercial-property
۰۹۱۳۳۸۰۱۹۳۰,شهرکرد,shahrekord,real-estate,rent-commercial-property
۰۹۱۹۷۲۵۹۵۸۸,شهرکرد,shahrekord,real-estate,rent-commercial-property
۰۹۱۳۱۸۱۱۵۴۰,شهرکرد,shahrekord,real-estate,rent-commercial-property
۰۹۱۳۱۶۸۰۸۶۵,شهرکرد,shahrekord,real-estate,rent-commercial-property
۰۹۳۷۴۷۵۶۸۴۲,شهرکرد,shahrekord,real-estate,rent-commercial-property
۰۹۱۳۲۸۳۵۱۴۱,شهرکرد,shahrekord,real-estate,rent-commercial-property
۰۹۹۰۰۱۴۹۸۱۰,شهرکرد,shahrekord,real-estate,rent-commercial-property
۰۹۳۰۴۷۹۶۵۵۶,شهرکرد,shahrekord,real-estate,rent-commercial-property
۰۹۱۳۵۱۲۰۹۲۵,شهرکرد,shahrekord,real-estate,rent-commercial-property
۰۹۹۰۷۵۸۲۰۵۱,شهرکرد,shahrekord,real-estate,rent-commercial-property
۰۹۱۳۸۷۹۲۱۰۰,شهرکرد,shahrekord,real-estate,rent-commercial-property
۰۹۳۵۳۸۷۵۶۱۹,شهرکرد,shahrekord,real-estate,rent-commercial-property
۰۹۱۳۶۴۲۱۲۳۷,شهرکرد,shahrekord,real-estate,rent-commercial-property
۰۹۳۹۷۷۷۶۴۲۹,شهرکرد,shahrekord,real-estate,rent-commercial-property
۰۹۱۳۰۷۸۷۲۲۸,شهرکرد,shahrekord,real-estate,rent-commercial-property
۰۹۱۳۹۸۳۹۴۴۳,شهرکرد,shahrekord,real-estate,rent-commercial-property
۰۹۱۶۳۹۹۳۷۸۶,شهرکرد,shahrekord,real-estate,rent-commercial-property
۰۹۱۴۰۲۲۶۸۶۵,شهرکرد,shahrekord,real-estate,rent-commercial-property
۰۹۱۳۱۸۴۸۴۳۲,شهرکرد,shahrekord,real-estate,rent-commercial-property
۰۹۱۳۳۱۷۱۲۳۱,شهرکرد,shahrekord,real-estate,rent-commercial-property
۰۹۱۲۶۸۰۴۲۳۲,شهرکرد,shahrekord,real-estate,rent-commercial-property
۰۹۱۳۳۸۳۶۰۸۹,شهرکرد,shahrekord,real-estate,rent-commercial-property
۰۹۱۳۱۸۳۱۱۳۰,شهرکرد,shahrekord,real-estate,rent-commercial-property
۰۹۱۰۶۶۷۳۳۶۴,شهرکرد,shahrekord,real-estate,rent-commercial-property
۰۹۱۷۷۷۱۸۹۴۶,شهرکرد,shahrekord,real-estate,rent-commercial-property
۰۹۲۱۱۹۱۰۲۹۸,شهرکرد,shahrekord,real-estate,rent-commercial-property
۰۹۳۸۴۷۶۹۵۴۰,شهرکرد,shahrekord,real-estate,rent-commercial-property
۰۹۱۳۴۸۳۹۹۳۱,شهرکرد,shahrekord,real-estate,rent-commercial-property
۰۹۱۳۸۸۲۷۷۸۶,شهرکرد,shahrekord,real-estate,rent-commercial-property
۰۹۱۶۲۲۴۲۴۶۵,شهرکرد,shahrekord,real-estate,rent-commercial-property
۰۹۱۳۳۸۴۹۰۸۲,شهرکرد,shahrekord,real-estate,rent-commercial-property
۰۹۱۴۰۸۱۸۲۰۳,شهرکرد,shahrekord,real-estate,rent-commercial-property
۰۹۲۱۷۱۷۶۳۶۶,شهرکرد,shahrekord,real-estate,rent-commercial-property
۰۹۱۳۱۸۴۹۸۴۳,شهرکرد,shahrekord,real-estate,rent-commercial-property
۰۹۱۳۱۸۴۹۸۴۳,شهرکرد,shahrekord,real-estate,rent-commercial-property
۰۹۳۹۲۸۵۱۴۱۲,شهرکرد,shahrekord,real-estate,rent-commercial-property
۰۹۱۳۱۸۵۳۰۴۷,شهرکرد,shahrekord,real-estate,rent-commercial-property
۰۹۱۳۱۸۵۳۰۴۷,شهرکرد,shahrekord,real-estate,rent-commercial-property
۰۹۱۳۲۸۷۳۲۰۳,شهرکرد,shahrekord,real-estate,rent-commercial-property
۰۹۹۱۰۸۳۲۶۰۰,شهرکرد,shahrekord,real-estate,rent-temporary
۰۹۰۲۷۵۵۶۹۴۴,شهرکرد,shahrekord,real-estate,rent-temporary
۰۹۱۶۲۸۱۸۴۵۶,شهرکرد,shahrekord,real-estate,rent-temporary
۰۹۱۳۶۳۰۱۶۴۹,شهرکرد,shahrekord,real-estate,rent-temporary
۰۹۱۳۶۳۰۱۶۴۹,شهرکرد,shahrekord,real-estate,rent-temporary
۰۹۱۳۳۸۴۲۵۶۶,شهرکرد,shahrekord,real-estate,rent-temporary
۰۹۱۳۸۸۴۹۲۰۰,شهرکرد,shahrekord,real-estate,rent-temporary
۰۹۰۳۵۲۲۳۸۷۷,شهرکرد,shahrekord,real-estate,rent-temporary
۰۹۱۳۹۷۷۲۳۹۱,شهرکرد,shahrekord,real-estate,rent-temporary
۰۹۱۳۳۸۲۸۷۰۷,شهرکرد,shahrekord,real-estate,rent-temporary
۰۹۱۳۲۸۰۶۸۴۴,شهرکرد,shahrekord,real-estate,rent-temporary
۰۹۱۳۲۸۰۶۸۴۴,شهرکرد,shahrekord,real-estate,rent-temporary
۰۹۹۱۰۸۳۲۶۰۰,شهرکرد,shahrekord,real-estate,rent-temporary
۰۹۱۳۹۸۴۵۰۷۸,شهرکرد,shahrekord,real-estate,rent-temporary
۰۹۳۶۹۹۰۲۰۲۷,شهرکرد,shahrekord,real-estate,rent-temporary
۰۹۰۲۳۶۰۹۷۵۸,شهرکرد,shahrekord,real-estate,rent-temporary
۰۹۹۱۰۸۳۲۶۰۰,شهرکرد,shahrekord,real-estate,rent-temporary
۰۹۲۱۰۲۹۸۷۷۴,شهرکرد,shahrekord,real-estate,rent-temporary
۰۹۱۳۳۸۰۲۳۳۹,شهرکرد,shahrekord,real-estate,rent-temporary
۰۹۹۰۹۵۷۳۲۴۹,شهرکرد,shahrekord,real-estate,rent-temporary
۰۹۱۳۹۷۷۲۳۹۱,شهرکرد,shahrekord,real-estate,rent-temporary
۰۹۳۵۸۵۱۲۷۷۰,شهرکرد,shahrekord,real-estate,rent-temporary
۰۹۰۳۰۴۴۶۰۹۱,شهرکرد,shahrekord,real-estate,rent-temporary
۰۹۹۱۰۸۳۲۶۰۰,شهرکرد,shahrekord,real-estate,rent-temporary
۰۹۰۳۵۲۲۳۸۷۷,شهرکرد,shahrekord,real-estate,rent-temporary
۰۹۰۵۷۰۵۸۱۱۹,شهرکرد,shahrekord,real-estate,rent-temporary
۰۹۹۴۴۴۴۹۲۶۱,شهرکرد,shahrekord,real-estate,rent-temporary
۰۹۹۴۴۴۴۹۲۶۱,شهرکرد,shahrekord,real-estate,rent-temporary
۰۹۱۶۰۵۹۲۱۶۰,شهرکرد,shahrekord,real-estate,rent-temporary
۰۹۱۳۹۷۷۲۳۹۱,شهرکرد,shahrekord,real-estate,rent-temporary
۰۹۱۳۹۷۷۲۳۹۱,شهرکرد,shahrekord,real-estate,rent-temporary
۰۹۹۱۰۸۳۲۶۰۰,شهرکرد,shahrekord,real-estate,rent-temporary
۰۹۳۷۵۱۵۷۲۲۱,شهرکرد,shahrekord,real-estate,rent-temporary
۰۹۹۰۹۳۳۵۴۳۵,شهرکرد,shahrekord,real-estate,rent-temporary
۰۹۱۳۲۸۷۶۷۳۵,شهرکرد,shahrekord,real-estate,rent-temporary
۰۹۳۸۴۷۳۸۶۵۴,شهرکرد,shahrekord,real-estate,rent-temporary
۰۹۱۳۱۸۵۳۷۵۱,شهرکرد,shahrekord,real-estate,rent-temporary
۰۹۹۱۰۸۳۲۶۰۰,شهرکرد,shahrekord,real-estate,rent-temporary
۰۹۱۳۱۸۵۲۰۷۱,شهرکرد,shahrekord,real-estate,rent-temporary
۰۹۹۱۰۸۳۲۶۰۰,شهرکرد,shahrekord,real-estate,rent-temporary
۰۹۱۳۸۸۴۹۶۵۵,شهرکرد,shahrekord,real-estate,rent-temporary
۰۹۹۱۰۸۳۲۶۰۰,شهرکرد,shahrekord,real-estate,rent-temporary
۰۹۹۱۰۸۳xxxx,شهرکرد,shahrekord,real-estate,rent-temporary
۰۹۹۱۰۸۳۲۶۰۰,شهرکرد,shahrekord,real-estate,rent-temporary
۰۹۱۳۳۸۴۲۲۸۱,شهرکرد,shahrekord,real-estate,rent-temporary
۰۹۹۱۰۸۳۲۶۰۰,شهرکرد,shahrekord,real-estate,rent-temporary
۰۹۱۶۲۱۹۴۰۴۸,شهرکرد,shahrekord,real-estate,rent-temporary
۰۹۱۳۹۸۴۵۱۵۵,شهرکرد,shahrekord,real-estate,rent-temporary
۰۹۱۳۵۹۱۰۱۹۲,شهرکرد,shahrekord,real-estate,rent-temporary
۰۹۱۳۹۷۷۲۳۹۱,شهرکرد,shahrekord,real-estate,rent-temporary
۰۹۱۳۱۰۵۶۳۰۹,شهرکرد,shahrekord,real-estate,rent-temporary
۰۹۱۳۷۷۱۰۹۵۲,شهرکرد,shahrekord,real-estate,rent-temporary
۰۹۱۳۷۷۱۰۹۵۲,شهرکرد,shahrekord,real-estate,rent-temporary
۰۹۱۳۹۷۷۲۳۹۱,شهرکرد,shahrekord,real-estate,rent-temporary
۰۹۱۳۹۷۷۲۳۹۱,شهرکرد,shahrekord,real-estate,rent-temporary
۰۹۹۰۸۶۲۶۷۷۳,شهرکرد,shahrekord,real-estate,rent-temporary
۰۹۳۰۲۴۸۰۴۰۰,شهرکرد,shahrekord,real-estate,rent-temporary
۰۹۹۱۰۸۳۲۶۰۰,شهرکرد,shahrekord,real-estate,rent-temporary
۰۹۱۳۹۷۷۲۳۹۱,شهرکرد,shahrekord,real-estate,rent-temporary
۰۹۱۳۴۸۰۱۷۴۵,شهرکرد,shahrekord,real-estate,rent-temporary
۰۹۱۳۱۸۱۲۵۴۶,شهرکرد,shahrekord,real-estate,rent-temporary
۰۹۹۲۴۵۰۱۰۰۹,شهرکرد,shahrekord,real-estate,real-estate-services
۰۹۳۸۰۶۸۶۲۳۴,شهرکرد,shahrekord,real-estate,real-estate-services
۰۹۱۳۳۸۴۱۴۸۴,شهرکرد,shahrekord,real-estate,real-estate-services
۰۹۱۳۰۵۹۱۱۷۵,شهرکرد,shahrekord,real-estate,real-estate-services
۰۹۳۷۴۵۱۵۳۶۰,شهرکرد,shahrekord,real-estate,real-estate-services
۰۹۱۳۱۸۱۱۲۵۲,شهرکرد,shahrekord,real-estate,real-estate-services
۰۹۱۳۳۸۲۷۱۹۴,شهرکرد,shahrekord,real-estate,real-estate-services
۰۹۱۴۰۸۲۲۸۰۰,شهرکرد,shahrekord,real-estate,real-estate-services
۰۹۹۱۳۱۳۹۸۶۸,شهرکرد,shahrekord,real-estate,real-estate-services
۰۹۲۱۵۸۲۶۰۷۷,شهرکرد,shahrekord,real-estate,real-estate-services
۰۹۱۳۴۸۳۹۲۹۵,شهرکرد,shahrekord,real-estate,real-estate-services
۰۹۹۰۸۷۲۱۳۳۰,شهرکرد,shahrekord,real-estate,real-estate-services
۰۹۱۰۳۹۱۵۵۶۷,شهرکرد,shahrekord,real-estate,real-estate-services
۰۹۱۳۵۱۱۰۰۸۰,شهرکرد,shahrekord,real-estate,real-estate-services
۰۹۱۳۲۸۷۴۲۶۳,شهرکرد,shahrekord,real-estate,real-estate-services
۰۹۱۳۵۱۱۰۷۸۸,شهرکرد,shahrekord,real-estate,real-estate-services
۰۹۰۲۷۹۳۷۷۸۷,شهرکرد,shahrekord,real-estate,real-estate-services
۰۹۱۳۹۷۹۳۰۷۷,شهرکرد,shahrekord,real-estate,real-estate-services
۰۹۰۳۶۰۷۳۳۱۹,شهرکرد,shahrekord,real-estate,real-estate-services
۰۹۱۳۲۸۳۹۸۰۰,شهرکرد,shahrekord,real-estate,real-estate-services
۰۹۱۳۱۸۰۸۲۴۲,شهرکرد,shahrekord,real-estate,real-estate-services
۰۹۱۰۱۷۹۱۱۷۵,شهرکرد,shahrekord,real-estate,real-estate-services
۰۹۰۱۷۲۶۷۶۷۴,شهرکرد,shahrekord,real-estate,real-estate-services
۰۹۱۳۱۸۵۶۰۹۸,شهرکرد,shahrekord,real-estate,real-estate-services
۰۹۱۳۲۱۵۸۷۳۲,شهرکرد,shahrekord,real-estate,real-estate-services
۰۹۱۳۵۴۷۱۴۱۶,شهرکرد,shahrekord,real-estate,real-estate-services
۰۹۱۳۳۸۴۷۵۰۰,شهرکرد,shahrekord,real-estate,real-estate-services
۰۹۱۳۳۸۱۳۳۲۸,شهرکرد,shahrekord,real-estate,real-estate-services
۰۹۱۳۹۲۵۱۷۱۱,شهرکرد,shahrekord,real-estate,real-estate-services
۰۹۱۳۷۷۳۷۳۷۵,شهرکرد,shahrekord,real-estate,real-estate-services
۰۹۳۳۰۴۲۲۷۱۳,شهرکرد,shahrekord,real-estate,real-estate-services
۰۹۱۳۱۸۳۳۰۸۹,شهرکرد,shahrekord,real-estate,real-estate-services
۰۹۳۵۴۵۳۲۷۶۶,شهرکرد,shahrekord,real-estate,real-estate-services
۰۹۱۳۱۸۴۱۲۸۴,شهرکرد,shahrekord,real-estate,real-estate-services
۰۹۱۳۹۰۰۸۳۸۹,شهرکرد,shahrekord,real-estate,real-estate-services
۰۹۱۳۴۸۱۹۱۰۶,شهرکرد,shahrekord,real-estate,real-estate-services
۰۹۱۳۸۸۶۶۰۴۱,شهرکرد,shahrekord,real-estate,real-estate-services
۰۹۹۲۷۵۵۱۱۲۹,شهرکرد,shahrekord,real-estate,real-estate-services
۰۹۱۴۰۸۵۵۷۲۲,شهرکرد,shahrekord,real-estate,real-estate-services
۰۹۱۳۱۸۳۳۸۷۹,شهرکرد,shahrekord,real-estate,real-estate-services
۰۹۳۵۶۳۸۵۰۶۴,شهرکرد,shahrekord,real-estate,real-estate-services
۰۹۱۳۳۸۱۱۶۹۳,شهرکرد,shahrekord,real-estate,real-estate-services
۰۹۳۷۳۱۳۶۶۷۷,شهرکرد,shahrekord,real-estate,real-estate-services
۰۹۱۳۰۰۷۴۷۴۴,شهرکرد,shahrekord,real-estate,real-estate-services
۰۹۱۳۱۸۱۰۰۱۳,شهرکرد,shahrekord,real-estate,real-estate-services
۰۹۱۳۳۸۰۱۰۸۷,شهرکرد,shahrekord,real-estate,real-estate-services
۰۹۱۴۰۷۶۱۳۲۶,شهرکرد,shahrekord,real-estate,real-estate-services
۰۹۱۳۹۸۸۸۰۰۴,شهرکرد,shahrekord,vehicles,auto
۰۹۳۵۲۳۸۳۳۳۷,شهرکرد,shahrekord,vehicles,auto
۰۹۱۳۹۸۵۱۰۰۷,شهرکرد,shahrekord,vehicles,auto
۰۹۱۳۳۸۰۲۵۷۸,شهرکرد,shahrekord,vehicles,auto
۰۹۰۱۴۳۸۵۱۷۹,شهرکرد,shahrekord,vehicles,auto
۰۹۱۴۰۷۷۶۶۸۵,شهرکرد,shahrekord,vehicles,auto
۰۹۱۲۵۹۳۱۹۲۶,شهرکرد,shahrekord,vehicles,auto
۰۹۱۳۳۸۵۷۲۰۴,شهرکرد,shahrekord,vehicles,auto
۰۹۳۶۷۰۲۲۷۳۱,شهرکرد,shahrekord,vehicles,auto
۰۹۱۳۸۹۸۹۴۷۹,شهرکرد,shahrekord,vehicles,auto
۰۹۳۷۳۵۳۰۲۶۳,شهرکرد,shahrekord,vehicles,auto
۰۹۱۳۱۸۲۴۲۴۴,شهرکرد,shahrekord,vehicles,auto
۰۹۱۳۹۷۷۹۹۷۳,شهرکرد,shahrekord,vehicles,auto
۰۹۱۳۹۸۵۰۳۶۱,شهرکرد,shahrekord,vehicles,auto
۰۹۱۳۳۸۱۵۸۵۳,شهرکرد,shahrekord,vehicles,auto
۰۹۱۳۸۸۷۵۷۱۴,شهرکرد,shahrekord,vehicles,auto
۰۹۱۳۹۸۵۰۴۹۴,شهرکرد,shahrekord,vehicles,auto
۰۹۱۷۴۱۹۸۵۴۸,شهرکرد,shahrekord,vehicles,auto
۰۹۱۳۶۰۵۰۵۴۷,شهرکرد,shahrekord,vehicles,auto
۰۹۱۰۴۶۰۱۲۶۹,شهرکرد,shahrekord,vehicles,auto
۰۹۱۳۳۱۷۲۰۶۵,شهرکرد,shahrekord,vehicles,auto
۰۹۱۳۸۸۷۸۴۶۶,شهرکرد,shahrekord,vehicles,auto
۰۹۱۳۹۸۰۱۵۷۷,شهرکرد,shahrekord,vehicles,auto
۰۹۱۳۳۸۴۵۱۰۰,شهرکرد,shahrekord,vehicles,auto
۰۹۱۳۱۸۳۲۰۰۴,شهرکرد,shahrekord,vehicles,auto
۰۹۱۳۲۸۰۵۷۶۳,شهرکرد,shahrekord,vehicles,auto
۰۹۱۲۰۳۸۱۸۸۵,شهرکرد,shahrekord,vehicles,auto
۰۹۳۳۶۰۳۷۰۵۶,شهرکرد,shahrekord,vehicles,auto
۰۹۱۳۰۷۶۳۵۲۱,شهرکرد,shahrekord,vehicles,auto
۰۹۱۳۳۸۴۰۸۹۲,شهرکرد,shahrekord,vehicles,auto
۰۹۱۳۶۰۶۸۷۹۳,شهرکرد,shahrekord,vehicles,auto
۰۹۳۹۲۵۶۱۶۹۴,شهرکرد,shahrekord,vehicles,auto
۰۹۱۶۲۲۶۱۸۷۴,شهرکرد,shahrekord,vehicles,auto
۰۹۱۳۱۸۴۰۴۸۳,شهرکرد,shahrekord,vehicles,auto
۰۹۹۱۴۰۱۴۱۰۸,شهرکرد,shahrekord,vehicles,auto
۰۹۱۴۰۲۵۴۱۵۱,شهرکرد,shahrekord,vehicles,auto
۰۹۱۳۸۸۵۲۹۴۹,شهرکرد,shahrekord,vehicles,auto
۰۹۳۹۹۸۱۱۹۵۱,شهرکرد,shahrekord,vehicles,auto
۰۹۱۹۴۷۱۹۹۵۱,شهرکرد,shahrekord,vehicles,auto
۰۹۳۸۵۱۵۱۱۸۰,شهرکرد,shahrekord,vehicles,auto
۰۹۱۰۰۵۸۲۴۳۵,شهرکرد,shahrekord,vehicles,auto
۰۹۱۶۲۴۷۷۱۴۳,شهرکرد,shahrekord,vehicles,auto
۰۹۱۳۴۸۳۰۲۰۰,شهرکرد,shahrekord,vehicles,auto
۰۹۱۳۸۸۳۶۸۷۱,شهرکرد,shahrekord,vehicles,auto
۰۹۳۷۳۰۷۰۰۳۹,شهرکرد,shahrekord,vehicles,auto
۰۹۱۳۹۸۲۴۴۰۱,شهرکرد,shahrekord,vehicles,auto
۰۹۱۳۸۸۱۳۱۲۵,شهرکرد,shahrekord,vehicles,auto
۰۹۹۲۷۸۹۱۳۵۵,شهرکرد,shahrekord,vehicles,auto
۰۹۱۳۵۶۰۱۹۹۴,شهرکرد,shahrekord,vehicles,auto
۰۹۳۷۶۸۹۰۲۹۷,شهرکرد,shahrekord,vehicles,auto
۰۹۱۳۸۸۳۴۵۳۸,شهرکرد,shahrekord,vehicles,auto
۰۹۱۳۵۶۰۱۹۹۴,شهرکرد,shahrekord,vehicles,auto
۰۹۹۰۱۵۰۸۴۲۲,شهرکرد,shahrekord,vehicles,auto
۰۹۱۴۰۸۲۸۰۵۰,شهرکرد,shahrekord,vehicles,auto
۰۹۱۳۳۸۰۶۶۷۳,شهرکرد,shahrekord,vehicles,auto
۰۹۱۳۷۳۴۱۱۷۶,شهرکرد,shahrekord,vehicles,auto
۰۹۱۰۳۸۷۰۰۴۶,شهرکرد,shahrekord,vehicles,auto
۰۹۱۴۰۲۰۷۵۳۴,شهرکرد,shahrekord,vehicles,auto
۰۹۱۰۳۸۷۰۰۴۶,شهرکرد,shahrekord,vehicles,auto
۰۹۱۳۱۸۲۰۷۹۹,شهرکرد,shahrekord,vehicles,auto
۰۹۱۳۹۷۷۳۸۰۱,شهرکرد,shahrekord,vehicles,auto
۰۹۱۳۹۸۲۷۷۵۶,شهرکرد,shahrekord,vehicles,auto
۰۹۹۱۳۷۶۲۵۰۸,شهرکرد,shahrekord,vehicles,auto
۰۹۱۳۳۱۷۲۰۶۵,شهرکرد,shahrekord,vehicles,auto
۰۹۱۳۱۸۳۴۲۵۹,شهرکرد,shahrekord,vehicles,auto
۰۹۱۳۳۱۷۲۰۶۵,شهرکرد,shahrekord,vehicles,auto
۰۹۱۳۰۰۶۴۴۶۰,شهرکرد,shahrekord,vehicles,auto
۰۹۱۳۹۸۲۳۹۲۹,شهرکرد,shahrekord,vehicles,auto
۰۹۱۳۲۸۴۲۸۸۳,شهرکرد,shahrekord,vehicles,car-accessories
۰۹۱۳۳۸۱۹۱۵۵,شهرکرد,shahrekord,vehicles,car-accessories
۰۹۱۳۲۸۳۶۶۳۰,شهرکرد,shahrekord,vehicles,car-accessories
۰۹۱۳۸۷۹۱۹۱۷,شهرکرد,shahrekord,vehicles,car-accessories
۰۹۱۳۹۸۲۶۹۳۵,شهرکرد,shahrekord,vehicles,car-accessories
۰۹۱۳۹۸۳۳۷۲۸,شهرکرد,shahrekord,vehicles,car-accessories
۰۹۳۰۰۱۴۳۶۲۰,شهرکرد,shahrekord,vehicles,car-accessories
۰۹۱۳۱۸۵۸۰۶۸,شهرکرد,shahrekord,vehicles,car-accessories
۰۹۱۳۶۰۴۲۵۰۴,شهرکرد,shahrekord,vehicles,car-accessories
۰۹۱۳۹۷۸۹۳۶۳,شهرکرد,shahrekord,vehicles,car-accessories
۰۹۱۳۷۳۴۷۳۸۱,شهرکرد,shahrekord,vehicles,car-accessories
۰۹۱۲۰۱۵۰۳۹۶,شهرکرد,shahrekord,vehicles,car-accessories
۰۹۱۳۸۸۸۵۵۳۲,شهرکرد,shahrekord,vehicles,car-accessories
۰۹۱۴۰۸۱۷۳۱۳,شهرکرد,shahrekord,vehicles,car-accessories
۰۹۳۵۹۰۱۲۵۹۵,شهرکرد,shahrekord,vehicles,car-accessories
۰۹۹۲۷۹۴۵۵۹۱,شهرکرد,shahrekord,vehicles,car-accessories
۰۹۳۳۵۰۹۲۹۷۷,شهرکرد,shahrekord,vehicles,car-accessories
۰۹۱۳۳۸۴۴۶۲۳,شهرکرد,shahrekord,vehicles,car-accessories
۰۹۱۳۹۸۲۲۷۹۵,شهرکرد,shahrekord,vehicles,car-accessories
۰۹۱۳۳۸۳۳۰۶۵,شهرکرد,shahrekord,vehicles,car-accessories
۰۹۳۵۵۰۰۱۷۰۶,شهرکرد,shahrekord,vehicles,car-accessories
۰۹۱۶۵۲۵۹۴۶۲,شهرکرد,shahrekord,vehicles,car-accessories
۰۹۹۰۴۶۷۴۵۲۶,شهرکرد,shahrekord,vehicles,car-accessories
۰۹۱۳۹۷۷۰۳۲۱,شهرکرد,shahrekord,vehicles,car-accessories
۰۹۱۳۲۸۱۴۳۱۳,شهرکرد,shahrekord,vehicles,car-accessories
۰۹۹۱۱۸۷۵۲۶۴,شهرکرد,shahrekord,vehicles,car-accessories
۰۹۱۳۲۸۱۱۵۱۰,شهرکرد,shahrekord,vehicles,car-accessories
۰۹۱۳۳۸۰۶۴۹۲,شهرکرد,shahrekord,vehicles,car-accessories
۰۹۳۵۵۴۴۱۹۶۱,شهرکرد,shahrekord,vehicles,car-accessories
۰۹۳۵۶۵۳۹۲۸۱,شهرکرد,shahrekord,vehicles,car-accessories
۰۹۳۳۲۱۹۴۲۱۵,شهرکرد,shahrekord,vehicles,car-accessories
۰۹۱۳۴۸۰۳۲۱۳,شهرکرد,shahrekord,vehicles,car-accessories
۰۹۳۳۲۱۹۴۲۱۵,شهرکرد,shahrekord,vehicles,car-accessories
۰۹۳۳۹۰۸۷۲۱۳,شهرکرد,shahrekord,vehicles,car-accessories
۰۹۰۲۵۴۶۵۸۸۹,شهرکرد,shahrekord,vehicles,car-accessories
۰۹۱۳۴۸۲۵۰۲۳,شهرکرد,shahrekord,vehicles,car-accessories
۰۹۱۴۰۸۲۲۸۶۰,شهرکرد,shahrekord,vehicles,car-accessories
۰۹۱۳۶۷۷۰۳۷۷,شهرکرد,shahrekord,vehicles,car-accessories
۰۹۳۵۸۹۰۲۲۳۳,شهرکرد,shahrekord,vehicles,car-accessories
۰۹۹۱۰۴۱۳۸۲۲,شهرکرد,shahrekord,vehicles,car-accessories
۰۹۱۴۰۸۲۲۸۶۰,شهرکرد,shahrekord,vehicles,car-accessories
۰۹۳۰۷۷۶۰۷۹۶,شهرکرد,shahrekord,vehicles,car-accessories
۰۹۳۳۸۶۰۹۷۸۶,شهرکرد,shahrekord,vehicles,car-accessories
۰۹۱۳۳۸۰۲۸۵۰,شهرکرد,shahrekord,vehicles,car-accessories
۰۹۱۳۷۳۲۷۴۶۷,شهرکرد,shahrekord,vehicles,car-accessories
۰۹۱۳۰۰۵۳۸۸۴,شهرکرد,shahrekord,vehicles,car-accessories
۰۹۱۳۲۸۳۴۴۱۸,شهرکرد,shahrekord,vehicles,car-accessories
۰۹۱۳۷۰۳۱۳۳۲,شهرکرد,shahrekord,vehicles,car-accessories
۰۹۱۳۲۸۴۳۵۱۶,شهرکرد,shahrekord,vehicles,car-accessories
۰۹۳۷۷۹۱۸۶۷۷,شهرکرد,shahrekord,vehicles,car-accessories
۰۹۱۳۶۰۶۸۲۸۴,شهرکرد,shahrekord,vehicles,car-accessories
۰۹۱۳۳۸۵۳۰۵۶,شهرکرد,shahrekord,vehicles,car-accessories
۰۹۹۱۱۱۰۲۰۲۸,شهرکرد,shahrekord,vehicles,car-accessories
۰۹۱۳۹۸۴۹۲۹۴,شهرکرد,shahrekord,vehicles,car-accessories
۰۹۱۳۲۸۳۶۸۸۳,شهرکرد,shahrekord,vehicles,car-accessories
۰۹۱۳۲۸۰۶۳۸۱,شهرکرد,shahrekord,vehicles,car-accessories
۰۹۳۵۵۴۴۱۹۶۱,شهرکرد,shahrekord,vehicles,car-accessories
۰۹۱۳۹۸۳۰۹۰۵,شهرکرد,shahrekord,vehicles,car-accessories
۰۹۱۰۰۳۷۶۹۹۸,شهرکرد,shahrekord,vehicles,car-accessories
۰۹۳۵۲۸۳۲۰۲۵,شهرکرد,shahrekord,vehicles,car-accessories
۰۹۲۱۱۸۹۴۹۱۴,شهرکرد,shahrekord,vehicles,car-accessories
۰۹۱۳۳۸۳۸۱۱۴,شهرکرد,shahrekord,vehicles,car-accessories
۰۹۱۳۷۰۲۴۲۱۱,شهرکرد,shahrekord,vehicles,car-accessories
۰۹۱۳۷۰۰۷۲۷۹,شهرکرد,shahrekord,vehicles,car-accessories
۰۹۱۳۰۶۶۳۲۶۳,شهرکرد,shahrekord,vehicles,motorcycles
۰۹۱۳۲۸۰۳۴۳۱,شهرکرد,shahrekord,vehicles,motorcycles
۰۹۱۳۸۳۸۲۲۶۰,شهرکرد,shahrekord,vehicles,motorcycles
۰۹۳۸۵۶۲۶۸۱۸,شهرکرد,shahrekord,vehicles,motorcycles
۰۹۱۳۶۷۴۲۲۷۹,شهرکرد,shahrekord,vehicles,motorcycles
۰۹۰۳۱۷۳۴۱۲۵,شهرکرد,shahrekord,vehicles,motorcycles
۰۹۱۶۲۸۰۷۷۵۳,شهرکرد,shahrekord,vehicles,motorcycles
۰۹۱۳۸۸۳۰۷۴۲,شهرکرد,shahrekord,vehicles,motorcycles
۰۹۱۳۹۸۵۱۳۹۶,شهرکرد,shahrekord,vehicles,motorcycles
۰۹۱۴۰۸۵۵۰۴۱,شهرکرد,shahrekord,vehicles,motorcycles
۰۹۳۷۰۷۱۹۱۳۸,شهرکرد,shahrekord,vehicles,motorcycles
۰۹۱۶۲۸۰۷۷۵۳,شهرکرد,shahrekord,vehicles,motorcycles
۰۹۱۳۹۸۳۹۳۰۴,شهرکرد,shahrekord,vehicles,motorcycles
۰۹۱۶۲۸۲۶۹۳۷,شهرکرد,shahrekord,vehicles,motorcycles
۰۹۱۳۹۷۹۹۴۸۹,شهرکرد,shahrekord,vehicles,motorcycles
۰۹۱۳۹۸۳۳۷۲۸,شهرکرد,shahrekord,vehicles,motorcycles
۰۹۰۵۸۲۱۱۷۴۵,شهرکرد,shahrekord,vehicles,motorcycles
۰۹۱۳۷۷۳۳۵۰۰,شهرکرد,shahrekord,vehicles,motorcycles
۰۹۰۳۵۷۹۵۷۶۳,شهرکرد,shahrekord,vehicles,motorcycles
۰۹۱۳۹۸۰۴۰۴۷,شهرکرد,shahrekord,vehicles,motorcycles
۰۹۱۳۱۸۴۰۲۷۳,شهرکرد,shahrekord,vehicles,motorcycles
۰۹۱۳۲۸۵۸۴۲۹,شهرکرد,shahrekord,vehicles,motorcycles
۰۹۱۶۳۷۲۱۸۴۵,شهرکرد,shahrekord,vehicles,motorcycles
۰۹۱۶۲۳۷۱۴۲۰,شهرکرد,shahrekord,vehicles,motorcycles
۰۹۱۳۰۵۸۷۵۹۷,شهرکرد,shahrekord,vehicles,motorcycles
۰۹۱۳۰۵۸۷۵۹۷,شهرکرد,shahrekord,vehicles,motorcycles
۰۹۱۳۹۸۱۰۰۸۷,شهرکرد,shahrekord,vehicles,motorcycles
۰۹۱۳۶۷۷۰۳۷۷,شهرکرد,shahrekord,vehicles,motorcycles
۰۹۳۸۷۹۴۵۸۶۶,شهرکرد,shahrekord,vehicles,motorcycles
۰۹۹۱۰۰۶۶۵۸۵,شهرکرد,shahrekord,vehicles,motorcycles
۰۹۳۹۶۵۲۵۲۵۵,شهرکرد,shahrekord,vehicles,motorcycles
۰۹۱۰۳۸۷۵۰۶۵,شهرکرد,shahrekord,vehicles,motorcycles
۰۹۲۲۳۹۸۶۹۸۹,شهرکرد,shahrekord,vehicles,motorcycles
۰۹۳۹۰۵۶۴۹۱۹,شهرکرد,shahrekord,vehicles,motorcycles
۰۹۳۶۰۲۱۵۷۷۸,شهرکرد,shahrekord,vehicles,motorcycles
۰۹۱۳۲۸۳۹۰۶۲,شهرکرد,shahrekord,vehicles,motorcycles
۰۹۱۳۰۶۸۵۶۳۳,شهرکرد,shahrekord,vehicles,motorcycles
۰۹۳۳۱۵۵۰۲۸۴,شهرکرد,shahrekord,vehicles,motorcycles
۰۹۰۳۳۴۳۷۶۵۳,شهرکرد,shahrekord,vehicles,motorcycles
۰۹۳۹۷۱۰۴۷۶۵,شهرکرد,shahrekord,vehicles,motorcycles
۰۹۱۰۳۹۳۷۹۵۵,شهرکرد,shahrekord,vehicles,motorcycles
۰۹۱۰۳۹۳۷۹۵۵,شهرکرد,shahrekord,vehicles,motorcycles
۰۹۱۳۹۰۵۰۵۵۹,شهرکرد,shahrekord,vehicles,motorcycles
۰۹۱۳۰۰۶۷۱۶۲,شهرکرد,shahrekord,vehicles,motorcycles
۰۹۳۷۶۵۵۸۲۹۷,شهرکرد,shahrekord,vehicles,motorcycles
۰۹۳۶۱۰۸۳۲۱۸,شهرکرد,shahrekord,vehicles,motorcycles
۰۹۱۳۸۸۶۳۰۳۵,شهرکرد,shahrekord,vehicles,motorcycles
۰۹۹۰۱۱۴۲۶۷۶,شهرکرد,shahrekord,vehicles,motorcycles
۰۹۱۳۶۷۳۲۲۸۳,شهرکرد,shahrekord,vehicles,motorcycles
۰۹۳۶۶۸۷۶۷۶۳,شهرکرد,shahrekord,vehicles,motorcycles
۰۹۱۹۹۱۳۷۷۳۱,شهرکرد,shahrekord,vehicles,motorcycles
۰۹۱۳۱۸۵۲۲۶۸,شهرکرد,shahrekord,vehicles,motorcycles
۰۹۱۶۲۲۶۳۴۳۸,شهرکرد,shahrekord,vehicles,motorcycles
۰۹۹۰۳۳۹۲۲۷۰,شهرکرد,shahrekord,vehicles,motorcycles
۰۹۳۳۶۳۵۶۹۰۵,شهرکرد,shahrekord,vehicles,motorcycles
۰۹۱۳۸۸۰۸۶۵۷,شهرکرد,shahrekord,vehicles,motorcycles
۰۹۳۷۸۵۲۱۲۷۲,شهرکرد,shahrekord,vehicles,motorcycles
۰۹۰۵۰۴۳۲۵۲۴,شهرکرد,shahrekord,vehicles,motorcycles
۰۹۲۱۶۳۸۷۱۰۹,شهرکرد,shahrekord,vehicles,motorcycles
۰۹۱۳۵۹۳۵۶۲۵,شهرکرد,shahrekord,vehicles,motorcycles
۰۹۱۳۹۸۴۸۷۳۵,شهرکرد,shahrekord,vehicles,motorcycles
۰۹۱۳۹۸۱۴۸۸۶,شهرکرد,shahrekord,vehicles,motorcycles
۰۹۱۰۳۳۸۱۳۷۷,شهرکرد,shahrekord,vehicles,motorcycles
۰۹۰۳۰۶۴۸۳۰۹,شهرکرد,shahrekord,vehicles,motorcycles
۰۹۱۳۷۳۲۴۳۲۳,شهرکرد,shahrekord,vehicles,motorcycles
۰۹۱۳۵۹۰۷۹۷۶,شهرکرد,shahrekord,vehicles,motorcycles
۰۹۳۳۲۴۵۶۱۲۰,شهرکرد,shahrekord,vehicles,motorcycles
۰۹۳۵۸۲۹۲۳۸۸,شهرکرد,shahrekord,electronic-devices,mobile-tablet
۰۹۲۱۷۷۴۶۷۴۰,شهرکرد,shahrekord,electronic-devices,mobile-tablet
۰۹۱۱۴۴۳۳۸۶۰,شهرکرد,shahrekord,electronic-devices,mobile-tablet
۰۹۱۳۱۸۲۷۲۳۸,شهرکرد,shahrekord,electronic-devices,mobile-tablet
۰۹۱۳۳۸۳۱۳۱۰,شهرکرد,shahrekord,electronic-devices,mobile-tablet
۰۹۱۳۹۸۲۲۸۰۲,شهرکرد,shahrekord,electronic-devices,mobile-tablet
۰۹۲۱۷۲۹۲۴۱۱,شهرکرد,shahrekord,electronic-devices,mobile-tablet
۰۹۱۶۲۲۵۹۵۹۱,شهرکرد,shahrekord,electronic-devices,mobile-tablet
۰۹۹۱۳۷۶۱۹۲۲,شهرکرد,shahrekord,electronic-devices,mobile-tablet
۰۹۰۳۳۴۳۷۶۵۳,شهرکرد,shahrekord,electronic-devices,mobile-tablet
۰۹۱۳۶۲۷۹۰۰۸,شهرکرد,shahrekord,electronic-devices,mobile-tablet
(پنهان‌شده؛ چت کنید),شهرکرد,shahrekord,electronic-devices,mobile-tablet
۰۹۱۹۶۵۱۶۴۵۴,شهرکرد,shahrekord,electronic-devices,mobile-tablet
۰۹۱۳۹۸۱۱۸۸۰,شهرکرد,shahrekord,electronic-devices,mobile-tablet
۰۹۹۱۳۷۶۶۱۲۴,شهرکرد,shahrekord,electronic-devices,mobile-tablet
۰۹۱۳۰۸۵۷۶۷۳,شهرکرد,shahrekord,electronic-devices,mobile-tablet
۰۹۱۳۷۰۰۰۴۰۲,شهرکرد,shahrekord,electronic-devices,mobile-tablet
۰۹۰۲۵۸۸۱۲۶۹,شهرکرد,shahrekord,electronic-devices,mobile-tablet
۰۹۰۲۸۵۰۰۳۶۵,شهرکرد,shahrekord,electronic-devices,mobile-tablet
۰۹۱۳۰۰۷۶۹۱۴,شهرکرد,shahrekord,electronic-devices,mobile-tablet
۰۹۳۵۶۵۳۹۲۸۱,شهرکرد,shahrekord,electronic-devices,mobile-tablet
۰۹۳۳۷۹۵۰۹۰۹,شهرکرد,shahrekord,electronic-devices,mobile-tablet
۰۹۱۳۹۸۱۷۰۹۲,شهرکرد,shahrekord,electronic-devices,mobile-tablet
۰۹۱۳۹۸۱۷۰۹۲,شهرکرد,shahrekord,electronic-devices,mobile-tablet
۰۹۳۹۰۵۷۱۵۳۲,شهرکرد,shahrekord,electronic-devices,mobile-tablet
۰۹۳۹۵۰۹۱۳۳۵,شهرکرد,shahrekord,electronic-devices,mobile-tablet
(پنهان‌شده؛ چت کنید),شهرکرد,shahrekord,electronic-devices,mobile-tablet
۰۹۹۲۳۱۱۶۶۴۳,شهرکرد,shahrekord,electronic-devices,mobile-tablet
۰۹۱۳۴۸۳۵۲۱۸,شهرکرد,shahrekord,electronic-devices,mobile-tablet
۰۹۱۳۷۰۳۴۱۸۸,شهرکرد,shahrekord,electronic-devices,mobile-tablet
۰۹۱۳۷۰۳۴۱۸۸,شهرکرد,shahrekord,electronic-devices,mobile-tablet
(پنهان‌شده؛ چت کنید),شهرکرد,shahrekord,electronic-devices,mobile-tablet
۰۹۱۷۰۱۲۴۶۶۰,شهرکرد,shahrekord,electronic-devices,mobile-tablet
۰۹۰۱۷۱۲۹۱۲۸,شهرکرد,shahrekord,electronic-devices,mobile-tablet
۰۹۱۳۴۸۱۶۱۶۷,شهرکرد,shahrekord,electronic-devices,mobile-tablet
۰۹۳۹۵۱۳۶۲۰۸,شهرکرد,shahrekord,electronic-devices,mobile-tablet
۰۹۱۳۹۷۹۸۹۴۱,شهرکرد,shahrekord,electronic-devices,mobile-tablet
۰۹۱۴۰۲۳۶۰۱۵,شهرکرد,shahrekord,electronic-devices,mobile-tablet
۰۹۰۳۳۸۴۰۸۹۸,شهرکرد,shahrekord,electronic-devices,mobile-tablet
۰۹۱۴۰۸۱۹۲۱۸,شهرکرد,shahrekord,electronic-devices,mobile-tablet
۰۹۳۵۵۴۴۱۹۶۱,شهرکرد,shahrekord,electronic-devices,mobile-tablet
۰۹۱۴۰۸۱۹۲۱۸,شهرکرد,shahrekord,electronic-devices,mobile-tablet
۰۹۱۹۹۰۴۱۲۹۰,شهرکرد,shahrekord,electronic-devices,mobile-tablet
۰۹۹۰۵۲۴۰۸۶۹,شهرکرد,shahrekord,electronic-devices,mobile-tablet
۰۹۹۱۱۸۹۸۲۹۴,شهرکرد,shahrekord,electronic-devices,mobile-tablet
(پنهان‌شده؛ چت کنید),شهرکرد,shahrekord,electronic-devices,computers
۰۹۱۲۰۲۱۴۴۲۰,شهرکرد,shahrekord,electronic-devices,computers
۰۹۱۳۹۰۸۳۵۸۳,شهرکرد,shahrekord,electronic-devices,computers
۰۹۱۴۰۲۴۱۶۹۵,شهرکرد,shahrekord,electronic-devices,computers
۰۹۱۶۰۱۳۳۸۷۲,شهرکرد,shahrekord,electronic-devices,computers
۰۹۹۰۳۳۹۰۹۶۴,شهرکرد,shahrekord,electronic-devices,computers
۰۹۱۳۵۷۷۶۲۵۲,شهرکرد,shahrekord,electronic-devices,computers
۰۹۰۱۵۲۳۰۷۴۰,شهرکرد,shahrekord,electronic-devices,computers
۰۹۰۳۹۶۲۲۸۷۰,شهرکرد,shahrekord,electronic-devices,computers
۰۹۹۱۰۹۲۹۴۶۶,شهرکرد,shahrekord,electronic-devices,computers
۰۹۹۱۰۹۲۹۴۶۶,شهرکرد,shahrekord,electronic-devices,computers
۰۹۱۴۰۲۴۱۶۹۵,شهرکرد,shahrekord,electronic-devices,computers
۰۹۱۳۶۷۷۰۳۷۷,شهرکرد,shahrekord,electronic-devices,computers
۰۹۱۰۶۹۶۲۸۰۸,شهرکرد,shahrekord,electronic-devices,computers
۰۹۹۲۸۶۸۳۲۲۷,شهرکرد,shahrekord,electronic-devices,computers
۰۹۱۶۷۳۲۷۸۶۸,شهرکرد,shahrekord,electronic-devices,computers
۰۹۱۳۸۸۵۸۸۴۰,شهرکرد,shahrekord,electronic-devices,computers
۰۹۱۰۳۸۷۰۳۴۳,شهرکرد,shahrekord,electronic-devices,computers
۰۹۱۳۶۸۵۴۲۵۰,شهرکرد,shahrekord,electronic-devices,computers
۰۹۱۰۰۸۵۱۱۷۴,شهرکرد,shahrekord,electronic-devices,computers
۰۹۱۳۹۸۸۲۷۲۱,شهرکرد,shahrekord,electronic-devices,computers
(پنهان‌شده؛ چت کنید),شهرکرد,shahrekord,electronic-devices,computers
۰۹۱۶۲۱۸۸۸۹۳,شهرکرد,shahrekord,electronic-devices,computers
۰۹۱۳۹۸۱۷۰۹۲,شهرکرد,shahrekord,electronic-devices,computers
۰۹۳۸۷۵۶۴۶۴۲,شهرکرد,shahrekord,electronic-devices,computers
۰۹۰۱۶۱۱۰۰۹۷,شهرکرد,shahrekord,electronic-devices,computers
۰۹۹۰۳۳۹۲۳۸۰,شهرکرد,shahrekord,electronic-devices,computers
۰۹۱۳۸۸۵۷۳۳۲,شهرکرد,shahrekord,electronic-devices,computers
۰۹۱۹۶۷۷۹۴۳۶,شهرکرد,shahrekord,electronic-devices,computers
۰۹۱۴۰۸۱۷۷۴۳,شهرکرد,shahrekord,electronic-devices,computers
۰۹۹۱۳۱۴۶۹۷۴,شهرکرد,shahrekord,electronic-devices,computers
۰۹۳۷۳۸۳۲۹۹۵,شهرکرد,shahrekord,electronic-devices,computers
۰۹۱۳۷۰۱۶۳۳۱,شهرکرد,shahrekord,electronic-devices,computers
۰۹۹۰۸۷۹۴۴۸۱,شهرکرد,shahrekord,electronic-devices,computers
۰۹۱۴۰۸۵۰۴۶۴,شهرکرد,shahrekord,electronic-devices,computers
۰۹۱۳۹۸۵۸۵۲۰,شهرکرد,shahrekord,electronic-devices,computers
۰۹۱۳۱۸۴۶۵۴۵,شهرکرد,shahrekord,electronic-devices,computers
۰۹۱۳۴۸۴۴۴۵۷,شهرکرد,shahrekord,electronic-devices,computers
۰۹۹۲۳۲۰۹۲۹۵,شهرکرد,shahrekord,electronic-devices,computers
۰۹۱۳۷۷۱۳۸۹۳,شهرکرد,shahrekord,electronic-devices,computers
۰۹۱۳۷۰۴۴۱۵۲,شهرکرد,shahrekord,electronic-devices,computers
۰۹۱۳۷۰۴۴۱۵۲,شهرکرد,shahrekord,electronic-devices,computers
۰۹۹۱۹۰۵۱۷۱۳,شهرکرد,shahrekord,electronic-devices,computers
۰۹۱۳۹۸۳۷۶۹۰,شهرکرد,shahrekord,electronic-devices,computers
۰۹۱۳۲۳۱۱۹۷۳,شهرکرد,shahrekord,electronic-devices,computers
۰۹۰۲۰۱۲۰۲۰۹,شهرکرد,shahrekord,electronic-devices,computers
۰۹۳۰۲۱۹۴۷۱۶,شهرکرد,shahrekord,electronic-devices,computers
۰۹۰۲۰۱۲۰۲۰۹,شهرکرد,shahrekord,electronic-devices,computers
۰۹۱۹۸۰۶۸۳۹۰,شهرکرد,shahrekord,electronic-devices,computers
۰۹۱۳۷۰۴۴۱۵۲,شهرکرد,shahrekord,electronic-devices,computers
۰۹۹۱۳۷۵۸۴۰۰,شهرکرد,shahrekord,electronic-devices,computers
۰۹۱۳۷۰۴۴۱۵۲,شهرکرد,shahrekord,electronic-devices,computers
۰۹۱۳۷۰۴۴۱۵۲,شهرکرد,shahrekord,electronic-devices,computers
۰۹۰۳۳۸۴۰۸۹۸,شهرکرد,shahrekord,electronic-devices,computers
۰۹۰۵۵۷۸۹۴۳۱,شهرکرد,shahrekord,electronic-devices,computers
۰۹۹۲۱۹۲۵۸۵۰,شهرکرد,shahrekord,electronic-devices,computers
۰۹۲۱۰۰۵۹۴۶۹,شهرکرد,shahrekord,electronic-devices,computers
(پنهان‌شده؛ چت کنید),شهرکرد,shahrekord,electronic-devices,computers
۰۹۱۳۲۸۵۲۳۱۴,شهرکرد,shahrekord,electronic-devices,computers
۰۹۱۳۵۷۷۶۲۵۲,شهرکرد,shahrekord,electronic-devices,computers
۰۹۹۰۳۱۹۹۰۲۰,شهرکرد,shahrekord,electronic-devices,computers
۰۹۹۰۰۱۶۷۸۵۷,شهرکرد,shahrekord,electronic-devices,computers
۰۹۳۹۴۴۳۴۵۵۸,شهرکرد,shahrekord,electronic-devices,computers
۰۹۹۲۲۴۶۸۵۹۰,شهرکرد,shahrekord,electronic-devices,computers
۰۹۱۳۳۸۲۴۵۵۹,شهرکرد,shahrekord,electronic-devices,computers
(پنهان‌شده؛ چت کنید),شهرکرد,shahrekord,electronic-devices,computers
۰۹۱۳۹۸۱۷۰۹۲,شهرکرد,shahrekord,electronic-devices,computers
۰۹۱۳۹۸۱۷۰۹۲,شهرکرد,shahrekord,electronic-devices,computers
۰۹۱۳۹۸۱۷۰۹۲,شهرکرد,shahrekord,electronic-devices,computers
(پنهان‌شده؛ چت کنید),شهرکرد,shahrekord,electronic-devices,game-consoles
۰۹۹۱۹۳۴۲۹۵۵,شهرکرد,shahrekord,electronic-devices,game-consoles
(پنهان‌شده؛ چت کنید),شهرکرد,shahrekord,electronic-devices,game-consoles
۰۹۱۰۳۹۴۶۳۶۷,شهرکرد,shahrekord,electronic-devices,game-consoles
۰۹۲۲۶۴۵۹۹۳۸,شهرکرد,shahrekord,electronic-devices,game-consoles
۰۹۱۳۹۸۵۱۳۶۰,شهرکرد,shahrekord,electronic-devices,game-consoles
۰۹۱۳۶۷۷۰۳۷۷,شهرکرد,shahrekord,electronic-devices,game-consoles
۰۹۰۱۰۷۲۲۷۳۱,شهرکرد,shahrekord,electronic-devices,game-consoles
۰۹۳۳۰۴۲۲۷۱۳,شهرکرد,shahrekord,electronic-devices,game-consoles
۰۹۱۳۳۸۱۴۶۷۶,شهرکرد,shahrekord,electronic-devices,game-consoles
۰۹۹۱۳۷۷۲۷۸۰,شهرکرد,shahrekord,electronic-devices,game-consoles
۰۹۱۳۳۸۳۰۱۲۰,شهرکرد,shahrekord,electronic-devices,game-consoles
۰۹۲۱۶۲۵۰۴۶۷,شهرکرد,shahrekord,electronic-devices,game-consoles
۰۹۹۰۳۲۰۰۴۰۲,شهرکرد,shahrekord,electronic-devices,game-consoles
۰۹۱۰۳۸۹۹۲۰۱,شهرکرد,shahrekord,electronic-devices,game-consoles
(پنهان‌شده؛ چت کنید),شهرکرد,shahrekord,electronic-devices,game-consoles
(پنهان‌شده؛ چت کنید),شهرکرد,shahrekord,electronic-devices,game-consoles
۰۹۱۷۵۱۶۱۵۰۱,شهرکرد,shahrekord,electronic-devices,game-consoles
۰۹۱۶۲۸۱۱۸۶۵,شهرکرد,shahrekord,electronic-devices,game-consoles
(پنهان‌شده؛ چت کنید),شهرکرد,shahrekord,electronic-devices,game-consoles
۰۹۹۱۳۷۵۵۲۷۶,شهرکرد,shahrekord,electronic-devices,game-consoles
۰۹۱۳۴۸۴۶۵۲۵,شهرکرد,shahrekord,electronic-devices,game-consoles
۰۹۱۴۰۸۷۷۴۷۱,شهرکرد,shahrekord,electronic-devices,game-consoles
۰۹۱۳۳۸۴۴۴۹۶,شهرکرد,shahrekord,electronic-devices,game-consoles
۰۹۳۸۹۵۸۴۸۸۸,شهرکرد,shahrekord,electronic-devices,game-consoles
(پنهان‌شده؛ چت کنید),شهرکرد,shahrekord,electronic-devices,game-consoles
۰۹۳۸۹۲۱۳۵۳۹,شهرکرد,shahrekord,electronic-devices,game-consoles
۰۹۱۳۸۸۳۲۴۷۰,شهرکرد,shahrekord,electronic-devices,game-consoles
۰۹۳۹۰۰۰۰۴۸۵,شهرکرد,shahrekord,electronic-devices,game-consoles
(پنهان‌شده؛ چت کنید),شهرکرد,shahrekord,electronic-devices,game-consoles
۰۹۱۴۰۲۰۱۷۰۰,شهرکرد,shahrekord,electronic-devices,game-consoles
۰۹۳۹۰۰۰۰۴۸۵,شهرکرد,shahrekord,electronic-devices,game-consoles
۰۹۹۲۴۷۵۰۳۷۷,شهرکرد,shahrekord,electronic-devices,game-consoles
۰۹۱۳۸۲۷۹۷۶۸,شهرکرد,shahrekord,electronic-devices,game-consoles
۰۹۹۲۴۷۵۰۳۷۷,شهرکرد,shahrekord,electronic-devices,game-consoles
(پنهان‌شده؛ چت کنید),شهرکرد,shahrekord,electronic-devices,game-consoles
۰۹۳۸۰۸۴۱۱۵۶,شهرکرد,shahrekord,electronic-devices,game-consoles
۰۹۱۳۵۰۸۱۰۸۲,شهرکرد,shahrekord,electronic-devices,game-consoles
۰۹۳۷۴۷۵۹۷۶۷,شهرکرد,shahrekord,electronic-devices,game-consoles
۰۹۳۷۷۶۹۴۴۷۳,شهرکرد,shahrekord,electronic-devices,game-consoles
۰۹۱۳۸۸۰۷۵۳۳,شهرکرد,shahrekord,electronic-devices,game-consoles
۰۹۹۱۴۷۰۶۶۳۲,شهرکرد,shahrekord,electronic-devices,game-consoles
۰۹۹۰۵۲۳۶۴۷۹,شهرکرد,shahrekord,electronic-devices,game-consoles
۰۹۳۸۴۳۵۵۱۶۰,شهرکرد,shahrekord,electronic-devices,game-consoles
۰۹۱۶۲۲۶۰۶۹۸,شهرکرد,shahrekord,electronic-devices,game-consoles
۰۹۹۱۳۷۶۸۱۹۷,شهرکرد,shahrekord,electronic-devices,game-consoles
۰۹۲۱۳۲۹۲۶۳۲,شهرکرد,shahrekord,electronic-devices,game-consoles
۰۹۰۳۰۵۵۴۶۸۰,شهرکرد,shahrekord,electronic-devices,game-consoles
۰۹۳۸۷۹۴۲۱۳۳,شهرکرد,shahrekord,electronic-devices,game-consoles
۰۹۹۰۷۴۳۶۲۷۵,شهرکرد,shahrekord,electronic-devices,game-consoles
۰۹۱۳۱۸۵۲۹۴۱,شهرکرد,shahrekord,electronic-devices,game-consoles
۰۹۱۴۰۲۵۷۹۰۹,شهرکرد,shahrekord,electronic-devices,game-consoles
۰۹۰۳۹۱۳۵۸۰۴,شهرکرد,shahrekord,electronic-devices,game-consoles
۰۹۱۴۰۲۱۱۷۹۸,شهرکرد,shahrekord,electronic-devices,game-consoles
۰۹۲۱۵۸۱۸۸۴۹,شهرکرد,shahrekord,electronic-devices,game-consoles
۰۹۳۶۹۷۳۵۵۴۴,شهرکرد,shahrekord,electronic-devices,game-consoles
۰۹۹۱۸۲۸۵۴۰۷,شهرکرد,shahrekord,electronic-devices,game-consoles
۰۹۱۳۸۲۷۹۷۶۸,شهرکرد,shahrekord,electronic-devices,game-consoles
۰۹۱۳۹۸۳۴۷۷۳,شهرکرد,shahrekord,electronic-devices,game-consoles
۰۹۹۰۸۷۰۷۵۹۶,شهرکرد,shahrekord,electronic-devices,game-consoles
۰۹۱۳۷۰۱۸۰۴۱,شهرکرد,shahrekord,electronic-devices,game-consoles
۰۹۱۳۷۷۱۴۱۵۲,شهرکرد,shahrekord,electronic-devices,game-consoles
۰۹۹۱۰۲۰۴۸۸۹,شهرکرد,shahrekord,electronic-devices,game-consoles
(پنهان‌شده؛ چت کنید),شهرکرد,shahrekord,electronic-devices,game-consoles
۰۹۱۳۱۸۳۳۳۸۲,شهرکرد,shahrekord,electronic-devices,game-consoles
۰۹۹۱۳۷۳۶۰۳۳,شهرکرد,shahrekord,electronic-devices,video-audio-device
۰۹۱۳۲۸۳۹۱۵۱,شهرکرد,shahrekord,electronic-devices,video-audio-device
۰۹۱۳۶۸۳۳۳۶۱,شهرکرد,shahrekord,electronic-devices,video-audio-device
۰۹۱۳۲۸۵۶۶۷۵,شهرکرد,shahrekord,electronic-devices,video-audio-device
۰۹۱۳۹۸۸۷۸۷۰,شهرکرد,shahrekord,electronic-devices,video-audio-device
۰۹۱۲۹۲۱۵۶۶۰,شهرکرد,shahrekord,electronic-devices,video-audio-device
۰۹۹۱۰۹۲۹۴۶۶,شهرکرد,shahrekord,electronic-devices,video-audio-device
۰۹۰۵۵۷۸۹۴۳۱,شهرکرد,shahrekord,electronic-devices,video-audio-device
۰۹۳۷۷۳۶۲۹۸۷,شهرکرد,shahrekord,electronic-devices,video-audio-device
۰۹۹۲۳۲۰۹۲۹۵,شهرکرد,shahrekord,electronic-devices,video-audio-device
۰۹۱۳۹۸۰۴۰۴۷,شهرکرد,shahrekord,electronic-devices,video-audio-device
۰۹۰۲۰۹۱۲۶۰۵,شهرکرد,shahrekord,electronic-devices,video-audio-device
(پنهان‌شده؛ چت کنید),شهرکرد,shahrekord,electronic-devices,video-audio-device
۰۹۱۳۶۷۳۵۶۸۰,شهرکرد,shahrekord,electronic-devices,video-audio-device
۰۹۹۱۹۱۴۵۸۹۰,شهرکرد,shahrekord,electronic-devices,video-audio-device
۰۹۹۱۲۳۴۳۲۶۶,شهرکرد,shahrekord,electronic-devices,video-audio-device
۰۹۹۱۹۱۴۵۸۹۰,شهرکرد,shahrekord,electronic-devices,video-audio-device
۰۹۳۳۳۰۰۳۷۶۵,شهرکرد,shahrekord,electronic-devices,video-audio-device
۰۹۱۳۹۸۰۱۳۵۴,شهرکرد,shahrekord,electronic-devices,video-audio-device
۰۹۲۱۹۴۱۵۰۵۸,شهرکرد,shahrekord,electronic-devices,video-audio-device
۰۹۱۳۹۷۸۵۹۶۹,شهرکرد,shahrekord,electronic-devices,video-audio-device
۰۹۱۳۹۸۰۱۳۵۴,شهرکرد,shahrekord,electronic-devices,video-audio-device
(پنهان‌شده؛ چت کنید),شهرکرد,shahrekord,electronic-devices,video-audio-device
۰۹۲۲۱۵۰۷۳۶۰,شهرکرد,shahrekord,electronic-devices,video-audio-device
۰۹۱۳۷۰۰۹۹۰۲,شهرکرد,shahrekord,electronic-devices,video-audio-device
۰۹۱۳۰۰۴۲۶۷۰,شهرکرد,shahrekord,electronic-devices,video-audio-device
۰۹۱۳۴۸۳۳۹۲۲,شهرکرد,shahrekord,electronic-devices,video-audio-device
۰۹۳۵۸۲۴۴۰۸۰,شهرکرد,shahrekord,electronic-devices,video-audio-device
(پنهان‌شده؛ چت کنید),شهرکرد,shahrekord,electronic-devices,video-audio-device
۰۹۱۳۴۸۴۴۴۵۷,شهرکرد,shahrekord,electronic-devices,video-audio-device
۰۹۳۷۹۲۹۲۵۴۴,شهرکرد,shahrekord,electronic-devices,video-audio-device
۰۹۳۷۷۳۶۲۹۸۷,شهرکرد,shahrekord,electronic-devices,video-audio-device
۰۹۰۲۶۸۵۹۸۵۰,شهرکرد,shahrekord,electronic-devices,video-audio-device
۰۹۹۲۳۲۰۹۲۹۵,شهرکرد,shahrekord,electronic-devices,video-audio-device
۰۹۱۳۷۰۴۶۸۸۴,شهرکرد,shahrekord,electronic-devices,video-audio-device
۰۹۹۱۳۲۷۰۸۰۲,شهرکرد,shahrekord,electronic-devices,video-audio-device
۰۹۹۱۳۲۷۰۸۰۲,شهرکرد,shahrekord,electronic-devices,video-audio-device
۰۹۳۹۳۱۸۱۸۱۲,شهرکرد,shahrekord,electronic-devices,video-audio-device
(پنهان‌شده؛ چت کنید),شهرکرد,shahrekord,electronic-devices,video-audio-device
۰۹۱۳۳۸۰۲۰۳۵,شهرکرد,shahrekord,electronic-devices,video-audio-device
۰۹۱۳۲۸۱۳۴۹۷,شهرکرد,shahrekord,electronic-devices,video-audio-device
۰۹۱۳۳۸۰۲۰۳۵,شهرکرد,shahrekord,electronic-devices,video-audio-device
۰۹۱۳۹۷۸۶۴۱۱,شهرکرد,shahrekord,electronic-devices,video-audio-device
۰۹۱۳۹۷۸۶۴۱۱,شهرکرد,shahrekord,electronic-devices,video-audio-device
۰۹۱۳۲۸۲۱۵۲۴,شهرکرد,shahrekord,electronic-devices,video-audio-device
۰۹۹۱۴۰۷۵۵۹۷,شهرکرد,shahrekord,electronic-devices,video-audio-device
۰۹۳۶۶۷۴۲۱۸۰,شهرکرد,shahrekord,electronic-devices,telephone
۰۹۱۹۹۳۱۴۳۷۸,شهرکرد,shahrekord,electronic-devices,telephone
۰۹۰۵۵۷۸۹۴۳۱,شهرکرد,shahrekord,electronic-devices,telephone
۰۹۱۰۳۱۱۲۰۱۹,شهرکرد,shahrekord,electronic-devices,telephone
۰۹۱۳۹۸۰۶۸۹۰,شهرکرد,shahrekord,electronic-devices,telephone
۰۹۱۴۰۲۲۸۴۶۹,شهرکرد,shahrekord,electronic-devices,telephone
۰۹۰۳۰۴۶۶۰۹۵,شهرکرد,shahrekord,electronic-devices,telephone
۰۹۱۳۵۹۰۴۷۵۷,شهرکرد,shahrekord,electronic-devices,telephone
۰۹۱۹۹۲۷۰۷۶۰,شهرکرد,shahrekord,electronic-devices,telephone
۰۹۱۴۰۸۵۱۲۸۵,شهرکرد,shahrekord,electronic-devices,telephone
۰۹۹۰۵۲۳۷۴۶۸,شهرکرد,shahrekord,electronic-devices,telephone
۰۹۱۳۳۸۰۶۴۵۵,شهرکرد,shahrekord,electronic-devices,telephone
(پنهان‌شده؛ چت کنید),شهرکرد,shahrekord,home-and-kitchen,home-decor-furniture
(پنهان‌شده؛ چت کنید),شهرکرد,shahrekord,home-and-kitchen,home-decor-furniture
۰۹۰۲۰۸۹۱۵۰۰,شهرکرد,shahrekord,home-and-kitchen,home-decor-furniture
۰۹۰۲۰۸۹۱۵۰۰,شهرکرد,shahrekord,home-and-kitchen,home-decor-furniture
۰۹۱۳۲۸۲۸۶۶۴,شهرکرد,shahrekord,home-and-kitchen,home-decor-furniture
(پنهان‌شده؛ چت کنید),شهرکرد,shahrekord,home-and-kitchen,home-decor-furniture
۰۹۱۳۶۰۶۸۳۶۴,شهرکرد,shahrekord,home-and-kitchen,home-decor-furniture
(پنهان‌شده؛ چت کنید),شهرکرد,shahrekord,home-and-kitchen,home-decor-furniture
۰۹۹۱۳۷۳۶۰۳۳,شهرکرد,shahrekord,home-and-kitchen,home-decor-furniture
۰۹۱۳۶۰۴۸۸۶۱,شهرکرد,shahrekord,home-and-kitchen,home-decor-furniture
(پنهان‌شده؛ چت کنید),شهرکرد,shahrekord,home-and-kitchen,home-decor-furniture
۰۹۱۳۷۰۳۳۹۰۲,شهرکرد,shahrekord,home-and-kitchen,home-decor-furniture
۰۹۱۶۰۸۵۶۲۴۴,شهرکرد,shahrekord,home-and-kitchen,home-decor-furniture
۰۹۹۲۸۶۸۳۲۲۷,شهرکرد,shahrekord,home-and-kitchen,home-decor-furniture
۰۹۱۳۹۸۳۰۹۵۵,شهرکرد,shahrekord,home-and-kitchen,home-decor-furniture
۰۹۹۱۳۷۷۱۸۲۵,شهرکرد,shahrekord,home-and-kitchen,home-decor-furniture
۰۹۱۳۹۷۸۷۵۹۰,شهرکرد,shahrekord,home-and-kitchen,home-decor-furniture
۰۹۱۶۷۳۲۸۲۱۹,شهرکرد,shahrekord,home-and-kitchen,home-decor-furniture
(پنهان‌شده؛ چت کنید),شهرکرد,shahrekord,home-and-kitchen,home-decor-furniture
۰۹۱۳۹۸۵۲۵۹۷,شهرکرد,shahrekord,home-and-kitchen,home-decor-furniture
۰۹۱۶۲۱۸۰۰۶۷,شهرکرد,shahrekord,home-and-kitchen,home-decor-furniture
۰۹۱۳۲۸۲۸۶۶۴,شهرکرد,shahrekord,home-and-kitchen,home-decor-furniture
۰۹۱۳۲۸۲۸۶۶۴,شهرکرد,shahrekord,home-and-kitchen,home-decor-furniture
۰۹۱۳۲۸۲۸۶۶۴,شهرکرد,shahrekord,home-and-kitchen,home-decor-furniture
۰۹۱۳۴۸۳۳۹۲۲,شهرکرد,shahrekord,home-and-kitchen,home-decor-furniture
۰۹۱۰۳۸۴۲۱۴۵,شهرکرد,shahrekord,home-and-kitchen,home-decor-furniture
۰۹۱۴۰۷۹۹۱۰۸,شهرکرد,shahrekord,home-and-kitchen,home-decor-furniture
۰۹۱۳۸۸۰۴۷۳۹,شهرکرد,shahrekord,home-and-kitchen,home-decor-furniture
۰۹۱۳۲۸۱۸۱۹۶,شهرکرد,shahrekord,home-and-kitchen,home-decor-furniture
۰۹۹۰۳۳۹۱۹۷۶,شهرکرد,shahrekord,home-and-kitchen,home-decor-furniture
۰۹۱۳۱۸۸۵۳۹۷,شهرکرد,shahrekord,home-and-kitchen,home-decor-furniture
۰۹۱۳۱۸۳۷۷۱۳,شهرکرد,shahrekord,home-and-kitchen,home-decor-furniture
۰۹۱۰۴۹۸۲۶۶۱,شهرکرد,shahrekord,home-and-kitchen,home-decor-furniture
(پنهان‌شده؛ چت کنید),شهرکرد,shahrekord,home-and-kitchen,home-decor-furniture
۰۹۱۳۲۸۵۶۱۶۷,شهرکرد,shahrekord,home-and-kitchen,home-decor-furniture
۰۹۹۰۵۲۴۱۱۹۷,شهرکرد,shahrekord,home-and-kitchen,home-decor-furniture
۰۹۱۳۲۸۰۰۰۳۱,شهرکرد,shahrekord,home-and-kitchen,home-decor-furniture
۰۹۱۱۵۱۷۰۴۶۲,شهرکرد,shahrekord,home-and-kitchen,home-decor-furniture
۰۹۹۸۱۱۸۴۰۴۷,شهرکرد,shahrekord,home-and-kitchen,home-decor-furniture
۰۹۳۵۶۵۳۹۲۸۱,شهرکرد,shahrekord,home-and-kitchen,home-decor-furniture
۰۹۱۶۷۳۲۸۲۱۹,شهرکرد,shahrekord,home-and-kitchen,home-decor-furniture
۰۹۱۳۲۸۵۶۱۶۷,شهرکرد,shahrekord,home-and-kitchen,home-decor-furniture
۰۹۱۳۶۰۶۸۳۶۴,شهرکرد,shahrekord,home-and-kitchen,home-decor-furniture
(پنهان‌شده؛ چت کنید),شهرکرد,shahrekord,home-and-kitchen,home-decor-furniture
۰۹۱۰۴۶۵۵۷۱۸,شهرکرد,shahrekord,home-and-kitchen,home-decor-furniture
۰۹۰۳۲۱۶۲۴۵۴,شهرکرد,shahrekord,home-and-kitchen,home-decor-furniture
۰۹۳۰۰۵۷۸۴۶۵,شهرکرد,shahrekord,home-and-kitchen,kitchen-appliances
۰۹۱۳۳۸۰۹۱۸۶,شهرکرد,shahrekord,home-and-kitchen,kitchen-appliances
(پنهان‌شده؛ چت کنید),شهرکرد,shahrekord,home-and-kitchen,kitchen-appliances
۰۹۱۶۲۲۴۶۵۵۲,شهرکرد,shahrekord,home-and-kitchen,kitchen-appliances
۰۹۱۱۷۹۷۵۰۵۵,شهرکرد,shahrekord,home-and-kitchen,kitchen-appliances
۰۹۳۸۸۲۵۷۵۷۴,شهرکرد,shahrekord,home-and-kitchen,kitchen-appliances
۰۹۱۱۸۱۷۰۲۲۱,شهرکرد,shahrekord,home-and-kitchen,kitchen-appliances
(پنهان‌شده؛ چت کنید),شهرکرد,shahrekord,home-and-kitchen,kitchen-appliances
(پنهان‌شده؛ چت کنید),شهرکرد,shahrekord,home-and-kitchen,kitchen-appliances
۰۹۳۶۷۲۰۲۷۹۳,شهرکرد,shahrekord,home-and-kitchen,kitchen-appliances
۰۹۳۶۷۲۰۲۷۹۳,شهرکرد,shahrekord,home-and-kitchen,kitchen-appliances
(پنهان‌شده؛ چت کنید),شهرکرد,shahrekord,home-and-kitchen,kitchen-appliances
۰۹۱۳۳۸۰۱۰۷۳,شهرکرد,shahrekord,home-and-kitchen,kitchen-appliances
(پنهان‌شده؛ چت کنید),شهرکرد,shahrekord,home-and-kitchen,kitchen-appliances
(پنهان‌شده؛ چت کنید),شهرکرد,shahrekord,home-and-kitchen,kitchen-appliances
۰۹۹۲۴۸۹۵۳۷۷,شهرکرد,shahrekord,home-and-kitchen,kitchen-appliances
(پنهان‌شده؛ چت کنید),شهرکرد,shahrekord,home-and-kitchen,kitchen-appliances
۰۹۹۴۴۶۴۳۴۶۲,شهرکرد,shahrekord,home-and-kitchen,kitchen-appliances
۰۹۰۱۷۰۸۹۵۵۳,شهرکرد,shahrekord,home-and-kitchen,kitchen-appliances
(پنهان‌شده؛ چت کنید),شهرکرد,shahrekord,home-and-kitchen,kitchen-appliances
۰۹۱۰۸۵۵۶۶۲۷,شهرکرد,shahrekord,home-and-kitchen,kitchen-appliances
(پنهان‌شده؛ چت کنید),شهرکرد,shahrekord,home-and-kitchen,kitchen-appliances
(پنهان‌شده؛ چت کنید),شهرکرد,shahrekord,home-and-kitchen,kitchen-appliances
۰۹۳۶۱۹۵۴۳۹۸,شهرکرد,shahrekord,home-and-kitchen,kitchen-appliances
۰۹۰۳۲۳۲۵۲۲۹,شهرکرد,shahrekord,home-and-kitchen,kitchen-appliances
۰۹۱۰۳۸۷۵۴۴۱,شهرکرد,shahrekord,home-and-kitchen,kitchen-appliances
۰۹۱۳۶۷۷۱۲۶۹,شهرکرد,shahrekord,home-and-kitchen,kitchen-appliances
۰۹۱۳۳۳۹۲۵۷۵,شهرکرد,shahrekord,home-and-kitchen,kitchen-appliances
(پنهان‌شده؛ چت کنید),شهرکرد,shahrekord,home-and-kitchen,kitchen-appliances
۰۹۳۶۶۷۴۲۱۸۰,شهرکرد,shahrekord,home-and-kitchen,kitchen-appliances
۰۹۱۳۸۸۳۱۹۹۵,شهرکرد,shahrekord,home-and-kitchen,kitchen-appliances
۰۹۱۱۷۹۷۵۰۵۵,شهرکرد,shahrekord,home-and-kitchen,kitchen-appliances
۰۹۱۳۹۸۶۲۵۷۲,شهرکرد,shahrekord,home-and-kitchen,kitchen-appliances
۰۹۱۳۶۵۶۴۷۸۷,شهرکرد,shahrekord,home-and-kitchen,kitchen-appliances
۰۹۱۶۷۳۲۸۲۱۹,شهرکرد,shahrekord,home-and-kitchen,kitchen-appliances
۰۹۲۲۸۵۳۴۷۳۰,شهرکرد,shahrekord,home-and-kitchen,kitchen-appliances
۰۹۱۳۲۸۳۷۳۵۱,شهرکرد,shahrekord,home-and-kitchen,kitchen-appliances
۰۹۱۳۸۸۰۶۶۱۴,شهرکرد,shahrekord,home-and-kitchen,kitchen-appliances
۰۹۱۳۹۷۷۳۸۰۱,شهرکرد,shahrekord,home-and-kitchen,kitchen-appliances
۰۹۱۳۸۸۶۶۳۹۲,شهرکرد,shahrekord,home-and-kitchen,kitchen-appliances
۰۹۱۳۳۸۰۹۱۸۶,شهرکرد,shahrekord,home-and-kitchen,kitchen-appliances
۰۹۳۳۹۸۴۳۸۴۰,شهرکرد,shahrekord,home-and-kitchen,kitchen-appliances
۰۹۹۰۰۳۵۷۳۹۹,شهرکرد,shahrekord,home-and-kitchen,kitchen-appliances
۰۹۱۹۰۸۸۱۳۴۹,شهرکرد,shahrekord,home-and-kitchen,kitchen-appliances
(پنهان‌شده؛ چت کنید),شهرکرد,shahrekord,home-and-kitchen,kitchen-appliances
۰۹۱۳۰۰۷۳۴۵۵,شهرکرد,shahrekord,home-and-kitchen,kitchen-appliances
۰۹۱۳۳۸۱۵۷۸۳,شهرکرد,shahrekord,home-and-kitchen,kitchen-appliances
۰۹۱۳۹۸۳۶۳۴۰,شهرکرد,shahrekord,home-and-kitchen,kitchen-appliances
(پنهان‌شده؛ چت کنید),شهرکرد,shahrekord,home-and-kitchen,kitchen-appliances
۰۹۳۶۵۷۷۴۴۰۴,شهرکرد,shahrekord,home-and-kitchen,kitchen-appliances
۰۹۰۲۳۵۶۷۷۳۱,شهرکرد,shahrekord,home-and-kitchen,kitchen-appliances
۰۹۰۲۳۵۶۷۷۳۱,شهرکرد,shahrekord,home-and-kitchen,kitchen-appliances
۰۹۰۲۰۸۳۶۷۴۸,شهرکرد,shahrekord,home-and-kitchen,kitchen-appliances
۰۹۰۱۷۳۹۴۵۸۷,شهرکرد,shahrekord,home-and-kitchen,kitchen-appliances
۰۹۹۱۳۷۶۲۳۷۵,شهرکرد,shahrekord,home-and-kitchen,kitchen-appliances
۰۹۰۱۷۴۰۳۱۴۸,شهرکرد,shahrekord,home-and-kitchen,kitchen-appliances
(پنهان‌شده؛ چت کنید),شهرکرد,shahrekord,home-and-kitchen,kitchen-appliances
۰۹۱۹۹۸۵۹۹۸۱,شهرکرد,shahrekord,home-and-kitchen,kitchen-appliances
۰۹۹۲۱۴۶۰۷۴۵,شهرکرد,shahrekord,home-and-kitchen,kitchen-appliances
۰۹۱۳۵۱۰۵۱۴۹,شهرکرد,shahrekord,home-and-kitchen,kitchen-appliances
۰۹۱۳۷۰۳۱۴۲۳,شهرکرد,shahrekord,home-and-kitchen,kitchen-appliances
۰۹۰۵۶۸۶۹۹۱۷,شهرکرد,shahrekord,home-and-kitchen,kitchen-appliances
۰۹۳۹۳۸۴۲۰۴۸,شهرکرد,shahrekord,home-and-kitchen,kitchen-appliances
۰۹۱۳۲۸۷۲۵۴۸,شهرکرد,shahrekord,home-and-kitchen,kitchen-appliances
۰۹۱۳۸۸۸۶۵۴۵,شهرکرد,shahrekord,home-and-kitchen,kitchen-appliances
۰۹۹۱۳۷۷۴۳۶۵,شهرکرد,shahrekord,home-and-kitchen,kitchen-appliances
۰۹۲۱۷۱۰۱۵۶۹,شهرکرد,shahrekord,home-and-kitchen,kitchen-appliances
۰۹۹۱۱۴۹۶۲۳۶,شهرکرد,shahrekord,home-and-kitchen,home-appliances
۰۹۱۳۳۸۰۵۲۳۵,شهرکرد,shahrekord,home-and-kitchen,home-appliances
۰۹۱۳۱۸۳۷۷۱۳,شهرکرد,shahrekord,home-and-kitchen,home-appliances
۰۹۱۳۷۰۰۶۴۶۰,شهرکرد,shahrekord,home-and-kitchen,home-appliances
۰۹۱۴۰۲۳۷۴۵۹,شهرکرد,shahrekord,home-and-kitchen,home-appliances
۰۹۰۳۴۶۹۳۴۵۰,شهرکرد,shahrekord,home-and-kitchen,home-appliances
۰۹۳۷۳۶۷۵۱۲۲,شهرکرد,shahrekord,home-and-kitchen,home-appliances
(پنهان‌شده؛ چت کنید),شهرکرد,shahrekord,home-and-kitchen,home-appliances
(پنهان‌شده؛ چت کنید),شهرکرد,shahrekord,home-and-kitchen,home-appliances
۰۹۱۳۹۸۱۶۰۰۳,شهرکرد,shahrekord,home-and-kitchen,home-appliances
(پنهان‌شده؛ چت کنید),شهرکرد,shahrekord,home-and-kitchen,home-appliances
۰۹۱۶۲۲۳۸۸۳۸,شهرکرد,shahrekord,home-and-kitchen,home-appliances
۰۹۳۹۹۷۲۳۲۳۳,شهرکرد,shahrekord,home-and-kitchen,home-appliances
۰۹۱۳۹۸۵۶۸۹۸,شهرکرد,shahrekord,home-and-kitchen,home-appliances
(پنهان‌شده؛ چت کنید),شهرکرد,shahrekord,home-and-kitchen,home-appliances
۰۹۱۳۹۸۰۲۶۰۶,شهرکرد,shahrekord,home-and-kitchen,home-appliances
۰۹۹۱۹۸۰۱۸۰۰,شهرکرد,shahrekord,home-and-kitchen,home-appliances
۰۹۱۳۷۷۳۰۴۱۴,شهرکرد,shahrekord,home-and-kitchen,home-appliances
(پنهان‌شده؛ چت کنید),شهرکرد,shahrekord,home-and-kitchen,home-appliances
۰۹۱۰۳۹۴۵۱۹۸,شهرکرد,shahrekord,home-and-kitchen,home-appliances
۰۹۹۱۹۸۰۱۸۰۰,شهرکرد,shahrekord,home-and-kitchen,home-appliances
۰۹۱۳۹۸۵۰۰۷۳,شهرکرد,shahrekord,home-and-kitchen,home-appliances
۰۹۹۱۹۸۰۱۸۰۰,شهرکرد,shahrekord,home-and-kitchen,home-appliances
۰۹۹۱۹۸۰۱۸۰۰,شهرکرد,shahrekord,home-and-kitchen,home-appliances
۰۹۹۱۹۸۰۱۸۰۰,شهرکرد,shahrekord,home-and-kitchen,home-appliances
۰۹۹۱۳۷۵۱۸۱۳,شهرکرد,shahrekord,home-and-kitchen,home-appliances
۰۹۳۹۴۵۳۰۲۰۱,شهرکرد,shahrekord,home-and-kitchen,home-appliances
۰۹۱۳۹۸۲۲۶۹۶,شهرکرد,shahrekord,home-and-kitchen,home-appliances
۰۹۹۴۴۱۲۳۴۰۲,شهرکرد,shahrekord,home-and-kitchen,home-appliances
۰۹۱۴۰۸۵۰۴۶۴,شهرکرد,shahrekord,home-and-kitchen,home-appliances
۰۹۱۴۰۸۵۸۳۲۰,شهرکرد,shahrekord,home-and-kitchen,home-appliances
۰۹۹۱۳۷۴۸۵۳۹,شهرکرد,shahrekord,home-and-kitchen,home-appliances
۰۹۱۳۹۸۰۶۸۹۰,شهرکرد,shahrekord,home-and-kitchen,home-appliances
۰۹۳۷۳۸۷۸۷۲۰,شهرکرد,shahrekord,home-and-kitchen,home-appliances
۰۹۱۳۹۷۸۴۰۵۶,شهرکرد,shahrekord,home-and-kitchen,home-appliances
۰۹۱۳۳۸۰۲۳۳۹,شهرکرد,shahrekord,home-and-kitchen,home-appliances
۰۹۱۶۷۸۷۶۲۴۳,شهرکرد,shahrekord,home-and-kitchen,home-appliances
۰۹۳۰۶۴۲۳۰۲۹,شهرکرد,shahrekord,home-and-kitchen,home-appliances
۰۹۹۰۳۳۷۴۲۳۱,شهرکرد,shahrekord,home-and-kitchen,home-appliances
۰۹۱۰۳۸۸۴۳۰۱,شهرکرد,shahrekord,home-and-kitchen,home-appliances
۰۹۹۱۱۱۰۹۵۱۶,شهرکرد,shahrekord,home-and-kitchen,home-appliances
۰۹۱۳۷۲۲۳۴۰۲,شهرکرد,shahrekord,home-and-kitchen,home-appliances
۰۹۳۵۷۹۶۹۶۶۹,شهرکرد,shahrekord,home-and-kitchen,home-appliances
۰۹۱۷۵۸۷۶۱۰۶,شهرکرد,shahrekord,home-and-kitchen,home-appliances
۰۹۱۳۷۲۱۱۰۳۷,شهرکرد,shahrekord,home-and-kitchen,home-appliances
۰۹۱۳۵۹۰۷۷۶۵,شهرکرد,shahrekord,home-and-kitchen,home-appliances
(پنهان‌شده؛ چت کنید),شهرکرد,shahrekord,home-and-kitchen,home-appliances
۰۹۱۳۹۸۵۶۵۰۹,شهرکرد,shahrekord,home-and-kitchen,home-appliances
۰۹۳۶۲۴۸۴۱۸۱,شهرکرد,shahrekord,home-and-kitchen,home-appliances
۰۹۰۳۶۸۴۵۳۰۱,شهرکرد,shahrekord,home-and-kitchen,home-appliances
۰۹۱۳۸۸۲۸۹۰۰,شهرکرد,shahrekord,home-and-kitchen,home-appliances
۰۹۳۶۳۱۱۲۳۳۶,شهرکرد,shahrekord,home-and-kitchen,home-appliances
۰۹۱۳۹۸۲۵۴۱۵,شهرکرد,shahrekord,home-and-kitchen,home-appliances
۰۹۱۳۶۰۵۴۳۰۸,شهرکرد,shahrekord,home-and-kitchen,home-appliances
۰۹۱۳۳۸۵۹۸۶۹,شهرکرد,shahrekord,home-and-kitchen,home-appliances
(پنهان‌شده؛ چت کنید),شهرکرد,shahrekord,home-and-kitchen,home-appliances
۰۹۱۳۹۸۳۴۸۳۷,شهرکرد,shahrekord,home-and-kitchen,home-appliances
۰۹۱۳۷۳۲۱۹۰۰,شهرکرد,shahrekord,home-and-kitchen,home-appliances
۰۹۱۳۳۲۷۶۴۱۳,شهرکرد,shahrekord,home-and-kitchen,home-appliances
۰۹۱۰۱۷۹۱۲۹۱,شهرکرد,shahrekord,home-and-kitchen,home-appliances
۰۹۱۳۲۸۴۴۷۹۲,شهرکرد,shahrekord,home-and-kitchen,home-appliances
۰۹۱۸۷۴۶۰۱۰۶,شهرکرد,shahrekord,home-and-kitchen,home-appliances
۰۹۱۳۱۸۰۷۰۱۳,شهرکرد,shahrekord,home-and-kitchen,home-appliances
۰۹۱۹۵۴۲۸۹۱۱,شهرکرد,shahrekord,home-and-kitchen,home-appliances
۰۹۱۳۸۸۶۳۸۲۸,شهرکرد,shahrekord,home-and-kitchen,home-appliances
۰۹۱۳۷۷۱۴۶۷۶,شهرکرد,shahrekord,home-and-kitchen,home-appliances
۰۹۳۶۲۴۸۴۱۸۱,شهرکرد,shahrekord,home-and-kitchen,home-appliances
۰۹۳۶۷۵۶۸۷۷۱,شهرکرد,shahrekord,home-and-kitchen,home-appliances
(پنهان‌شده؛ چت کنید),شهرکرد,shahrekord,home-and-kitchen,home-appliances
(پنهان‌شده؛ چت کنید),شهرکرد,shahrekord,home-and-kitchen,home-appliances
۰۹۱۳۹۸۵۶۸۹۸,شهرکرد,shahrekord,home-and-kitchen,home-appliances
۰۹۳۳۲۱۹۴۲۱۵,شهرکرد,shahrekord,home-and-kitchen,home-appliances
۰۹۱۳۹۸۲۳۱۶۱,شهرکرد,shahrekord,home-and-kitchen,building-garden
۰۹۳۳۰۵۴۲۵۴۰,شهرکرد,shahrekord,home-and-kitchen,building-garden
۰۹۱۳۷۰۳۰۲۵۷,شهرکرد,shahrekord,home-and-kitchen,building-garden
۰۹۰۲۳۳۵۵۴۰۳,شهرکرد,shahrekord,home-and-kitchen,building-garden
۰۹۱۰۳۸۴۲۱۴۵,شهرکرد,shahrekord,home-and-kitchen,building-garden
۰۹۳۵۸۰۵۳۰۱۶,شهرکرد,shahrekord,home-and-kitchen,building-garden
۰۹۱۳۰۰۴۲۸۵۱,شهرکرد,shahrekord,home-and-kitchen,building-garden
۰۹۹۲۴۸۹۵۳۷۷,شهرکرد,shahrekord,home-and-kitchen,building-garden
۰۹۱۳۶۷۵۷۱۵۸,شهرکرد,shahrekord,home-and-kitchen,building-garden
۰۹۹۰۱۲۶۹۶۸۶,شهرکرد,shahrekord,home-and-kitchen,building-garden
۰۹۱۳۲۸۴۵۶۳۷,شهرکرد,shahrekord,home-and-kitchen,building-garden
۰۹۱۳۲۸۵۷۶۲۸,شهرکرد,shahrekord,home-and-kitchen,building-garden
۰۹۹۰۵۰۳۶۵۱۹,شهرکرد,shahrekord,home-and-kitchen,building-garden
۰۹۱۳۲۸۲۵۴۸۲,شهرکرد,shahrekord,home-and-kitchen,building-garden
۰۹۱۳۶۰۶۶۵۳۰,شهرکرد,shahrekord,home-and-kitchen,building-garden
۰۹۱۳۷۰۲۴۲۱۱,شهرکرد,shahrekord,home-and-kitchen,building-garden
۰۹۱۳۳۸۱۳۰۹۳,شهرکرد,shahrekord,home-and-kitchen,building-garden
۰۹۱۰۰۰۸۶۵۴۴,شهرکرد,shahrekord,home-and-kitchen,building-garden
۰۹۱۶۲۴۸۷۹۵۶,شهرکرد,shahrekord,home-and-kitchen,building-garden
۰۹۰۵۸۷۴۶۷۵۰,شهرکرد,shahrekord,home-and-kitchen,building-garden
۰۹۱۳۴۸۱۵۸۵۳,شهرکرد,shahrekord,home-and-kitchen,building-garden
۰۹۱۳۸۸۵۲۳۶۱,شهرکرد,shahrekord,home-and-kitchen,building-garden
۰۹۱۳۹۸۱۶۲۷۸,شهرکرد,shahrekord,home-and-kitchen,building-garden
۰۹۱۳۰۰۴۱۵۰۱,شهرکرد,shahrekord,home-and-kitchen,building-garden
۰۹۱۳۹۸۶۲۵۷۲,شهرکرد,shahrekord,home-and-kitchen,building-garden
۰۹۱۳۹۸۶۲۵۷۲,شهرکرد,shahrekord,home-and-kitchen,building-garden
۰۹۱۳۸۸۰۵۸۰۱,شهرکرد,shahrekord,home-and-kitchen,building-garden
۰۹۱۰۲۲۲۷۹۳۷,شهرکرد,shahrekord,home-and-kitchen,building-garden
۰۹۱۳۱۸۳۰۸۳۹,شهرکرد,shahrekord,home-and-kitchen,building-garden
۰۹۹۰۰۳۵۷۳۹۹,شهرکرد,shahrekord,home-and-kitchen,building-garden
۰۹۹۰۰۳۵۷۳۹۹,شهرکرد,shahrekord,home-and-kitchen,building-garden
۰۹۱۳۸۸۲۸۹۰۰,شهرکرد,shahrekord,home-and-kitchen,building-garden
۰۹۹۰۴۸۳۵۴۲۱,شهرکرد,shahrekord,home-and-kitchen,building-garden
۰۹۱۳۹۷۹۹۷۶۳,شهرکرد,shahrekord,home-and-kitchen,building-garden
۰۹۱۳۳۸۱۳۰۹۳,شهرکرد,shahrekord,home-and-kitchen,building-garden
۰۹۱۳۹۷۹۹۷۶۳,شهرکرد,shahrekord,home-and-kitchen,building-garden
۰۹۱۳۰۷۵۱۲۰۲,شهرکرد,shahrekord,home-and-kitchen,building-garden
۰۹۱۳۹۷۹۹۷۴۴,شهرکرد,shahrekord,home-and-kitchen,building-garden
۰۹۱۳۹۷۹۹۷۴۴,شهرکرد,shahrekord,home-and-kitchen,building-garden
۰۹۰۲۳۵۶۷۷۳۱,شهرکرد,shahrekord,home-and-kitchen,building-garden
۰۹۱۱۷۹۷۵۰۵۵,شهرکرد,shahrekord,home-and-kitchen,building-garden
۰۹۳۵۵۰۰۱۷۰۶,شهرکرد,shahrekord,home-and-kitchen,building-garden
۰۹۱۱۷۹۷۵۰۵۵,شهرکرد,shahrekord,home-and-kitchen,building-garden
۰۹۱۳۱۸۳۱۰۶۰,شهرکرد,shahrekord,home-and-kitchen,building-garden
۰۹۹۱۹۷۹۹۷۱۸,شهرکرد,shahrekord,home-and-kitchen,building-garden
۰۹۱۳۶۲۶۸۱۰۵,شهرکرد,shahrekord,home-and-kitchen,building-garden
۰۹۱۳۲۸۰۶۱۰۰,شهرکرد,shahrekord,home-and-kitchen,building-garden
۰۹۱۳۰۰۵۹۹۵۹,شهرکرد,shahrekord,home-and-kitchen,building-garden
۰۹۹۰۵۲۳۸۴۰۱,شهرکرد,shahrekord,home-and-kitchen,building-garden
۰۹۱۳۲۸۰۶۱۰۰,شهرکرد,shahrekord,home-and-kitchen,building-garden
۰۹۱۳۹۳۰۶۸۸۲,شهرکرد,shahrekord,home-and-kitchen,building-garden
۰۹۰۳۰۵۵۴۶۸۰,شهرکرد,shahrekord,home-and-kitchen,building-garden
۰۹۹۱۳۸۷۰۸۲۸,شهرکرد,shahrekord,home-and-kitchen,building-garden
۰۹۱۳۹۰۰۸۳۸۹,شهرکرد,shahrekord,home-and-kitchen,building-garden
۰۹۱۳۵۹۳۴۴۹۸,شهرکرد,shahrekord,home-and-kitchen,building-garden
۰۹۳۵۶۶۸۷۸۴۴,شهرکرد,shahrekord,home-and-kitchen,building-garden
۰۹۱۰۶۰۹۱۱۰۵,شهرکرد,shahrekord,home-and-kitchen,building-garden
۰۹۱۳۳۸۲۳۳۷۰,شهرکرد,shahrekord,home-and-kitchen,building-garden
۰۹۱۲۷۶۱۷۲۵۹,شهرکرد,shahrekord,home-and-kitchen,building-garden
۰۹۱۳۷۰۰۲۶۴۵,شهرکرد,shahrekord,home-and-kitchen,building-garden
۰۹۱۳۶۰۴۵۵۸۹,شهرکرد,shahrekord,home-and-kitchen,building-garden
(پنهان‌شده؛ چت کنید),شهرکرد,shahrekord,home-and-kitchen,building-garden
۰۹۱۳۹۰۰۸۳۸۹,شهرکرد,shahrekord,home-and-kitchen,building-garden
(پنهان‌شده؛ چت کنید),شهرکرد,shahrekord,home-and-kitchen,building-garden
۰۹۱۳۶۷۷۰۳۷۷,شهرکرد,shahrekord,home-and-kitchen,building-garden
۰۹۱۳۸۸۱۹۹۶۱,شهرکرد,shahrekord,home-and-kitchen,building-garden
۰۹۰۲۲۰۰۷۷۹۷,شهرکرد,shahrekord,home-and-kitchen,building-garden
۰۹۱۳۱۸۵۰۶۲۶,شهرکرد,shahrekord,home-and-kitchen,building-garden
